route_id,station_code,date,departure_time_utc,executor_capacity_cm3,num_stops,num_dropoffs,num_zones,avg_lat,avg_lng,route_score
RouteID_00143bdd-0a6b-49ec-bb35-36593d303e77,DLA3,2018-07-27,16:02:10,3313071.0,119,118,31,34.09535796638655,-118.28344931932772,High
RouteID_0016bc70-cb8d-48b0-aa55-8ee50bdcdb59,DSE4,2018-07-28,15:44:41,4247527.0,106,105,12,47.68302079245285,-122.29787980188678,High
RouteID_001948e9-4675-486d-9ec5-912fd8e0770f,DSE5,2018-08-18,15:32:04,4247527.0,128,127,11,47.272057867187506,-122.5069658359376,High
RouteID_001b4ee3-c4f2-467f-932b-c85524d1021f,DLA9,2018-08-15,15:09:38,3313071.0,142,141,18,33.82287402816901,-118.05388234507042,High
RouteID_0021a2aa-780f-460d-b09a-f301709e2523,DLA7,2018-08-05,14:23:26,3313071.0,155,154,27,33.85302866451613,-117.77266818709674,High
RouteID_0036cf37-1c93-48f8-b337-3dd6d1a195d8,DCH4,2018-08-02,15:29:32,4247527.0,190,189,24,42.06976356315788,-87.98142122631577,High
RouteID_00437423-5a8f-4fac-8efa-85264f0a3944,DBO2,2018-08-01,13:54:08,3313071.0,161,160,27,42.23837196894411,-71.2712902111801,Medium
RouteID_00573a3d-b909-42ee-8a99-c6474309d96b,DBO3,2018-08-13,11:23:24,4247527.0,155,154,21,41.99207017419357,-71.25138039354836,Medium
RouteID_00575a14-7d19-4291-8853-8f7095ed1bc6,DSE5,2018-08-04,15:00:44,3313071.0,177,176,14,47.50259327118644,-122.37228805084749,Medium
RouteID_00575ca4-8a63-49d2-96c8-9b347be5ba6c,DLA3,2018-08-07,15:30:00,3313071.0,59,58,16,34.1035742881356,-118.30457272881357,High
RouteID_00595235-52e7-4b68-883c-70482701dea0,DLA8,2018-07-31,16:27:36,3313071.0,129,128,25,33.9943429147287,-118.41458666666666,Medium
RouteID_006f581c-3087-4edf-8802-278b078157b9,DLA5,2018-08-08,15:51:02,3313071.0,185,184,17,33.946474221621614,-117.48712718378391,Medium
RouteID_00747543-3f2f-47ae-a2f2-91b30ce207ab,DCH3,2018-08-08,15:30:00,3313071.0,173,172,16,41.64067877456647,-88.24768209826593,High
RouteID_0074e307-23c1-4b15-afa2-e58b45e4403c,DCH1,2018-08-03,13:41:51,3313071.0,161,160,20,41.828740068322965,-87.6782656149068,Medium
RouteID_0076d53c-6bfa-4e22-b39e-08769fb8e4d3,DSE5,2018-08-24,14:34:04,3313071.0,130,129,6,47.585481792307704,-122.07104926153843,Medium
RouteID_007a8397-37f4-4775-a452-c6934167526b,DLA7,2018-08-03,15:45:38,3313071.0,176,175,26,33.94616906818182,-117.59172425568183,Medium
RouteID_007b8544-11dc-47b2-be61-0095f8f2af71,DLA3,2018-07-21,16:19:23,3313071.0,78,77,15,34.050037179487184,-118.28203371794869,High
RouteID_0091a35c-85fa-4b5e-90cf-4778f441753e,DLA5,2018-08-07,14:45:31,3313071.0,145,144,23,34.04993946896552,-117.27361838620699,Medium
RouteID_00930ddc-25f9-4371-a437-1e37c9d0a80d,DAU1,2018-08-14,14:15:05,4247527.0,153,152,23,30.36852920915032,-97.97659535294113,Medium
RouteID_00a25e47-65c9-4efc-bfe9-8d9648a0df4e,DCH2,2018-08-07,13:22:44,3313071.0,157,156,21,42.08250647770699,-87.7055269363057,High
RouteID_00ace8b4-30c6-4a20-a723-74ece636a0da,DBO2,2018-08-10,14:02:28,3313071.0,174,173,36,42.29154110344828,-71.23818402873567,High
RouteID_00b8cd9c-613a-4519-b3fd-2b7174f1cff3,DLA3,2018-08-17,15:30:00,3313071.0,80,79,16,34.0701717125,-118.2758410125,High
RouteID_00bea18c-ee16-4a18-a916-7a447c733a7d,DBO2,2018-08-01,13:45:00,3313071.0,141,140,21,42.24883933333332,-71.14810554609927,Medium
RouteID_00ca3fbf-8953-4fbb-9c59-96fce68e6504,DLA7,2018-08-01,15:40:06,3313071.0,139,138,19,34.14333514388491,-117.50739535251803,High
RouteID_00d421bf-f001-4fb0-923e-c343d3d369bc,DBO2,2018-08-04,13:43:34,3313071.0,159,158,33,42.331215320754715,-71.19635601257863,High
RouteID_00e4885d-4563-4790-bace-6c9e4261ce2a,DLA4,2018-07-21,13:58:17,3313071.0,136,135,18,34.13824005882353,-118.40293597058829,High
RouteID_00e7fcc6-2f6d-4054-b9ca-e190fa4ecdce,DLA7,2018-07-26,15:13:11,3313071.0,167,166,27,33.885587287425146,-117.77361773652697,Medium
RouteID_00ead793-e8f0-4ac6-a2d7-d988f05cc715,DLA7,2018-07-28,15:50:45,3313071.0,198,197,30,33.96232294444447,-117.59899048989902,High
RouteID_00f414f8-ff9a-4d98-aca2-a6b991a2037d,DLA7,2018-07-21,16:35:48,3313071.0,164,163,23,34.14687501219513,-117.58257159146342,High
RouteID_00f9c249-33cd-4124-9cf2-b970b157a5ca,DLA7,2018-08-08,14:21:25,3313071.0,146,145,17,33.857866664383536,-117.96233063013695,High
RouteID_00fd7a8d-d5d8-45c0-b710-4ff3e220e6f6,DLA9,2018-07-31,15:24:33,3313071.0,151,150,22,33.78433170198674,-117.98982045033117,High
RouteID_00fe822e-3d3e-4307-80e2-068b07f6018a,DSE2,2018-07-29,15:08:52,4247527.0,151,150,18,47.54351773509934,-122.35836099999997,Low
RouteID_010bb083-17a6-4036-a14a-01d07aff8950,DLA7,2018-07-21,16:00:39,3313071.0,138,137,15,33.98746154347827,-117.55503690579711,High
RouteID_010f2a4e-9f5c-4be7-823d-51d7be4332fe,DLA8,2018-07-23,16:24:26,3313071.0,78,77,28,34.02580684615384,-118.49215106410263,Medium
RouteID_0119890a-9500-448f-a506-29fb49fdf5fe,DLA7,2018-08-07,16:39:25,3313071.0,162,161,21,34.13647992592593,-117.62718682716049,Medium
RouteID_0127b134-186b-4897-8dd8-56afec626082,DLA3,2018-07-28,16:05:17,3313071.0,91,90,19,34.068178516483506,-118.24653209890108,High
RouteID_01334670-fb7c-48f9-a1b0-b52b5e56c91e,DBO2,2018-08-06,13:50:40,3313071.0,167,166,29,42.18990826946109,-71.22049705988024,Medium
RouteID_013e4370-df62-4c24-a19f-2971db140ca7,DCH4,2018-08-10,14:56:51,4247527.0,192,191,24,42.10448056250001,-88.0657131041667,Medium
RouteID_0141eb2b-53e3-40f7-9d9b-c29fdcbf000c,DLA8,2018-07-31,16:15:00,3313071.0,121,120,24,33.98914636363636,-118.42456329752068,High
RouteID_01456d1f-ab6a-4e6e-b828-8e574033bc55,DLA8,2018-07-20,15:01:45,3313071.0,136,135,15,33.798874764705886,-118.19817586764711,Medium
RouteID_0157f4f0-2c0d-4d24-82a8-71230416bf1c,DBO2,2018-07-21,13:45:00,4247527.0,72,71,18,42.323781333333336,-71.06095631944443,High
RouteID_01617cbe-5296-48b5-bfd7-42893812721b,DSE5,2018-08-15,13:58:56,3313071.0,160,159,15,47.456381731249984,-122.35785825,Medium
RouteID_0168a176-2ddc-4a70-88c3-29588bed32f5,DLA8,2018-08-15,15:17:46,3313071.0,131,130,27,34.04272058778626,-118.42047754961834,High
RouteID_016e3fb9-486a-4501-aa0a-bfb8b9afa966,DLA9,2018-08-23,16:03:42,3313071.0,96,95,18,33.6644323125,-117.99149577083334,High
RouteID_01a602f2-f834-4fd0-89b5-6835f049b19e,DSE5,2018-07-25,14:32:36,4247527.0,155,154,11,47.278974703225806,-122.52345961935481,High
RouteID_01a73ffc-c1b8-4995-9723-8235ff2ceb6b,DLA5,2018-08-12,14:25:57,3313071.0,172,171,23,34.13579298837211,-117.2712642151163,Medium
RouteID_01ac92ea-734c-4c80-8049-77b813c6a02b,DLA3,2018-08-03,15:30:00,3313071.0,149,148,32,34.08801632214765,-118.27513633557047,High
RouteID_01b2ff6b-5070-45fd-b215-c6e0411fb25e,DBO2,2018-08-16,12:53:21,4247527.0,110,109,25,42.31468472727272,-71.10857304545453,High
RouteID_01bbc9dd-fc72-4206-a107-81cbb704c4e0,DCH3,2018-07-25,14:57:19,3313071.0,174,173,19,41.84142987356321,-88.05959023563221,Medium
RouteID_01becfe4-7127-489c-8a36-7743ac0097fc,DLA4,2018-07-20,14:24:21,3313071.0,162,161,15,34.1822921049383,-118.40794916049384,High
RouteID_01c30168-2365-46a5-a1c0-60cfafe18c6f,DBO3,2018-07-30,12:35:13,4247527.0,157,156,19,42.009807394904456,-71.16236855414012,High
RouteID_01c74dc7-ecde-406d-a7c9-29554f0ba347,DLA3,2018-08-07,16:00:25,3313071.0,116,115,22,34.11175981896554,-118.28510589655176,Medium
RouteID_01c9f706-0d46-427b-998c-f1559dda4ad3,DLA7,2018-07-22,14:36:46,3313071.0,151,150,23,33.958378695364246,-118.01136329801324,Medium
RouteID_01d0b1c1-2379-49b8-a24f-db0ae01fb2be,DLA4,2018-07-24,15:19:11,3313071.0,202,201,13,34.252327108910904,-118.77786201980207,Medium
RouteID_01e90207-8d40-4ea8-a766-e8fc349171bd,DLA7,2018-07-28,16:39:47,3313071.0,171,170,23,34.031133578947355,-117.8752144853801,Medium
RouteID_01e9bcd8-7c3a-4b55-ae2f-192c7cadd0d9,DLA8,2018-07-29,18:02:35,3313071.0,151,150,25,33.85104849668875,-118.37359936423839,High
RouteID_01f96ab9-1149-4217-9b7a-5e16faee252f,DLA7,2018-08-13,14:47:17,3313071.0,152,151,28,33.876054230263165,-117.94067320394736,Medium
RouteID_020722cd-bea1-4f01-9d49-bc65a1e51a91,DLA8,2018-07-26,16:24:06,3313071.0,129,128,25,34.04461935658914,-118.52246748062011,High
RouteID_0229f7ce-11fd-48ec-83a9-892fcebd924e,DLA7,2018-07-20,15:10:24,3313071.0,178,177,26,34.11270928651686,-117.7990743707865,High
RouteID_022f1cf8-78ac-47d7-9a0d-4d90394cea95,DSE5,2018-08-22,15:24:31,4247527.0,135,134,9,47.236131437037045,-122.51251215555553,Medium
RouteID_0233acdf-6721-4975-b8c4-7d9cbcba11dd,DLA9,2018-08-24,15:50:08,3313071.0,150,149,24,33.70137570000001,-117.98082832666664,Medium
RouteID_02388faf-93c8-4ce9-a5d1-62b97b4accf4,DBO3,2018-08-17,12:02:37,3313071.0,156,155,19,42.33244105769233,-71.66183994230771,Medium
RouteID_023c04c1-4b54-46f7-8db1-f6dc945d4ead,DCH4,2018-08-15,15:30:33,4247527.0,167,166,21,42.42697099401199,-88.03227031137729,High
RouteID_024674c7-4fc7-478b-b341-5f33e15b9f13,DLA3,2018-07-22,15:03:11,3313071.0,137,136,26,34.07824358394161,-118.26722963503657,High
RouteID_024a44ee-5a90-48d3-8f80-d8e7b124971e,DAU1,2018-07-29,15:26:50,4247527.0,163,162,35,30.48137576687115,-97.8040989693251,High
RouteID_025ecb40-3116-45af-b6a1-db5a5531fafc,DAU1,2018-08-02,15:30:00,4247527.0,164,163,31,30.236498786585383,-97.89689428658535,Medium
RouteID_02739d8c-0c91-4cfc-8891-bd24c95e7789,DLA7,2018-07-26,16:00:00,3313071.0,173,172,27,34.12578852601156,-117.62361995375727,Medium
RouteID_027b5c34-74cd-4c87-a744-7823fb36e43f,DSE2,2018-07-30,15:04:21,3313071.0,104,103,15,47.61360860576926,-122.29519452884621,High
RouteID_02883f75-7507-4664-9a6d-5b963760a087,DLA7,2018-08-11,14:31:59,3313071.0,152,151,20,33.915409381578925,-118.01353898026312,High
RouteID_028a010c-c9a5-4945-b6e6-953da1eab12b,DSE4,2018-08-10,15:25:34,4247527.0,123,122,15,47.69289458536588,-122.32063799186983,Medium
RouteID_028ff4a1-50ed-4882-8445-238fa0c9643c,DLA7,2018-07-20,16:28:51,3313071.0,162,161,23,34.12513142592591,-117.60569193827165,Medium
RouteID_029ae9e8-1e14-441b-9db1-595910ce611e,DLA8,2018-08-17,16:05:17,4247527.0,135,134,22,34.05139754814815,-118.36013931111113,High
RouteID_02a11297-d6d0-47cd-a802-5c42867381fa,DLA4,2018-07-31,14:05:02,3313071.0,115,114,14,34.14514042608696,-118.43561933043478,Medium
RouteID_02b60f05-f339-4707-9eaa-bd114aefea39,DCH1,2018-08-04,15:00:00,3313071.0,119,118,20,41.954474361344545,-87.71024342857146,Medium
RouteID_02dcbb3e-b9dd-49de-8a36-293ac3dfcaaa,DLA7,2018-08-01,14:28:40,3313071.0,153,152,20,33.828121372549,-117.8261933006536,Medium
RouteID_02e1401a-47ff-4bf9-ab19-99bfb7ab14c7,DBO2,2018-08-13,12:55:23,3313071.0,182,181,36,42.25523892307694,-71.08491867032967,Medium
RouteID_02f5263c-6cae-4a15-9c81-e5394f4c9924,DLA9,2018-08-13,14:19:26,3313071.0,132,131,20,33.71487233333332,-117.7581938939394,Medium
RouteID_02f91cfa-3839-4e55-91a0-ab19c3e77683,DSE2,2018-08-09,14:30:00,3313071.0,83,82,18,47.59878154216866,-122.31117778313258,High
RouteID_031284fb-96fa-4f39-b061-e102d2486ceb,DLA7,2018-08-03,16:36:30,3313071.0,185,184,28,33.980741821621606,-117.75467316216212,High
RouteID_03158a7e-a045-4278-b8e7-8f8998697ecd,DLA9,2018-08-13,15:59:27,3313071.0,161,160,22,33.76594420496896,-118.01865726086966,Medium
RouteID_031818b3-94f1-45fd-9fec-b59162ea09c7,DLA9,2018-07-23,13:56:08,3313071.0,153,152,27,33.64792386274508,-117.62714534640521,High
RouteID_0318ef67-d23a-4d9a-bbd3-28e5e8a8c4a0,DLA9,2018-08-05,15:00:00,3313071.0,125,124,22,33.77160359199999,-117.860409632,Medium
RouteID_03206eae-8985-4dac-b5f9-0db4a09005d0,DSE5,2018-08-22,15:25:48,4247527.0,173,172,13,47.2782585202312,-122.36546393063577,High
RouteID_03256465-637e-4330-a753-9e86d50e976e,DAU1,2018-08-10,15:24:57,4247527.0,158,157,23,30.490654348101266,-97.73234696202535,High
RouteID_0328be74-9bac-4307-90f7-79eece245f6a,DSE5,2018-08-10,15:00:57,3313071.0,142,141,11,47.342752887323925,-122.07788440845073,Medium
RouteID_032ba4dc-3d0b-4cb1-bed6-3470874714f3,DCH1,2018-08-15,15:00:00,3313071.0,74,73,23,41.92784300000001,-87.66234274324322,High
RouteID_032be887-07f5-4105-b510-dfef08923bc6,DLA9,2018-07-26,14:25:19,3313071.0,135,134,21,33.73661482222223,-117.7967319925926,High
RouteID_032d60c8-a403-4032-affa-a2e5598431d7,DLA5,2018-08-14,15:16:53,3313071.0,151,150,18,34.06486254966887,-117.12081979470196,Medium
RouteID_0331580a-3797-418d-b347-61cc4547235e,DCH4,2018-07-31,15:14:42,4247527.0,123,122,26,42.06642802439023,-88.02821895934956,High
RouteID_033dd66b-707f-437b-86a4-4f295bf2e557,DLA7,2018-07-20,15:53:10,3313071.0,190,189,23,34.175426994736874,-117.42301896842102,Medium
RouteID_033ffe13-fab3-47d7-a863-9264aa452156,DCH4,2018-07-24,13:52:09,4247527.0,189,188,17,42.47268229100527,-87.84093394179897,Medium
RouteID_034710a2-7b5e-4c2d-a0bf-89cf9fb584ee,DLA9,2018-08-05,16:00:10,3313071.0,151,150,27,33.67844078807947,-117.89680431125834,Medium
RouteID_0385422e-f9bf-4825-a3fb-777ef3e24e28,DLA8,2018-07-29,17:10:00,3313071.0,174,173,24,33.867904954023,-118.12225936781604,Medium
RouteID_038cdc3f-7fc5-4f4d-854f-84935065df5d,DCH2,2018-07-26,15:01:01,3313071.0,189,188,22,42.00164820105821,-87.76608851851849,Medium
RouteID_038fd948-9740-446a-b3ee-6f2b0f4ce1b1,DLA9,2018-07-20,16:27:03,3313071.0,196,195,19,33.733347336734674,-117.87395386224495,High
RouteID_03939724-efdf-4543-aa72-4aa962860d98,DSE4,2018-08-01,15:34:50,4247527.0,103,102,11,47.676858533980585,-122.29382587378633,High
RouteID_03993849-06f7-4c5c-95d5-a2f70fb796cf,DSE4,2018-08-15,15:44:49,4247527.0,152,151,25,47.81436796710527,-122.34608490789466,Medium
RouteID_039de5c0-5128-49cc-a04f-e712baef445a,DSE2,2018-07-22,14:54:37,3313071.0,107,106,16,47.59738040186918,-122.29092238317752,Medium
RouteID_039e2075-2a3b-44d7-8662-0a60043e278f,DSE4,2018-07-28,15:11:23,3313071.0,189,188,24,47.86360184656084,-122.30836016931214,Medium
RouteID_03a1169d-dddc-4c42-be27-96daf0ac5444,DBO3,2018-07-27,11:42:36,4247527.0,175,174,31,41.73962630285713,-71.32012102857142,Medium
RouteID_03a85c45-30f2-401f-ac53-0f0fdfacd6c5,DCH2,2018-07-31,14:02:13,3313071.0,156,155,23,41.993697057692316,-87.7035301987179,High
RouteID_03b1783a-a994-4719-bcca-253709fd8b21,DLA8,2018-08-15,17:17:53,3313071.0,129,128,20,34.042004697674415,-118.36682919379851,Medium
RouteID_03b34f91-9374-40a1-a9f6-b7401c8fa544,DLA9,2018-08-25,16:17:14,3313071.0,151,150,27,33.68738341059603,-117.78630703311262,High
RouteID_03b80f56-768d-4ecd-95ac-1a32c4e04127,DLA7,2018-08-09,14:20:09,3313071.0,148,147,21,33.79513233108107,-117.79633239864863,High
RouteID_03babb1c-6f77-4481-bf80-80fcf1a69ab1,DSE4,2018-08-07,15:36:03,4247527.0,82,81,27,47.66942317073171,-122.31402131707313,Medium
RouteID_03d55a14-2a10-4328-956b-428cee2ac6fe,DCH1,2018-08-13,14:13:46,3313071.0,82,81,26,41.90537176829269,-87.67664046341461,Medium
RouteID_03d7f558-cb0d-4324-b66a-fac0a866369b,DBO3,2018-07-26,12:21:08,4247527.0,156,155,10,42.11914425641026,-71.67026191025639,Medium
RouteID_03e1d5e3-47f9-4bd8-becf-f88aa269f0e3,DLA7,2018-08-10,14:55:39,3313071.0,149,148,24,33.86940535570469,-117.79546416107384,Medium
RouteID_03efbb24-bf37-4717-8969-986e97ae2a96,DLA8,2018-08-13,15:03:40,3313071.0,173,172,26,33.80671789595376,-118.19887814450863,Medium
RouteID_03f9d959-6c94-4fe0-9957-df684d08c637,DCH4,2018-08-12,13:41:43,4247527.0,186,185,26,42.07945244086022,-87.78243652150539,Medium
RouteID_040c97f6-c0e1-4c8c-af0b-0c3c6ca9064c,DLA7,2018-08-15,16:36:10,3313071.0,178,177,21,34.07290747752809,-117.6412879662921,Medium
RouteID_0410429c-1ddd-4554-9761-27dcab7c1f18,DLA9,2018-07-26,13:45:34,3313071.0,135,134,18,33.514731162962974,-117.72769603703703,Medium
RouteID_04189f85-13a6-47b8-a78e-ec5688be0819,DBO1,2018-08-05,12:27:14,4247527.0,38,37,15,42.347001894736856,-71.07674999999999,High
RouteID_041cfbe9-363a-4a9f-a372-c487ca78b385,DCH1,2018-08-04,13:39:50,4247527.0,181,180,19,41.68742100000002,-87.77526074585639,High
RouteID_0446eb68-1fe0-40f3-b82e-2cbddd0433d3,DCH4,2018-08-03,13:43:42,4247527.0,169,168,31,42.35935792899408,-87.98255908284024,Medium
RouteID_04662c65-ed3a-4366-a32b-6f4b93b17c0a,DLA8,2018-08-07,17:27:53,3313071.0,85,84,15,33.973229341176484,-118.37035321176472,High
RouteID_047615ff-801a-4a1d-a302-00bdc0a920b8,DBO3,2018-08-17,12:15:00,4247527.0,160,159,24,42.271583000000014,-71.43277268124997,Medium
RouteID_04900acf-0ede-4f77-930b-d10860c0c39f,DLA9,2018-08-14,16:00:00,3313071.0,161,160,22,33.81895363354036,-117.93506080124226,Medium
RouteID_04982ba3-19ee-4a8e-86f4-942a3ad2c4de,DSE4,2018-08-03,15:03:11,3313071.0,156,155,27,47.85592902564103,-122.24040269871789,Medium
RouteID_04a6f36d-da01-4975-b7bf-8b22c2b7b2ca,DBO3,2018-07-21,12:25:34,4247527.0,185,184,17,42.163617697297276,-71.69563396216213,Medium
RouteID_04b498c7-f124-4da5-bbb1-ef7a25950572,DSE4,2018-08-10,15:35:44,4247527.0,121,120,15,47.683586917355385,-122.27213508264464,High
RouteID_0504bcca-4f12-40a8-8a77-bb91b13029c4,DLA7,2018-08-14,16:15:39,3313071.0,162,161,22,34.120801888888884,-117.69742048148146,High
RouteID_0509f10a-e45c-40d4-b544-bf69817833f6,DLA7,2018-08-13,16:28:20,3313071.0,155,154,23,34.14648402580645,-117.53350436129033,High
RouteID_0516c035-87a6-414a-a031-d8cab8ae8a0a,DLA3,2018-08-04,14:28:47,3313071.0,82,81,17,34.10932190243902,-118.32728323170728,Low
RouteID_051985ac-ac65-4e53-b319-07a6027bc494,DLA7,2018-07-25,14:34:42,3313071.0,149,148,22,33.87474780536913,-117.83240583221479,Medium
RouteID_051bd9d6-2c14-4de6-8054-95dc01a866cc,DBO3,2018-07-30,12:15:00,3313071.0,118,117,18,42.45461705932206,-71.39796859322034,Medium
RouteID_05238a07-a932-45a8-b035-4705b7eddba9,DSE4,2018-07-21,15:01:51,3313071.0,195,194,27,47.90583976410257,-122.30990910256412,Medium
RouteID_0529a9e1-03b7-43e3-bb88-496a3f05ff54,DSE2,2018-08-09,14:20:40,3313071.0,132,131,19,47.62926245454546,-122.28836060606068,High
RouteID_0531038c-5b2c-47bd-b686-5ad3673c5006,DLA9,2018-07-25,14:32:46,3313071.0,148,147,24,33.73205185810811,-117.76596276351351,High
RouteID_0538a21d-d3cf-4696-80f0-b9366efb7378,DLA7,2018-07-30,15:19:56,3313071.0,144,143,22,33.90957281944444,-117.87400100694441,High
RouteID_05440a6b-e13d-4e8d-8c45-5b2f470d049c,DCH4,2018-08-05,15:27:34,4247527.0,187,186,28,42.17661049197859,-88.37150303743314,Medium
RouteID_054d3be0-af05-49f0-92a8-6ded9f491a6c,DLA9,2018-07-30,13:53:36,3313071.0,160,159,30,33.45772249999999,-117.62044687500004,Medium
RouteID_0550db65-9164-4c76-909b-150a134b864e,DCH1,2018-07-24,14:45:00,3313071.0,69,68,27,41.80389256521738,-87.59957662318838,Medium
RouteID_0558631c-8b2e-438d-bf00-aff5b5cee2ac,DCH2,2018-07-28,13:01:14,3313071.0,96,95,20,41.984918802083335,-87.66720635416665,High
RouteID_0573f455-e78c-40e6-9cdf-8c1d7fb71693,DBO3,2018-07-28,11:34:29,4247527.0,145,144,23,42.34132086206897,-71.35043335172416,Medium
RouteID_0578a1cd-4dbf-41cf-81c2-75370082b2b8,DSE5,2018-08-09,15:53:56,3313071.0,165,164,17,47.46198870303033,-122.14929035757571,High
RouteID_05876081-1918-417c-8761-6819a18c3554,DLA9,2018-08-16,15:05:34,3313071.0,174,173,20,33.80338531609197,-117.96495631034485,Medium
RouteID_0590605b-45b8-48ce-9f4d-9b303bd8a8ea,DLA7,2018-08-08,15:02:58,3313071.0,127,126,19,34.13653757480316,-117.87552358267719,High
RouteID_0591bc80-9e1c-4697-b63e-08996a3b2a9c,DSE4,2018-08-17,15:30:00,3313071.0,159,158,26,47.84253895597483,-122.18049761635214,High
RouteID_0593628d-3c37-4303-8238-4fd25bd4eaa3,DSE4,2018-07-31,15:50:26,4247527.0,120,119,14,47.6813529416667,-122.26876273333332,High
RouteID_05b245a8-7104-4fb5-af98-5c645a5e6e68,DSE5,2018-07-27,15:03:39,3313071.0,162,161,14,47.322994944444446,-122.36907655555551,Medium
RouteID_05b28743-9d92-4c51-8803-e319ee2e3f94,DLA9,2018-07-24,13:46:31,3313071.0,111,110,20,33.55216452252252,-117.63569359459463,Medium
RouteID_05d1a771-aa16-43b6-ab00-9ad7161d5617,DLA4,2018-07-23,17:01:07,3313071.0,164,163,14,34.23168131707318,-118.4353344146341,Medium
RouteID_05e4c305-d304-4653-bbfa-36ae2119bf23,DSE2,2018-07-25,14:16:03,3313071.0,98,97,17,47.596368806122456,-122.29060550000003,High
RouteID_05eb1621-49f2-493d-8e29-6a7190eb64be,DLA5,2018-08-08,15:31:52,3313071.0,161,160,21,34.02889463354037,-117.15588423602478,Medium
RouteID_05ef4a8e-61a0-4709-ac5b-fa9759c218dc,DLA5,2018-08-09,15:08:40,3313071.0,144,143,17,34.06623457638888,-117.17803513194447,High
RouteID_05fba5e1-c96b-42af-ab1a-393d3cb31338,DBO2,2018-08-16,11:44:19,4247527.0,105,104,23,42.33592183809522,-71.03460057142854,High
RouteID_0604e284-6fc9-4d02-965c-472b1c7b3826,DCH4,2018-08-14,13:38:07,4247527.0,164,163,19,42.060207201219505,-87.83744843292683,High
RouteID_0607080b-022c-4096-bff4-2a2809f9d4a5,DSE4,2018-08-18,14:58:12,3313071.0,174,173,32,47.737687879310364,-122.17211254597696,Medium
RouteID_0628ec83-f3d0-4e93-9c86-d140dcb65267,DLA3,2018-08-02,16:05:37,3313071.0,111,110,17,34.12442833333333,-118.35196542342344,High
RouteID_06322566-a969-4666-ae13-a1b256e46aa3,DSE5,2018-08-19,13:39:27,3313071.0,162,161,14,47.508953413580265,-122.36266181481481,High
RouteID_064061c8-4f31-4d39-a003-8fa23345817e,DLA9,2018-07-20,16:10:55,3313071.0,104,103,17,33.692339730769234,-117.81454367307691,High
RouteID_064180eb-4713-47f8-af04-87d9e99fede4,DSE4,2018-08-21,14:46:12,3313071.0,150,149,24,47.67368589333333,-122.1725693133334,High
RouteID_06484cf1-d5b8-4092-831d-d2fedc88ebcd,DLA9,2018-08-01,15:20:17,3313071.0,169,168,23,33.81720915384615,-117.93538233727817,High
RouteID_065608cf-b6b6-4013-9658-0885b6b92593,DLA7,2018-08-15,16:10:45,3313071.0,176,175,22,34.14739410795455,-117.66543307954542,Medium
RouteID_0666b507-bd81-493b-be89-944271456bac,DLA9,2018-08-11,15:55:29,3313071.0,107,106,26,33.6359841588785,-117.86672188785055,High
RouteID_0667e50a-f809-426b-8f9d-303300efcc49,DCH1,2018-08-07,15:00:00,3313071.0,83,82,21,41.91558472289156,-87.67767830120484,High
RouteID_066b5b0f-1922-47ac-8c73-ea5eabaa9f30,DLA9,2018-08-25,13:41:55,3313071.0,139,138,19,33.57756315107913,-117.65045187050357,Medium
RouteID_0670d3ac-1ad6-4d1a-8f91-07d7b3077b5e,DBO3,2018-08-03,12:15:00,4247527.0,163,162,26,42.464940963190195,-71.43728766257667,Medium
RouteID_06751fe1-263c-441a-b482-f7c5d8295c39,DSE4,2018-08-13,15:49:43,4247527.0,98,97,20,47.66198366326532,-122.32223195918364,Medium
RouteID_067726e3-8843-46ad-8e2e-9c44d80d6d0f,DLA7,2018-07-27,16:00:00,3313071.0,130,129,18,34.113621623076924,-117.53779389999997,High
RouteID_067b96da-0f4a-4877-b77d-4a08ce3eb699,DBO2,2018-08-10,13:29:20,4247527.0,166,165,27,42.30926163253012,-71.2268320481928,Medium
RouteID_06ae0a7c-9599-4f68-b276-b6b5966c7b3c,DSE4,2018-08-13,15:40:19,4247527.0,96,95,14,47.6828454375,-122.30895476041661,High
RouteID_06b71b27-e83e-4e26-9e9d-6ce353ebbee5,DLA5,2018-08-15,14:19:06,3313071.0,176,175,19,34.088342630681815,-117.37445025568181,Medium
RouteID_06c22e7d-6964-48e4-a3a7-009b56c26741,DSE5,2018-08-25,15:12:56,3313071.0,142,141,17,47.45370559859154,-122.20611199295774,Medium
RouteID_06c23b69-370a-4a37-a941-8a3e177b1914,DBO3,2018-07-21,12:23:30,4247527.0,222,221,22,42.10249002252253,-71.37012965315317,High
RouteID_06c7560e-5337-4330-9165-79e56801600c,DBO3,2018-08-12,12:44:41,3313071.0,159,158,13,42.0957784402516,-71.6445868679245,Medium
RouteID_06d466f0-2429-4f06-9326-ac1427f2aa64,DLA7,2018-07-25,14:36:35,3313071.0,132,131,24,33.88607870454544,-117.89566006060608,High
RouteID_06edc4cc-ea48-41bd-9a4f-81b78d82a479,DSE5,2018-08-12,13:57:00,4247527.0,170,169,13,47.270056447058785,-122.28952458823525,Medium
RouteID_06fdf161-11e8-431f-9999-74b1ebc45e3b,DLA9,2018-08-06,13:42:06,4247527.0,144,143,23,33.491539381944435,-117.67970396527782,Medium
RouteID_070b05b1-6cfc-4792-9817-b560e91d2584,DAU1,2018-08-01,15:30:00,4247527.0,121,120,25,30.288845909090902,-97.7734686859504,Medium
RouteID_072e6491-e89f-4574-9edc-2447f558cfc7,DCH3,2018-08-10,14:02:40,3313071.0,196,195,23,41.86771405612245,-88.36086969387756,High
RouteID_07563131-f0bb-4982-b1cf-4dc9a7b1876f,DLA9,2018-08-21,13:37:10,3313071.0,134,133,19,33.44918148507463,-117.61379635074628,Medium
RouteID_0758e446-a472-4fdb-86bc-3bbf11f19143,DLA7,2018-08-15,15:09:18,3313071.0,149,148,23,34.0358802080537,-117.77423686577183,Medium
RouteID_07640d94-d311-4121-b3fb-428b108a0df2,DCH4,2018-08-08,13:32:41,4247527.0,195,194,23,42.07847763076926,-88.01139253333335,High
RouteID_0768e1ca-0763-41e6-815d-4127cf140751,DBO1,2018-07-24,13:38:37,4247527.0,169,168,21,42.431340633136095,-71.15745868639056,Medium
RouteID_076973fd-9546-45a5-838a-0aa166a917b7,DSE4,2018-07-26,15:00:34,3313071.0,169,168,29,47.72688200591716,-122.17082056804742,High
RouteID_076b21cf-9d76-4d57-9859-cf3fb783533f,DSE4,2018-08-17,15:36:16,3313071.0,174,173,21,48.10812337356319,-122.16044193103447,Medium
RouteID_07706847-a419-4475-b4f0-065f620892d7,DCH4,2018-08-09,15:20:22,4247527.0,196,195,26,42.03452086224489,-88.12934306122447,High
RouteID_0779b723-1953-4d57-abce-9bb4ae08e327,DLA3,2018-07-26,15:30:00,3313071.0,46,45,14,34.09422682608696,-118.3489315869565,Medium
RouteID_077c0404-88b2-4abd-af5e-588f986b49a5,DSE2,2018-08-19,14:44:56,4247527.0,151,150,17,47.52856129801328,-122.37851705960261,High
RouteID_0790e302-3975-4df2-b413-39851f69ae3f,DCH4,2018-07-30,14:16:45,3313071.0,169,168,24,42.148581751479306,-87.94179852071004,Medium
RouteID_07933b35-6c8f-4053-960a-2c7dc87bafa6,DLA3,2018-07-22,16:00:00,3313071.0,168,167,16,33.98552271428572,-118.20434501785715,Medium
RouteID_07957d30-aa6d-4214-8014-dc224d1178d4,DSE4,2018-08-21,15:39:25,4247527.0,123,122,14,47.683998040650415,-122.273099,Medium
RouteID_0795a4c6-157b-4c24-946e-7e07d04c7df7,DBO3,2018-08-07,11:32:22,4247527.0,154,153,22,42.4348705974026,-71.20246323376624,High
RouteID_079d4ab4-c868-48f9-a06d-f154992deefa,DAU1,2018-08-07,13:57:05,4247527.0,100,99,32,30.297196070000012,-97.73148198000003,High
RouteID_07b4cf8f-c1d7-4c14-8983-7fe6fa582d86,DSE5,2018-08-26,14:01:39,3313071.0,175,174,16,47.3286769257143,-122.27443622857145,High
RouteID_07ba8c18-25e0-4314-b7df-3916b1ad2f02,DLA7,2018-07-29,15:22:02,3313071.0,156,155,25,33.8905402628205,-117.82867711538464,Medium
RouteID_07cb4afc-be0e-4f46-afe0-aa81d527c40d,DLA7,2018-08-10,16:33:50,3313071.0,138,137,22,34.036234449275376,-117.85229404347822,High
RouteID_07cfee03-e540-4384-8394-32bc37f25bff,DLA7,2018-08-06,14:33:49,3313071.0,115,114,21,33.87817390434783,-117.90670036521732,High
RouteID_07d46ee6-2edc-4d6b-be85-751d2496aaa1,DLA4,2018-08-09,17:26:30,3313071.0,189,188,15,34.28369841269841,-118.48898091534393,Low
RouteID_07d56536-0262-446f-a671-9d14be955be4,DLA9,2018-08-22,13:45:43,3313071.0,131,130,20,33.48741452671756,-117.69781963358778,High
RouteID_07dd133b-23f7-4a97-8882-d97ed2c0058d,DLA7,2018-08-09,15:03:54,3313071.0,140,139,20,33.87994672142855,-117.82795599999999,Medium
RouteID_07e31b9c-198c-4a2d-aee8-9c5dab86b782,DLA3,2018-08-04,15:49:11,3313071.0,67,66,17,34.10794095522389,-118.34040240298508,High
RouteID_0809e036-d621-4169-a08b-8d4b78aa41ca,DBO2,2018-08-17,11:46:47,4247527.0,162,161,16,42.13336423456788,-70.94938714197531,Medium
RouteID_080b86e3-05b0-47d7-9b6a-402f98564460,DBO2,2018-08-10,11:51:36,4247527.0,143,142,19,42.16423761538461,-70.9604490839161,Medium
RouteID_0812f2e0-9345-4952-9996-984fc1513006,DSE5,2018-08-23,14:53:48,3313071.0,133,132,12,47.58134530075189,-121.98989245112777,Medium
RouteID_0814e8d7-b1fe-4d7c-a3b5-8c9fe9925136,DLA7,2018-07-21,16:05:25,3313071.0,186,185,21,33.902012870967695,-117.5805160107527,High
RouteID_081b5f83-db73-4642-a274-76d4dd7a8c32,DBO3,2018-07-22,13:01:20,4247527.0,205,204,40,42.31188503414633,-71.31549715609755,Medium
RouteID_082285e1-3890-486f-b252-1adc253a2799,DLA7,2018-07-27,15:59:46,3313071.0,178,177,26,33.95177447191013,-117.56114198314599,High
RouteID_083b2a55-7d70-4113-a375-dbfc50dc86da,DCH4,2018-08-09,14:26:12,3313071.0,196,195,25,42.07062225510203,-87.91840052040817,Medium
RouteID_08424eaf-ced6-4025-938e-0e7f25fb9f13,DLA9,2018-08-12,13:55:58,3313071.0,96,95,25,33.582812520833336,-117.73738850000001,High
RouteID_084af699-0d58-4db1-84c8-bc0073e439fb,DCH4,2018-08-08,15:22:40,4247527.0,146,145,16,42.24673831506849,-88.17158760958903,Medium
RouteID_085ed7bf-c737-4dea-9b99-ce3fbc274bdc,DLA7,2018-08-09,16:07:11,3313071.0,145,144,19,34.107066848275885,-117.60782588965522,Medium
RouteID_0861441a-2da3-42cb-a2a3-cea549ad520e,DLA7,2018-07-20,16:38:05,3313071.0,154,153,23,34.125183246753245,-117.57596729870131,Medium
RouteID_086a4378-ed4d-44fe-a1d6-666bc0eec804,DLA9,2018-07-24,16:04:34,3313071.0,161,160,24,33.71603688819876,-118.00183080745342,Medium
RouteID_087636e9-8cd9-4bb4-b9c8-957b843bbca2,DBO3,2018-07-30,12:20:22,4247527.0,161,160,23,42.14825848447207,-71.26595701863357,High
RouteID_087e7f16-0b04-4a0a-9799-1302a8312186,DLA3,2018-08-07,14:28:00,3313071.0,124,123,12,34.041516233870965,-118.20687864516125,High
RouteID_0882ddec-59ed-4b24-8f20-ae86af26a6aa,DLA8,2018-07-28,16:36:37,3313071.0,149,148,17,33.739354993288615,-118.30234484563755,Medium
RouteID_0884dbd3-a368-499d-a5b4-e4d6954528ec,DBO3,2018-08-07,11:33:28,4247527.0,120,119,24,42.351656800000015,-71.26775670833332,Medium
RouteID_088b3069-d09e-4bc4-a540-46ca0feec1fd,DLA8,2018-08-11,16:14:40,3313071.0,166,165,18,33.89695603614457,-118.1183295060241,Medium
RouteID_088cbe58-2832-41bc-a89a-7de4016208cd,DLA9,2018-08-18,15:58:41,3313071.0,124,123,26,33.67941816935484,-118.0016605241935,Medium
RouteID_08922e5e-3107-46d2-aaff-5cf6b063a635,DSE5,2018-08-08,15:29:21,3313071.0,175,174,16,47.44153237714286,-122.12596914285713,High
RouteID_08a2125e-f7d0-420e-8d09-7957c94d2802,DLA7,2018-07-29,14:32:16,3313071.0,125,124,28,33.88544463200001,-117.96130231200002,Medium
RouteID_08a53481-3de6-4688-ab69-b88fc2cc1d9c,DLA7,2018-08-14,14:26:28,3313071.0,98,97,16,33.835374846938784,-117.92025206122452,High
RouteID_08ad4b2e-786d-4f2b-a965-9d85aef3ef49,DLA7,2018-08-02,16:00:45,3313071.0,188,187,25,33.9388397925532,-117.67492924468087,High
RouteID_08b5ef59-25b8-4b41-b385-9e4f9b8b01a9,DSE4,2018-08-18,15:12:48,3313071.0,139,138,24,47.81134534532376,-122.18904481294972,High
RouteID_08d62dfb-b7a1-4248-ae10-3c101e8191b3,DLA7,2018-08-07,14:28:08,3313071.0,146,145,18,33.859107773972575,-117.96684655479456,High
RouteID_08d72635-761a-4081-ac80-ed356a036095,DLA7,2018-08-16,16:34:22,3313071.0,169,168,21,34.13020422485208,-117.64348207692292,Medium
RouteID_08d77c2d-b0ce-4658-94c1-712451e916b8,DLA7,2018-08-07,14:57:31,3313071.0,169,168,21,33.85337268047335,-117.60037026035499,High
RouteID_08dca96c-c0a7-4397-b1a5-ba96aa17873b,DCH3,2018-08-08,14:47:40,4247527.0,204,203,18,41.75960678921569,-88.10442336764704,Medium
RouteID_08dded4c-ab6e-49d7-b202-fd997e444532,DSE4,2018-08-08,14:47:02,3313071.0,157,156,24,47.68959209554142,-122.19380805095551,High
RouteID_08e9fee8-f7e5-42a0-a100-04099a4be6e5,DLA9,2018-08-14,16:39:07,3313071.0,84,83,22,33.68486458333333,-117.8161702619048,High
RouteID_08eca476-373b-4d96-878d-2dbee9ad5c2c,DLA7,2018-07-29,14:03:01,3313071.0,117,116,23,33.83649324786325,-117.84484941025644,Low
RouteID_08ed55fa-db09-4f94-bd8c-5d403a90416e,DLA7,2018-08-15,16:00:00,3313071.0,157,156,20,34.10804677070062,-117.58899366242038,Medium
RouteID_08fecdf4-4f01-49c6-bd22-c9402d21d90a,DLA7,2018-08-10,16:00:00,3313071.0,160,159,19,33.87027982499999,-117.57916423124993,Medium
RouteID_090b26d7-b319-4ebf-a4d1-20db1031a6e0,DLA7,2018-08-01,15:12:10,3313071.0,160,159,22,33.87682389374998,-117.63785779374992,High
RouteID_0921cebf-49ed-4e14-a8ad-89e6be212d11,DSE4,2018-07-20,15:55:52,4247527.0,127,126,13,47.69520748031494,-122.31341192913388,High
RouteID_092c229e-9d6e-468b-accd-0372d87a181c,DBO3,2018-08-04,12:04:15,4247527.0,194,193,30,42.31298961340205,-71.70527034536083,Medium
RouteID_09337e68-6b35-469d-84af-a1011685982f,DLA7,2018-08-15,16:00:00,3313071.0,162,161,21,34.1223167160494,-117.64074952469136,High
RouteID_09384cd9-a77d-4655-9b67-20847719a230,DLA7,2018-07-24,14:37:20,3313071.0,171,170,23,33.943980508771965,-117.92257281286558,Medium
RouteID_093afb7b-78c3-4350-a498-a84909ad4897,DSE4,2018-08-13,15:02:38,3313071.0,171,170,28,47.7264492748538,-122.17613363742683,Medium
RouteID_096d768f-4473-49c1-966a-29bf3d2fe3a9,DSE4,2018-07-20,15:13:54,3313071.0,145,144,23,47.767607213793084,-122.24931115172414,Medium
RouteID_09707b5d-9a50-4f13-aa7e-db13fcc6bb95,DCH3,2018-07-25,12:42:59,3313071.0,170,169,19,41.642627364705874,-88.22052190000002,Medium
RouteID_0970c11e-3bfa-4ddb-b4eb-7eab71b44d0d,DBO3,2018-08-16,12:37:21,3313071.0,153,152,32,42.265405928104585,-71.64114984967318,Medium
RouteID_0978feb1-735b-43b3-a092-a97936d7c509,DSE5,2018-08-11,14:46:27,4247527.0,135,134,13,47.26408399999999,-122.4688826296296,High
RouteID_098b1a3e-859b-436a-b116-5357677706b1,DLA8,2018-08-08,16:22:16,3313071.0,135,134,25,33.99358566666668,-118.41291040000006,High
RouteID_09a5440f-82cb-4b2a-a612-276cb58573a1,DLA8,2018-08-10,16:40:52,3313071.0,175,174,19,33.80172997142856,-118.26756561714289,Medium
RouteID_09a9a44d-e007-42de-9437-31b5fd392648,DSE2,2018-07-31,14:25:40,3313071.0,90,89,19,47.62921457777779,-122.28298838888887,High
RouteID_09c1a521-4deb-4c34-84f1-3cccd4a1c037,DAU1,2018-07-25,14:14:51,4247527.0,130,129,26,30.239619492307703,-97.76576422307697,High
RouteID_09c35c1a-aa78-4e28-94b7-3bba972a9d9d,DCH4,2018-08-08,15:33:40,4247527.0,192,191,23,42.04583674479165,-87.92748797916676,Medium
RouteID_09c666c7-6279-416f-ad47-14ef43dfa174,DLA7,2018-08-04,16:47:58,3313071.0,145,144,20,34.151029862068974,-117.57125054482762,High
RouteID_09c6d5be-68a5-4af5-91f4-4fb13a10faf5,DSE5,2018-08-19,13:58:24,4247527.0,153,152,11,47.171793784313714,-122.15595828104578,Low
RouteID_09cbff70-3e09-4f9d-825e-3148b3930a4c,DSE4,2018-08-13,15:44:38,4247527.0,118,117,15,47.683660305084764,-122.27244638983046,High
RouteID_09d597c9-ae5c-4fe8-8379-710bf99f3184,DSE4,2018-08-22,15:25:17,3313071.0,174,173,20,47.93829836206897,-122.21604777011503,High
RouteID_09da300f-98c7-4f1b-80f2-8d0761360d25,DSE4,2018-08-18,14:43:01,3313071.0,166,165,30,47.72578234337349,-122.17775586144583,Medium
RouteID_09e7344a-c5e3-453b-a18e-a0534a75344b,DSE5,2018-08-24,15:08:32,3313071.0,176,175,12,47.39177359659088,-122.16735985795448,Medium
RouteID_09eb81d9-48bc-45ba-8913-298181131e3b,DLA7,2018-08-10,14:30:59,3313071.0,138,137,23,33.85646778985506,-117.89217692753627,High
RouteID_09f5fbc8-1326-45b0-a20a-fc2c432dfb0f,DSE5,2018-08-16,15:07:44,3313071.0,151,150,13,47.361653602648985,-122.19044788079475,Medium
RouteID_09f8106a-2b7f-41f7-b995-1868813d1b82,DLA9,2018-08-05,14:26:52,4247527.0,175,174,28,33.63528429714284,-117.70829991428572,High
RouteID_09ff2f98-260f-419f-a3f1-fb593380fd4c,DLA7,2018-08-16,15:01:45,3313071.0,134,133,22,33.9266882313433,-117.84735274626864,High
RouteID_0a0029bf-3e93-491f-843c-f889a83f2bfb,DLA9,2018-07-21,16:01:42,3313071.0,84,83,15,33.657897785714276,-117.98962358333334,High
RouteID_0a05762c-a2aa-4875-8d6e-04d5b35336fe,DSE4,2018-08-23,15:56:46,4247527.0,151,150,23,47.789366781456955,-122.25610229801332,High
RouteID_0a087ce2-2896-45cf-ab24-0a3c8be98387,DCH4,2018-07-30,14:17:47,3313071.0,182,181,28,42.08993758241757,-87.97324004395601,Medium
RouteID_0a1a1cfe-a5da-4463-b3ac-f2bb3a01718f,DSE2,2018-07-31,14:23:00,3313071.0,80,79,18,47.60436361250002,-122.30815778750002,High
RouteID_0a28a1a5-62bd-4e5c-b2a2-bfc16713e9d1,DSE5,2018-08-06,15:00:00,3313071.0,105,104,11,47.542403571428586,-122.08263279999998,High
RouteID_0a2ed99e-580f-4e6e-a168-67a5359f3fa1,DCH4,2018-08-14,15:43:05,3313071.0,155,154,20,42.09868435483872,-87.93284365806453,High
RouteID_0a426a82-2c44-4a74-845d-3311c935f4c5,DLA7,2018-08-16,14:56:56,3313071.0,167,166,25,33.88460041317364,-117.83953028742509,Medium
RouteID_0a76f445-7219-4159-b82a-0194ab1bdc91,DSE2,2018-08-25,14:16:48,3313071.0,124,123,20,47.63225583064519,-122.30156649193545,Medium
RouteID_0a7c11fe-c561-4293-85bb-c44c9bcfb12d,DCH4,2018-08-17,14:03:46,4247527.0,171,170,22,42.063695666666675,-87.99429561403504,Medium
RouteID_0a8650ca-77d1-459b-a8dd-da8442bbf1cf,DSE5,2018-08-16,14:59:11,4247527.0,143,142,12,47.264517146853144,-122.49519639160845,Medium
RouteID_0a9df7e1-6ddc-4173-808f-5e1a97b18027,DBO2,2018-08-16,14:07:52,3313071.0,150,149,23,42.185241606666665,-71.22251658,Medium
RouteID_0aa7e7aa-97d6-4614-882e-4e24f0790a0e,DBO3,2018-08-07,12:15:00,4247527.0,165,164,20,41.76420486060605,-71.35107396363637,Medium
RouteID_0ab02029-d853-4303-928b-2fb8f38b6827,DCH2,2018-08-03,14:04:27,3313071.0,173,172,22,41.97399263583812,-87.74803239884393,Medium
RouteID_0abc266a-ae67-4d85-b3d6-7bfd1adcaeb3,DAU1,2018-08-04,15:32:51,4247527.0,100,99,27,30.385427960000005,-97.75184934999999,Medium
RouteID_0ad088a2-492e-41a9-a79b-751d4adb05d4,DBO3,2018-07-21,13:29:55,3313071.0,184,183,18,42.08375098913044,-71.61709489130436,Medium
RouteID_0ad2ef29-c940-4e42-b6f7-245d71252a7c,DLA7,2018-08-08,14:58:38,3313071.0,152,151,24,33.925924078947375,-117.84854247368419,Medium
RouteID_0ae06a5d-815d-40a9-82a1-3716ca60be21,DLA5,2018-08-16,15:26:27,3313071.0,160,159,22,34.00148584999999,-117.03260586250005,Medium
RouteID_0ae21c35-5e33-4c25-92bc-61eae9c30b7b,DSE4,2018-08-04,14:42:05,3313071.0,168,167,30,47.71869416666667,-122.19898061904757,High
RouteID_0ae40c8b-c169-473f-930e-91c73ac13374,DAU1,2018-08-10,13:48:27,4247527.0,173,172,27,30.213281393063586,-97.79636331213874,High
RouteID_0ae91b91-4598-458a-ada2-53243610ef82,DBO3,2018-07-28,12:49:54,4247527.0,169,168,29,42.277085609467456,-71.5054019763314,Medium
RouteID_0aeaa5cd-2c8a-41c8-acf6-483a45548e12,DLA9,2018-07-27,13:38:22,3313071.0,108,107,21,33.541311231481465,-117.6311773425926,Medium
RouteID_0aebdf93-4e40-4a01-8bd7-5701160a38e3,DLA7,2018-08-04,14:51:12,3313071.0,183,182,24,33.843836617486346,-117.5462533169399,Medium
RouteID_0aece401-280f-441f-b2a5-e020ea16a92e,DAU1,2018-08-12,13:17:51,4247527.0,130,129,22,30.296309692307688,-97.98302852307688,Medium
RouteID_0aee14b7-460f-425d-ab89-c3794a40d28a,DBO2,2018-08-15,13:56:03,3313071.0,167,166,27,42.28184480838323,-71.1558379820359,High
RouteID_0aef75fe-d9d0-4dd9-b44b-b6af0ff26b52,DSE4,2018-08-13,14:47:32,3313071.0,149,148,25,47.721860322147656,-122.23358469127523,Medium
RouteID_0afff62b-f7e0-4927-8b8e-02430e52f8d4,DBO3,2018-07-23,13:03:29,3313071.0,177,176,39,42.264761316384174,-71.63872229378528,High
RouteID_0b2292e8-d421-4d4e-b80a-47c07e0e00e1,DSE4,2018-08-15,15:04:30,3313071.0,169,168,27,47.79577850887577,-122.25678189940834,High
RouteID_0b333582-4eb1-4007-98c6-ccf6a772cc9d,DBO2,2018-08-11,14:07:09,3313071.0,151,150,25,42.200287192052976,-71.14073631788078,Medium
RouteID_0b364fb7-1273-4943-b5f8-bd78bbc663f1,DSE4,2018-08-13,15:21:42,3313071.0,138,137,22,47.77986678985508,-122.20381363768117,Medium
RouteID_0b36e28e-5f67-4f56-ba6a-573d8456ba49,DLA7,2018-08-08,15:51:09,3313071.0,180,179,27,33.95364526111111,-117.69865270555553,High
RouteID_0b73f489-4d6f-4c14-bde0-dbc18efceed1,DLA4,2018-07-24,15:47:00,3313071.0,177,176,17,34.1731557118644,-118.56891142937852,High
RouteID_0b7a3819-3fe1-46de-82e7-be2deec38ca4,DSE5,2018-08-15,14:10:41,4247527.0,159,158,14,47.27003483647798,-122.28721398742137,Medium
RouteID_0b7d10d6-b31e-40ab-b607-e71b39499697,DSE5,2018-08-24,13:45:09,3313071.0,162,161,13,47.33858443827159,-122.32677428395054,Medium
RouteID_0b855834-e4da-4fce-9935-9c1fa2629315,DAU1,2018-08-10,14:44:15,4247527.0,154,153,30,30.299661441558428,-97.71148508441557,High
RouteID_0b8725b5-51e1-4b53-9857-c3fa156a9727,DLA8,2018-08-14,16:17:34,3313071.0,118,117,23,33.994535067796605,-118.44861479661013,Medium
RouteID_0b8ce670-78c2-42ab-8a93-0749754c8582,DLA7,2018-08-16,14:28:32,3313071.0,169,168,22,33.919185437869835,-117.98213018934914,High
RouteID_0ba2fe6a-030b-4a56-b9ca-d401cee48b75,DCH2,2018-07-22,14:13:17,3313071.0,154,153,21,41.98464792207791,-87.7174248766234,Medium
RouteID_0ba3c3c4-c1c2-41b9-afd5-931ef5cd0a3b,DCH2,2018-08-02,13:29:29,3313071.0,172,171,23,42.119154901162794,-87.7554030232558,Medium
RouteID_0ba52062-f98a-4750-a6ef-0a72ff35202e,DCH2,2018-07-24,15:17:27,3313071.0,203,202,24,42.03340250738919,-87.72292350738914,Medium
RouteID_0bab9078-6d9d-46b7-9752-bdd7ee373a24,DLA3,2018-08-14,16:07:02,3313071.0,122,121,19,34.086982737704915,-118.25682518032794,High
RouteID_0baf9c14-6f12-4a24-86d4-66db6a30dae5,DLA9,2018-08-18,13:41:58,3313071.0,109,108,22,33.4612006788991,-117.58750527522933,High
RouteID_0bce0fe7-3ec0-41d8-8f90-3c766c493da1,DLA9,2018-08-07,13:42:06,3313071.0,146,145,28,33.566664267123315,-117.73619004794527,Medium
RouteID_0bce18ed-a437-47ff-b24d-cc19138b8d8b,DAU1,2018-08-13,14:17:14,4247527.0,111,110,37,30.296268774774774,-97.73111050450453,High
RouteID_0bd8bbb9-f94a-4745-b7e6-1e852f5977de,DLA9,2018-07-28,16:06:35,3313071.0,179,178,28,33.71946443575417,-118.00279993854744,High
RouteID_0be0c72e-605e-4417-ba4b-673da933ff69,DBO3,2018-07-29,12:41:04,3313071.0,173,172,24,42.18740613872833,-71.68979295375726,High
RouteID_0c07e64c-e784-4f03-8744-ba4fc269358a,DAU1,2018-07-23,14:45:21,4247527.0,182,181,40,30.194187071428566,-97.9123093461538,Medium
RouteID_0c2c04fa-8052-4195-85b7-1b648d3832bd,DLA7,2018-08-07,15:00:39,3313071.0,149,148,23,34.14147509395974,-117.84371989261739,Medium
RouteID_0c4039ff-ce1c-40ee-be9c-beb97b4033c1,DBO3,2018-08-01,12:14:15,4247527.0,188,187,19,42.125983462765944,-71.4458720851064,Medium
RouteID_0c4437df-e93a-4ad9-b3de-360a3307c32f,DBO3,2018-07-25,13:06:05,4247527.0,124,123,22,42.3058444516129,-71.27060508870969,Medium
RouteID_0c447c13-3547-48d4-a611-cd444bd2ec25,DLA8,2018-08-09,14:31:45,3313071.0,131,130,27,33.772926709923674,-118.16059319847332,High
RouteID_0c4771e0-0e1f-4d40-888a-29795fcdcde6,DBO3,2018-07-31,11:25:54,4247527.0,156,155,24,42.36115405128204,-71.236663275641,High
RouteID_0c546903-794a-4f5f-8506-62b38fc49843,DBO3,2018-07-23,11:35:45,4247527.0,141,140,25,42.4420034822695,-71.2249893687943,Medium
RouteID_0c5a8256-913c-40f4-999e-b425a01f4c86,DCH1,2018-08-11,14:43:10,3313071.0,84,83,21,41.93011503571428,-87.70277435714286,High
RouteID_0c5e2318-07e9-4e93-a10d-9de9237e6323,DCH4,2018-07-30,15:47:50,4247527.0,159,158,24,42.20597283647797,-88.34729328930823,Medium
RouteID_0c669d0f-15d4-4c69-bd3b-cacf0a5827e6,DLA8,2018-08-16,17:30:04,3313071.0,137,136,23,33.926328379562044,-118.41799649635031,High
RouteID_0c760e98-d14f-4f85-a36e-dc99506e82cf,DCH3,2018-08-04,14:18:23,3313071.0,189,188,20,41.87502634391533,-88.33692189417988,Medium
RouteID_0c76acc3-adf1-41d0-8684-8de17d5ec568,DBO3,2018-08-06,11:28:24,4247527.0,151,150,23,42.35609444370859,-71.21727994039732,High
RouteID_0c82deb5-e294-4d4a-b14a-e6fa2e5e14bf,DLA8,2018-08-08,15:12:48,3313071.0,98,97,26,34.02473572448979,-118.41668755102039,High
RouteID_0c99a794-71e7-4820-8f01-5ae9b9abdb47,DLA7,2018-07-24,15:36:19,3313071.0,196,195,20,34.08541226530612,-117.4759019642858,Medium
RouteID_0c9c6564-709a-46bb-8c14-1fbe67736ae3,DCH4,2018-07-23,15:19:50,4247527.0,171,170,24,42.21152387719299,-88.34069069005845,Medium
RouteID_0ca0ee61-a91d-44a7-ad79-d02ea10be3b8,DLA9,2018-08-23,14:17:33,3313071.0,145,144,26,33.72469284827584,-117.7705767586207,High
RouteID_0cb5baba-ba3f-46ea-8e45-c3cd8158cd14,DLA4,2018-08-02,15:04:55,3313071.0,109,108,11,34.1176979357798,-118.40327928440371,Medium
RouteID_0cb74f30-d88e-42c0-b066-991430e51d3a,DSE4,2018-08-16,15:24:23,4247527.0,113,112,12,47.695650292035396,-122.31232800000001,High
RouteID_0cbb00a7-62b1-452c-83f1-a787e616582b,DLA3,2018-08-10,15:51:59,3313071.0,90,89,16,34.12575358888889,-118.32872327777783,Medium
RouteID_0cbdf262-3039-4432-8746-bcc6905103e5,DLA7,2018-08-12,15:02:46,3313071.0,126,125,23,33.83611996825396,-117.84305095238098,Medium
RouteID_0cccbc52-db93-4233-b0c6-6284602d5312,DLA3,2018-07-25,16:49:23,3313071.0,166,165,15,33.95137968072289,-118.11718553012047,Medium
RouteID_0ccdd302-3cfb-4d70-9841-22f3edb3716c,DAU1,2018-08-11,15:30:00,4247527.0,166,165,32,30.18253805421686,-97.82410855421688,Medium
RouteID_0cdeeb0e-202f-4061-9933-7b1862af3e32,DLA9,2018-07-30,14:00:29,3114853.25,117,116,23,33.56560966666669,-117.80700624786328,High
RouteID_0ceccda6-0964-412c-a24c-6a37db035d17,DBO3,2018-08-06,12:15:00,4247527.0,136,135,17,42.52679776470588,-71.49901674264702,High
RouteID_0cf8f2ce-28f9-46de-8fe0-22e84a3b8ca2,DLA3,2018-07-26,16:07:53,3313071.0,83,82,20,34.069688975903595,-118.25150408433733,Medium
RouteID_0d23ffb5-662f-4ba2-a3b1-0b4749b9170d,DSE4,2018-08-24,15:54:45,4247527.0,131,130,20,47.81719987022901,-122.35720335114503,Medium
RouteID_0d43becd-aec2-49de-9bca-0fea424a6b81,DCH3,2018-08-17,13:58:33,3313071.0,190,189,24,41.9260157631579,-88.28069043684208,Medium
RouteID_0d784cbf-7dc4-43df-ad52-879ab7a7227b,DLA8,2018-08-17,14:44:17,3313071.0,181,180,20,33.7928921325967,-118.10173560773487,High
RouteID_0d85b6a3-31ec-4ae0-94e8-1b9ad6bd3635,DCH1,2018-07-24,13:55:37,3313071.0,167,166,15,41.874030598802406,-87.85685832335326,Medium
RouteID_0d8e5b52-0380-40b7-80d8-940907528f19,DLA9,2018-08-15,16:11:54,3313071.0,134,133,28,33.6188888880597,-117.8414695447761,Medium
RouteID_0da56f16-616e-425d-8680-66aaa5528579,DBO2,2018-07-25,13:26:46,3313071.0,131,130,18,42.282659129770984,-71.11868561068704,High
RouteID_0db008e1-9cca-413e-b783-aef9d2287fec,DLA7,2018-07-24,16:24:56,3313071.0,198,197,22,34.128329252525255,-117.64263184343432,High
RouteID_0db2e8f5-b962-4889-a67c-f1478e704594,DLA7,2018-08-03,16:00:00,3313071.0,168,167,17,34.15100979761905,-117.3603781904762,Medium
RouteID_0db3e57e-e62e-446b-b811-621dbebe23b0,DSE5,2018-08-05,14:44:52,3313071.0,157,156,12,47.32081868789808,-122.3755524076434,Medium
RouteID_0dcdf502-afe0-4526-9b0d-5800bd81ffc4,DLA7,2018-08-02,14:26:59,3313071.0,145,144,20,33.830446524137926,-117.83001637241378,Medium
RouteID_0dd0f98d-f565-4769-9719-92ef1c9e284a,DLA4,2018-07-24,14:32:09,3313071.0,85,84,16,34.14831156470591,-118.37668747058825,Medium
RouteID_0dd9ad00-49d9-4f82-88ba-6fdb6b77fe93,DLA9,2018-08-23,15:09:33,3313071.0,158,157,19,33.76838967721521,-118.01154015189876,Medium
RouteID_0de3590f-89e5-44e8-bd7e-b23fab94345a,DCH3,2018-07-26,15:11:47,3313071.0,188,187,21,41.742326457446794,-88.10917940957445,High
RouteID_0de748ab-c851-45d2-8a25-897e401314cd,DLA7,2018-08-12,16:00:00,3313071.0,143,142,25,34.01655077622377,-117.79869158741262,Medium
RouteID_0dea4caf-f044-4170-bf66-944c0eb27785,DCH4,2018-08-15,15:41:14,4247527.0,149,148,15,42.465851999999984,-87.83060324832215,Medium
RouteID_0dec584d-baeb-4470-878e-252600fb61db,DBO3,2018-08-15,12:46:57,3313071.0,160,159,21,42.20154915625003,-71.71735474375001,High
RouteID_0df605eb-a6e2-4f8a-ac76-b4f8b74ac68e,DLA7,2018-08-09,14:23:50,3313071.0,151,150,23,33.843516668874166,-117.84022386092717,Medium
RouteID_0e13b867-bfbf-4698-8347-560bbfcdba9b,DCH3,2018-07-31,13:39:07,3313071.0,160,159,15,41.66121834374998,-87.99661045000002,High
RouteID_0e13e578-80f5-4746-b750-48be5996a2a0,DLA9,2018-07-30,15:32:24,3313071.0,110,109,19,33.711023927272706,-117.95165464545457,Medium
RouteID_0e217d92-1e37-4216-bb49-b9858c120b52,DSE4,2018-08-15,14:40:24,3313071.0,181,180,28,47.726167596685066,-122.17679139779004,High
RouteID_0e26f254-84a2-4d1a-af72-87901f5f67ae,DLA8,2018-07-26,14:44:18,3313071.0,100,99,21,33.774689280000004,-118.17991628999997,Medium
RouteID_0e2bd841-c72d-43b7-a296-af3637d00307,DLA3,2018-07-20,14:54:15,3313071.0,128,127,26,34.097713046874986,-118.28126089062499,High
RouteID_0e348e1c-0718-4e5e-95c2-f2a5332b23b0,DBO3,2018-07-27,12:23:29,3313071.0,183,182,23,42.34042175956285,-71.6401192240437,High
RouteID_0e51e9ca-53a4-49cf-b5a1-93302533f2a6,DCH2,2018-08-01,14:14:07,3313071.0,141,140,16,41.965483425531914,-87.72966882978724,High
RouteID_0e547edb-658a-499a-b88f-a6e4802e1a70,DBO1,2018-07-24,11:47:11,3313071.0,185,184,10,42.418704751351335,-71.01675457837835,Medium
RouteID_0e578fe5-fd0c-4a21-badf-f8aae5f16853,DLA4,2018-07-24,15:09:01,3313071.0,179,178,15,34.27347259217877,-118.69542532402231,High
RouteID_0e596e6f-6500-46c9-aa2b-650fc4a3d890,DSE2,2018-07-25,14:56:09,4247527.0,89,88,15,47.649826617977524,-122.37153959550565,Medium
RouteID_0e5c207d-7263-4555-95d2-e67768635fde,DLA4,2018-07-26,13:48:09,3313071.0,88,87,15,34.16059844318182,-118.3674812159091,Medium
RouteID_0e5d65a8-587c-48b0-86d7-226e83a1a5f4,DLA9,2018-07-25,14:35:31,3313071.0,109,108,21,33.64281478899082,-117.75364666972477,High
RouteID_0e796e1f-cab0-46b2-96f7-c0d0c1b90ac7,DCH4,2018-08-08,15:23:30,4247527.0,180,179,21,42.140865405555566,-88.03125135555554,Medium
RouteID_0e7eb7e0-86be-44a7-9c29-be110ee8bcd5,DAU1,2018-07-24,14:31:36,4247527.0,178,177,39,30.369258207865172,-97.89414557303368,High
RouteID_0e8122d6-7a61-453b-af3c-150ef0a43110,DSE4,2018-08-08,15:28:32,4247527.0,98,97,12,47.673790499999974,-122.32455752040819,High
RouteID_0e8a5182-d742-4c4f-adf3-abb60ece3239,DLA5,2018-08-09,15:24:39,3313071.0,170,169,26,34.043804952941194,-117.1885122941176,High
RouteID_0e986992-bd2d-4f6b-bfd0-1038abd90bae,DLA8,2018-07-28,14:53:12,3313071.0,157,156,23,33.78666177070064,-118.1942475031847,High
RouteID_0ea2374b-9211-4dc0-8797-b6f0e0ef6f2a,DSE5,2018-08-08,14:27:52,3313071.0,157,156,12,47.32769977070064,-122.33723571337575,Medium
RouteID_0ea2dfc6-a173-4fd1-8228-99b48ac39906,DCH3,2018-08-14,14:45:15,3313071.0,193,192,20,41.883320870466335,-88.1388186683938,Medium
RouteID_0ea7aa41-f026-4aee-8379-8099b94aff6b,DLA8,2018-07-27,15:09:20,3313071.0,142,141,23,33.79359735211268,-118.14891887323945,High
RouteID_0ea8ffd3-673d-473e-8219-382f2a88c999,DSE4,2018-08-23,15:09:28,4247527.0,114,113,17,47.66737207017546,-122.32500362280696,High
RouteID_0ecca9f8-0fd2-4468-8b6a-81d447e11b0f,DLA9,2018-07-28,15:59:49,3313071.0,137,136,22,33.72010716058394,-118.04255152554745,High
RouteID_0ed01e9f-3cd6-4156-a73e-54b480e13c61,DLA3,2018-08-12,16:14:42,3313071.0,56,55,21,34.08873808928571,-118.3605463035714,High
RouteID_0ee35cc6-e564-47d0-a3e4-f8a1c3a14622,DSE5,2018-08-25,15:33:53,4247527.0,145,144,11,47.27853804827584,-122.5240464482759,Medium
RouteID_0eee5943-ffd3-4d46-bc3d-0a93ed3f55cc,DLA7,2018-07-19,15:25:52,3313071.0,122,121,16,33.842244532786886,-117.75914185245904,Medium
RouteID_0f06dc7e-3a18-42da-b99d-955af01771e5,DBO3,2018-08-17,12:25:00,4247527.0,159,158,29,42.196403735849074,-71.30347659119495,Medium
RouteID_0f09dff8-b32b-43d5-8030-37122ed9c14a,DLA9,2018-08-11,16:26:05,3313071.0,162,161,25,33.654467648148156,-117.96878736419755,Medium
RouteID_0f0c1d0a-168c-4b0d-8927-aa7da75af649,DBO2,2018-08-14,11:51:39,4247527.0,162,161,21,42.142535481481495,-71.04391470370372,Medium
RouteID_0f0c3154-3638-48d6-bc4f-a5bd55ac7632,DLA7,2018-07-25,16:25:45,3313071.0,183,182,20,34.1484547923497,-117.66552225136606,High
RouteID_0f0f05d6-0cad-4612-9489-a36a0f004772,DCH2,2018-07-25,14:09:21,3313071.0,139,138,18,41.989202625899274,-87.71014870503593,Medium
RouteID_0f145ccf-c2f7-438e-be66-7034a84c0083,DLA8,2018-07-20,15:18:51,3313071.0,182,181,17,33.8174240934066,-118.11429519780212,Medium
RouteID_0f1c8e8d-9b63-4f06-8087-507320c11131,DLA3,2018-08-02,15:30:00,3313071.0,123,122,23,34.08761657723577,-118.27417904878047,High
RouteID_0f3c5ec9-353b-442d-98d4-d9a206b55996,DSE4,2018-07-21,14:52:52,3313071.0,166,165,29,47.7628226144578,-122.23831664457833,Medium
RouteID_0f3e0568-9883-4a69-98ef-da347607da28,DBO3,2018-07-26,12:15:00,3313071.0,160,159,29,42.41034103750003,-71.42420488125,Medium
RouteID_0f45e017-5174-4e33-afb8-7bc0b60fd8d6,DCH4,2018-08-14,15:42:27,3313071.0,181,180,27,42.27417361325967,-87.95169525966853,Medium
RouteID_0f495b0a-fda3-417e-b688-0fb261c213bf,DCH2,2018-07-20,13:38:27,3313071.0,155,154,20,42.072410896774194,-87.70827556774194,High
RouteID_0f6118f8-4987-424e-bb98-6733ab1812e9,DLA9,2018-08-09,15:19:27,3313071.0,114,113,28,33.764570096491234,-118.15320618421053,Medium
RouteID_0f6698fc-5c29-4f27-86a3-e6a22c8051ca,DLA9,2018-07-21,15:23:04,3313071.0,144,143,22,33.76954359027778,-118.1129111388889,High
RouteID_0f770c92-9a79-4924-8d33-856d3db80f5d,DLA7,2018-07-30,15:54:06,3313071.0,185,184,29,33.96870376756756,-117.56368655135145,Medium
RouteID_0f78fe4f-5f36-4f8a-8be0-d47faaa943ba,DBO3,2018-08-15,11:28:38,4247527.0,132,131,16,41.850281628787876,-71.44662264393939,Medium
RouteID_0f93be8c-42ea-4381-819c-abbf99a17125,DBO2,2018-07-27,13:45:00,4247527.0,159,158,23,42.20715203773586,-70.88158552830187,Medium
RouteID_0f992c30-7f91-45b6-ad2e-e95bf685dd94,DLA7,2018-08-15,15:04:42,3313071.0,134,133,19,33.894460268656715,-117.82999440298504,Medium
RouteID_0f9d12ce-b419-497a-8207-ca58f7ad8771,DLA7,2018-08-05,15:01:58,3313071.0,137,136,18,34.07138463503651,-117.69944247445254,High
RouteID_0fc7c562-0e3b-410a-95b1-f7280e015529,DLA8,2018-07-25,17:51:11,3313071.0,137,136,21,33.85136703649636,-118.35764978102193,High
RouteID_0fd2f534-5d7c-4dc0-bf3e-a2c3242499bd,DBO3,2018-08-13,12:13:27,4247527.0,179,178,24,42.14839145251397,-71.41345501675976,Medium
RouteID_0fd331f1-2f86-4287-8f9e-86cccc4817d2,DLA7,2018-08-17,14:30:00,3313071.0,142,141,23,33.87608242957747,-117.9396816267605,High
RouteID_0fff807c-dd59-446f-abbf-a1695edf4747,DBO2,2018-07-28,11:58:39,4247527.0,87,86,22,42.32310699999999,-71.10773927586207,High
RouteID_10024d74-e0b7-40d3-86b1-996ece1d15fc,DBO3,2018-07-28,12:56:39,3313071.0,93,92,9,42.25142250537633,-71.81115260215057,Medium
RouteID_1009bcda-0773-4385-ba9e-5c4bd0f59025,DBO3,2018-08-03,11:30:00,4247527.0,144,143,17,41.858350722222234,-71.47792529861113,Medium
RouteID_1014accc-6fb2-454b-88df-f5ca4d38ddf8,DLA7,2018-08-11,16:00:00,3313071.0,138,137,22,33.90086344202898,-117.78612984782606,Medium
RouteID_102fa550-3cd6-4172-b418-046cd1c78cd1,DCH4,2018-08-15,15:44:13,4247527.0,172,171,20,42.3537187383721,-87.96485748255813,High
RouteID_10309128-ab56-4ce9-963d-1598064bad99,DLA7,2018-07-20,14:33:33,3313071.0,176,175,23,33.97610979545454,-117.88810197159093,High
RouteID_103806a2-ef80-4814-888d-7ecc9180e6c6,DBO1,2018-08-05,12:45:00,4247527.0,99,98,15,42.381904151515144,-71.06996177777779,High
RouteID_10414f59-03d2-4c9a-9ef5-230ae0dfab17,DLA8,2018-08-03,16:48:49,3313071.0,163,162,19,33.80963590797545,-118.31488269325153,Medium
RouteID_1061c303-94d1-4bac-b556-bdac106a19c4,DLA4,2018-08-09,15:30:00,3313071.0,91,90,13,34.08699139560439,-118.42533098901102,Medium
RouteID_107f1548-fbec-4de1-b846-4ce133a0ea7d,DLA3,2018-07-29,15:55:06,3313071.0,94,93,23,34.11891829787235,-118.32602906382974,High
RouteID_108e6b91-1286-46f8-a1f1-4afe9426753d,DLA7,2018-07-23,16:38:49,3313071.0,188,187,28,34.146294382978745,-117.66176558510638,Medium
RouteID_109fc056-8065-42c9-b262-d735b8e68e92,DCH1,2018-08-03,15:52:18,3313071.0,192,191,17,41.69809206770835,-87.74972872395831,High
RouteID_10ba45a9-a47c-404b-8777-929e3bf97ce0,DSE5,2018-08-20,13:59:33,4247527.0,146,145,17,47.118839123287664,-122.32562109589043,Medium
RouteID_10c5d207-2b3d-407a-ba49-87f552e7aff9,DBO2,2018-07-23,12:08:47,4247527.0,178,177,18,42.087671646067406,-71.00518818539328,Medium
RouteID_10d3035b-c1ad-40ec-989d-621de5c09bde,DLA8,2018-07-23,16:32:38,3313071.0,120,119,24,33.98884326666668,-118.4343071583333,High
RouteID_10e1767b-6ad7-45d3-b24d-dfbff4936b89,DAU1,2018-07-30,13:51:15,4247527.0,137,136,24,30.355418313868608,-97.9627209708029,Medium
RouteID_10e93cb5-c148-4604-a7f3-08938cce0861,DCH3,2018-08-15,14:05:41,3313071.0,203,202,21,41.89263841379309,-88.20026226600983,Medium
RouteID_10f9bd69-beb6-433e-baaa-e0238cb93a13,DLA7,2018-07-29,15:33:31,3313071.0,167,166,25,34.146723185628716,-117.51096559880239,Medium
RouteID_1102698e-232b-46cb-b52f-ec3f97a11dbe,DLA9,2018-07-20,14:32:08,3313071.0,117,116,20,33.642042538461546,-117.75421055555562,High
RouteID_11187993-1664-4137-81af-81fe8cb2dee9,DLA7,2018-08-13,16:00:00,3313071.0,162,161,19,34.14585422839507,-117.39482200617284,High
RouteID_1125a47b-b164-42fc-b7f1-fbf46a51f0e8,DBO3,2018-08-15,12:06:38,3313071.0,159,158,27,42.28495971698113,-71.71429095597487,Medium
RouteID_113395bd-f3df-47e1-b9db-dfa5a5b5591c,DLA3,2018-07-22,16:05:43,3313071.0,88,87,15,34.07831171590909,-118.29901592045452,High
RouteID_11345ea5-9602-4ac7-866d-d140008b55a7,DLA9,2018-08-20,13:47:30,4247527.0,143,142,21,33.465863216783205,-117.64078677622378,High
RouteID_114e0437-fec2-4e81-9fda-6738cf7cb458,DCH1,2018-07-25,14:56:44,3313071.0,79,78,21,41.94918406329114,-87.66315315189874,High
RouteID_115305b1-4be3-4282-ad08-1c546b2fcb56,DCH1,2018-08-08,14:28:18,3313071.0,98,97,18,41.8817848877551,-87.8129502857143,High
RouteID_1159e81d-0d3a-48fd-8771-154fd77c934f,DLA8,2018-08-14,17:17:25,3313071.0,135,134,19,34.04196293333333,-118.31815147407403,Medium
RouteID_117c8287-12e3-41a1-bd4b-900af3038471,DLA9,2018-07-23,13:53:36,3313071.0,108,107,24,33.55758537962964,-117.64261437962958,Medium
RouteID_1181a424-42d1-4cf5-bc52-370d43bbdfd5,DLA8,2018-08-08,14:48:16,4247527.0,160,159,16,33.87144912500001,-118.20740284374999,High
RouteID_1191d558-1c58-4e1e-989f-520b338b3f5c,DSE5,2018-07-31,14:46:51,4247527.0,166,165,13,47.20197716265062,-122.43903337951804,Medium
RouteID_11a83250-1603-4476-9cc4-1ec4c083dc40,DCH3,2018-08-11,14:34:12,3313071.0,179,178,20,41.834222268156424,-88.08508141340786,Medium
RouteID_11cea4f0-f65f-4061-ae0a-a52607956603,DLA5,2018-08-11,14:19:12,3313071.0,203,202,23,34.04125524137931,-117.47973377339905,High
RouteID_11fcf1bc-dbc0-4451-9646-009cd91672ba,DLA8,2018-08-17,16:28:18,3313071.0,143,142,18,33.87305230069929,-118.11814558741257,High
RouteID_11ff0b06-87ec-4755-a731-2a2c3dfd45a4,DLA7,2018-08-03,15:04:56,3313071.0,130,129,22,33.911646492307696,-117.84956387692303,High
RouteID_12125189-0a8c-409d-a723-6cfc7309e6e7,DLA3,2018-08-13,16:14:07,3313071.0,123,122,24,34.08541582113823,-118.2808210894309,High
RouteID_1222de09-e858-467f-a963-6054feb3e67e,DLA7,2018-08-03,15:42:41,3313071.0,175,174,25,33.96255421714284,-117.57976891428575,High
RouteID_122b83a8-608a-4a67-89df-633fb633e170,DSE5,2018-08-25,14:01:45,3313071.0,185,184,14,47.50075215675676,-122.25712647567569,Medium
RouteID_1240a3bb-0e23-40fa-b6aa-ae4960962cf3,DBO2,2018-08-09,12:23:11,3313071.0,164,163,14,42.27560844512195,-71.10398262804877,Medium
RouteID_12449585-f720-4642-b130-e66e137b1c50,DSE5,2018-08-19,15:05:38,4247527.0,118,117,10,47.25880334745765,-122.45864863559322,High
RouteID_125d3367-08a1-46ce-bdf3-a3e9946600e6,DLA8,2018-08-05,15:14:11,3313071.0,105,104,29,34.037461285714286,-118.42923627619052,High
RouteID_1271c690-26aa-4673-bf6e-df91a641bf7f,DBO1,2018-07-24,12:21:59,4247527.0,189,188,15,42.45534012169312,-71.17931834391533,Medium
RouteID_12879cd2-cb92-4160-a781-cd44ff46e2aa,DCH1,2018-08-12,14:38:32,3313071.0,159,158,31,41.87285464150943,-87.79686067295596,High
RouteID_128e4c3f-98f9-4428-9594-9325b5bf1408,DLA4,2018-07-28,14:21:00,3313071.0,119,118,14,34.202865705882346,-118.46150931092436,Medium
RouteID_128fddbe-af47-4d21-9f7c-c8a6ecc6a162,DLA7,2018-07-28,14:29:07,3313071.0,173,172,26,33.804880976878636,-117.82162224855492,Low
RouteID_12ab4291-ccff-4378-8c2e-c6cd5a7d29ce,DLA7,2018-08-08,14:56:51,3313071.0,151,150,22,33.86982161589405,-117.799621013245,Medium
RouteID_12ad4b57-3f9e-4b4c-a415-bd5e6b879060,DLA9,2018-08-14,14:28:24,4247527.0,134,133,22,33.68924596268656,-117.74921655970151,High
RouteID_12dd24e0-e0d4-4e87-bdcd-b9a352450cb2,DLA8,2018-07-21,16:14:05,3313071.0,74,73,19,34.00561552702704,-118.42836512162167,High
RouteID_12e6f73f-cf81-4707-8600-abd206b142f8,DLA7,2018-07-26,15:03:51,3313071.0,143,142,28,33.899697251748265,-117.85808790909095,Medium
RouteID_12e7c960-79ac-4183-96a9-23f968eb6c32,DAU1,2018-07-28,14:36:32,4247527.0,125,124,25,30.572998840000004,-97.66673552,High
RouteID_13049cb4-e67d-468b-9b10-25c0180e5e98,DAU1,2018-08-13,14:27:00,4247527.0,109,108,15,30.296303174311937,-97.99358240366978,High
RouteID_1308451e-c29a-4327-b0dc-7bdc86d50734,DSE4,2018-07-26,15:42:49,4247527.0,131,130,16,47.691383145038195,-122.30070652671763,High
RouteID_13084739-93ee-46c2-9351-7c932f302b1a,DLA7,2018-08-13,14:19:35,3313071.0,149,148,27,33.89894553020136,-117.98948597315437,Medium
RouteID_130daefe-43a4-403d-8a7e-95dc6b0ffadf,DLA8,2018-07-26,15:31:06,3313071.0,131,130,26,33.99814484732824,-118.46553898473286,Medium
RouteID_13101816-1841-421f-bb0a-bc271df18f66,DLA8,2018-07-31,16:53:17,3313071.0,167,166,23,33.769764676646716,-118.41314942514978,Medium
RouteID_13194db7-a1a0-4054-a1bc-6d586cd1eace,DLA4,2018-08-01,13:53:53,3313071.0,73,72,13,34.13789582191781,-118.37496691780821,High
RouteID_1322c600-86b4-44a3-a8f7-909bc7b8007c,DCH4,2018-08-14,15:55:15,3313071.0,174,173,21,42.307298580459786,-87.96503270114947,Medium
RouteID_133517ab-9198-4b67-960b-6eba7504104f,DLA8,2018-07-25,16:16:37,3313071.0,162,161,25,34.04373177777777,-118.51077005555547,High
RouteID_133bda7f-2721-4923-9cb3-4ca92fff633e,DCH1,2018-08-09,14:04:56,3313071.0,157,156,14,41.86405094267516,-87.86742665605095,Medium
RouteID_1346444d-8b0d-4423-a873-c4ac6f16de92,DLA7,2018-08-08,15:51:21,3313071.0,182,181,24,33.94429528021979,-117.59349111538468,High
RouteID_134a45cc-2f4c-4b53-b07c-6300e3e917dd,DBO3,2018-08-15,12:15:00,4247527.0,175,174,25,42.08559447428575,-71.1676860457143,Medium
RouteID_1364e8b4-de89-475b-9e38-3486ca12934e,DLA8,2018-08-08,17:23:23,3313071.0,140,139,17,34.039613800000005,-118.3389291357143,High
RouteID_1364e982-c768-4248-818f-cefad0f4b136,DCH4,2018-08-15,13:39:16,4247527.0,170,169,23,42.08380643529412,-87.78702729411758,Medium
RouteID_13702b8a-f4ee-451d-a059-d7e040ef690f,DLA8,2018-07-31,16:35:57,3313071.0,160,159,18,33.80945915,-118.31020537499994,High
RouteID_139bbf0d-d504-430f-840a-86d0b6c61f59,DLA5,2018-07-31,15:15:00,4247527.0,168,167,22,33.68723503571429,-117.26171780952377,Medium
RouteID_139f99be-c8f1-4759-a293-4fffebcb3976,DCH3,2018-07-22,14:19:11,3313071.0,197,196,19,41.71821368020305,-88.40195538071066,High
RouteID_13ad1f23-c670-4b0b-b545-f2474c5a251a,DSE5,2018-08-02,13:54:46,4247527.0,141,140,11,47.10337971631206,-122.39540983687944,High
RouteID_13ad1fc8-faed-4fbc-a5ff-04463fb0603d,DLA9,2018-07-24,13:50:35,3313071.0,177,176,21,33.6150598418079,-117.64124236723165,Low
RouteID_13ad9c2a-6ce8-4a58-b36d-c7bf56e1578d,DLA8,2018-08-14,15:34:17,4247527.0,63,62,20,34.06434534920635,-118.37138373015873,High
RouteID_13ada16c-909d-4929-9837-959fa37bed11,DCH2,2018-08-11,12:43:40,3313071.0,136,135,19,41.93184008823528,-87.81385726470592,High
RouteID_13b3222c-93df-473e-a4bb-f46317bb9865,DLA3,2018-07-24,15:30:00,3313071.0,107,106,21,34.11350059813084,-118.27833491588785,High
RouteID_13b3b3a4-09c9-4194-a1f9-7d0ef061ffdd,DLA7,2018-08-06,15:16:34,3313071.0,143,142,23,34.072525272727276,-117.72484408391608,Medium
RouteID_13b43097-3080-482c-9541-c15a1f2ed1fa,DBO2,2018-07-25,12:11:36,4247527.0,177,176,19,42.12409157627119,-70.95183516384178,Medium
RouteID_13b645b8-cf92-4e72-b6cf-abc7e294a6fc,DLA7,2018-07-21,15:25:37,3313071.0,170,169,28,33.80129306470589,-117.83769521176472,Medium
RouteID_13cad3af-2635-47d6-ab74-d53d785ceb62,DBO3,2018-07-26,12:59:15,4247527.0,199,198,44,42.286121939698496,-71.34757152261311,Medium
RouteID_13dd84a2-1332-4103-b4a7-d4cfb9f7ae8f,DBO2,2018-07-21,13:58:12,3313071.0,152,151,23,42.346492197368455,-71.18666936842106,High
RouteID_13f2e810-115c-4553-ae4c-fe694e794433,DSE5,2018-08-21,15:15:14,4247527.0,123,122,5,47.21517770731709,-122.55747234959348,Medium
RouteID_141e1611-b425-47e2-aad3-8a1588539da6,DSE5,2018-08-15,14:00:00,3313071.0,185,184,16,47.50179259999999,-122.23688552432439,Medium
RouteID_1429d19e-4b07-488a-b324-426f7ac09ee3,DCH1,2018-07-21,14:05:48,3313071.0,169,168,12,41.78031723668638,-87.69134949704139,Medium
RouteID_1439c30d-fedc-44c7-bfb0-6e6af20e7caa,DLA7,2018-07-27,14:30:15,3313071.0,155,154,24,33.84727768387097,-117.82718180645158,Medium
RouteID_14400e63-1a26-48f2-8b62-8c93b45df3fb,DLA7,2018-08-11,14:30:00,3313071.0,140,139,19,33.88905486428572,-117.93360757142862,Medium
RouteID_1450f94e-2831-46cd-be0c-c4412a604ffb,DBO3,2018-08-13,12:15:00,4247527.0,179,178,27,42.234484234636874,-71.43240377094975,Medium
RouteID_1455948c-77b6-4115-897b-85ca514cd6b6,DSE4,2018-08-25,15:30:58,3313071.0,154,153,25,47.80307561038962,-122.23626870779223,Low
RouteID_1459297d-63a1-4b7e-bc20-de002b255754,DBO3,2018-08-06,13:13:47,4247527.0,127,126,19,42.51119443307087,-71.42074006299214,Medium
RouteID_145e9ce3-e1c7-4868-b2f0-c00d7c67340f,DLA9,2018-07-22,14:36:36,4247527.0,118,117,18,33.60037338135594,-117.70326833898304,Medium
RouteID_1462e47a-5f19-48c6-8dae-965a7647f79f,DSE5,2018-07-24,15:29:51,3313071.0,151,150,15,47.354305582781464,-122.04081727152318,High
RouteID_148eba24-2dfc-4911-88a2-eaa758f633a1,DBO3,2018-07-29,12:08:23,4247527.0,161,160,18,42.045468807453396,-71.12272580745342,Medium
RouteID_1492199d-9760-4e63-af2b-25176190b8a8,DSE4,2018-08-23,15:04:58,3313071.0,173,172,28,47.816467919075116,-122.22440219075146,Medium
RouteID_1498bacd-0e44-487f-b624-eab2d2e321b0,DBO3,2018-07-31,11:39:25,4247527.0,147,146,25,42.342036768707466,-71.2310516190476,Medium
RouteID_149a586b-6e2e-4a13-ade9-4437e4021e3d,DLA9,2018-08-18,15:00:00,4247527.0,135,134,33,33.70008851851852,-117.72584401481484,High
RouteID_149f5b35-b668-43db-aae3-7a2bbd4f89e9,DCH4,2018-08-08,15:23:59,4247527.0,164,163,19,42.10999640243902,-88.1005936890244,Medium
RouteID_14a582dc-318b-4d9d-ae97-d79bce388116,DBO2,2018-07-30,11:51:34,4247527.0,174,173,22,42.0845437873563,-70.93100337356319,Medium
RouteID_14bbcc7e-805e-4cdf-9a4d-3ba47006fa1c,DBO2,2018-08-07,14:03:59,3313071.0,117,116,22,42.29091832478633,-71.02181821367522,Medium
RouteID_14c8f61e-7946-4cbd-a396-fcbf481e8795,DSE4,2018-08-21,14:50:13,3313071.0,156,155,23,47.73990444230771,-122.2015574487179,Medium
RouteID_14cbe6d9-6446-4073-a4b4-12aa8193fb7a,DSE4,2018-08-10,15:39:30,3313071.0,177,176,19,47.935613903954795,-122.2087051186441,High
RouteID_14d0e456-b5cf-44ad-a4ab-eaa88308c3b8,DLA7,2018-08-15,16:35:50,3313071.0,143,142,23,34.00139982517482,-117.79702488111884,Medium
RouteID_14e47d87-3e00-4004-833e-c79cc905406c,DLA7,2018-08-02,15:54:47,3313071.0,171,170,22,33.91874238596491,-117.525467374269,High
RouteID_14e79e59-1113-4434-9211-466665e5c28b,DCH3,2018-07-23,15:45:02,4247527.0,177,176,21,41.78345223728814,-88.09703206214688,High
RouteID_14ecef4d-a551-4d0b-8af6-8c9a6bad7792,DLA8,2018-08-14,17:37:15,3313071.0,144,143,20,33.817203798611125,-118.30643935416664,Medium
RouteID_14f0720a-85ab-4d4b-9498-d371c3e82c39,DSE5,2018-08-25,15:17:10,3313071.0,161,160,13,47.34017613664597,-122.17565963975152,Medium
RouteID_14f61971-f685-40ae-8c0d-89ac82959d09,DLA7,2018-08-14,15:05:58,3313071.0,143,142,23,34.10830226573427,-117.79435355244756,Medium
RouteID_14fd2998-6eb3-4474-85bf-50fd444de912,DSE5,2018-07-24,14:28:34,4247527.0,166,165,13,47.2879513313253,-122.50516544578318,High
RouteID_1512a0e3-0c95-45a9-905b-82dab77fe174,DLA4,2018-07-26,14:27:40,3313071.0,99,98,14,34.161123151515156,-118.44488561616161,Medium
RouteID_1514544b-2828-4cdc-ad5e-7f30d4003a23,DLA5,2018-07-22,16:10:22,3313071.0,204,203,26,33.96533096568626,-117.44357424999998,Medium
RouteID_15217517-0e3e-4355-bb72-551ff5e6b11d,DSE2,2018-08-23,14:22:39,3313071.0,123,122,21,47.635357780487794,-122.30623468292679,High
RouteID_1537f298-8593-4828-81dd-2b3a701ae04b,DLA7,2018-07-26,16:25:03,3313071.0,161,160,28,34.12749052173912,-117.76917293167706,Medium
RouteID_1548013c-d336-4c74-85f4-520ef48d5361,DAU1,2018-08-12,14:02:14,4247527.0,136,135,28,30.34423777941175,-97.98310313970589,Low
RouteID_1549b998-ded7-49d1-ad68-7fb070aab241,DBO3,2018-07-28,11:27:59,4247527.0,150,149,30,42.346834753333326,-71.23054383333333,Medium
RouteID_156ee7ce-5700-416d-a7b0-51e331a3f63a,DLA9,2018-08-22,14:21:33,4247527.0,113,112,22,33.694198336283186,-117.77511932743366,Medium
RouteID_157500fd-a2f2-46be-91fb-60e1dd6ac102,DBO3,2018-08-13,11:42:19,4247527.0,134,133,30,42.37572904477612,-71.30777777611938,High
RouteID_1580568d-54e4-44e9-a44a-01ee2cc7c840,DLA7,2018-08-10,16:31:39,3313071.0,112,111,21,34.000457357142864,-117.81088177678566,Medium
RouteID_158192d2-e58c-4333-bb3c-81f8ca243d59,DCH4,2018-07-30,13:51:15,4247527.0,166,165,23,42.177138012048204,-87.89886540963857,Medium
RouteID_158a381b-2bb3-4b6c-b2ca-9c6d9667e078,DBO2,2018-08-15,13:45:00,4247527.0,132,131,15,42.283660189393935,-70.87791225000002,High
RouteID_159684b2-71bc-4a2d-ae49-7affac5dd9e5,DLA9,2018-08-13,15:28:27,3313071.0,177,176,32,33.73628097175141,-117.96903722598874,Medium
RouteID_1597a128-4d9f-4a1f-8d3a-1fe4b8f0e13b,DLA7,2018-07-20,14:56:21,3313071.0,161,160,19,33.844329701863344,-117.54923260248454,High
RouteID_159ce8a1-6f11-40e6-81da-5b5a0fe99803,DLA7,2018-08-12,14:24:07,3313071.0,171,170,32,33.802779690058486,-117.82887970175433,High
RouteID_15b2cf9a-514f-4e78-89a7-b61ce2551e87,DSE5,2018-07-21,14:30:00,4247527.0,76,75,10,47.246648092105254,-122.44743053947373,High
RouteID_15b68f6d-b3ee-457e-a32a-d08de4875fd1,DLA5,2018-08-08,16:04:19,3313071.0,184,183,21,33.874834902173916,-117.47948914673918,Medium
RouteID_15baae2d-bf07-4967-956a-173d4036613f,DCH4,2018-08-11,15:12:44,4247527.0,193,192,24,42.12628161139895,-88.03518170466326,Low
RouteID_2ba0bd20-1c35-4aae-aaf0-8947b75c6c11,DLA7,2018-08-05,14:37:50,3313071.0,169,168,28,33.790323502958586,-117.80788100591707,Low
RouteID_2ba4da65-464e-477d-81f6-a3faf8990dc8,DLA8,2018-07-26,15:06:38,3313071.0,91,90,22,34.01864542857143,-118.41128216483514,High
RouteID_2ba8ff9d-875d-4dbe-818a-06c08bb94b7c,DLA9,2018-07-24,14:33:52,3313071.0,130,129,22,33.59659989230771,-117.74390606923082,Low
RouteID_2bbd0cf1-ad8a-40f9-9788-a76efdedd1f9,DBO2,2018-08-10,13:43:09,3313071.0,147,146,23,42.18492964625852,-71.220189292517,Medium
RouteID_2bd115b0-2c47-40ed-b15b-d9483a5495c2,DCH3,2018-07-31,14:20:30,3313071.0,182,181,20,41.75235911538461,-88.26015221978024,High
RouteID_2bf09303-14e3-403c-bf4f-64ea3570d96e,DLA8,2018-07-24,16:21:23,3313071.0,131,130,21,33.99111225190841,-118.41076966412218,Medium
RouteID_2bfd25af-7671-45b4-8fb2-65fa89017231,DLA7,2018-08-14,15:14:58,3313071.0,161,160,23,34.13426601863355,-117.76097182608693,Medium
RouteID_2c02082d-e733-4bf3-a95e-10de3a3a7f66,DLA7,2018-08-03,14:41:16,3313071.0,157,156,25,33.848737471337586,-117.78535809554138,Medium
RouteID_2c07358d-f02c-4f19-a8f2-2cc79eb1ad65,DBO3,2018-07-28,12:16:58,3313071.0,173,172,29,42.309731202312136,-71.6355821849711,Medium
RouteID_2c07b5c7-d405-4d75-a17d-e4d770df9162,DCH3,2018-08-06,15:18:57,3313071.0,197,196,21,41.76277337055836,-88.12566239086291,Medium
RouteID_2c09da33-4d0f-41e3-aa69-e5710c41049d,DCH4,2018-08-01,15:33:02,4247527.0,163,162,20,42.11275034969324,-88.10113373006135,Medium
RouteID_2c0e5c10-da70-429f-ac34-2d2c0cb50d00,DSE5,2018-08-18,15:23:42,4247527.0,143,142,11,47.256681937062936,-122.502831083916,High
RouteID_2c320a42-0447-4527-a4da-3ad2708b4ea6,DSE5,2018-08-09,15:00:00,3313071.0,139,138,14,47.36460848920865,-122.04357787769789,Medium
RouteID_2c397a4c-e6c8-4de5-94a6-00b14e226453,DLA7,2018-07-26,14:29:43,3313071.0,173,172,26,33.939970115606926,-117.97854029479763,Medium
RouteID_2c635c41-a967-4fad-8a54-ba6bd2d62c30,DLA8,2018-07-21,16:27:45,3313071.0,171,170,15,33.786828415204674,-118.25826895321649,High
RouteID_2c6573f8-f9d7-4eea-8067-fb11af7e2a59,DBO3,2018-08-12,12:15:00,3313071.0,155,154,19,42.06001309677419,-71.53916614193551,Low
RouteID_2c67f016-f735-4e05-9015-af7d2e1e2c3d,DSE5,2018-08-10,14:38:53,4247527.0,169,168,12,47.20253093491125,-122.42242072189346,Medium
RouteID_2c6c62de-3009-430e-94a6-0c7ad201b04a,DLA7,2018-08-16,14:54:48,3313071.0,171,170,26,33.88053584210526,-117.7868430935673,Medium
RouteID_2c70d576-6300-4ab9-98b0-594f86ab7ab2,DCH4,2018-08-12,13:42:05,4247527.0,198,197,32,42.06565565656565,-87.8150266363637,Medium
RouteID_2c78cde7-ae14-4ead-ad71-b84b068d1a11,DCH1,2018-08-15,13:28:20,3313071.0,146,145,14,41.72876665753422,-87.57320534931503,Medium
RouteID_2c7e1ef3-df3c-4f9e-9091-855c844dde2c,DSE4,2018-08-26,15:50:35,4247527.0,89,88,26,47.67036048314606,-122.30648273033708,Medium
RouteID_2c8de355-2af1-429a-9713-4c8ef6684837,DSE5,2018-08-16,15:12:53,3313071.0,179,178,19,47.44510211173186,-122.12306069273737,High
RouteID_2ca5212a-40f2-49cb-bd9d-8550dcf26c20,DCH3,2018-08-12,15:30:00,3313071.0,179,178,24,41.75638139106145,-88.25342097206703,Low
RouteID_2cb17fc6-3c60-4389-b4ae-ad001b9c7242,DSE5,2018-08-19,13:58:42,4247527.0,194,193,19,47.239549556701014,-122.19734558247421,High
RouteID_2cbaef5c-d4c5-4493-af6a-ed0209a55f20,DLA4,2018-08-11,16:03:22,3313071.0,142,141,16,34.173451563380276,-118.51163857746481,High
RouteID_2cc3f873-b155-4998-948f-8497e33828ee,DLA9,2018-08-13,15:57:55,3313071.0,139,138,27,33.673230258992795,-118.00175607913668,High
RouteID_2cd36291-a3d5-41fc-acf7-5995443b3cd0,DSE5,2018-08-23,15:25:19,4247527.0,137,136,9,47.26792983941607,-122.52311070072992,Medium
RouteID_2cdf41a8-a470-4600-be20-8d57c25a3e8c,DLA7,2018-07-30,15:04:37,3313071.0,169,168,33,33.85186968639054,-117.73470094674553,High
RouteID_2ce76047-8ecf-4d44-b8b4-eca28cec123d,DSE5,2018-08-22,14:02:09,4247527.0,149,148,12,47.10907163087252,-122.30992210738259,Medium
RouteID_2cf6ae7c-4fff-4582-a6b9-be83e652e506,DLA7,2018-07-30,15:07:04,3313071.0,146,145,23,34.137907198630145,-117.86123268493151,High
RouteID_2d054b36-9862-4325-b6f3-149a198f9f05,DLA7,2018-07-30,16:40:02,3313071.0,178,177,27,33.97080637078651,-117.7547848146068,High
RouteID_2d0fbc6f-c0b7-4bb1-ae6e-27242292b446,DLA7,2018-07-21,16:00:00,3313071.0,144,143,20,34.136026430555546,-117.87463990972225,High
RouteID_2d1f539c-e6f3-4809-9d48-26c3fb4a7a96,DLA3,2018-08-11,16:01:44,3313071.0,55,54,13,34.058374672727275,-118.26259223636359,Medium
RouteID_2d321f08-1bd3-4575-a894-f2478d0b6182,DCH2,2018-08-12,14:08:01,3313071.0,114,113,23,41.96558162280702,-87.68592051754392,High
RouteID_2d382b0c-9d95-4c6b-a9a7-3c1e2a709e1c,DLA7,2018-08-13,15:43:12,3313071.0,172,171,24,33.85551960465117,-117.56618444186046,Medium
RouteID_2d3cc438-f473-40d1-a08c-c0a28a1491b9,DBO3,2018-08-07,11:30:00,4247527.0,127,126,23,42.3951314015748,-71.2237177559055,Medium
RouteID_2d4e54b0-866c-4adb-9639-a931e3252a4a,DLA7,2018-07-28,14:57:10,3313071.0,153,152,23,33.8627984248366,-117.54835690196073,High
RouteID_2d6c74e9-54fc-4ab6-958e-127542d6fb67,DCH2,2018-07-21,15:09:54,3313071.0,171,170,21,42.001692836257305,-87.83388325730996,High
RouteID_2d6c8044-549c-4075-916c-2e670b830206,DBO2,2018-07-30,13:45:00,3313071.0,134,133,30,42.347411141791035,-71.15286311940298,Medium
RouteID_2d75ab3e-d79e-4b93-8129-757a658994a5,DBO3,2018-08-14,12:31:05,4247527.0,146,145,22,42.07642087671232,-71.39366041095893,Medium
RouteID_2d7b2e87-282c-4695-abec-290e10432cda,DLA7,2018-08-09,14:24:26,3313071.0,154,153,19,33.83406237662338,-117.83613103896099,Medium
RouteID_2d7c9095-06f6-451e-97cd-2e9607a554e3,DBO2,2018-07-24,12:40:30,4247527.0,104,103,30,42.33221421153845,-71.14108027884618,Medium
RouteID_2d7e2067-9b7c-4d04-abb9-22a7981b0bd3,DLA9,2018-08-23,14:01:43,3313071.0,165,164,23,33.62564835757574,-117.65814936969697,Medium
RouteID_2d83827e-d6b9-44a8-a631-532e7cc52cbc,DSE5,2018-08-16,15:26:55,4247527.0,122,121,9,47.232844508196685,-122.41193120491799,Medium
RouteID_2d838f82-0651-4706-b9bd-7873a4c0c1a1,DCH1,2018-07-28,13:08:54,3313071.0,59,58,28,41.915874406779665,-87.63970794915254,High
RouteID_2d918f75-96a8-4c09-9937-c0a1704259e8,DLA3,2018-07-25,15:07:29,3313071.0,134,133,21,34.08776045522388,-118.26741282835822,High
RouteID_2d9ca2fc-5720-4cba-9997-c912b7c85c74,DLA9,2018-08-06,16:19:55,3313071.0,117,116,21,33.66196730769231,-117.99091395726494,High
RouteID_2da1bf4b-ea5f-4344-a7f0-ca4fd648ab07,DCH4,2018-08-09,15:31:09,4247527.0,184,183,24,42.13780169021741,-88.03237714673911,High
RouteID_2daf76cc-2b1a-4c42-86a0-e0b9ff042959,DLA4,2018-08-06,14:18:58,3313071.0,143,142,20,34.161569335664325,-118.39648380419578,High
RouteID_2db4b83b-9a89-4ef7-aad5-471714b0be0a,DCH4,2018-08-01,14:11:10,3313071.0,191,190,24,42.30635114136125,-87.92981731937174,Medium
RouteID_2dbd6a59-3032-4641-9a4a-0c8c07a299f1,DBO3,2018-08-14,11:51:37,4247527.0,128,127,18,42.00682834375,-71.13555306250002,High
RouteID_2dc58086-82fe-4e6e-b6df-589095b5ec45,DBO3,2018-08-14,12:15:00,4247527.0,143,142,28,42.406340433566434,-71.42434753146853,Medium
RouteID_2dccd298-97df-4933-a141-907fac6d2064,DLA7,2018-08-04,14:32:52,3313071.0,88,87,19,33.92308993181818,-117.95198612499998,High
RouteID_2ddf94c5-f531-48b6-9d65-d8cc514285b2,DSE4,2018-08-24,15:36:43,4247527.0,109,108,15,47.692512917431166,-122.30052976146787,High
RouteID_2de51771-29ad-4bbb-a025-0ed9a978ba31,DLA7,2018-07-26,15:42:04,3313071.0,159,158,23,34.151469138364796,-117.51155950314464,High
RouteID_2deeeb51-b72a-48c3-b3cf-59947943dc93,DAU1,2018-07-23,14:03:28,4247527.0,150,149,32,30.279466053333334,-97.82745249999999,High
RouteID_2df9cf2f-f3e8-45cb-93e9-ac12238b8d32,DSE5,2018-08-16,14:00:04,4247527.0,169,168,14,47.14706466272189,-122.26108518343199,Medium
RouteID_2e057b5a-a94f-4787-8655-7651fab0e5c3,DLA3,2018-08-12,14:55:09,3313071.0,135,134,14,34.00791353333333,-118.28863273333333,Medium
RouteID_2e0ff2a4-44c1-45d7-b510-cb07cc1cd73a,DLA3,2018-07-22,15:19:02,3313071.0,68,67,19,34.0677891764706,-118.31222702941176,High
RouteID_2e10823f-675f-4bd3-a405-91f8ec31f06b,DLA9,2018-07-24,15:57:03,3313071.0,121,120,22,33.607963892561976,-117.87977324793393,High
RouteID_2e20508f-b63e-4c16-8d61-c758ca3b296e,DSE5,2018-08-04,14:23:48,4247527.0,152,151,12,47.21849199342108,-122.35084005263157,High
RouteID_2e21249b-d9c7-48e6-9df5-2a21023add4f,DLA7,2018-07-26,16:00:00,3313071.0,104,103,23,33.880224625000004,-117.86805629807694,Medium
RouteID_2e38f649-d176-4c83-926c-b49f255db5f0,DSE5,2018-08-23,13:55:11,4247527.0,163,162,15,47.14758244171779,-122.26317739263804,Medium
RouteID_2e449b87-b983-4e15-a373-db3bd6dd9e84,DBO3,2018-08-13,12:19:04,4247527.0,176,175,19,42.11306807954543,-71.43362027840911,Medium
RouteID_2e4d1e86-a6d2-4e57-ad54-107a1e546fb7,DLA7,2018-08-10,15:02:05,3313071.0,154,153,23,33.88292303246753,-117.83642237012988,High
RouteID_2e5db3b7-b648-48d1-a5b1-82f7ed561297,DLA7,2018-08-15,15:03:57,3313071.0,139,138,24,33.924262762589926,-117.8482445611511,High
RouteID_2e7a1943-f40a-4fe8-8010-d65d1db15238,DBO2,2018-08-10,13:30:32,3313071.0,146,145,21,42.175118294520544,-71.19603306849314,Medium
RouteID_2e8f7b5f-d2fd-47df-b245-5a23ff2790a2,DLA5,2018-08-14,15:23:18,3313071.0,167,166,23,34.06822583233535,-117.15028461676651,Medium
RouteID_2e92a0c2-7c2e-47d3-aec7-217cbd2ca5cb,DSE4,2018-08-26,14:59:29,3313071.0,154,153,26,47.77714006493506,-122.21160688311683,Medium
RouteID_2e96cb20-82ad-4765-88c1-d410fc3fd49f,DBO1,2018-07-24,14:04:54,4247527.0,163,162,18,42.50972708588958,-71.0560956932515,Medium
RouteID_2e99e6e2-f0d3-48c4-a948-f4e3907a42a3,DSE5,2018-07-29,14:22:22,3313071.0,164,163,14,47.49309710365854,-122.3521778170731,Medium
RouteID_2ea18e1c-50f3-41e0-a054-101894fe52ae,DSE4,2018-08-01,16:00:05,4247527.0,124,123,14,47.6928418548387,-122.32074028225811,High
RouteID_2eaad366-c92c-4852-a4b5-0bb7919d61c9,DLA7,2018-08-02,16:00:00,3313071.0,130,129,18,34.11443075384615,-117.53431703076923,High
RouteID_2eb0bcbf-d7ec-4017-a2f2-d244f0e74f97,DSE4,2018-08-14,15:08:28,3313071.0,170,169,26,47.781420458823526,-122.17605977058825,High
RouteID_2ebf55a4-b6df-49fa-9343-384a8d3d872a,DBO3,2018-08-01,12:12:51,3313071.0,119,118,23,42.45323006722689,-71.376877302521,Medium
RouteID_2ec15096-7944-4ff4-8c0b-49364d415515,DCH4,2018-08-09,15:20:41,4247527.0,131,130,13,42.08949054961835,-88.2973596335878,Medium
RouteID_2ed48400-6ee3-48a7-855f-4a7c44390cf0,DLA9,2018-07-28,15:17:45,3313071.0,123,122,23,33.76949317886179,-118.11222554471537,High
RouteID_2ed85545-6d09-4efb-b07d-e964dc0c2ba8,DLA7,2018-08-10,16:00:00,3313071.0,141,140,22,34.02983614893617,-117.87587995744683,High
RouteID_2eec80b0-b2f1-46f1-a78e-8d5ef7b25aa2,DSE5,2018-08-23,15:08:37,3313071.0,203,202,14,47.40760192118228,-122.17377694581275,Medium
RouteID_2ef351d6-22cb-4f74-9bd4-f738dec082a9,DBO2,2018-08-06,13:28:11,3313071.0,160,159,19,42.25999716875001,-71.10458470625,Medium
RouteID_2ef536c3-69e5-4636-a791-2551a97a1b40,DBO3,2018-08-13,11:43:12,4247527.0,132,131,30,42.371294287878804,-71.25165315909095,High
RouteID_2f1377b9-b7f4-4c9f-acf9-4a48d3c06347,DLA9,2018-08-20,15:09:07,3313071.0,120,119,20,33.77026101666667,-118.11061500833337,High
RouteID_2f1b6df3-4dc3-47ff-be00-22256aada956,DLA7,2018-08-14,14:55:34,3313071.0,191,190,23,33.855821465968596,-117.57437408376963,Medium
RouteID_2f1dd7ec-c87a-4727-a351-558cf0789329,DLA7,2018-07-31,15:44:43,3313071.0,142,141,20,34.19196975352112,-117.3502802746479,High
RouteID_2f1f9949-9c16-4419-8263-4852e052b897,DLA9,2018-07-27,15:07:17,3313071.0,145,144,20,33.77663291034482,-117.84067844137924,High
RouteID_2f294cce-319c-40be-9a67-54cfa1a985a2,DLA5,2018-07-31,15:15:00,4247527.0,175,174,24,33.55002308571428,-117.16549431999998,Medium
RouteID_2f396aa4-7bfa-491d-add6-c3bb1d81b872,DCH4,2018-08-03,15:13:48,4247527.0,158,157,21,42.164459259493675,-88.06505389240502,Medium
RouteID_2f3cad2a-ddf1-4a3d-97ed-397ec19af444,DLA9,2018-08-26,13:45:59,3313071.0,126,125,21,33.5802609047619,-117.7059697222222,High
RouteID_2f41c2ed-29e6-4a3f-a021-4f4049ea594d,DCH3,2018-08-01,14:46:50,3313071.0,159,158,20,41.858339930817635,-88.11936118238992,Medium
RouteID_2f5a3ed8-00ad-4dd6-9bb0-808c993a1ec1,DCH4,2018-08-12,13:57:52,4247527.0,151,150,32,42.08509094701989,-88.04421427814569,Low
RouteID_2f63c0d4-b3cd-4748-ada4-b90cc963a76d,DLA7,2018-08-02,16:25:05,3313071.0,169,168,24,34.1285836153846,-117.66188426035511,Medium
RouteID_2f675fbf-8c49-4adb-8a4b-396fa21d1bce,DLA8,2018-07-20,16:14:44,3313071.0,130,129,23,34.051785023076945,-118.54085901538465,High
RouteID_2f743253-05fa-4a89-99b5-6d6a39b9e066,DLA7,2018-07-27,16:00:00,3313071.0,153,152,20,34.154178725490205,-117.58034767320267,High
RouteID_2f76393e-948c-4fd3-94d8-3b0179aca9a4,DLA8,2018-08-16,15:17:28,3313071.0,135,134,22,34.00673392592591,-118.40160167407407,High
RouteID_2f7867d1-33a7-45e3-a6d5-ff044cb2d1bb,DCH4,2018-07-24,14:10:40,3313071.0,193,192,22,42.22132730569949,-88.0959904559585,Medium
RouteID_2f88e172-2bcb-42e4-8a3f-b41e6b5f1b1f,DBO3,2018-08-13,13:08:03,3313071.0,155,154,23,42.22551448387096,-71.69107176129036,High
RouteID_2f8a849e-abec-4c4d-a197-df83e2826f04,DCH1,2018-07-27,14:17:31,3313071.0,173,172,15,41.782349745664746,-87.69317190751448,Medium
RouteID_2f9817b1-57c7-415d-ae23-d45febd826ea,DLA7,2018-07-28,15:45:21,3313071.0,162,161,23,34.11560835185185,-117.54505025308637,High
RouteID_2f9ea1a5-4b87-4a84-9c15-ac92ca79c38c,DLA7,2018-07-28,15:41:04,3313071.0,166,165,22,34.158777042168666,-117.3499777831325,Medium
RouteID_2fa2f181-0c19-444d-a36c-938b0462270a,DLA8,2018-07-20,16:25:52,3313071.0,122,121,22,34.044231770491805,-118.52282345081969,High
RouteID_2fa96a6c-f938-43d2-86ad-882dcf4ae353,DCH4,2018-08-09,15:24:20,4247527.0,159,158,21,42.185824981132086,-88.37193559119497,Medium
RouteID_2fac13dc-55f3-4a80-82a8-22418dcfa54c,DLA8,2018-08-05,15:15:33,3313071.0,140,139,27,34.04545413571429,-118.3916632928571,High
RouteID_2fb063a3-024f-4023-adc0-6cafbbdfd9ab,DLA7,2018-07-24,16:40:25,3313071.0,164,163,20,34.101755743902444,-117.75744835975607,High
RouteID_2fb6391e-e28e-4627-ad9d-e0f455b625c1,DLA4,2018-07-20,16:47:02,3313071.0,129,128,9,34.3005414496124,-118.45117687596903,Medium
RouteID_2fbce317-4620-4360-8e71-3a69e00d3823,DSE4,2018-08-11,16:00:00,4247527.0,99,98,31,47.663521747474725,-122.31971692929291,High
RouteID_2fcc1778-fb33-45c2-920f-c25fac0f30b9,DSE4,2018-07-25,15:11:29,3313071.0,187,186,29,47.725643235294136,-122.17556056149725,High
RouteID_2fda933d-e710-43c2-b6aa-e2eb14a01da0,DLA9,2018-07-21,14:34:05,4247527.0,144,143,25,33.65388943749999,-117.68839818055552,High
RouteID_2fde356d-abca-4be1-9b51-11fb91b79f39,DSE5,2018-08-12,14:56:23,4247527.0,114,113,12,47.21760070175437,-122.47668314035087,High
RouteID_2fe9a12f-7d94-4ffa-9f75-8306effe2337,DBO3,2018-08-04,12:15:00,4247527.0,173,172,27,42.271983485549136,-71.43172047976883,Medium
RouteID_2ff4adf9-2ed1-4191-9ffc-5166001c9600,DAU1,2018-08-05,12:44:53,4247527.0,108,107,32,30.313915925925922,-97.72072598148145,High
RouteID_3007fbad-e3e0-4c16-9f05-d710912b1560,DLA7,2018-08-03,15:34:30,3313071.0,157,156,26,33.89009500636946,-117.77155771337584,High
RouteID_3012483e-16c5-46e6-94f5-675a8a1e7f4e,DLA9,2018-07-22,15:15:24,3313071.0,137,136,18,33.76845625547445,-118.0127147226278,Medium
RouteID_301fedaa-aa55-45f8-b2f1-21a473f2e710,DSE5,2018-08-23,14:18:46,3313071.0,168,167,16,47.45782505952383,-122.35861464285708,Medium
RouteID_3022aacd-3a6d-4e33-9283-347ac7339063,DLA8,2018-08-04,17:06:00,3313071.0,126,125,21,33.82030612698415,-118.34428481746029,High
RouteID_30425aa3-2cb4-4e6c-afa8-0c67ee3f48cb,DLA3,2018-08-06,16:11:16,3313071.0,86,85,16,34.09330512790696,-118.30141934883717,High
RouteID_30470a2b-d091-4b99-ad1b-707e21867a35,DBO3,2018-07-28,11:24:49,4247527.0,172,171,22,41.937004610465124,-71.29604792441857,Low
RouteID_304f3ae0-a95a-4e6a-a9c8-ff32a6741b63,DSE4,2018-08-22,15:44:32,4247527.0,108,107,14,47.67410352777778,-122.2964549351852,High
RouteID_30525a61-6d54-411c-8719-091fb02378d6,DBO2,2018-08-17,14:10:46,3313071.0,137,136,25,42.34774750364965,-71.18752679562043,Medium
RouteID_30529dec-7015-44d8-ba1d-b6bd9cf24fc7,DLA8,2018-08-14,16:38:59,3313071.0,143,142,21,33.86155464335664,-118.0576289300699,Medium
RouteID_305e0b41-5d58-49ae-8ea2-1a46f4f0adfc,DLA9,2018-08-14,13:37:22,3313071.0,123,122,17,33.58155389430896,-117.70372313821146,High
RouteID_305fa157-0799-408b-a5a7-4694b3ba77cf,DSE4,2018-07-27,15:30:00,3313071.0,163,162,24,47.78738368098159,-122.26960157668717,High
RouteID_30665b13-bb8d-4b12-b97e-a67448928962,DLA7,2018-07-26,15:39:37,3313071.0,167,166,25,34.157155838323334,-117.47788155688617,High
RouteID_307217da-5466-4551-a6f5-cdca21610198,DLA8,2018-07-23,17:19:35,3313071.0,168,167,19,34.02550244047619,-118.34055257738089,Medium
RouteID_307b3b5d-2192-4c66-a2d7-398b68d1c63e,DSE4,2018-08-25,16:21:01,4247527.0,85,84,15,47.67989976470587,-122.31078572941175,Medium
RouteID_30921b43-8adf-4303-aa79-65d219a17317,DLA9,2018-08-25,14:24:07,4247527.0,151,150,21,33.64720484768213,-117.66844030463575,High
RouteID_3094a340-46f0-4d81-8284-05029e13cdc0,DCH3,2018-08-14,14:05:57,3313071.0,203,202,17,41.77639125123155,-88.35989507881766,Medium
RouteID_309863df-4d96-4cef-aab2-9ef5c80b32b1,DLA9,2018-08-14,14:10:54,3313071.0,140,139,20,33.59730419285715,-117.58469899285708,High
RouteID_3099fac8-b6f7-40cb-83c2-5354b85bc48d,DLA8,2018-07-21,16:27:37,3313071.0,134,133,18,33.764220895522385,-118.30706970895517,High
RouteID_30a280ce-93ac-4dc6-92a5-de843e0e5d8a,DLA7,2018-07-24,14:50:03,3313071.0,152,151,21,33.83867755921053,-117.76153106578946,Medium
RouteID_30ad3e01-dde1-4cf4-9b8d-c9825da3a2a2,DLA4,2018-08-16,16:59:28,3313071.0,182,181,15,34.28706934615382,-118.5040701868132,Medium
RouteID_30ba5aef-b213-4fc1-9a12-2203ac03fdfa,DCH2,2018-07-21,14:10:20,3313071.0,78,77,22,41.974977858974356,-87.68912347435892,High
RouteID_30caf8bd-0105-4ce5-b768-02fd5f1cf265,DLA7,2018-07-20,16:20:31,3313071.0,140,139,21,34.10371418571428,-117.61450569999995,Medium
RouteID_30d661ec-021c-4471-b4b6-6a145e3d5a8e,DLA9,2018-08-24,15:51:02,3313071.0,149,148,21,33.714346221476504,-117.98360359731547,Medium
RouteID_30da62e8-2411-4b93-a707-6f7e2ad804b3,DLA9,2018-08-04,15:17:09,3313071.0,173,172,25,33.778181069364145,-118.03779375144511,High
RouteID_30e05636-ae2c-44cc-bc73-b40592a5c72d,DSE4,2018-07-25,15:56:15,4247527.0,113,112,15,47.67156868141593,-122.26578673451324,High
RouteID_30e11739-4ac3-4428-8dba-25861ac6cbf5,DLA5,2018-08-03,14:48:44,3313071.0,193,192,21,34.10741694818654,-117.31531864248701,Medium
RouteID_30f34e98-a08b-4085-bb3a-5f291a78581c,DBO2,2018-08-09,13:45:00,4247527.0,167,166,23,42.2236513053892,-70.99533979041917,Medium
RouteID_30f7acd9-5253-4904-9ebf-baebfb119449,DCH4,2018-08-10,13:36:53,4247527.0,150,149,15,42.46032178,-87.82850394666664,High
RouteID_30fa467f-054c-4d9e-acd2-b7dd347fcd26,DBO2,2018-07-23,12:03:59,4247527.0,146,145,23,42.18969873972603,-70.93406858904113,Medium
RouteID_310b4adc-6c78-414a-9208-6c888aba3174,DAU1,2018-08-12,14:09:47,4247527.0,136,135,26,30.398689882352954,-97.9250438088235,Medium
RouteID_31108e50-7540-456b-9068-ec339bf15bee,DLA8,2018-08-09,17:22:15,3313071.0,93,92,16,33.83082345161289,-118.386437827957,Medium
RouteID_311220c3-73c7-4f6e-be3c-79eb138f862c,DBO3,2018-08-08,12:08:28,4247527.0,157,156,20,42.06241439490448,-71.30464031847134,Medium
RouteID_311f1462-3ad6-46ec-a49b-f1c774ea5d2b,DCH1,2018-08-04,13:13:31,3313071.0,109,108,25,41.88089473394494,-87.68003837614678,Medium
RouteID_311f41bd-7244-4c8f-a759-d62deeb6417c,DLA9,2018-08-13,15:57:15,3313071.0,117,116,22,33.71739854700855,-118.05403978632474,Medium
RouteID_3126ad22-48bd-4de4-83bc-b1e3bc6238d2,DLA4,2018-08-14,16:14:16,3313071.0,152,151,12,34.18992042763157,-118.51736134210527,High
RouteID_312a4874-8c6d-48ee-b3f9-2d1138d04bcf,DLA9,2018-07-23,14:32:16,3313071.0,165,164,27,33.74505327272729,-117.7715267454545,High
RouteID_312f9a06-70c3-413c-8658-ec121b053ca3,DSE5,2018-08-07,15:24:53,3313071.0,153,152,13,47.37801696732027,-122.09499458169932,High
RouteID_314d5f77-ac29-439b-b860-3b1b2614ff4e,DLA7,2018-07-30,14:34:21,3313071.0,162,161,29,33.853251419753114,-117.77518403703709,Medium
RouteID_314e91e1-bd37-40e5-b8a0-9ccf183e93ef,DBO3,2018-08-06,12:10:20,4247527.0,160,159,21,42.019031774999995,-71.12742205624996,Medium
RouteID_314f7668-a26f-4dfe-be1c-509e5c4e22d4,DCH2,2018-08-07,12:33:12,3313071.0,177,176,22,41.99990696045198,-87.84969067796614,High
RouteID_315651ac-bc80-4c50-99ac-25349bf3c5f9,DBO3,2018-08-13,13:06:35,3313071.0,166,165,23,42.13358700602412,-71.5244446144578,Medium
RouteID_315dbc18-78a9-403b-b157-b237d517fc9a,DLA4,2018-08-02,17:14:47,3313071.0,143,142,11,34.21193966433566,-118.40965150349648,Medium
RouteID_316e7e36-93a4-40a6-a98c-0f5077cd5aeb,DLA7,2018-08-07,16:00:00,3313071.0,172,171,20,34.1608254651163,-117.43445518604663,High
RouteID_316fbf0f-2632-4634-9c41-02ef77bff058,DSE5,2018-08-03,15:29:07,3313071.0,137,136,17,47.5461668467153,-122.00090200729923,High
RouteID_317a9c56-1b7d-4f57-8239-02e583f112ab,DCH1,2018-07-21,15:03:39,3313071.0,119,118,10,41.77869984873948,-87.60962530252101,Medium
RouteID_31903cb5-e21e-41a2-9232-b6462f1f9d23,DLA8,2018-08-05,17:18:40,3313071.0,91,90,25,33.84315942857142,-118.38752641758241,High
RouteID_3192e9cf-4b20-41d0-a178-4f06351e9284,DSE5,2018-07-30,14:50:51,4247527.0,137,136,8,47.19837062043794,-122.48547619708023,High
RouteID_319f8bdd-08a6-4298-bb14-191d5e3d5325,DLA9,2018-07-25,15:19:58,3313071.0,157,156,20,33.78357838216559,-117.95117524840768,Medium
RouteID_31bb816a-e5b6-4851-8292-0e9527f146b4,DBO3,2018-08-08,12:15:00,4247527.0,161,160,31,42.31095215527949,-71.31159250931677,Medium
RouteID_31bd5c21-dd83-4ade-95c8-9c4943e533a7,DCH4,2018-08-16,15:51:02,4247527.0,150,149,20,42.43702076666666,-88.04613466666669,Medium
RouteID_31bf59b3-3a2d-448f-bbae-af7aa0bb3350,DSE5,2018-08-25,15:52:10,4247527.0,139,138,7,47.20053796402879,-122.49634864028775,High
RouteID_31c13a3c-d0bd-41e5-9ab1-008943cba968,DBO3,2018-07-30,12:25:15,4247527.0,175,174,32,42.31306233714285,-71.29081701714287,Medium
RouteID_31c25440-74f2-4cee-8732-d9b884d24c37,DLA7,2018-08-15,14:12:40,3313071.0,181,180,26,33.94257060773481,-118.00974012707185,High
RouteID_31c4bca9-5a1d-434a-aece-086de0f2699d,DSE4,2018-07-29,15:44:08,4247527.0,107,106,20,47.686449971962595,-122.32237194392525,High
RouteID_31c66eff-109f-4796-b568-0407ef20198e,DLA9,2018-08-05,15:45:37,3313071.0,140,139,31,33.62477164999998,-117.94028825714285,High
RouteID_31c7d29b-3ee4-4394-8638-0ec8c898408d,DSE5,2018-08-16,15:06:43,3313071.0,180,179,13,47.39700821666664,-122.17057420555565,Medium
RouteID_31c9c3eb-1636-445f-9e4d-59d0b1af6d53,DBO3,2018-08-16,12:25:36,4247527.0,169,168,25,42.24004070414202,-71.438888852071,High
RouteID_31c9e02e-c92d-43eb-9190-f42221d9a2f3,DLA3,2018-07-26,15:09:01,3313071.0,53,52,14,34.0981363018868,-118.36571147169808,High
RouteID_31e2e625-6575-4bc9-996d-316d751324c8,DLA9,2018-08-08,15:14:41,3313071.0,153,152,19,33.84490435294117,-117.99115365359488,High
RouteID_31e2e8f4-23b4-40c9-898a-2e5e9afddb55,DBO1,2018-08-05,13:30:00,4247527.0,61,60,17,42.349223885245905,-71.0712122786885,High
RouteID_31e81d17-2ba0-4b6b-a56e-507f3a27e414,DBO3,2018-07-27,13:07:54,4247527.0,177,176,26,42.25382592655368,-71.35790425423728,Medium
RouteID_31ec52f9-845b-46a9-87df-d121596edd54,DLA7,2018-08-17,16:29:14,3313071.0,125,124,21,34.08583668000001,-117.70985833600004,High
RouteID_31f25f06-9e3c-4ca3-b788-8809877e7c2e,DSE4,2018-08-07,14:56:17,3313071.0,164,163,27,47.73897615243902,-122.20054985365854,Medium
RouteID_32082435-c4cc-446f-9430-9d46e42f40ab,DCH3,2018-07-31,15:30:00,3313071.0,180,179,18,41.69854127222222,-88.09625468888888,Medium
RouteID_3215c3f1-0119-4cbc-ae59-11c68e96d21b,DLA9,2018-08-22,15:40:43,3313071.0,120,119,19,33.66275290000002,-117.90884878333331,Medium
RouteID_3217c114-0f45-4b25-a954-9f5d4733f1c4,DLA3,2018-08-04,15:30:00,3313071.0,102,101,19,34.13022207843139,-118.34891730392161,Medium
RouteID_321932f3-0d27-44bc-8bc0-26989e95b363,DBO3,2018-08-04,12:15:00,3313071.0,190,189,24,42.387015657894715,-71.51618788947368,Medium
RouteID_321d7c0c-dcac-4fb2-aae2-7d83706b5bdc,DLA7,2018-08-05,14:30:22,3313071.0,132,131,24,33.92571335606061,-117.88770750000003,Medium
RouteID_32312e61-aafb-40c0-9ffd-b90c202da598,DLA9,2018-07-26,16:00:00,3313071.0,189,188,22,33.794440063492054,-117.95658837566143,Medium
RouteID_3233760e-5732-450b-b77e-f227732a52ea,DSE4,2018-08-11,16:00:00,4247527.0,116,115,14,47.68283637931032,-122.29679467241387,High
RouteID_323dd1dc-2e5f-47b6-8de8-eecd0e227994,DBO2,2018-08-11,11:25:56,4247527.0,166,165,30,42.22073014457833,-70.92372734939758,Medium
RouteID_323f0547-d988-4c67-818d-594bb38c8200,DLA3,2018-07-30,16:37:14,3313071.0,142,141,13,33.95265830985916,-118.21056654929578,Medium
RouteID_324a9f8b-7e0d-4715-b476-23bfdc84f827,DCH4,2018-07-23,14:13:09,4247527.0,143,142,13,42.49025610489511,-88.12684947552442,High
RouteID_3250f0cc-cffb-4adb-9995-e4fce1797ac6,DBO1,2018-07-24,12:45:00,4247527.0,111,110,16,42.38253179279279,-71.07229529729726,High
RouteID_32560369-e517-4c2e-9aa0-046417dab413,DLA8,2018-07-21,16:38:39,3313071.0,115,114,22,33.99710968695653,-118.44037580000003,High
RouteID_325848f4-4a72-4af8-9205-2562d79d6086,DLA7,2018-07-20,16:02:55,3313071.0,160,159,22,33.95903309999999,-117.56136408750008,High
RouteID_326305b6-2e50-43b8-8c30-694c6f266c6c,DCH1,2018-07-28,13:49:53,3313071.0,167,166,15,41.87544627544908,-87.8512810239521,Medium
RouteID_326b5d14-cc43-44a1-8a92-1ee9943f0c07,DLA9,2018-08-11,15:52:32,3313071.0,122,121,20,33.71889588524593,-118.05127890983606,High
RouteID_326fd190-c150-4d29-90d6-fe3835a1c03b,DSE5,2018-08-24,14:00:00,4247527.0,173,172,14,47.147015011560704,-122.26107889017342,High
RouteID_3271dd04-e485-401f-a084-f2db88b36fd3,DBO3,2018-08-17,11:59:52,4247527.0,138,137,19,42.00363831159421,-71.14402189130435,High
RouteID_3276a7be-ab42-4e75-aeb9-b411c402297f,DLA4,2018-08-08,14:57:39,3313071.0,142,141,12,34.17893598591551,-118.40583964084503,High
RouteID_3277046b-c5a2-424b-96c1-fad88faea64e,DLA7,2018-07-21,15:44:25,3313071.0,150,149,18,34.176512700000025,-117.30640582000002,Medium
RouteID_3299cac7-b4a7-4ea6-8c0d-3ba4b63eedfd,DLA8,2018-07-29,17:12:50,3313071.0,156,155,22,34.048807128205105,-118.33514380769233,High
RouteID_32a8b599-90ab-4f07-af83-9ae9c4bc65d4,DLA7,2018-08-09,14:20:24,3313071.0,126,125,18,33.832605888888885,-117.89832122222221,Medium
RouteID_32b0c699-8410-4a25-8912-77e4f86b67fb,DBO3,2018-08-09,12:15:00,4247527.0,131,130,28,42.29935370992367,-71.29554056488551,Medium
RouteID_32b617fa-11d1-4b08-a0ee-5271d30895f7,DAU1,2018-08-08,14:19:11,4247527.0,171,170,25,30.213321795321633,-97.80671654970763,High
RouteID_32ba20d1-3045-4bd5-b1b6-1acaa44be26e,DBO3,2018-08-09,11:31:33,4247527.0,124,123,23,42.399302637096795,-71.24165281451616,High
RouteID_32c3876c-a448-40b4-ab56-20ca60e41790,DCH3,2018-08-17,14:51:19,4247527.0,206,205,23,41.738088266990296,-88.10828879611651,Medium
RouteID_32c9a146-86a7-4979-b6c2-c137e22fc9a7,DLA3,2018-08-03,16:01:21,3313071.0,71,70,19,34.085590112676066,-118.34907267605635,High
RouteID_32d72c09-4a44-4ee8-9b2d-acea3833db8b,DBO3,2018-07-22,11:42:58,4247527.0,164,163,22,42.45444266463415,-71.24379802439022,Medium
RouteID_32f76ed9-c12a-4328-9126-110611423397,DBO3,2018-08-10,13:00:17,3313071.0,160,159,26,42.25651197499998,-71.60557665000002,Medium
RouteID_33047154-1022-4bfe-8deb-bf19f5ceafea,DLA7,2018-08-03,16:37:34,3313071.0,161,160,19,34.13783894409939,-117.55544591304351,High
RouteID_330a58b2-7648-466f-8908-ba3f1f7b7708,DLA9,2018-07-21,16:13:57,3313071.0,117,116,18,33.666835059829054,-117.8846332051282,Medium
RouteID_330e401e-12a0-44af-bab1-94db21eaf946,DCH3,2018-07-27,13:43:26,3313071.0,178,177,15,41.6366430449438,-88.11951057303371,Medium
RouteID_330f0752-794c-4f53-81d2-a2a464e393a6,DCH4,2018-07-24,14:04:48,3313071.0,168,167,18,42.1454602202381,-87.9372308392857,Medium
RouteID_3311502c-0d0a-4ae7-becf-f71dd6b2a390,DCH4,2018-08-17,14:00:56,4247527.0,135,134,21,42.058267385185204,-88.09642245925927,High
RouteID_3317bf52-6be2-4663-807f-aff284f91207,DLA9,2018-07-21,15:39:56,3313071.0,132,131,18,33.69572704545455,-117.9017667121212,Medium
RouteID_332f057b-2034-42d0-aaaf-d2c7667e6be0,DCH3,2018-07-24,14:21:46,3313071.0,199,198,21,41.82358195979897,-88.22446379899503,Medium
RouteID_332f33d1-7d73-413b-8be3-a90bb7440865,DBO2,2018-07-21,13:45:00,3313071.0,78,77,25,42.35129133333336,-71.13447529487182,High
RouteID_33301fa4-7fc2-49be-9e93-b99b1cb07ae3,DLA8,2018-07-31,15:26:10,3313071.0,147,146,23,34.03959804081633,-118.4157144965986,High
RouteID_333363d3-7f54-4bf8-839d-7d11a4f803a5,DLA9,2018-08-13,16:09:01,3313071.0,176,175,34,33.68413250000001,-117.80367855681813,Medium
RouteID_333da0a1-00da-4a38-8bc8-0887b764497a,DAU1,2018-07-31,15:30:00,4247527.0,172,171,33,30.16145587209302,-97.83519624418606,Medium
RouteID_333dbf90-d6f6-43da-b8fa-d7da4449f597,DBO3,2018-07-31,12:57:03,4247527.0,144,143,28,42.31348999305557,-71.39881343055555,Medium
RouteID_333f4358-d0de-4651-accf-82ab23e49577,DSE5,2018-08-01,14:38:44,4247527.0,128,127,10,47.259410343750005,-122.46118321093755,Medium
RouteID_33400281-e8fc-439e-b550-045ecb5d5d60,DSE4,2018-07-31,14:48:05,3313071.0,141,140,26,47.69522934751777,-122.17284707092195,High
RouteID_3360a020-8666-4eda-8748-0d6b64d33f9f,DLA7,2018-08-16,14:56:11,3313071.0,121,120,18,34.02929534710745,-117.80530516528918,High
RouteID_3371790e-acf0-44d7-9291-787cb67b499f,DBO3,2018-08-06,12:07:10,4247527.0,188,187,30,42.15694477127659,-71.33079678723406,High
RouteID_3376dca0-7185-40e6-a71c-f809addd38df,DBO1,2018-08-07,11:35:56,3313071.0,94,93,9,42.36838021276595,-71.0362944148936,Medium
RouteID_3383825c-e42c-42cb-b4fb-9c992d79e3d7,DLA7,2018-07-22,16:00:00,3313071.0,166,165,20,34.15365117469878,-117.5757192891566,High
RouteID_3387fe16-d804-4b28-b0ab-ee43f9cfcc84,DLA9,2018-07-23,15:19:53,3313071.0,149,148,24,33.7483100738255,-117.95142390604029,Medium
RouteID_338b12bd-11b2-4ee0-8b53-f34d617fa763,DBO1,2018-07-20,11:45:16,3313071.0,151,150,9,42.426642940397365,-71.03951091390726,Medium
RouteID_338c2b44-fc6f-486b-b4d9-56e879eb6889,DAU1,2018-07-29,13:36:25,4247527.0,160,159,33,30.214462868749997,-97.78921780000002,Medium
RouteID_33a1c91d-4019-425c-9b45-149105e729bb,DBO2,2018-08-09,13:00:24,3313071.0,134,133,23,42.25057630597018,-71.0352962089552,Medium
RouteID_33a2375f-02cc-4bd3-bf8a-5463c1bcee16,DCH2,2018-07-28,12:32:38,3313071.0,181,180,19,41.945595066298345,-87.80601557458564,High
RouteID_33a3fbff-c3ec-4b4e-9a37-04c24429f94e,DSE4,2018-08-02,15:15:14,3313071.0,177,176,31,47.72919622033898,-122.21408392090392,Medium
RouteID_33bac1d8-1edc-4f1e-b3ef-b6f251626265,DLA9,2018-08-17,13:44:30,3114853.25,122,121,22,33.5607226147541,-117.79418325409836,High
RouteID_33d66e4c-af00-44f0-989f-546ae920b0b4,DLA9,2018-07-23,14:34:24,4247527.0,151,150,23,33.649675854304654,-117.69853952980137,High
RouteID_33d94686-0453-4bd2-b407-44ad23c1a56c,DLA7,2018-08-02,14:37:03,3313071.0,133,132,23,33.87447100000002,-117.89211623308269,Medium
RouteID_33db7d10-0d09-466d-8365-ed2c62a9d863,DBO3,2018-08-06,12:15:00,4247527.0,169,168,25,42.27716374556213,-71.43779934911242,Medium
RouteID_33dcdca7-603d-4ff7-b9b3-200fdfef531d,DLA7,2018-07-22,14:26:14,3313071.0,166,165,22,33.90362008433736,-118.00156405421687,Medium
RouteID_33e2d94d-92fc-47f8-aead-efd2b846e5bb,DAU1,2018-08-07,13:57:20,4247527.0,149,148,30,30.317366825503356,-97.8751702818792,High
RouteID_33f6b1ca-dd82-49ea-be33-f9cc52e13cdf,DBO3,2018-08-09,12:15:00,4247527.0,172,171,21,42.19169486627907,-71.42686101162795,Medium
RouteID_33fb2476-0e86-47f0-ad91-0a29a9c90ca7,DLA7,2018-07-22,16:30:45,3313071.0,164,163,24,34.0339109695122,-117.85494924999995,Medium
RouteID_33fcd9ae-5f40-41be-a82c-a24f8cf3ea46,DLA7,2018-08-10,16:31:25,3313071.0,174,173,23,33.99130079310345,-117.8501723850575,High
RouteID_3420e082-f7fb-4332-96cf-7e2a28055d85,DLA8,2018-08-13,16:23:37,3313071.0,133,132,25,34.01134424060151,-118.4328304586466,Medium
RouteID_34261e1b-03b5-4ac0-81b1-bee1e06c035d,DSE4,2018-08-22,15:30:21,4247527.0,140,139,21,47.78806595714284,-122.25472541428579,High
RouteID_342ad625-18a5-4c26-9af4-c68ee6822154,DCH1,2018-08-10,14:31:32,3313071.0,87,86,21,41.918879735632174,-87.70992345977008,High
RouteID_342bf23d-4ba3-457e-b31f-e8fc3b31d62a,DLA7,2018-07-28,16:29:26,3313071.0,147,146,24,34.00347170068029,-117.73279346938776,Medium
RouteID_344d8f76-88ff-4abc-a94b-2a96a4248750,DLA7,2018-08-16,14:59:14,3313071.0,189,188,23,33.85516487830688,-117.57902713227521,High
RouteID_34601628-49e6-4c9e-92a5-a06ffe301e7f,DLA7,2018-07-23,16:00:00,3313071.0,190,189,25,34.12844167368419,-117.66317394210533,Medium
RouteID_34628b01-eb42-4008-a0b5-9e91d7261485,DAU1,2018-07-31,15:30:00,4247527.0,138,137,25,30.20645231884057,-97.98031521014495,Medium
RouteID_34693cf9-97fe-4ce5-8fae-ed8e5c36c9cd,DLA5,2018-07-25,15:19:14,3313071.0,138,137,19,34.054691681159426,-117.02047284782608,Medium
RouteID_346c3d8c-2953-44cd-8439-560df8f23ddf,DCH2,2018-08-05,12:37:17,3313071.0,192,191,19,41.91053662500002,-87.87768121354166,Medium
RouteID_34755acf-846d-4304-855c-013b9eaa55c7,DLA7,2018-08-12,16:00:00,3313071.0,138,137,18,34.11177520289857,-117.5153115434783,Medium
RouteID_3484a110-b82b-4c64-b13a-14cae99d5a4f,DCH3,2018-08-12,15:30:00,3313071.0,138,137,21,41.72993912318837,-87.90774634057972,High
RouteID_348fe936-86d1-4daf-a3cb-c3265648459c,DLA7,2018-08-17,16:00:00,3313071.0,152,151,22,34.15249910526313,-117.47928033552635,High
RouteID_349e8635-ffe5-4116-96d5-186412e5a693,DCH3,2018-08-16,15:30:00,4247527.0,204,203,21,42.014301240196055,-88.12412422058827,Medium
RouteID_349fe1a3-b174-415c-bf90-d3218c0afc30,DSE4,2018-08-04,14:48:57,4247527.0,106,105,23,47.66754990566039,-122.32409209433958,High
RouteID_34ae8029-be7e-482e-9c6a-a62dd8841ae3,DLA5,2018-08-08,14:30:03,3313071.0,152,151,24,34.044664776315805,-117.17343282236838,High
RouteID_34aed0fd-3b51-4a7c-8456-797a2435e565,DCH3,2018-08-13,15:30:00,3313071.0,189,188,24,41.83144677777778,-88.12421006878304,Medium
RouteID_34c16599-a881-40fa-839b-b1b458692ea1,DSE5,2018-08-24,15:03:40,3313071.0,170,169,14,47.42912255882353,-122.16883067058822,Medium
RouteID_34c6f9ec-7801-4c31-a828-badcf539b5a3,DSE5,2018-07-26,15:20:06,3313071.0,153,152,16,47.35611881045752,-122.02283274509806,Medium
RouteID_34cdfe7f-f54b-451e-a25e-0a5544f2db41,DBO2,2018-08-14,13:42:50,4247527.0,160,159,38,42.29539993749999,-71.23696159375,High
RouteID_34e9da38-304c-4a9e-96ba-ecdce2ff9982,DBO1,2018-08-16,11:40:06,4247527.0,200,199,19,42.45072605999998,-71.06422303999994,Medium
RouteID_35117cdf-a2f0-4d16-8b7f-fb3aaa715803,DLA7,2018-08-17,14:18:27,3313071.0,162,161,24,33.89888277777778,-117.99078114197533,Medium
RouteID_35149220-f0ed-42e9-a243-f573e8bcd6ea,DLA9,2018-07-24,15:43:34,3313071.0,134,133,24,33.748600776119396,-118.09713829104483,High
RouteID_35222ae6-1540-4b5c-ae35-20e9db557acd,DSE5,2018-08-24,14:02:06,4247527.0,159,158,14,47.29018264779872,-122.28494016981126,High
RouteID_3522376f-811e-4fb2-997d-8827aeb84950,DSE2,2018-07-21,14:00:22,3313071.0,141,140,16,47.557227191489346,-122.30082760283692,High
RouteID_3529f17c-d59a-449c-ab60-d2a4b760c688,DCH3,2018-07-25,14:28:55,3313071.0,193,192,18,41.8867131450777,-88.13909397927463,Medium
RouteID_3532695f-e73c-4fd1-9e4a-39eb8a33d2a9,DLA7,2018-08-16,15:47:20,3313071.0,174,173,24,33.9530831091954,-117.69756062068971,High
RouteID_353863a5-53c6-4bd7-922a-dcebe40d5a2d,DBO3,2018-07-22,11:30:28,4247527.0,182,181,22,41.959060038461566,-71.22267242307694,Medium
RouteID_353ef551-db8d-4204-acb6-a25ce10f68db,DLA7,2018-08-07,16:36:22,3313071.0,156,155,18,34.10852682692308,-117.6557510128205,Medium
RouteID_353fc935-5d8e-4d12-be06-0b4c8e698618,DAU1,2018-08-16,15:08:06,4247527.0,187,186,37,30.347138695187148,-97.91102928342245,Medium
RouteID_35413d3d-9eac-4a9c-beb7-2ccc324ebf8d,DLA9,2018-07-29,14:30:41,4247527.0,150,149,25,33.67362861333335,-117.63152328000007,High
RouteID_3542d89e-6824-451d-943d-4a6e924c2dad,DCH3,2018-08-03,13:36:39,3313071.0,174,173,16,41.645977764367785,-88.24300605172414,High
RouteID_354b50cb-d204-4e21-b723-1e561903eae3,DCH3,2018-07-27,14:58:57,3313071.0,189,188,21,41.74887021164021,-88.15054314814813,Medium
RouteID_354c6325-aede-4546-90e4-867a3f17c0ae,DLA9,2018-07-21,15:24:55,3313071.0,174,173,18,33.8242215229885,-117.95015329885055,High
RouteID_354f3496-f3b2-432d-8a42-650f431fe9e8,DLA3,2018-08-11,17:10:08,3313071.0,152,151,16,33.93914379605263,-118.1469959407894,Medium
RouteID_3552afd7-508a-4c67-992b-7716e297c97d,DLA7,2018-08-07,14:19:25,3313071.0,124,123,23,33.926643209677415,-117.91889537903221,High
RouteID_3555b18c-dd74-4aae-bde3-caff4ebf67d2,DCH2,2018-07-28,12:26:09,3313071.0,175,174,18,41.94342389714283,-87.78206220571428,Medium
RouteID_35624ed6-dcd6-4442-b251-2e91b32e78d4,DCH3,2018-08-05,12:55:41,4247527.0,192,191,22,41.973362562500014,-88.07845841666669,Low
RouteID_35648cd4-4a82-440a-8183-70da74410ddf,DLA9,2018-08-26,15:55:56,3313071.0,143,142,25,33.71494784615385,-118.04184308391609,High
RouteID_3567e694-8715-4064-86eb-042254a67a7f,DLA9,2018-07-20,15:40:40,3313071.0,156,155,21,33.73037853205129,-117.96794702564101,High
RouteID_356d77ad-db48-493b-a0f5-bd5e16102309,DLA9,2018-08-01,14:29:22,4247527.0,181,180,21,33.62586658563535,-117.65895056353581,High
RouteID_3583940a-3b68-44e6-8f61-e39a6679d871,DLA8,2018-07-26,17:55:59,3313071.0,112,111,20,33.862410866071414,-118.39763072321432,High
RouteID_358efc40-ca41-40c8-bf20-323366d00573,DLA7,2018-07-31,14:36:37,3313071.0,142,141,22,33.929419464788715,-117.89542509859156,High
RouteID_35a060f6-881c-4fc1-bb06-a951e244eb27,DLA4,2018-08-15,15:06:59,3313071.0,187,186,16,34.20698212834222,-118.64909406417108,Medium
RouteID_35bb95c3-ed69-4965-bc4e-774e06dea554,DLA7,2018-08-02,14:31:12,3313071.0,155,154,24,33.82495821290321,-117.80958662580646,Medium
RouteID_35eff35c-d33b-41b4-81f2-f0dc9c0bd44d,DLA7,2018-07-27,15:07:04,3313071.0,172,171,23,34.12381548255814,-117.75464952906978,High
RouteID_35f1944d-8af8-4a2c-9fb6-5446d405be39,DLA4,2018-07-26,13:48:05,3313071.0,131,130,11,34.180003893129765,-118.38131030534352,Medium
RouteID_35f217ab-dcf3-424f-8ea6-730fa74ac8b5,DLA4,2018-07-20,16:54:09,3313071.0,146,145,13,34.246101897260274,-118.54586868493153,High
RouteID_35fff3e3-0ab3-4c5e-b3cf-586e01b02500,DCH3,2018-07-29,13:02:06,4247527.0,199,198,21,42.00944429648241,-88.09213478894479,Medium
RouteID_3601a45c-9eed-400b-801a-535f496a98f2,DLA3,2018-07-22,15:15:35,3313071.0,91,90,16,34.04484667032967,-118.29879147252747,Medium
RouteID_36038c4f-c92c-424e-90dc-18f4fa41a286,DLA7,2018-08-14,16:30:43,3313071.0,170,169,25,33.99752138235294,-117.85031451176474,Medium
RouteID_360a34bb-36b1-437f-90ff-7cd9da1518c7,DLA4,2018-07-25,13:57:51,3313071.0,106,105,14,34.136286075471695,-118.37510583018866,High
RouteID_360d26f8-3f07-49d0-956d-cd73f36ba865,DLA4,2018-07-20,13:58:45,3313071.0,84,83,16,34.146923261904774,-118.39766975000005,High
RouteID_36124571-ec4d-44ea-be46-1091b6abea2e,DSE4,2018-08-09,14:47:41,3313071.0,161,160,24,47.78118367701866,-122.17687799378882,High
RouteID_3622549d-1e92-4bca-904d-f95b229dc1ae,DLA8,2018-07-25,16:42:54,3313071.0,147,146,17,33.7611035170068,-118.38672821088436,High
RouteID_36265efa-86e1-47a8-9968-5ef0bf9adc83,DCH4,2018-07-30,15:54:46,4247527.0,146,145,23,42.18288862328767,-88.28469784931508,High
RouteID_363306e9-cc27-4d14-996e-4a674ef0523a,DBO3,2018-08-17,12:38:24,4247527.0,114,113,13,42.508369991228086,-71.55552403508771,High
RouteID_363d1622-7e89-4b51-bd6f-1bb76ff82c86,DLA4,2018-07-29,15:33:40,3313071.0,151,150,13,34.1831443576159,-118.61368517880796,High
RouteID_363f8a31-7d39-410a-82c3-fb522bcb5eaa,DAU1,2018-07-22,15:30:00,4247527.0,187,186,32,30.216953203208554,-97.87997459358283,High
RouteID_3656f15e-02da-4baa-b91f-114d3d4109f9,DLA7,2018-08-01,16:00:24,3313071.0,173,172,24,33.9390764450867,-117.67659511560697,Medium
RouteID_365dcd65-1bcd-4089-a25f-5d63767c66a8,DAU1,2018-08-12,15:50:22,4247527.0,160,159,37,30.43406976249998,-97.83312179375,High
RouteID_366e024d-fbc2-4136-94b0-489dfd8ba957,DAU1,2018-08-02,14:18:56,4247527.0,94,93,27,30.255183989361704,-97.75836137234043,High
RouteID_3682b9b4-e73c-4ca1-b8f7-50d1031e1657,DLA7,2018-08-12,16:00:00,3313071.0,166,165,27,34.12013858433736,-117.75669420481927,Medium
RouteID_3692219a-8c6d-4c2b-b91b-98437af464a6,DLA5,2018-07-25,15:03:04,3313071.0,195,194,19,34.14808812820513,-117.2962712410256,Medium
RouteID_36990f8e-c4a9-4b80-8bce-6d45915fb0bc,DSE5,2018-08-15,15:00:38,3313071.0,155,154,13,47.39691414193547,-122.19277045161289,Medium
RouteID_369bde7e-abfa-45a9-8de0-31a2cabf834a,DLA9,2018-08-20,14:29:25,3313071.0,131,130,26,33.65360423664123,-117.68081035877866,High
RouteID_36a3755c-b49f-450d-b640-17321abcc8b0,DLA9,2018-07-28,13:44:10,3313071.0,118,117,26,33.55651039830509,-117.64293372033897,Medium
RouteID_36b9486e-aed8-4b0e-927a-304a83506d5f,DLA7,2018-08-02,15:05:06,3313071.0,148,147,22,34.13754547297297,-117.83829053378378,Medium
RouteID_36c686bf-0c99-483f-90d7-d3fd17f30640,DLA9,2018-08-11,13:41:10,4247527.0,130,129,23,33.55171343076923,-117.6795035538462,High
RouteID_36cac0e5-8285-48a4-b67c-1f577c904d5c,DCH1,2018-08-11,13:58:00,3313071.0,162,161,25,41.823571413580225,-87.6458187098766,Medium
RouteID_36cb762d-6c25-4e74-aab4-c6508ed80bdc,DLA9,2018-08-02,14:24:08,3313071.0,103,102,17,33.77006443689321,-117.86064860194182,Medium
RouteID_36cc3e07-cc8e-432b-9f63-85d0bc23ac79,DLA7,2018-07-21,15:03:38,3313071.0,148,147,20,33.91150427702703,-117.8493576689189,High
RouteID_36d6879d-69ff-4348-8ebc-25f159ec34f7,DLA7,2018-07-27,16:23:24,3313071.0,170,169,24,33.890093370588225,-117.77173193529411,Medium
RouteID_36e2ac14-d135-4292-8095-c25ec5a7d54a,DLA7,2018-08-08,14:39:51,3313071.0,148,147,19,33.82413860135133,-117.82217539189192,High
RouteID_36eda224-e7d0-4b30-826c-f761429e58dc,DLA3,2018-07-27,16:00:02,3313071.0,114,113,26,34.10848373684211,-118.27517540350878,High
RouteID_36f4b35b-f165-4fb2-a4a6-4e43cfad1909,DBO3,2018-07-22,12:18:28,4247527.0,172,171,19,42.12746249999998,-71.17014078488373,Medium
RouteID_3705a456-1cd9-49de-9651-bed8bf6ae7e9,DCH4,2018-08-10,15:24:42,4247527.0,119,118,18,42.04327338655464,-87.87197570588233,High
RouteID_370b3eaa-5942-4b64-8aea-1c630189986c,DSE5,2018-08-07,14:22:51,4247527.0,151,150,12,47.296743695364235,-122.40727460264901,Medium
RouteID_3714d587-d1ae-45a3-9020-b33b790b0324,DSE5,2018-08-26,15:22:09,4247527.0,167,166,13,47.20263620359282,-122.43381467065872,High
RouteID_37261e18-f9bd-4ad1-a70b-1995be3ef874,DLA7,2018-08-08,16:00:00,3313071.0,140,139,19,34.146354335714285,-117.45569441428572,Medium
RouteID_373a7b8c-eefc-4a34-9eb3-24db255ebcc2,DLA8,2018-07-20,16:31:10,3313071.0,110,109,20,34.03905206363636,-118.51901969090909,Medium
RouteID_3741a01f-2e2a-4f3c-8c26-120063f378fb,DLA7,2018-07-20,16:00:00,3313071.0,134,133,18,34.17564605223881,-117.30714811194032,Medium
RouteID_375d70c7-00ba-45bc-968b-a9b565a1cfd7,DCH4,2018-07-24,14:11:42,3313071.0,168,167,16,42.09730636904762,-88.31128973809521,Medium
RouteID_37616121-eed8-432f-bea5-da4355844ad5,DSE4,2018-08-22,15:02:53,3313071.0,149,148,25,47.85685622147652,-122.23962263087245,Medium
RouteID_37776116-c874-4e10-98b8-8bc5c7b13bcb,DLA4,2018-07-19,15:07:41,3313071.0,153,152,13,34.1804732745098,-118.79910462745092,Medium
RouteID_3785c6b6-cf11-4c01-8499-497fc3e59bb3,DSE5,2018-08-08,15:06:35,3313071.0,128,127,7,47.58898650781247,-122.06564261718752,Medium
RouteID_37865167-b064-4f42-bc64-d20c1dd67a56,DBO2,2018-07-22,12:17:32,4247527.0,76,75,19,42.331975578947365,-71.04849693421052,Medium
RouteID_378cb728-680a-4aef-8673-59d53d936fc7,DBO3,2018-08-16,12:15:00,4247527.0,146,145,29,42.418427376712344,-71.42151195890413,Medium
RouteID_3791162b-86a1-4f33-a8a5-353670ba3315,DLA3,2018-08-04,16:11:02,3313071.0,73,72,20,34.095710205479456,-118.35867536986301,High
RouteID_3792abbe-67d1-4ea1-a128-3700b2aaf247,DLA8,2018-08-12,16:14:08,3313071.0,161,160,18,33.87461569565219,-118.11955837267071,High
RouteID_3795df9a-13df-4ed2-97bd-499086783238,DAU1,2018-08-01,14:05:33,4247527.0,112,111,22,30.297161767857144,-97.70600711607146,High
RouteID_379827d1-197f-4e10-aa9d-320862a67d0d,DSE2,2018-08-24,14:10:32,3313071.0,114,113,14,47.5775267368421,-122.29728840350876,High
RouteID_37a33550-a0e6-4669-9cb1-8e1d8a07b508,DSE5,2018-07-26,15:33:32,3313071.0,141,140,15,47.441280184397165,-122.20604702127659,Medium
RouteID_37a68cb0-3b88-41ab-8b58-7d21b1fd356b,DBO2,2018-08-10,12:22:27,4247527.0,81,80,12,42.33011396296297,-71.0533968888889,Medium
RouteID_37cd8689-ba2b-4f2f-961a-e2a9fe49e48e,DLA9,2018-07-27,16:06:33,3313071.0,104,103,26,33.62973600000001,-117.82332069230769,High
RouteID_37de9947-2631-41f9-946f-775e94b8a806,DLA8,2018-07-25,16:23:36,3313071.0,106,105,21,33.99880321698113,-118.41902803773579,Medium
RouteID_37e2ba04-42ef-4d3f-9cd3-bd1e924792cb,DSE4,2018-08-11,15:33:44,4247527.0,114,113,16,47.67671169298245,-122.32476457017543,High
RouteID_37ecfebe-967c-4be1-9392-04c273fa951e,DLA7,2018-07-24,16:37:38,3313071.0,144,143,22,33.96599994444444,-117.7482755416667,Low
RouteID_37edd3c9-f472-450f-a2ac-2e770920fbfa,DLA8,2018-07-23,16:27:31,3313071.0,67,66,20,34.06426771641791,-118.45729568656715,High
RouteID_37ff4419-741f-4b06-9551-7e4179a5a560,DLA4,2018-07-25,14:36:47,3313071.0,105,104,11,34.102037733333326,-118.40529457142856,High
RouteID_37fff983-d5b2-4556-8d11-e1841ee5b815,DLA7,2018-07-21,16:34:02,3313071.0,140,139,24,34.00875582142857,-117.81068095000002,Medium
RouteID_38089b72-9fac-405f-b238-31ec4d60f4ed,DLA9,2018-08-24,15:15:47,3313071.0,151,150,23,33.76371277483444,-117.99904284768218,Medium
RouteID_381aa8f1-6424-4025-9855-f389f6e7bf7b,DBO3,2018-07-31,12:15:00,4247527.0,123,122,21,42.29487621951219,-71.41713734959346,Medium
RouteID_3836378f-6f01-413a-85b6-36fa805bf264,DSE2,2018-07-25,14:30:00,3313071.0,117,116,21,47.629938521367514,-122.3076016837607,High
RouteID_384bafad-5604-4bd9-9bad-fcf240635cd2,DLA7,2018-08-10,14:47:26,3313071.0,176,175,27,33.842938710227266,-117.58729258522726,High
RouteID_386144ab-ba26-413b-8644-8c88db55b042,DSE5,2018-07-25,13:56:51,4247527.0,174,173,14,47.27267887356326,-122.28590389655174,High
RouteID_3862d269-d228-46a4-901c-befb74d11581,DSE4,2018-08-23,15:48:28,4247527.0,120,119,14,47.68496925000001,-122.27739163333335,High
RouteID_38746ae1-5f43-4784-b760-8b266d9d713d,DLA9,2018-07-30,14:26:15,4247527.0,133,132,33,33.706528082706775,-117.74274777443614,High
RouteID_387bb16e-0c56-406b-87e2-a706a8663ce8,DLA7,2018-08-15,16:00:00,3313071.0,147,146,22,33.87991934013605,-117.68510426530611,High
RouteID_388b572f-65b1-4b9e-9028-aaceffa962c6,DCH4,2018-08-01,13:42:13,4247527.0,196,195,26,42.067533403061226,-87.81706217346935,High
RouteID_388bfe67-b779-4590-b859-a613a2e6fc0e,DBO3,2018-08-07,12:50:57,3313071.0,176,175,19,42.06680679545457,-71.50023886931812,Medium
RouteID_388fac5d-ab51-4faa-9d56-1504f6f2e0d0,DBO3,2018-08-12,11:55:07,4247527.0,172,171,22,41.974625430232514,-71.31719562209304,Medium
RouteID_3896aca0-c730-4df5-ad1d-ca80bbd66fe3,DLA8,2018-07-22,16:58:55,3313071.0,192,191,18,33.89815182291667,-118.13382188020832,High
RouteID_38c7f3fe-f7a0-4394-bd21-3d6fb0f9f600,DCH1,2018-08-02,14:49:22,3313071.0,100,99,26,41.882759529999994,-87.79211436000003,High
RouteID_38cbf69d-2724-495e-b861-ea8b2a1ac70f,DCH4,2018-07-23,13:59:15,4247527.0,163,162,25,42.364113404907954,-87.9204632822086,Medium
RouteID_38d8894a-ff8d-4d60-afb7-e9b60be6410d,DCH3,2018-07-22,14:23:21,3313071.0,190,189,20,41.85645338947369,-88.28753942631583,Medium
RouteID_38e85f87-f1b5-4b0f-8e4c-b74d35ec5615,DBO2,2018-08-16,11:57:53,4247527.0,167,166,20,42.12449125748502,-70.9125565269461,High
RouteID_38edfc35-1e83-4107-8732-580b3aa17a61,DBO3,2018-08-05,11:30:00,4247527.0,156,155,31,42.39359721794872,-71.29395349999997,Medium
RouteID_38f093f0-6e67-4a13-b88a-7a44e8736062,DBO3,2018-08-05,12:43:40,4247527.0,160,159,32,42.302190931249996,-71.28845955625,Medium
RouteID_38f779e8-f082-435e-b46d-2ff0c1a9c4f7,DSE2,2018-08-04,15:08:58,4247527.0,151,150,18,47.53777872185434,-122.35275878807946,Medium
RouteID_38fa3dbd-7ead-425b-ae40-b28e0c7b0857,DLA4,2018-07-29,14:13:45,3313071.0,116,115,16,34.15107568103449,-118.40506981896552,Medium
RouteID_390f5c8d-b355-45bf-a3d5-202ad6481475,DLA8,2018-08-15,15:14:34,3313071.0,65,64,19,34.06140889230769,-118.39395049230771,High
RouteID_39254494-5883-46a8-96a5-3fe6decaa622,DBO3,2018-08-15,12:15:00,4247527.0,128,127,25,42.4352726171875,-71.42110815625004,High
RouteID_3929fb55-2343-4528-b7f9-964301f72b2a,DCH3,2018-08-16,13:32:10,3313071.0,182,181,23,41.794701560439556,-87.9379313186813,Medium
RouteID_393c7fff-7b46-49aa-a50d-1f79e0d49686,DSE5,2018-08-23,15:18:24,3313071.0,152,151,10,47.5628900855263,-122.02806400657889,High
RouteID_39469384-3d35-4197-b127-8e08942bac4d,DLA7,2018-07-22,14:22:43,3313071.0,171,170,28,33.834672076023395,-117.85860949707597,High
RouteID_394736e4-f960-48b6-939e-b02e892d0484,DLA9,2018-08-22,15:53:37,3313071.0,164,163,22,33.69689268902438,-117.98442176219514,Medium
RouteID_394e2262-23b5-4540-b1a7-e5df216517b0,DBO3,2018-08-10,12:15:00,4247527.0,174,173,26,42.154440362068954,-71.3351110804598,High
RouteID_394f406c-0114-41b2-92c4-43dcdc95f42a,DLA7,2018-07-30,15:53:03,3313071.0,179,178,24,33.923528441340764,-117.52926583798879,Medium
RouteID_39544983-6dac-4e28-881c-c9510e974ef4,DLA5,2018-07-22,16:06:15,3313071.0,161,160,28,33.98462176397515,-117.37925478260873,High
RouteID_3956c2c7-21e6-41c4-ac18-8343efaa6fa0,DSE4,2018-08-21,15:03:47,4247527.0,160,159,23,47.78592111874999,-122.25704167500007,High
RouteID_395cb9a6-43fd-4691-8743-ada22aa7478d,DLA3,2018-07-31,14:29:24,3313071.0,121,120,13,34.043091735537196,-118.20695743801657,Medium
RouteID_39629297-3e4d-4935-95c4-19a2d5336a3b,DLA9,2018-08-19,14:24:29,4247527.0,189,188,28,33.64466695767195,-117.69390748148152,High
RouteID_39680395-d0a0-445e-9003-c0570f552f4c,DSE2,2018-08-13,14:23:21,3313071.0,125,124,20,47.612942416,-122.29447064799996,Medium
RouteID_396b2ecc-29c1-4932-8360-4d9588f1f835,DLA4,2018-07-31,14:25:53,3313071.0,125,124,16,34.159785207999995,-118.39039163199996,Medium
RouteID_397abf35-8191-4a3d-9243-7f3465fb77a8,DLA7,2018-08-15,14:34:35,3313071.0,144,143,20,33.898072395833346,-117.91393563194441,High
RouteID_3984334b-4165-47f3-8b34-d381a730646c,DCH2,2018-07-28,12:28:51,3313071.0,203,202,20,41.96912916748766,-88.0148219852217,High
RouteID_398ac827-c84b-4b47-86d4-3dfcee1ba4b7,DCH1,2018-08-01,14:34:31,3313071.0,112,111,20,41.89338074107142,-87.80594396428576,High
RouteID_39b3e0f2-56aa-4670-9ef4-426bf2cbe85e,DBO3,2018-08-04,12:51:51,4247527.0,174,173,35,42.31873700574714,-71.2680338793103,Medium
RouteID_39ba8798-36dc-42cd-9ab5-7a3a96666d1d,DLA9,2018-08-19,14:27:50,4247527.0,156,155,24,33.679276217948726,-117.63042895512818,High
RouteID_39be76ca-2025-488a-8005-f31281d0cb06,DLA9,2018-08-23,15:11:46,3313071.0,159,158,16,33.807502081761,-117.9521018113207,High
RouteID_39c3ddf9-6c06-415a-bf5c-e73c0cd7db11,DCH4,2018-07-28,15:00:00,4247527.0,132,131,21,42.04234572727272,-87.87414748484855,Low
RouteID_39d064ae-1a2f-47e3-8631-83931932bc93,DLA8,2018-08-02,17:58:01,3313071.0,146,145,25,33.887112232876696,-118.39453594520552,High
RouteID_39d0e251-8fd5-42ed-b703-fb2cb2854c86,DLA9,2018-07-24,16:05:06,3313071.0,139,138,26,33.691144093525175,-117.81370102877699,High
RouteID_39d215ce-02d3-4ca7-9d73-1c6567d5dda8,DCH1,2018-08-14,15:00:00,3313071.0,110,109,24,41.94862372727271,-87.69027703636365,High
RouteID_39dd1562-e86c-489a-a538-00964fd2646e,DLA9,2018-08-12,14:25:00,4247527.0,173,172,24,33.625064734104036,-117.65997673410403,High
RouteID_39e1c636-5a37-4f77-b20f-d07d01004100,DLA7,2018-07-29,15:03:33,3313071.0,169,168,28,33.85581039053254,-117.57386222485204,Medium
RouteID_39edd03d-0df5-49fa-868a-9de71302bf4b,DLA7,2018-07-21,14:29:51,3313071.0,184,183,22,33.795482010869534,-117.80051488586957,High
RouteID_39f16101-b9f8-497f-a819-38c0dfb49e8f,DBO3,2018-08-13,11:45:43,4247527.0,104,103,22,42.39946828846154,-71.24274319230769,High
RouteID_3a013dbb-7f9a-40ca-b588-7a5a116baf08,DBO3,2018-08-06,12:15:00,4247527.0,147,146,21,41.981574340136035,-71.44153139455781,Medium
RouteID_3a02237f-90ef-4a9e-9a98-4bdbf34d39e4,DLA7,2018-08-13,14:34:32,3313071.0,175,174,24,33.92246507428573,-117.98325476571426,Medium
RouteID_3a15b6ec-41f2-4666-8999-9f3a2a04e4d7,DLA9,2018-08-16,15:58:35,3313071.0,106,105,21,33.68019526415095,-118.00133909433961,Medium
RouteID_3a191a76-f290-430e-a600-63d141fd98d8,DSE5,2018-08-20,14:09:10,4247527.0,155,154,15,47.145835593548384,-122.2653886387097,Medium
RouteID_3a29aeb2-e625-4619-a115-f3f3112e0c44,DLA7,2018-08-13,16:39:26,3313071.0,173,172,22,34.07307876300577,-117.63971438150286,High
RouteID_3a2f0de8-2cee-4f85-bf8a-7fc9126088ac,DLA9,2018-08-12,15:34:06,3313071.0,179,178,22,33.73312536312848,-117.88600713966481,Medium
RouteID_3a309244-1ab8-4b15-b9b2-0112212b5318,DLA7,2018-08-03,16:49:35,3313071.0,158,157,20,34.082418221518985,-117.75639484177218,High
RouteID_3a31487a-305c-4b47-91de-bb551e769a03,DCH4,2018-08-06,13:56:53,4247527.0,160,159,25,42.144602593749994,-87.87891130624993,Medium
RouteID_3a314d8e-cc4d-4076-ab6e-e0ae1afcb19f,DCH3,2018-07-23,15:30:00,3313071.0,200,199,21,41.72111802499999,-88.14776066000002,High
RouteID_3a37cd6b-b539-47ec-b102-9d540e78db5b,DCH4,2018-08-08,13:37:02,4247527.0,170,169,27,42.089010164705876,-87.81609931764702,Medium
RouteID_3a426557-3c49-42c6-a10e-c453606fcad5,DLA9,2018-08-11,15:55:59,3313071.0,149,148,30,33.643610832214755,-117.78086585234898,High
RouteID_3a4fb973-fd42-43f8-a8de-73ed099d6723,DCH3,2018-08-07,13:07:47,3313071.0,187,186,18,41.57372340106952,-88.24662560427807,Medium
RouteID_3a65a106-397d-4f91-b569-2c328ad8a883,DLA5,2018-08-09,16:01:15,3313071.0,114,113,14,33.885185333333325,-117.4018765175438,Medium
RouteID_3a6768a2-9a25-4d5a-b4ad-1a9b76a8397e,DAU1,2018-08-07,14:34:25,4247527.0,95,94,17,30.39327319999999,-97.8896682947369,Medium
RouteID_3a6f0f3d-5e1a-49a3-acf7-3b5f92d93c96,DLA9,2018-08-15,16:02:34,3313071.0,149,148,18,33.72373087248322,-117.86322797315434,High
RouteID_3a7c7e63-0728-4ac5-9137-024b9fce612a,DCH3,2018-07-23,13:46:04,3313071.0,195,194,19,41.692894374358964,-88.11127617435896,High
RouteID_3a8b6456-85f1-4e74-a336-88497f784c21,DCH3,2018-08-07,15:04:34,3313071.0,181,180,22,41.76940014917126,-88.09746570165746,Medium
RouteID_3a915225-afab-4414-bfee-438aac3ce2cc,DLA9,2018-07-25,15:00:00,4247527.0,106,105,21,33.688228490566026,-117.7582300943396,High
RouteID_3abb8cde-e4a3-4fa9-80d5-d711d2006afe,DLA9,2018-08-07,14:22:01,4247527.0,124,123,25,33.69254481451613,-117.74344191935485,High
RouteID_3ac29bd9-99cd-49b7-a541-23d142d312b9,DLA7,2018-07-25,15:36:48,3313071.0,169,168,23,34.15452478106509,-117.43847704733732,High
RouteID_3acc2a86-ac05-45d4-8702-24fca828244e,DLA8,2018-08-10,16:15:00,3313071.0,177,176,21,33.81945118079097,-118.08132567231634,High
RouteID_3ad13f78-3471-4c51-8e86-e30e382d6ff4,DLA9,2018-08-24,15:10:47,3313071.0,140,139,19,33.838812078571415,-118.03417892142859,Medium
RouteID_3ad8a622-a549-4d7a-8545-071b9afeb2d4,DBO3,2018-08-02,12:57:25,4247527.0,178,177,21,41.94829173595505,-71.38584744382024,Medium
RouteID_3b0cca24-6065-4f44-be1f-68ffb7d410ec,DLA9,2018-08-09,16:09:41,3313071.0,108,107,26,33.63408588888888,-117.83140768518511,High
RouteID_3b12f89e-dc4b-4925-806b-eae8c50039b8,DLA9,2018-07-23,16:44:17,3313071.0,168,167,21,33.71919337499999,-117.89216015476194,Medium
RouteID_3b2d81e4-94c2-4b5d-bfa5-79ad3b9c6495,DCH4,2018-08-14,13:35:04,4247527.0,174,173,23,42.21808013218387,-88.04181599425289,Medium
RouteID_3b31b856-d7ae-409f-82c6-7bfee499dbb1,DAU1,2018-08-14,15:30:00,4247527.0,113,112,19,30.230536141592932,-97.70265844247791,Medium
RouteID_3b583678-5cad-475b-b117-af034d15aae2,DLA7,2018-08-02,16:20:27,3313071.0,148,147,20,34.09614447297299,-117.62101744594592,Medium
RouteID_3b5f5408-dbdb-458d-b0f2-783221986b9d,DLA4,2018-07-21,16:24:09,3313071.0,139,138,20,34.16599100719424,-118.49582025179856,High
RouteID_3b607442-b9f9-4b17-85a9-0f7fefe2b2d7,DLA4,2018-07-29,14:13:28,3313071.0,147,146,17,34.14453740816326,-118.43324329931974,High
RouteID_3b676853-3ed7-4401-8ef6-f346b18be700,DLA8,2018-07-23,16:11:10,3313071.0,158,157,18,33.80944408860761,-118.31564300632914,Medium
RouteID_3b9f3471-7f84-4452-864f-81340bd2387b,DCH4,2018-08-04,13:32:53,4247527.0,180,179,26,42.129064899999996,-87.85597083333332,High
RouteID_3ba7447b-dcee-4cfa-adf4-119376d332b1,DLA9,2018-08-16,14:31:49,4247527.0,151,150,26,33.597493754966884,-117.74161619205302,High
RouteID_3bbf6364-905f-4b72-bd35-1e905f0d6030,DLA7,2018-08-01,16:00:00,3313071.0,147,146,13,34.121041000000005,-117.44114274149658,Low
RouteID_3bc56a80-aa91-434c-aadf-eae3170c110f,DLA9,2018-08-04,15:15:09,3313071.0,182,181,26,33.74551607142858,-117.95441457142852,Medium
RouteID_3bc604d8-a81c-434c-854d-309419c22b3d,DCH3,2018-07-22,15:04:47,4247527.0,174,173,16,41.73888001724137,-88.10574466091956,Medium
RouteID_3bc8017a-33c8-48dc-b754-0dc7fdf9d5e2,DLA7,2018-08-15,15:33:25,3313071.0,154,153,16,34.1249032012987,-117.4474351168831,Medium
RouteID_3bc90a35-2d8f-4375-8608-ab3d2022ed0b,DCH2,2018-07-25,14:35:47,3313071.0,196,195,23,42.03141909693879,-87.6950135357143,Medium
RouteID_3be507c1-d32e-43cd-8694-21d0744d19dd,DCH4,2018-08-10,15:29:41,4247527.0,141,140,18,42.1795889929078,-88.32667080141843,Medium
RouteID_3befded7-2a45-473e-b6dc-1241ee259ae2,DCH4,2018-07-27,14:06:28,3313071.0,164,163,16,42.255533347560984,-88.1912181280488,Medium
RouteID_3bf41c39-bf32-407f-8b90-5ce23030c920,DLA9,2018-08-15,15:00:00,4247527.0,155,154,23,33.68586864516131,-117.65950957419348,High
RouteID_3c02dafa-8ab8-4e66-b663-2ef98bdfe911,DSE5,2018-08-20,15:42:54,4247527.0,131,130,11,47.27385366412212,-122.52300413740454,High
RouteID_3c07276d-c213-4278-94fc-33046f48bcbf,DCH2,2018-07-22,12:27:25,3313071.0,186,185,21,41.96156606451611,-87.82629662365589,High
RouteID_3c08b8cc-3198-4cee-9363-cfbfe5573422,DLA7,2018-08-05,15:47:06,3313071.0,145,144,23,33.89455381379311,-117.52056074482758,High
RouteID_3c152246-8115-4333-a972-382f81b7c015,DBO3,2018-07-31,12:09:01,4247527.0,165,164,19,42.05304969090909,-71.0971197151515,High
RouteID_3c27aa18-0a80-42bc-a48b-f140f02fcdd6,DLA7,2018-07-24,15:56:43,3313071.0,192,191,24,33.969157750000015,-117.56421825520836,High
RouteID_3c28b650-ccda-43ac-a474-dcf88336a822,DLA9,2018-08-15,14:25:21,4247527.0,169,168,23,33.62876955029588,-117.70846660946741,High
RouteID_3c3df004-7eb4-428a-9c02-09cb71481e94,DLA7,2018-08-06,14:53:51,3313071.0,145,144,26,33.83863735172414,-117.76009074482762,High
RouteID_3c476cef-0e22-4347-88b4-6106925cd689,DLA7,2018-08-09,14:55:24,3313071.0,165,164,24,33.88387163030303,-117.78693890303028,Medium
RouteID_3c4a3048-87a0-48ff-9254-cca0fbe4aaec,DLA7,2018-07-20,15:08:51,3313071.0,143,142,20,34.03272834965035,-117.78684046153849,High
RouteID_3c4d3348-5a44-4aad-bafc-15d5da9168e3,DLA7,2018-07-24,16:00:00,3313071.0,166,165,22,34.151709373493965,-117.52997992168679,Medium
RouteID_3c5018d1-aae5-465a-b4b2-9fe4e25a8ea8,DLA8,2018-08-11,18:09:49,3313071.0,160,159,22,34.02751389375001,-118.35660418124999,Medium
RouteID_3c502133-f305-41bd-a707-bec4922296ac,DLA7,2018-08-09,16:25:09,3313071.0,169,168,24,34.13582492307693,-117.62814015384603,Medium
RouteID_3c731ed4-b932-474a-ad41-2710b4389698,DLA7,2018-08-10,16:00:00,3313071.0,175,174,23,34.13361620000002,-117.76350848571427,High
RouteID_3c7f2f66-86cb-4915-a58e-33c96d9300e8,DLA7,2018-08-16,16:31:42,3313071.0,176,175,21,33.99294576136363,-117.85045786931815,High
RouteID_3c8018ac-1733-47e8-a037-1fba9d193607,DBO3,2018-07-27,12:07:54,4247527.0,185,184,32,42.19605068108109,-71.30270090810814,Medium
RouteID_3c896b9d-349b-4324-a32d-c8c4d8dff7e7,DCH2,2018-07-20,15:19:07,3313071.0,163,162,22,41.983431245398776,-87.77074382822084,High
RouteID_3c94d1aa-d42d-4ad3-b33b-768122f91a96,DLA7,2018-08-14,14:32:19,3313071.0,157,156,21,33.89585136305733,-118.00560056687901,Medium
RouteID_3c983c94-8f7f-4f13-b516-2a75947e8781,DCH1,2018-08-14,15:13:30,3313071.0,116,115,24,41.878862905172426,-87.78589856034482,High
RouteID_3cb62fdb-461f-439f-9909-d030d7e8855f,DLA9,2018-07-26,16:03:30,3313071.0,138,137,25,33.66297023188405,-117.99527280434782,High
RouteID_3cd1e7b0-ffb2-495e-97b0-5a7fe6a8e5e6,DSE2,2018-08-22,14:53:33,4247527.0,71,70,12,47.63102590140843,-122.3649091690141,High
RouteID_3cf57650-5fa8-492c-8460-4c2bb776753b,DLA9,2018-08-19,14:24:27,3313071.0,157,156,22,33.63503107006368,-117.69397957324837,High
RouteID_3cfa9be0-707a-4111-b5c2-c46678a2e23e,DLA4,2018-07-20,14:26:59,3313071.0,102,101,19,34.151799205882355,-118.4107194607843,High
RouteID_3cfbceed-9942-4a81-8779-aab64d07f2f5,DCH4,2018-08-06,16:17:56,4247527.0,171,170,24,42.062857976608186,-87.83157980701753,Medium
RouteID_3d08fddf-85a1-45b4-b6e8-7a541f9661b0,DBO3,2018-07-25,12:19:22,3313071.0,130,129,22,42.434980030769225,-71.40563540000001,Medium
RouteID_3d0d8561-0b68-4acf-b0b3-1173deb524b8,DLA7,2018-08-14,14:30:00,3313071.0,159,158,23,33.93970079874213,-117.97709789308182,High
RouteID_3d1a53e2-a016-467b-a838-fa61a862070d,DSE5,2018-08-17,15:02:35,3313071.0,162,161,15,47.46271747530865,-122.15226784567894,High
RouteID_3d1c19b1-7ba6-4325-946f-222069688a0d,DLA7,2018-07-22,16:58:47,3313071.0,172,171,23,34.14222446511627,-117.62622596511625,Medium
RouteID_3d345dba-3c3b-4335-b306-3c8a45bd20ac,DLA7,2018-08-13,14:23:48,3313071.0,156,155,27,33.943427967948715,-117.92209342948713,Medium
RouteID_3d39e2dd-75b3-4341-b690-0447eb4d2573,DLA7,2018-07-25,16:36:11,3313071.0,204,203,22,34.073680367647064,-117.63777854901957,Medium
RouteID_3d4282c2-4d81-4d3f-9d2a-3081013f98e9,DLA9,2018-08-06,15:13:28,3313071.0,124,123,20,33.738487822580645,-117.91897346774195,Medium
RouteID_3d4c9fc0-7630-43e5-8d1d-3069c5475341,DLA8,2018-07-22,14:57:26,3313071.0,118,117,20,33.77584112711864,-118.17249622033906,High
RouteID_3d56029d-9739-469d-86fa-f9e5d3ea3da7,DSE4,2018-08-19,15:41:58,3313071.0,173,172,27,47.90922494797686,-122.30750857225426,Medium
RouteID_3d5646ee-8960-4909-b370-83ba7b97c0de,DCH4,2018-08-03,13:29:40,4247527.0,148,147,26,42.26390184459458,-87.85655867567569,Medium
RouteID_3d5834b5-0ab7-4c67-9522-a287b478370c,DSE4,2018-08-13,15:51:23,4247527.0,111,110,13,47.67736324324325,-122.29113281981978,High
RouteID_3d5aa0f9-7bd6-4714-aa9a-b82ee47d0668,DLA7,2018-08-09,14:25:50,3313071.0,123,122,20,33.923244959349596,-117.88715656097558,High
RouteID_3d5ccabe-26ed-48b9-91d3-d0358b46f348,DSE2,2018-08-09,15:09:21,4247527.0,102,101,20,47.640994666666664,-122.36158988235294,High
RouteID_3d5cd4fb-0ed2-4373-88d0-812749fc7115,DLA9,2018-07-27,15:16:00,3313071.0,164,163,21,33.73384923170732,-117.93009536585365,Medium
RouteID_3d88f0d8-a007-4eab-9229-5d7b96abf53e,DLA7,2018-08-11,15:06:39,3313071.0,172,171,24,33.88108495930233,-117.78701202906977,Medium
RouteID_3da25600-25c9-4afb-89cc-68793362f25d,DLA7,2018-08-10,14:23:09,3313071.0,165,164,21,33.829933612121245,-117.87812942424237,High
RouteID_3da7a128-1dd6-46bc-9446-b0210d1c63b4,DLA3,2018-08-05,16:00:50,3313071.0,102,101,26,34.10043001960784,-118.295160745098,High
RouteID_3db51e0a-e571-490e-b470-a7c4d126310a,DLA4,2018-08-12,14:38:47,3313071.0,97,96,18,34.152443144329915,-118.4145494536083,Medium
RouteID_3ddbcb9b-ffe4-4fde-8b1f-8b5b0ad1a2ce,DSE5,2018-08-12,15:05:13,3313071.0,196,195,15,47.397238489795924,-122.16921785204079,Medium
RouteID_3de71d89-7ebe-40c9-b5c1-d617f6608833,DLA9,2018-08-01,15:13:57,3313071.0,147,146,16,33.748375462585024,-117.92483314965989,Medium
RouteID_3de748d8-4151-4048-85fd-ab64a7644d19,DSE5,2018-08-24,13:49:21,4247527.0,182,181,15,47.10693221428571,-122.25959473076924,Medium
RouteID_3df50218-258c-45cf-804d-79accb01c249,DSE4,2018-08-09,15:04:44,3313071.0,151,150,23,47.891930834437076,-122.31049254304637,Medium
RouteID_3df6516d-3deb-448f-a524-c88aee03452d,DLA9,2018-08-12,13:42:19,3313071.0,145,144,25,33.5278158413793,-117.68581601379304,High
RouteID_3dfca529-f5fd-4363-8364-88fd16aa6f77,DCH3,2018-08-17,15:30:00,3313071.0,164,163,13,41.61070415243902,-88.13896359146341,Medium
RouteID_3e05fa99-cb59-4042-822f-5e0f41ffdf9e,DLA7,2018-07-30,16:31:37,3313071.0,161,160,21,34.12612518633541,-117.60945354658375,Medium
RouteID_3e087683-c2ba-485c-9f72-04153fc289e9,DCH4,2018-08-17,16:29:08,3313071.0,185,184,23,42.3108729945946,-87.93729193513516,Medium
RouteID_3e09a7b9-a9cb-451e-9cf5-7dfd63462053,DLA4,2018-07-27,14:16:45,3313071.0,119,118,16,34.161132218487396,-118.39014178991593,High
RouteID_3e0bd236-3213-4ee4-bcca-8c7066538ca1,DLA8,2018-08-02,16:51:02,3313071.0,121,120,18,33.780812512396686,-118.37652942148762,Medium
RouteID_3e373ec2-0d4c-40be-95a3-8ad433792680,DLA7,2018-08-09,14:26:19,3313071.0,142,141,18,33.909364176056336,-117.9235591338028,Medium
RouteID_3e40db5a-9f6b-4d43-bbcc-7ec7d19393ac,DLA9,2018-08-05,15:14:18,3313071.0,188,187,27,33.7801546861702,-117.92882201063831,Medium
RouteID_3e53a58a-3755-4c9f-b082-c79181b3883f,DLA7,2018-07-30,14:32:28,3313071.0,148,147,27,33.84678873648649,-117.83006063513511,Medium
RouteID_3e54ed23-e1e3-40d6-9b7c-da13803a62f2,DLA7,2018-08-17,14:26:36,3313071.0,156,155,23,33.88337569871794,-117.85726485256407,High
RouteID_3e5e9b2d-d396-4e36-93e5-ae03f37c805d,DCH2,2018-07-22,14:10:26,3313071.0,129,128,21,41.95436572093025,-87.73310640310076,Medium
RouteID_3e75fb55-5471-4c9e-a709-e09b279d9ad9,DLA9,2018-07-22,16:05:20,3313071.0,131,130,20,33.72405925954198,-117.86474273282444,High
RouteID_3e8bc64e-0e47-4e9e-903b-9f5c5d13580f,DLA7,2018-08-08,16:21:21,3313071.0,146,145,20,34.15370976027396,-117.58162971232873,Medium
RouteID_3e965dbb-eb45-4c11-ad8e-1f488c359f67,DLA7,2018-08-11,15:06:47,3313071.0,138,137,20,33.88670471739131,-117.81726639855076,Medium
RouteID_3e97b5dd-6bf7-4b19-8078-88ee44eb9dee,DSE2,2018-08-06,14:12:19,3313071.0,122,121,21,47.61077695081967,-122.29331453278692,Medium
RouteID_3e9833ff-2eda-4a7d-9c74-c752fb8b7543,DCH1,2018-07-30,15:25:30,3313071.0,219,218,23,41.731709356164394,-87.7349610684932,Medium
RouteID_3e9d4e48-228f-4a28-a4a4-1b3e39ae1bf5,DSE5,2018-08-17,13:37:03,3313071.0,177,176,15,47.50863546892656,-122.35166806214691,High
RouteID_3ea3922b-c8c6-4c97-957f-88f7d03877f0,DLA7,2018-07-22,14:26:22,3313071.0,172,171,25,33.87548839534881,-117.94009412209302,High
RouteID_3ea91f2b-e1bb-41e1-9849-c867c7f8d941,DCH2,2018-08-03,13:27:12,3313071.0,175,174,22,42.068055257142845,-87.72724081142857,Medium
RouteID_3eaab78f-ddcd-4738-9991-0210ffbaedf9,DLA9,2018-08-11,16:10:44,3313071.0,128,127,26,33.69022466406251,-117.81366357031249,High
RouteID_3eacb89f-17f9-4b2b-bccd-1dc42828aaf5,DLA7,2018-08-09,16:37:17,3313071.0,150,149,19,34.152707620000015,-117.57498786666673,High
RouteID_3eaf5434-82be-47d4-aad9-419601f2607c,DLA7,2018-07-21,15:25:34,3313071.0,136,135,19,33.91474169117645,-117.8735120367647,High
RouteID_3eb11f23-b042-409f-ae33-2d52e8f253fd,DLA7,2018-08-15,14:53:13,3313071.0,186,185,24,33.84710711290321,-117.59480813978492,Medium
RouteID_3eb3f5a3-ef86-4c15-a249-55d7ef1af3a9,DLA9,2018-07-31,15:54:56,3313071.0,150,149,29,33.64407245999999,-117.93823209333333,Medium
RouteID_3ebc23cc-f78c-4a1c-b3f0-63bf8a1bcef1,DLA3,2018-08-06,17:20:08,3313071.0,161,160,16,33.9408663664596,-118.08209483229807,High
RouteID_3ecdfa07-ffa8-4403-ac97-10d251507758,DBO2,2018-08-01,12:17:29,4247527.0,90,89,15,42.33266714444443,-71.03128253333335,High
RouteID_3ed5fdae-234b-4580-881e-79992a69a246,DSE4,2018-08-24,14:59:48,4247527.0,105,104,13,47.68258245714286,-122.29954131428573,High
RouteID_3eda9108-78a6-44f9-9f72-d3344b45f5c0,DLA7,2018-07-29,15:03:56,3313071.0,120,119,23,33.85843016666667,-117.72949580833331,High
RouteID_3ee33558-4681-44ae-b274-9bbd0c3aa6ef,DSE4,2018-08-20,15:07:55,3313071.0,179,178,33,47.86917459217875,-122.18547063128484,Medium
RouteID_3ee88232-6969-4088-b260-929229a8b2a3,DSE2,2018-08-12,14:27:00,3313071.0,119,118,19,47.63288131932775,-122.3067515798319,High
RouteID_3f074f11-dc47-4fff-a9bd-a4f73350bd41,DLA5,2018-08-09,14:48:43,3313071.0,155,154,19,34.134148058064525,-117.20961488387101,Medium
RouteID_3f166f0e-fd2e-47ab-96a0-6cbc99cc6eef,DLA7,2018-07-22,16:00:00,3313071.0,166,165,22,34.14543375301204,-117.60812000000006,Medium
RouteID_3f3276e1-0109-4535-8a24-123c2bba4aad,DLA7,2018-08-14,16:26:15,3313071.0,148,147,22,34.122134641891925,-117.70511700000002,Medium
RouteID_3f4452c6-fdd3-434e-8d29-38a65de555d3,DCH3,2018-07-25,14:10:42,3313071.0,202,201,19,41.73889744059407,-88.34924924257429,High
RouteID_3f48ffcb-e583-4b0f-8015-5bdde2bbd142,DCH3,2018-08-13,14:11:04,3313071.0,204,203,23,41.72947955392158,-88.24753755882352,Medium
RouteID_3f4f357a-7fe7-45ea-a1dc-98bc265fc788,DLA7,2018-07-28,15:05:39,3313071.0,163,162,24,33.90019396932516,-117.85632844785269,Medium
RouteID_3f531cec-49cf-4209-a1a0-3997b5648a5e,DLA8,2018-08-11,15:33:18,4247527.0,72,71,15,34.06496668055556,-118.361068125,High
RouteID_3f5cab24-ce9f-4eca-b10c-6bcba85424f1,DLA7,2018-08-03,14:24:41,3313071.0,142,141,24,33.906428077464774,-117.89633320422543,High
RouteID_3f6bc445-d402-41a4-9eef-87129567a023,DLA9,2018-08-13,14:24:42,4247527.0,131,130,24,33.64831208396946,-117.66772851145039,High
RouteID_3f733b9c-3a7a-46a0-ac61-defb77505041,DLA7,2018-07-27,14:27:37,3313071.0,168,167,23,33.90667819047618,-118.02397730952377,Medium
RouteID_3f845183-c88c-4204-95dc-394d799dd8ad,DLA9,2018-07-24,13:48:37,3313071.0,108,107,17,33.54868198148149,-117.66579523148145,Medium
RouteID_3f89788a-6211-4aa9-8513-4857b03e0275,DLA7,2018-07-27,15:52:59,3313071.0,169,168,25,33.965140284023654,-117.70694402958576,High
RouteID_3f8d3ced-7539-48f0-be5d-497907715831,DBO3,2018-08-13,13:36:40,3313071.0,144,143,19,42.15918086111113,-71.6692983888889,High
RouteID_3f8e145a-231b-45e8-8238-fafb32c24241,DCH3,2018-08-04,14:55:53,3313071.0,163,162,24,41.867070165644165,-88.08354827607361,Medium
RouteID_3f9aa220-b402-4bc7-8a3d-e844b20057b9,DSE5,2018-08-07,14:20:52,4247527.0,166,165,11,47.20352314457829,-122.41684457831325,High
RouteID_3fa2cc97-2c60-497f-82f4-8e5ee7ab15a2,DLA7,2018-08-01,16:00:00,3313071.0,154,153,24,34.0100737077922,-117.74318045454545,Medium
RouteID_3faddeb0-f762-4545-9ad4-ce24432e68fa,DLA7,2018-07-20,14:30:35,3313071.0,168,167,28,33.94357425595238,-117.9219781071429,Medium
RouteID_3fb6e0c3-8a28-462e-9f13-d51d90498e3d,DLA7,2018-08-04,16:29:28,3313071.0,154,153,27,33.991928720779235,-117.8215576818182,Medium
RouteID_3fcd6e73-c461-4d33-9010-c831347aa679,DLA8,2018-08-07,16:48:17,3313071.0,120,119,18,34.11298795,-118.47341655833333,Medium
RouteID_3febb400-6c60-4c51-a760-9dc0802bec0a,DLA7,2018-07-23,15:46:17,3313071.0,160,159,26,34.15724723125,-117.47263871875,High
RouteID_3ff61e93-fcfb-41cd-9463-668d75b961a3,DSE5,2018-08-04,14:22:43,4247527.0,132,131,9,47.24950309090909,-122.53438830303028,Medium
RouteID_3ffa7ca8-1488-4e69-94ca-261db4584840,DSE4,2018-08-26,15:30:00,3313071.0,175,174,29,47.73522555428572,-122.23039971428564,High
RouteID_3fff6288-f601-4eba-84c5-ab72e0ad7f03,DLA9,2018-07-27,16:10:17,3313071.0,150,149,24,33.71611832,-118.04781633333334,High
RouteID_4001eb18-9051-42bf-b469-7f124c91eb0a,DLA7,2018-08-01,15:35:55,3313071.0,135,134,19,34.11667986666666,-117.55470393333334,Medium
RouteID_403077fc-2907-4740-b50f-fa6d0d9a7d30,DLA9,2018-08-18,15:50:03,3313071.0,77,76,22,33.633407545454546,-117.88047570129868,High
RouteID_403116dc-8cac-4e95-a1c2-9a3eff73db3a,DSE5,2018-08-17,15:19:41,3313071.0,185,184,14,47.395063870270285,-122.16876253513512,Medium
RouteID_40434caf-9b19-42e2-aaa5-ee9f56325db1,DLA9,2018-07-20,14:03:09,3313071.0,105,104,20,33.53892341904761,-117.6305193428571,Medium
RouteID_40515bc5-a731-478f-af8b-9140d10022e7,DCH4,2018-07-27,15:32:01,4247527.0,144,143,26,42.08216744444444,-88.05591115277777,Medium
RouteID_40665ef9-479f-401f-b26d-198c952365b6,DCH4,2018-08-17,13:55:28,4247527.0,189,188,26,42.09286520634923,-88.05190302645502,Medium
RouteID_4066d91f-514c-4950-bc53-d92022929fa3,DBO3,2018-08-03,11:30:00,4247527.0,152,151,24,41.83963895394738,-71.36533835526316,High
RouteID_406ab702-e971-46c4-80d1-1660994a2dbc,DCH3,2018-07-30,13:39:14,3313071.0,161,160,26,41.801614403726695,-87.93676713043479,Medium
RouteID_406c97f8-7c8a-464e-84dc-17b0cd03489a,DBO3,2018-08-02,13:12:51,4247527.0,174,173,28,42.25626006896552,-71.47978947701147,Medium
RouteID_407500ae-03f2-4d5f-a233-435f0a8235cd,DBO2,2018-07-24,12:51:00,3313071.0,162,161,23,42.26032537037037,-71.0396437037037,High
RouteID_4075bcdb-ed96-404b-841a-493c7e586ddc,DSE5,2018-07-30,14:46:51,4247527.0,166,165,14,47.19973857228913,-122.44311953012047,Medium
RouteID_409c10cd-2609-4624-957a-bf606cd1b8e6,DLA7,2018-07-23,16:22:14,3313071.0,173,172,22,34.126256572254334,-117.60958877456649,High
RouteID_40a29e61-0030-4d43-9348-e6d3b26947b3,DCH4,2018-08-14,15:41:46,3313071.0,153,152,20,42.19824971241831,-87.98879433333335,High
RouteID_40a94601-2a40-4561-99c2-cadb614abe30,DBO1,2018-07-24,14:18:55,4247527.0,180,179,18,42.50029506111113,-71.07488066666664,High
RouteID_40b5e511-650b-44e0-8748-4cf6ed6eaa94,DSE4,2018-08-12,15:44:50,3114853.25,170,169,27,47.81743651764705,-122.2615989882353,High
RouteID_40bd3c21-33f1-462d-8f6b-8e87d815d049,DLA9,2018-08-15,16:02:18,3313071.0,130,129,22,33.633841738461534,-117.9189072769231,High
RouteID_40c0feff-8790-403f-a095-1cb1938555d8,DLA9,2018-08-21,13:32:13,3313071.0,136,135,18,33.57948509558823,-117.64958884558828,Low
RouteID_40de7cab-aed7-488d-ba53-322900222c7b,DCH4,2018-08-13,15:29:32,3313071.0,175,174,23,42.29202616000003,-88.11102122285718,High
RouteID_40df29e4-d5a3-4f3c-adc0-04465a890696,DSE4,2018-07-31,16:00:00,4247527.0,73,72,27,47.66237160273973,-122.31826390410957,Medium
RouteID_40ed9b43-c996-4432-ae2f-372f9533082c,DLA4,2018-08-11,15:25:33,3313071.0,196,195,15,34.19866127551022,-118.66277026530608,High
RouteID_40f87ac3-6cee-4468-b400-664f32c2554c,DBO2,2018-08-07,13:45:00,4247527.0,171,170,23,42.145760836257296,-71.0448325555556,Medium
RouteID_410cfd1a-a562-4d20-95a0-e0e084573f25,DAU1,2018-08-14,14:40:36,4247527.0,148,147,26,30.1984870945946,-97.87879562162165,High
RouteID_410d477d-94e1-4e18-b7df-fbeac64938ab,DCH2,2018-07-23,13:58:41,3313071.0,144,143,20,41.97752495138891,-87.73087271527774,Medium
RouteID_41124cef-9057-4484-817a-9f26d7f25d85,DLA8,2018-07-24,15:48:10,4247527.0,87,86,14,34.09641866666667,-118.38333575862067,Medium
RouteID_412ace27-2a6b-4312-913f-9a56fc62bcdf,DSE2,2018-08-12,14:23:15,3313071.0,127,126,15,47.55787599999998,-122.30001942519684,High
RouteID_4130e948-43ae-479c-8cab-3fe16c8ff5aa,DCH4,2018-07-26,14:05:55,4247527.0,164,163,15,42.363938908536575,-88.14329847560974,High
RouteID_414c6bbd-cb54-4ef0-b52f-d9919241f165,DCH1,2018-08-08,14:34:29,3313071.0,96,95,25,41.88297389583334,-87.78842493750004,High
RouteID_4158b0b8-1bbd-4526-8fec-a661557b6548,DLA5,2018-08-16,15:09:09,3313071.0,170,169,17,33.927113600000006,-116.9751653823529,Medium
RouteID_415b6fc0-4a88-4b33-ac11-c292b80aa00f,DCH3,2018-08-11,14:39:44,3313071.0,179,178,23,41.83248894413408,-88.12212459776534,High
RouteID_416284e3-8072-4042-85cf-c6ac948e5723,DBO2,2018-08-17,12:43:27,3313071.0,157,156,16,42.27339724840763,-71.12417969426751,Medium
RouteID_4167b371-09f7-4d2b-b191-ab891eecfc70,DCH4,2018-08-06,13:54:33,4247527.0,191,190,31,42.1733007591623,-87.82737169109946,Medium
RouteID_416921e2-b706-47e7-9de8-c2ada3fea9b7,DSE4,2018-08-05,15:46:03,4247527.0,103,102,36,47.66892683495146,-122.311403368932,High
RouteID_416d50cc-81c3-47b5-8638-c4cad5764df2,DSE5,2018-07-29,15:01:34,3313071.0,147,146,19,47.54716213605443,-122.00094464625853,High
RouteID_416dc2f1-1697-4443-ab4a-755a89b78499,DAU1,2018-08-12,14:26:37,4247527.0,105,104,30,30.364059095238105,-97.7518719904762,High
RouteID_418b37f8-85cd-424e-a9fe-392af2131743,DBO3,2018-07-30,11:35:53,4247527.0,140,139,22,42.34441562142858,-71.23399505714288,Medium
RouteID_418d1df9-0dbe-474b-a091-3c428ec6b213,DBO3,2018-08-02,12:49:42,4247527.0,179,178,28,42.270903480446925,-71.3337888379888,Medium
RouteID_41a343e3-80fa-4073-aca6-eee03beaa4bf,DLA8,2018-08-17,16:15:00,4247527.0,92,91,16,34.09640028260869,-118.3828711413043,Medium
RouteID_41aaf468-e168-48ce-ac13-fa5195745f5a,DLA9,2018-08-17,15:58:44,3313071.0,147,146,21,33.75356878911567,-118.00600020408162,High
RouteID_41b37a38-8fd0-4ab8-82c4-3e9bc30ef185,DLA7,2018-08-14,15:08:30,3313071.0,141,140,20,34.036671985815616,-117.6595716453901,Medium
RouteID_41d79900-22f1-4eb4-bda9-cffdd9f88043,DLA4,2018-08-09,17:31:14,3313071.0,179,178,13,34.29121711731842,-118.51502493854748,Medium
RouteID_41d8c851-184c-4870-98ae-767c35af3f7f,DBO2,2018-07-25,12:51:09,4247527.0,105,104,9,42.31358881904762,-71.07020061904764,Medium
RouteID_41e3914a-c1c0-43ae-aa07-c7afa0d84583,DLA8,2018-08-08,16:19:37,3313071.0,165,164,18,33.849720660606046,-118.08554041212122,High
RouteID_41e41276-2263-4bdc-bb67-ad5a6308eb69,DLA4,2018-07-26,16:06:37,3313071.0,177,176,16,34.17989129378531,-118.51923076836155,Medium
RouteID_41f97e6a-11a7-4037-9bc3-7fc17e15f6f5,DLA7,2018-08-08,16:35:02,3313071.0,163,162,22,34.01868774233131,-117.86295731288348,High
RouteID_42017eb9-e34f-46fc-8beb-760b86fe3fe0,DBO3,2018-08-08,12:13:07,4247527.0,192,191,31,42.30649151562502,-71.7032415729167,High
RouteID_420560f7-859b-40c8-b7c4-c997f913cece,DCH4,2018-08-01,13:44:55,4247527.0,170,169,25,42.141300017647055,-87.8787311058824,Medium
RouteID_420669f8-6ebe-4658-b1e4-ce3b65fa0ffb,DCH3,2018-07-30,14:14:14,3313071.0,207,206,19,41.81516113526572,-88.31758943961353,Medium
RouteID_421683f0-5e20-4679-81c8-5774b83d603c,DSE5,2018-08-23,14:25:42,3313071.0,127,126,9,47.329437503936994,-122.02126146456695,High
RouteID_4233ad72-959d-4e69-995f-5d71162dae13,DCH4,2018-08-08,14:23:03,4247527.0,150,149,22,42.1503818866667,-87.92594965333333,Medium
RouteID_423aa100-6d85-4805-ac6b-71bbbc18797c,DCH1,2018-08-14,14:54:03,3313071.0,90,89,15,41.9296330888889,-87.71987053333332,High
RouteID_424259ee-6890-466d-9dd2-76b0f17c2202,DSE5,2018-08-19,14:30:24,3313071.0,123,122,13,47.55403805691058,-122.07370001626013,High
RouteID_424d1707-3799-4d20-a7df-01fbd107d483,DLA9,2018-07-24,16:00:45,3313071.0,139,138,27,33.66244126618705,-117.99350840287771,High
RouteID_425b7756-0203-4c81-a71c-16279520774c,DLA8,2018-08-01,15:28:54,3313071.0,85,84,19,34.01366203529412,-118.41564105882355,High
RouteID_427573e2-0faf-4139-abb8-21426b741772,DCH4,2018-08-09,15:01:28,4247527.0,193,192,24,42.105653124352344,-88.06661872020729,Medium
RouteID_4276f248-21d6-4247-943c-c5c4a2a04a1e,DBO3,2018-08-08,12:01:52,4247527.0,172,171,21,42.08483057558141,-71.38331045930232,Medium
RouteID_4277741d-ffe3-4594-a70a-b06d4c5b0936,DLA3,2018-08-11,15:10:23,3313071.0,111,110,28,34.02266601801801,-118.29073852252247,Medium
RouteID_42844f7a-6050-4107-b8c6-cf6f2dd589cd,DCH1,2018-08-03,14:27:13,3313071.0,114,113,19,41.8936747631579,-87.8057131491228,High
RouteID_4287ebd4-651d-4c65-84bc-3575339bf6f9,DSE5,2018-08-08,14:40:58,4247527.0,110,109,10,47.26242765454546,-122.46238741818182,High
RouteID_4295ab5a-c8ab-4823-9115-f5f409368705,DSE5,2018-08-19,14:56:04,4247527.0,144,143,10,47.28878499305555,-122.51767504861112,High
RouteID_42aceda3-7e8c-417a-82d6-70b6098fe00a,DSE4,2018-08-03,15:04:33,3313071.0,172,171,26,47.74212856395348,-122.17378777325581,High
RouteID_42b3561b-d2f6-47c2-9e19-0810688239ee,DLA7,2018-08-07,14:30:00,3313071.0,141,140,21,33.938866617021276,-117.95865589361698,High
RouteID_42d19e98-851e-4d5e-9fca-8060c1c12ed7,DSE2,2018-07-30,15:43:40,4247527.0,118,117,19,47.64263976271186,-122.36073650000004,High
RouteID_42d51f08-d43d-4a60-8d12-538461d742ae,DSE2,2018-08-15,14:12:44,3313071.0,124,123,16,47.55692659677418,-122.30154723387089,High
RouteID_42e1ee14-e0fe-4a71-b8b2-045cb6a2d767,DCH1,2018-07-25,14:36:16,3313071.0,103,102,15,41.9163240776699,-87.7181036699029,Medium
RouteID_42e7d467-b118-46a0-b609-d53e8b168543,DSE4,2018-08-20,15:17:21,3313071.0,157,156,28,47.7788563121019,-122.20524330573251,Medium
RouteID_42eaae80-7d36-43a7-bd1a-7b8ed8b7b3d5,DCH2,2018-08-10,15:01:41,3313071.0,178,177,22,42.00427316853932,-87.84386854494382,High
RouteID_42ec642f-018f-4498-a05e-9a7e2cf3fd2f,DLA7,2018-08-12,14:26:58,3313071.0,149,148,30,33.843946060402686,-117.79527886577179,Medium
RouteID_42efc86e-3425-4fa5-afd9-bbf3c34f2e31,DLA9,2018-08-15,14:21:29,4247527.0,137,136,23,33.597580948905126,-117.6913227080292,Medium
RouteID_430b3398-b635-423a-bfb0-09a6ca8c0412,DLA7,2018-07-26,16:22:42,3313071.0,146,145,27,34.12874178767124,-117.71470890410961,Medium
RouteID_43111a46-baca-446d-ad84-3d2d0c236381,DBO3,2018-08-08,12:15:00,4247527.0,146,145,20,42.300673397260276,-71.41592670547949,Medium
RouteID_43142eba-92cb-4be6-8d24-416bf0c70723,DCH4,2018-08-15,14:06:44,4247527.0,157,156,22,42.087146592356696,-88.06329682802557,Medium
RouteID_4317b6fb-43a1-4fd2-9528-7b92e500e496,DCH1,2018-08-05,14:40:21,3313071.0,113,112,15,41.92189638053096,-87.76885513274335,Medium
RouteID_4338a9e4-8ad0-4020-b912-5350788eb45f,DLA7,2018-07-27,16:33:06,3313071.0,169,168,23,34.144869597633146,-117.60597949704139,Medium
RouteID_433f5bfb-47d0-472b-b8c3-8f205868f0e9,DSE2,2018-08-03,14:03:06,3313071.0,108,107,16,47.58160243518515,-122.30652075925924,High
RouteID_4342da29-6167-4baa-a556-5cc085a970b7,DBO1,2018-08-11,12:45:00,3313071.0,119,118,13,42.423558848739496,-71.07875394117646,Medium
RouteID_43468dbc-221d-4d1a-a025-67b539817861,DLA7,2018-08-08,15:17:40,3313071.0,150,149,21,34.1421507,-117.84548438000003,Medium
RouteID_434f5a5d-2d92-46b8-abde-934ab80cef2b,DSE5,2018-08-21,15:18:41,4247527.0,137,136,10,47.25583353284671,-122.48874374452556,Medium
RouteID_4358d059-9a07-4141-9008-36cea866a8bb,DAU1,2018-07-31,15:08:38,4247527.0,130,129,31,30.28798928461537,-97.7705152692308,Medium
RouteID_43592c37-156e-4268-a013-d6e78671ad4c,DBO3,2018-08-04,12:03:07,4247527.0,117,116,14,42.12921264102564,-71.08459081196581,High
RouteID_435f5347-f924-48d3-8219-3a06ccb32c84,DCH4,2018-08-08,15:19:23,4247527.0,144,143,15,42.21338011111111,-88.15492862500001,Medium
RouteID_436fe1a0-09db-4b51-b436-aa7e2aa38df9,DSE5,2018-08-15,15:00:30,4247527.0,131,130,11,47.26342326717557,-122.35252385496186,Medium
RouteID_43767e82-7ffd-4b7e-9fb0-044a723f8878,DAU1,2018-08-08,14:46:29,4247527.0,168,167,27,30.28096704166668,-97.8300705892857,High
RouteID_438dba37-58b5-4cc0-bae7-488a1d32a3da,DSE5,2018-08-11,14:35:59,4247527.0,118,117,11,47.23026566949152,-122.42260434745764,High
RouteID_43933a4b-1a29-457b-a0df-36223ad1d3bc,DBO2,2018-07-24,13:41:07,3313071.0,129,128,22,42.35774020930235,-71.1943825348837,Medium
RouteID_439dfa62-eb8c-47b1-9b28-af165863dff2,DLA7,2018-08-11,14:26:40,3313071.0,112,111,19,33.82994751785716,-117.9067094017857,Medium
RouteID_43a9861f-2403-43f7-8d6c-38fb62f8a597,DBO3,2018-08-16,12:47:16,3313071.0,150,149,18,42.206507673333334,-71.73443452666669,High
RouteID_43a9d332-6915-46c5-9862-15a868e84038,DLA7,2018-08-10,14:30:15,3313071.0,152,151,21,33.81805449342106,-117.78337694078947,Medium
RouteID_43aa044b-75d0-4fb6-bd65-f86c51846d9f,DLA8,2018-08-11,15:49:01,3313071.0,91,90,24,34.06004607692308,-118.39255143956049,High
RouteID_43c3796f-10d3-4dc8-a66e-c86387c9b177,DBO3,2018-08-17,12:06:21,4247527.0,170,169,29,42.159015,-71.32627131176471,Medium
RouteID_43c5479c-69d5-415c-af7d-ec09bcc4c92d,DLA7,2018-08-17,14:10:30,3313071.0,143,142,20,33.9146867062937,-118.01470644755244,Medium
RouteID_43d07a01-6751-492a-9233-e14ea684804d,DCH3,2018-07-25,15:30:00,3313071.0,207,206,21,41.89179281159422,-88.33664320772942,High
RouteID_43d6f077-0ef6-4e39-bad5-6ef1d699aa38,DCH4,2018-08-16,14:16:17,4247527.0,175,174,22,42.057806325714296,-87.97697885714287,Medium
RouteID_43ddc48b-f428-44aa-8c4e-a68545d0bb6d,DLA9,2018-08-15,15:59:30,3313071.0,129,128,22,33.67403353488371,-118.00017606976742,High
RouteID_43dffcb4-b327-4a81-8a1f-41487dd84876,DCH4,2018-07-28,14:00:20,3313071.0,190,189,35,42.19170289999999,-87.94793771052629,High
RouteID_43eebb1d-c70b-4372-9cf9-48c42f06144d,DCH3,2018-07-31,14:17:41,3313071.0,182,181,17,41.72207553296705,-88.26287162637365,High
RouteID_43eff27b-a40b-44ee-b729-caca0f560716,DLA7,2018-07-23,16:30:31,3313071.0,157,156,25,34.130838554140134,-117.71368914012743,Medium
RouteID_43f1ec8f-e45c-4f13-a08c-2f6e37e8ddfd,DLA3,2018-08-01,15:30:00,3313071.0,110,109,17,34.12512567272729,-118.35188662727272,Medium
RouteID_43f5cde7-87b8-4f2f-bf29-6bc1d9e08d00,DBO3,2018-08-14,11:27:40,4247527.0,170,169,25,41.976541641176475,-71.34418882941178,Medium
RouteID_440142d0-e650-4d5c-8c15-e88541e0c0aa,DSE4,2018-08-21,15:04:52,4247527.0,164,163,15,47.692216451219494,-122.32049783536588,High
RouteID_4403addb-64a0-447c-a3a2-8317c498897e,DLA9,2018-07-25,13:55:56,3313071.0,168,167,22,33.60098601785713,-117.66282105952385,Medium
RouteID_44210f00-bf2e-4e37-a081-be5a4606fdf0,DLA9,2018-07-31,14:33:24,4247527.0,150,149,24,33.64988514666665,-117.66660674666673,Medium
RouteID_442e55e7-90c0-4f87-af31-819c71a83314,DLA7,2018-08-14,15:38:08,3313071.0,189,188,26,33.9622654021164,-117.5987995767196,High
RouteID_4430db80-e89c-4a32-8791-25f785fd05f4,DSE5,2018-08-26,15:28:50,4247527.0,163,162,11,47.182072073619636,-122.4474282822086,High
RouteID_4437c267-d648-4a6c-ae4e-114375dab475,DSE5,2018-08-15,14:05:48,3313071.0,175,174,15,47.49443313714285,-122.25127985714285,Medium
RouteID_4437d348-1be7-45e0-bbcf-6d9819da0377,DLA9,2018-08-11,15:00:00,4247527.0,123,122,31,33.69578319512194,-117.7500111300813,High
RouteID_444019a5-0419-4329-b915-3944c175af4b,DLA7,2018-08-11,14:32:12,3313071.0,167,166,27,33.78538110179639,-117.81842377245506,High
RouteID_4449a5ec-3a32-4188-86bb-c4c7253de5c2,DCH3,2018-08-16,13:36:43,3313071.0,145,144,16,41.68440114482761,-87.98842697931028,Medium
RouteID_44585757-796e-4db2-93b6-f5c7b27f42e3,DBO3,2018-07-31,12:21:28,3313071.0,116,115,24,42.282797517241384,-71.67625731896551,Medium
RouteID_446dad63-8a4a-48f1-a332-bba9c8d24c8c,DLA5,2018-08-16,14:18:26,3313071.0,171,170,22,33.860652736842106,-117.34898460233919,Medium
RouteID_446f5a82-3a7c-47c5-8b0f-6957b8a5b34d,DCH1,2018-07-28,14:32:08,3313071.0,154,153,17,41.846451324675336,-87.75245457142856,Medium
RouteID_4475d9b6-b148-43e4-9ffe-a13224d2b7e3,DLA7,2018-07-27,15:59:26,3313071.0,168,167,23,33.89480354761905,-117.51955145238101,Medium
RouteID_447e725b-f364-4292-8e11-fc3c5f2bf86f,DCH3,2018-07-20,13:00:50,3313071.0,156,155,12,41.58757691025642,-88.19856329487182,High
RouteID_4497ac23-a8f7-4717-b598-47c2a72e6617,DLA7,2018-07-21,14:30:41,3313071.0,148,147,21,33.898815662162164,-117.91237552027027,High
RouteID_44a88e4f-3d5e-48df-91ad-b61aa465a348,DCH3,2018-07-22,14:17:59,3313071.0,195,194,21,41.87261618974356,-88.34092261538466,Medium
RouteID_44ac8904-5504-4623-bf2e-eb959a062bc0,DSE2,2018-08-07,14:39:13,4247527.0,136,135,15,47.55716163970589,-122.30014759558817,High
RouteID_44b4299d-24a9-4153-b081-904d5580cbc5,DCH3,2018-07-30,13:06:11,4247527.0,202,201,18,41.732437257425765,-88.33966654950491,Medium
RouteID_44b9118b-edbe-436b-a916-7621b0cc0731,DLA5,2018-07-30,16:17:09,3313071.0,175,174,23,33.95910371428571,-117.40183230285724,Medium
RouteID_44eaa33d-401e-4a61-bbdf-0b29e819543a,DCH2,2018-07-31,14:05:26,3313071.0,103,102,24,41.980169339805826,-87.6713940970874,High
RouteID_44f05e18-630d-48e2-b07f-ae93261c1ba3,DBO2,2018-08-16,14:18:10,3313071.0,129,128,20,42.352553968992225,-71.16374331782944,Medium
RouteID_450e7d9a-fa77-40e5-ac6c-4971f79e7ab4,DCH3,2018-07-27,12:53:51,3313071.0,195,194,18,41.6472098923077,-88.23265283589751,High
RouteID_451a5232-f32b-4eb1-9051-945bae918d36,DSE5,2018-08-07,14:28:56,4247527.0,138,137,10,47.19682642028985,-122.38658560869571,Medium
RouteID_452b0b8e-df19-4965-b9c9-36cfc700721b,DCH2,2018-07-31,13:27:54,3313071.0,161,160,22,42.076690267080735,-87.69934624223606,High
RouteID_452c0278-638f-4f85-8f2b-63c030d3af43,DSE5,2018-08-01,14:28:59,4247527.0,197,196,16,47.290636583756346,-122.38748028426392,Medium
RouteID_453c9b75-6341-4f85-a47d-ed0c51a5cb16,DLA7,2018-08-04,15:09:07,3313071.0,151,150,22,33.89810403311258,-117.85952481456954,High
RouteID_4541d1fc-3ce6-4fc8-99be-3e0d4b5383c2,DSE4,2018-08-02,15:37:17,4247527.0,76,75,13,47.681464723684215,-122.32376405263159,High
RouteID_4544f2d1-edc1-4ac9-8b0a-5118e844045a,DSE4,2018-08-10,15:31:19,4247527.0,90,89,11,47.67799638888885,-122.2894876777778,High
RouteID_4569e072-a4c3-4d5f-974f-439b1d9b91bd,DAU1,2018-08-03,15:10:38,4247527.0,188,187,33,30.440400531914896,-97.81017645744683,Medium
RouteID_4572dcba-e4a0-4de7-9470-055f8722979b,DLA9,2018-08-23,15:57:18,3313071.0,124,123,20,33.66171632258063,-117.90785413709676,Medium
RouteID_45873b4c-da47-4e8d-9b3c-bdcd53a7449d,DSE2,2018-07-26,14:09:08,3313071.0,125,124,20,47.610900951999994,-122.29187148799997,Medium
RouteID_458d8ea6-d48e-4fa7-bae4-7750f0c9954a,DLA7,2018-08-16,16:00:00,3313071.0,158,157,22,34.03074286075949,-117.8759073924051,Medium
RouteID_45c00152-26e3-4d97-b4ed-2ea44ca03afb,DCH4,2018-08-16,15:32:32,3313071.0,187,186,23,42.293377582887715,-88.08535579144387,Medium
RouteID_45d665b7-f5c4-475a-8237-0ec3f21597e9,DLA7,2018-07-30,16:00:00,3313071.0,149,148,26,34.03172982550335,-117.87302259731538,Medium
RouteID_45d8fba9-02b5-4f6d-b7a2-3ea1779cd9f9,DLA3,2018-08-12,14:16:12,3313071.0,99,98,15,34.047595292929294,-118.28417636363635,High
RouteID_45da35ee-e369-4303-a7d7-37ff90fe6dce,DLA9,2018-08-16,16:04:36,3313071.0,142,141,21,33.671578408450685,-117.98808756338025,High
RouteID_45f55036-b864-4399-9b69-b8c6bd0a6d65,DBO2,2018-08-13,13:45:00,4247527.0,170,169,26,42.163382958823505,-71.0113658117647,Medium
RouteID_46032303-ab9b-45de-8ebb-10596e261b3b,DLA7,2018-08-07,14:55:04,3313071.0,141,140,22,33.85326341134752,-117.74497970921982,High
RouteID_4604dbcd-6b1f-4941-8b2b-28809e54dd9e,DCH4,2018-08-14,13:37:28,4247527.0,151,150,16,42.17110489403974,-88.32028760264902,Medium
RouteID_461362c5-9c9a-4570-b98f-f8617a4e3de4,DBO3,2018-07-30,12:15:00,4247527.0,143,142,27,42.282187370629366,-71.38390765734263,Medium
RouteID_461d7ad7-e85d-47f1-b367-64a36c002b7a,DBO3,2018-08-15,12:08:55,4247527.0,145,144,25,42.0053963103448,-71.25074274482759,Medium
RouteID_4627833f-6e12-4980-9cf0-7a4ee8bed3ce,DLA7,2018-07-25,16:00:00,3313071.0,171,170,22,34.12249523976609,-117.64045985380123,Medium
RouteID_462dcfbb-edda-4204-bc82-c859b8890f66,DLA9,2018-08-11,13:49:59,3313071.0,119,118,24,33.55974392436975,-117.64478084033617,Medium
RouteID_4642b6e3-62d1-46e8-bb5d-fbb9eb4bfa71,DSE5,2018-08-10,13:59:35,4247527.0,166,165,15,47.1101024578313,-122.25761239156624,Medium
RouteID_464479a8-74a9-4e08-b8af-16fa628d3d50,DCH4,2018-08-06,14:24:39,3313071.0,167,166,25,42.08805862874249,-87.97341728742512,Medium
RouteID_464488dc-917f-4823-9d17-714d8fc44b9d,DLA7,2018-08-07,15:55:24,3313071.0,186,185,22,33.90829515053763,-117.58806791935484,Medium
RouteID_464576f3-ed2d-4797-995c-238c0a0f09ab,DSE5,2018-08-08,13:54:23,4247527.0,157,156,14,47.289348968152865,-122.28451848407647,Medium
RouteID_4673173f-cb2a-47c4-9bab-bbb7b46e83ba,DLA7,2018-08-01,16:00:00,3313071.0,141,140,19,34.13958615602837,-117.86256500709221,Medium
RouteID_4674d12a-24c1-4665-9dbb-1ec21f451234,DSE4,2018-07-27,14:57:09,3313071.0,147,146,24,47.74141621088437,-122.1579953469388,High
RouteID_468a08d3-4f88-4059-9190-95053d4436b7,DCH4,2018-07-31,14:06:52,3313071.0,178,177,27,42.188578331460675,-87.99381060674155,Medium
RouteID_46a0f815-4afe-4eaa-b34a-754e712e9b9a,DLA7,2018-08-15,15:04:29,3313071.0,132,131,20,34.141473924242426,-117.87176856060609,Medium
RouteID_46a3091f-d960-4b2f-8d02-f7f2b0197aa7,DCH1,2018-08-07,14:58:14,3313071.0,175,174,18,41.73012950285714,-87.82600901142852,Medium
RouteID_46a7e9e1-56d1-4492-9ddf-e8a4f0093760,DSE4,2018-07-26,15:33:43,3313071.0,172,171,23,47.90846855813951,-122.30880651162798,Medium
RouteID_46aa4a73-b48b-4d87-a5f6-1ee4614c64d6,DLA3,2018-07-28,15:46:05,3313071.0,169,168,23,34.10955631360948,-118.28459093491122,High
RouteID_46aac938-688c-4671-80f4-406cc7b3e1e7,DSE5,2018-08-22,15:25:03,4247527.0,153,152,12,47.20382611111111,-122.43688777124181,Medium
RouteID_46ad0f6e-1e1c-4e42-b851-e33cbfb0466a,DCH2,2018-08-14,14:03:23,3313071.0,157,156,22,41.98654164968152,-87.70043487261144,Medium
RouteID_46bd777c-fe55-4bf4-a0d9-6094ee4b07db,DLA7,2018-08-01,16:35:08,3313071.0,152,151,17,34.11525984210527,-117.58759065789476,High
RouteID_46cb85fd-a14e-4500-bb23-e5a23572b52f,DSE5,2018-07-29,14:51:31,3313071.0,162,161,12,47.26955944444443,-122.28617611728396,Medium
RouteID_46d6745b-dfb2-4242-969a-599a49db14c4,DBO2,2018-08-07,13:45:00,3313071.0,126,125,18,42.28810573015874,-71.05985229365078,Medium
RouteID_46de55e4-b5bb-48fd-baa1-6d8b147e3535,DLA9,2018-08-26,15:56:54,3313071.0,151,150,27,33.71836933112584,-118.0030645827815,Medium
RouteID_46ead2f2-e1e3-4ab3-838f-835a944d6a59,DLA3,2018-08-07,16:07:05,3313071.0,88,87,19,34.10246247727271,-118.29463735227269,High
RouteID_46ec78c2-54e8-4c59-a3c5-c19927d0c886,DSE4,2018-08-14,15:01:05,3313071.0,175,174,25,47.81682246857142,-122.25305896571423,Medium
RouteID_4702bd1b-4553-42b3-bab9-dde9dab1c31f,DSE4,2018-08-06,14:43:43,3313071.0,132,131,26,47.76526125757576,-122.24331079545458,Medium
RouteID_47031169-4f7e-45b2-851f-221ff269b054,DLA7,2018-07-25,16:33:31,3313071.0,159,158,22,34.12430758490564,-117.59959154716981,High
RouteID_47098b63-05a2-4dd7-9998-49abb6db18ce,DLA8,2018-07-24,16:42:17,3313071.0,175,174,18,33.84270231428573,-118.06894021714281,Medium
RouteID_4711a81d-e30d-42d9-be13-036970e61832,DBO3,2018-08-02,11:27:58,4247527.0,135,134,25,42.37121680740741,-71.25517294814816,High
RouteID_47499a90-e9cb-4292-ba31-d68e67212b79,DSE4,2018-08-21,14:49:43,3313071.0,148,147,21,47.816157358108114,-122.270544,Medium
RouteID_474fd8e0-c4c4-4fbd-9823-b9b2184cd73d,DAU1,2018-08-09,14:33:48,4247527.0,136,135,27,30.27905276470589,-97.79976304411768,Medium
RouteID_47634668-1bba-4783-9fb1-be88822a3e78,DLA7,2018-07-22,16:32:40,3313071.0,174,173,25,33.99176636206896,-117.82223482183902,Medium
RouteID_4765734b-1db4-47c0-b391-af8a6084eb38,DBO3,2018-07-30,12:44:07,4247527.0,172,171,31,42.32211451162791,-71.36290467441863,Medium
RouteID_476da649-cb39-45d0-a9c5-5f2a0af43301,DLA9,2018-08-08,16:04:20,3313071.0,123,122,21,33.71916033333332,-118.05191448780486,Medium
RouteID_4774356d-68a9-4ec9-931e-7da95882fafe,DCH1,2018-07-19,14:53:32,3313071.0,144,143,25,41.90158041666666,-87.78604912500003,High
RouteID_4777b19b-d4f8-4b72-9cc7-c7a70f1954af,DCH1,2018-08-14,14:51:00,4247527.0,162,161,19,41.699023067901244,-87.78631161111113,Medium
RouteID_47805220-642f-4293-bc20-bf3a1c4f5b24,DLA9,2018-08-01,14:03:36,3313071.0,118,117,22,33.58251623728813,-117.74004296610171,High
RouteID_479657fa-4210-427c-b5cc-06267c91636f,DCH4,2018-08-08,15:39:32,4247527.0,195,194,29,42.11182449230772,-88.03732312307699,Medium
RouteID_47a15b54-0a83-4152-86cd-ce9eaf400c39,DLA5,2018-08-08,15:24:22,3313071.0,168,167,19,34.0434119047619,-117.03398994642859,Medium
RouteID_47a640a0-19b4-4a82-b675-00da3fd29b3d,DCH3,2018-07-31,14:59:02,4247527.0,166,165,19,41.75217960843373,-88.20133883734935,High
RouteID_47a76580-bd09-4e77-91bc-a6778ceda7f9,DBO2,2018-08-08,13:18:26,3313071.0,151,150,25,42.270764304635755,-71.07271461589404,High
RouteID_47a84731-eced-422f-b3c8-56137ec6d772,DBO3,2018-07-27,12:22:58,3313071.0,165,164,28,42.278684630303026,-71.73321505454547,Medium
RouteID_47ab2d15-2eaf-4a78-ab56-65a65586d629,DLA7,2018-07-27,14:45:14,3313071.0,166,165,23,33.828388873493964,-117.87883490361439,High
RouteID_47ad9422-08c1-4ba0-a135-10cd9433b302,DCH4,2018-08-03,15:00:33,4247527.0,142,141,24,42.058391154929566,-88.09844698591554,High
RouteID_47afeff8-d7b2-4f18-9858-fe337950aa2b,DSE4,2018-08-08,14:42:42,3313071.0,183,182,21,48.06323113114753,-122.15332168306017,Medium
RouteID_47bfbc99-9703-4e42-9e6e-ed6164522653,DBO3,2018-07-27,12:22:24,4247527.0,205,204,26,42.17757276585364,-71.39407455609755,High
RouteID_47c74567-2e76-4d97-ac26-43e9197b9829,DLA8,2018-07-19,16:41:26,3313071.0,107,106,11,33.817269551401864,-118.3044990747664,High
RouteID_47c9ed8a-a4e7-42ca-8358-236fd06e9f59,DLA9,2018-08-14,13:48:43,3313071.0,130,129,23,33.5881785923077,-117.6209640384615,High
RouteID_47d09204-e2af-4293-b151-7ec5c992ba96,DBO3,2018-08-03,12:25:55,4247527.0,169,168,24,42.059323136094676,-71.25122313017751,Medium
RouteID_47d13b50-08a2-470f-9769-35f0bc0e9c3b,DLA9,2018-08-24,15:09:48,3313071.0,121,120,18,33.77047790909091,-118.10828974380163,High
RouteID_47d52d08-bf08-4632-a0b5-dc6397cba32f,DSE5,2018-08-13,15:24:52,4247527.0,123,122,11,47.308937422764224,-122.41914807317076,High
RouteID_47f38c7b-541d-4906-8dc8-eb397451b294,DLA9,2018-08-06,15:27:00,3313071.0,182,181,22,33.751514472527454,-117.98177743956049,Medium
RouteID_47f85093-e0ae-40b1-8de1-eafb7b40542e,DBO3,2018-08-01,11:30:00,4247527.0,150,149,15,41.84999361999997,-71.44869969999999,Medium
RouteID_47ff76de-3e60-4f87-bc7a-2b2fa8f724a3,DSE2,2018-08-09,14:56:18,4247527.0,119,118,19,47.63425236134453,-122.3592073697479,High
RouteID_48002fe3-19ce-4438-af15-536f019b012e,DLA8,2018-07-21,15:02:12,3313071.0,130,129,22,34.0133227923077,-118.43250723846153,High
RouteID_48274e67-29e0-4db7-8f67-eb2d2c3465a0,DLA7,2018-08-03,14:32:19,3313071.0,118,117,23,33.87874158474576,-117.90806922033902,Medium
RouteID_4832e138-2d99-43e5-bc69-ce0e227440d0,DLA3,2018-08-08,14:52:57,3313071.0,87,86,17,34.07678650574712,-118.30715760919539,Medium
RouteID_483c89cd-41cd-4995-a1f1-432eb9fddeed,DLA5,2018-08-10,16:04:53,3313071.0,191,190,26,33.87183947643979,-117.465765104712,High
RouteID_48454abb-1c54-4ba1-9ca2-468eb287525c,DLA8,2018-07-24,14:56:03,3313071.0,135,134,25,33.77316608148148,-118.1559881481481,High
RouteID_4848e48f-2d39-4306-a83b-d866172a9a6a,DLA4,2018-08-09,15:52:08,3313071.0,131,130,12,34.15614538931296,-118.6071484732824,Medium
RouteID_4853a875-8cc9-4cd8-ab54-6e137907503c,DLA9,2018-08-12,15:52:22,3313071.0,138,137,26,33.66184784782609,-117.99297331159421,High
RouteID_485ecbba-31b8-488d-872e-32fd4565e694,DSE5,2018-08-10,15:00:00,3313071.0,151,150,14,47.383272470198676,-122.03385068874171,Medium
RouteID_485fe6e4-9e23-4df5-ac1b-1b9dfebf0051,DSE4,2018-08-04,14:33:29,3313071.0,163,162,28,47.714207619631885,-122.23324079141098,Medium
RouteID_48610cd4-79a0-4191-b0d2-8ac3da3efd09,DSE5,2018-08-21,14:04:13,3313071.0,177,176,15,47.500870576271204,-122.36280606779657,Medium
RouteID_4868549b-ed30-4b83-af03-0201f78974ae,DBO1,2018-08-03,13:07:00,4247527.0,180,179,28,42.45091458333336,-71.13336373333335,High
RouteID_487471cb-b4c2-4f71-a9c1-b11d7a8e8970,DSE2,2018-08-14,14:51:39,4247527.0,87,86,19,47.634421965517234,-122.35157819540228,High
RouteID_4876274c-ac2a-4d5f-a1d3-e0879352ccf1,DLA3,2018-07-29,16:54:12,3313071.0,158,157,19,33.96958257594935,-118.22011254430373,High
RouteID_487a97c7-12c1-427e-90e3-f43562ccd9fa,DSE4,2018-08-03,15:08:19,3313071.0,184,183,25,47.795196108695656,-122.25541213043476,Medium
RouteID_488c0478-2fc2-4687-956d-12fea458fa4e,DLA7,2018-08-06,15:09:24,3313071.0,125,124,19,33.91464632800002,-117.873910504,High
RouteID_4893f932-c8d5-4f01-80d9-b3e4c0e16fdc,DLA4,2018-07-31,14:24:53,3313071.0,122,121,16,34.148070721311484,-118.38476607377046,High
RouteID_48941770-22e1-4c37-9d62-b3db81900ba6,DLA7,2018-08-01,15:50:41,3313071.0,165,164,16,33.983063418181814,-117.5680507151515,High
RouteID_4895db7d-cd33-40e5-a1b1-e6259fc02528,DLA8,2018-08-02,16:15:00,3313071.0,134,133,24,33.881263141791045,-118.4012920597015,High
RouteID_489c725a-0693-46ad-bb2f-fbed82dc5837,DLA7,2018-08-13,14:32:07,3313071.0,130,129,20,33.93924204615384,-117.95954813846156,Medium
RouteID_48a5536a-7ee7-41d8-aac2-2e5cea375987,DAU1,2018-08-02,14:17:47,4247527.0,106,105,24,30.249627632075477,-97.77454457547167,High
RouteID_48a9235d-3613-4cd9-aa8c-abdf64c9940c,DBO2,2018-08-08,13:45:00,4247527.0,80,79,20,42.314747049999994,-71.050034775,High
RouteID_48b81b0b-4502-40c8-8a0a-0e67178f1bb3,DCH1,2018-08-03,15:00:00,3313071.0,91,90,22,41.91244704395604,-87.69226265934067,High
RouteID_48c140d4-c791-4b5f-9d8f-cc9758297b7a,DLA7,2018-07-30,15:32:43,3313071.0,149,148,19,34.11760342281878,-117.44328495302017,Medium
RouteID_48d12006-30d7-411d-91f8-a35eeef548ec,DLA7,2018-08-09,16:42:09,3313071.0,141,140,23,34.125967751773054,-117.70521578014181,Medium
RouteID_48da8106-c758-4ff7-96d1-826bd6b90212,DBO3,2018-07-25,11:30:00,4247527.0,150,149,21,42.380766133333346,-71.1897047933333,High
RouteID_48e08959-987e-4746-bf10-3eb08ca299d5,DAU1,2018-08-14,14:50:04,4247527.0,161,160,29,30.276607037267098,-97.82289571428578,High
RouteID_48e2d5d6-ec00-4a6e-8df0-ed31b78410f3,DSE5,2018-07-27,13:59:14,4247527.0,161,160,14,47.11092522981365,-122.31350496273295,Medium
RouteID_48e5adb4-daf6-4c2a-a9dc-0576a45721a3,DLA9,2018-08-14,14:24:33,3313071.0,158,157,28,33.71839501898734,-117.80811277848095,Medium
RouteID_48f4cfad-d734-4683-b61e-4d25ae3153ab,DLA8,2018-07-26,17:44:09,3313071.0,121,120,21,33.879202818181824,-118.4018848512397,High
RouteID_48f9b32e-0f38-431b-a0b0-69bfbef633f0,DLA9,2018-08-10,16:05:12,3313071.0,124,123,24,33.68333777419353,-117.78578991129031,High
RouteID_490bc1a9-1899-41f2-b05f-e88a2bc18570,DBO3,2018-08-01,12:15:00,4247527.0,170,169,31,42.30913409411766,-71.33440633529415,High
RouteID_4911a788-48d0-4229-ac92-a70d3a5fa2cf,DCH4,2018-07-24,15:26:04,4247527.0,168,167,20,42.15860004761904,-88.27096799404765,High
RouteID_491b6101-ac90-4b30-82b1-86cadb2df6a8,DBO2,2018-07-24,13:29:21,4247527.0,180,179,26,42.28646224444443,-71.1583329277778,Medium
RouteID_49241a0e-00eb-401a-93ab-ce909f56dd8a,DLA7,2018-08-16,14:51:22,3313071.0,131,130,22,33.85640166412215,-117.74074058778626,High
RouteID_4929e984-b062-4f4f-9513-c1f7cefea730,DCH4,2018-08-17,13:55:38,4247527.0,161,160,21,42.06863126708073,-88.20991078881984,Medium
RouteID_492ce47a-9335-4631-be76-87ab87744cdc,DCH4,2018-08-13,14:11:50,4247527.0,175,174,26,42.07125553142856,-87.96573073142856,Medium
RouteID_49462c90-b093-4cf6-a0a9-a9d8aa382c7d,DLA9,2018-08-21,15:49:04,3313071.0,114,113,24,33.661767938596505,-117.88666228070177,High
RouteID_494a66df-24d3-426e-9305-b48e04f4c899,DLA7,2018-08-02,15:15:04,3313071.0,139,138,22,34.0325659856115,-117.77598073381297,Medium
RouteID_4980361c-9672-43d5-9097-ca7d66cdb83b,DLA8,2018-07-27,15:39:32,3313071.0,81,80,17,33.98638649382716,-118.46335670370374,Medium
RouteID_49923878-b335-40da-9584-6153a1f8eca1,DLA3,2018-07-24,15:13:31,3313071.0,96,95,20,34.09310269791667,-118.30068257291667,High
RouteID_49961695-52b0-4efd-b85c-690a056f7de6,DBO2,2018-07-27,12:05:35,4247527.0,94,93,14,42.31843727659576,-71.0982375106383,Medium
RouteID_49a6e711-1006-494f-b4c9-847cbbbf0cbf,DLA7,2018-08-09,16:23:57,3313071.0,157,156,22,34.13240259872614,-117.75851913375799,High
RouteID_49aefc69-73cc-4e12-86d4-2d1953b90f37,DCH4,2018-08-14,15:00:00,4247527.0,151,150,24,42.36690974834439,-87.92660649006619,Medium
RouteID_49bd90dc-53bb-4bb0-b021-de56763bc405,DCH3,2018-07-22,15:30:00,3313071.0,191,190,19,41.892206591623044,-88.18117432460724,Medium
RouteID_49c71725-58f8-4365-8b74-6c5fce67ecef,DBO3,2018-07-26,12:15:00,3313071.0,200,199,34,42.30442797500004,-71.70527936,Low
RouteID_49c9fd9b-6a3b-4b97-a121-575f3cd69578,DCH1,2018-08-07,14:59:55,3313071.0,80,79,26,41.94989701249999,-87.65349155,High
RouteID_49ca91d5-1cd5-4efa-9fed-7fca0de15f89,DLA7,2018-07-23,15:42:51,3313071.0,130,129,15,33.990981792307686,-117.5388529153846,Medium
RouteID_49df3871-c437-47a2-aa71-658abcba5f9c,DLA9,2018-08-14,14:25:37,4247527.0,150,149,24,33.64902562000001,-117.66710932000002,High
RouteID_49ef11ce-d64e-4025-903c-8de13b52e63b,DLA8,2018-07-30,17:28:16,3313071.0,175,174,22,33.87187913714286,-118.34763383428574,Medium
RouteID_49f82f0d-95e3-486c-be9c-0bf6b71b77ee,DLA7,2018-08-12,15:01:30,3313071.0,132,131,27,33.883929477272716,-117.81387365151514,Medium
RouteID_49fbd281-adbe-48c7-9a99-587bcf5a9435,DBO2,2018-08-02,14:17:57,3313071.0,151,150,31,42.282190291390755,-71.2310934437086,Medium
RouteID_49fdeaf1-936b-4f96-85b6-cc1a5cc07569,DSE4,2018-08-16,15:45:36,4247527.0,121,120,13,47.67448902479338,-122.29567670247935,High
RouteID_4a0472b0-c5d2-450b-b4fc-9e725092134e,DLA7,2018-07-27,15:09:31,3313071.0,158,157,25,34.1101495063291,-117.84744672151903,Medium
RouteID_4a08b1ea-e05b-40da-86c0-02c623747663,DSE5,2018-08-04,14:01:58,4247527.0,200,199,15,47.289396864999965,-122.38500584500001,Medium
RouteID_4a112202-c581-4d03-b44c-3c94cfb2b347,DLA7,2018-08-14,14:25:57,3313071.0,127,126,21,33.87531147244095,-117.89087177165351,Medium
RouteID_4a128593-fe8a-4e47-a95b-b391fdd9668a,DCH4,2018-08-17,13:58:58,4247527.0,196,195,29,42.10769839285713,-88.11850747448979,Medium
RouteID_4a17ea28-88d4-4437-9fd8-69b7d5c9fc9b,DSE4,2018-07-27,15:52:25,4247527.0,100,99,24,47.67023579000002,-122.30983403999998,High
RouteID_4a181647-05ea-44e8-8f97-4bfe99767d0c,DSE4,2018-08-17,15:00:39,3313071.0,160,159,27,47.71428256874998,-122.19986784375001,High
RouteID_4a3b2f02-cdfe-45a9-be1c-746d2d2827bb,DLA7,2018-08-03,16:00:00,3313071.0,180,179,23,34.12736765,-117.54784134999998,Medium
RouteID_4a421e29-d853-4132-9a76-194fdb82c67a,DBO2,2018-08-09,13:34:17,3313071.0,153,152,24,42.160521026143805,-71.12528324836603,Medium
RouteID_4a43f8e8-4b6d-4454-b312-62d6759688d6,DSE4,2018-08-18,15:30:39,3313071.0,176,175,22,48.05609402840913,-122.12761665340909,Medium
RouteID_4a48cec1-86b0-442b-9edf-02a07bdc07d3,DLA7,2018-07-31,14:23:42,3313071.0,157,156,22,33.89726888535032,-118.0047687261146,Medium
RouteID_4a55ad0d-d039-4c05-b5e7-78b7bba78c3d,DLA4,2018-08-12,16:59:29,3313071.0,125,124,11,34.310477632,-118.44727580799996,Low
RouteID_4a6788f2-62dc-428f-a5b9-f7f9bfacba96,DBO3,2018-07-29,13:01:29,4247527.0,172,171,23,42.087020918604686,-71.33823279651162,Medium
RouteID_4a68c371-bd49-4327-a798-88c0a62f03f7,DLA7,2018-07-21,16:35:58,3313071.0,167,166,24,34.10137796407187,-117.75574236526951,Medium
RouteID_4a7b7894-f2a8-4ce8-9046-70bacb59cb01,DLA7,2018-07-22,16:00:00,3313071.0,182,181,23,34.12139047802198,-117.61894693406583,Medium
RouteID_4a873b5e-4a66-4156-aea6-6206f6d95f4e,DCH3,2018-07-29,13:03:22,4247527.0,203,202,23,41.90615466995076,-88.00099119704439,Medium
RouteID_4a8fe215-9746-4b0c-94f0-dd0127bb07ff,DSE4,2018-08-04,15:29:01,4247527.0,141,140,16,47.68959245390068,-122.30377006382987,High
RouteID_4a9ba924-33dd-480b-b10a-243631b9673d,DLA7,2018-08-09,14:43:10,3313071.0,147,146,22,33.91481065306124,-118.01397597278915,Medium
RouteID_4aadbfdb-3928-4b4b-bd14-072f9d60fa0f,DSE5,2018-08-24,15:11:13,4247527.0,188,187,15,47.289800148936145,-122.38551506914892,High
RouteID_4ac5068d-f0db-45d3-8201-1dac6892d3d0,DBO1,2018-08-17,13:04:08,4247527.0,153,152,19,42.515216653594784,-71.11579086274506,Medium
RouteID_4ace7e5a-c2ce-4d2e-b1a7-83e3696442b2,DSE4,2018-08-02,15:52:37,4247527.0,116,115,13,47.677110732758614,-122.29084206034481,High
RouteID_4ad4622a-f156-474c-aa2f-c0e80824ddbe,DBO2,2018-07-24,12:05:36,4247527.0,189,188,20,42.08383544973544,-71.00360922751324,Medium
RouteID_4ad4ddf8-61da-4947-a4ad-3da624c9bf03,DCH4,2018-07-26,15:33:32,4247527.0,185,184,23,42.18221071891893,-88.35155368648651,Medium
RouteID_4ad59250-4ad4-41ce-83fc-129767c22283,DCH1,2018-08-10,14:28:08,3313071.0,110,109,28,41.8814683,-87.78554168181815,High
RouteID_4ada5c23-a76d-4137-88b8-3d0e6c851575,DLA7,2018-08-06,14:30:00,3313071.0,153,152,27,33.877345882352955,-117.94125966666654,Medium
RouteID_4aea89a5-7f4b-4c3b-946b-943bc36148fa,DLA4,2018-07-25,15:04:55,3313071.0,169,168,13,34.20719690532544,-118.8350996449704,Medium
RouteID_4af4142c-1f8e-4f08-bb12-e46084393fd2,DBO2,2018-07-26,13:52:39,3313071.0,137,136,26,42.35750311678833,-71.19424769343063,Medium
RouteID_4b0a7777-49c8-4442-b515-754c37e968ab,DBO3,2018-07-28,11:32:11,4247527.0,118,117,16,41.83712694067797,-71.36727294067799,High
RouteID_4b0d937a-2513-4bca-9833-bbf1a5d63590,DSE4,2018-08-18,15:48:11,4247527.0,93,92,34,47.668742430107514,-122.3129110537635,Medium
RouteID_4b0f8b14-9dbf-4cd0-9ad0-f9b6ce31bb4d,DLA7,2018-08-08,16:34:27,3313071.0,97,96,9,34.01618786597939,-117.5799980927836,Medium
RouteID_4b163e49-3e85-43e6-b994-9ca8ae72ea1a,DLA9,2018-08-14,16:01:13,3313071.0,110,109,20,33.72009558181818,-118.03912564545458,High
RouteID_4b23c253-d842-40cd-b3e4-14ba69d2e679,DCH1,2018-08-15,14:37:29,3313071.0,108,107,18,41.89355721296298,-87.80569247222223,High
RouteID_4b2c6211-0573-4c7e-840d-c2e8b1db468f,DSE4,2018-08-01,15:24:09,4247527.0,120,119,15,47.6615391833333,-122.27794016666664,High
RouteID_4b2d1472-a97f-4331-ae2b-d0a9b3851e4e,DSE4,2018-08-14,15:08:45,3313071.0,167,166,26,47.80050973053893,-122.23462688622757,Medium
RouteID_4b35ee2e-75b7-4286-97cd-0a559e3b230c,DLA7,2018-07-20,15:10:56,3313071.0,150,149,20,33.89425397333333,-117.79154365333335,Medium
RouteID_4b3e7da9-5627-4b1e-af9e-63e549a76152,DLA7,2018-07-25,16:33:51,3313071.0,183,182,27,34.127971606557374,-117.70657538251363,Medium
RouteID_4b4a91db-cf27-4f99-92b1-1776afd7daff,DSE5,2018-07-30,15:38:29,3313071.0,178,177,20,47.446431320224704,-122.12503176966291,High
RouteID_4b4d8e72-7e4d-4a97-94c3-1c2b653c8503,DSE5,2018-07-30,14:36:50,4247527.0,115,114,6,47.21336979999999,-122.54301434782612,High
RouteID_4b5582b2-ad30-46b5-a814-eef450c82107,DBO3,2018-08-07,12:04:54,4247527.0,176,175,22,42.14969502840909,-71.41111563636362,Medium
RouteID_4b5df090-96f1-491e-91e2-0799de36bd93,DLA7,2018-08-05,15:01:29,3313071.0,156,155,25,33.86564210897438,-117.54331842948716,High
RouteID_4b6de95e-9ce9-4622-8665-55e527f36e0a,DCH1,2018-08-06,15:28:33,3313071.0,63,62,22,41.908341047619054,-87.68659353968253,High
RouteID_4b732bb5-3016-4df8-941d-9c61ea1c4b93,DSE5,2018-07-28,15:41:07,3313071.0,188,187,16,47.43000306914893,-122.15928327127662,Medium
RouteID_4b87f7c6-6f56-48d7-9dd8-916e6213fd7b,DLA4,2018-08-14,14:31:27,3313071.0,85,84,13,34.16875808235294,-118.46145243529416,Medium
RouteID_4ba0d71d-b87a-4bad-81a8-e4645e118ca4,DCH1,2018-08-11,14:40:57,3313071.0,85,84,13,41.940402023529394,-87.72165155294118,High
RouteID_4bcd7569-a73e-442d-a246-f4549d2191fb,DLA8,2018-08-13,14:57:19,3313071.0,80,79,22,33.7688896875,-118.17549815000002,High
RouteID_4bdd10f2-f001-49c7-8ec9-d43e7b9a2109,DLA9,2018-08-13,14:27:30,4247527.0,152,151,26,33.61204005263158,-117.690789993421,Medium
RouteID_4be375b3-a89d-406f-9605-08e0a7ffc4da,DLA7,2018-07-28,14:30:54,3313071.0,156,155,26,33.84441813461537,-117.95470521153852,High
RouteID_4be756fe-f03d-40e1-a1fe-09c45c8b608f,DCH4,2018-07-20,14:37:46,3313071.0,179,178,20,42.05864692178772,-88.11424089944131,Medium
RouteID_4bf6d9a4-2c45-4a3c-b9e3-49a48715df06,DSE4,2018-08-01,14:49:41,3313071.0,164,163,23,47.78089407317075,-122.206620597561,Medium
RouteID_4bfb788e-9ac8-4fce-b513-7da84e7de698,DSE4,2018-07-27,15:04:14,3313071.0,155,154,23,47.85557949677417,-122.22749497419363,Medium
RouteID_4c06b261-0443-46af-8deb-555e34156507,DLA3,2018-07-26,16:00:00,3313071.0,93,92,24,34.034441139784946,-118.2822512043011,Medium
RouteID_4c13d6b3-6365-4f00-8c7e-e41c646166b4,DCH2,2018-08-08,14:09:54,3313071.0,97,96,21,41.97805675257733,-87.67046759793817,High
RouteID_4c2beef4-22d2-49b4-94d2-b59b9ca2fb4a,DLA7,2018-07-31,16:18:56,3313071.0,181,180,23,34.10466192265193,-117.5989967348066,High
RouteID_4c2de082-63b5-4eaf-8932-97fc441af165,DLA4,2018-08-16,14:17:17,3313071.0,145,144,18,34.16257162758621,-118.39930185517238,Medium
RouteID_4c41f82f-0a8a-4bf8-924a-3aa71df59478,DLA3,2018-08-03,14:48:01,3313071.0,134,133,12,33.96886047761194,-118.23934482835817,High
RouteID_4c5e413e-b8b5-4a3d-96fa-f50a55cddf12,DLA9,2018-08-24,15:13:41,3313071.0,154,153,19,33.7564500974026,-117.98152230519476,Medium
RouteID_4c5edacb-b2d9-4532-aa56-b6f5c8f323ef,DLA9,2018-07-25,16:15:50,3313071.0,105,104,24,33.62874342857144,-117.8245454476191,Medium
RouteID_4c5fa0a1-95d0-416a-8189-5988f4b9a77c,DCH3,2018-08-07,14:27:23,3313071.0,190,189,19,41.714519189473684,-88.26186869473685,High
RouteID_4c74b4bb-2a34-4d7d-a38c-f66584f1e478,DBO2,2018-08-15,11:49:50,4247527.0,61,60,20,42.33505154098362,-71.08113439344262,High
RouteID_4c7c1e59-bdef-4f62-b237-7bb61964a1a2,DCH4,2018-08-13,13:39:40,4247527.0,163,162,22,42.077622073619644,-87.84341241104292,High
RouteID_4c7ff8bc-4533-448b-a253-0c502571ec76,DLA9,2018-07-21,14:31:10,3313071.0,107,106,16,33.736472373831766,-117.76067780373832,High
RouteID_4c891ac7-a6c7-4258-808d-10d006273620,DLA7,2018-08-14,15:05:00,3313071.0,129,128,23,33.92692047286822,-117.85259508527132,Medium
RouteID_4cab5921-6d5d-4530-99d4-e00cd672cc0b,DLA5,2018-08-11,16:23:00,3313071.0,183,182,19,33.944457934426225,-117.47611328961753,Medium
RouteID_4cb01a85-ffa0-45e6-b3c0-0d3dfd3374cd,DLA3,2018-08-08,15:30:00,3313071.0,66,65,23,34.089634424242426,-118.36106765151516,High
RouteID_4ccc8f33-d04b-47de-8465-0b5c3a96d5e2,DSE4,2018-08-14,15:53:13,4247527.0,115,114,14,47.69502146086958,-122.31381882608702,High
RouteID_4cd2cad5-e50c-40d7-af2f-8fc5fc6b56b0,DLA9,2018-08-06,15:55:59,3313071.0,126,125,23,33.7200003888889,-118.05053180952383,Medium
RouteID_4cd39093-4444-4bee-b342-444a00a70dfc,DCH4,2018-07-27,15:31:34,4247527.0,180,179,26,42.08997040000002,-87.9741350222222,Medium
RouteID_4ce87306-6d7d-49ce-8198-ab00a6fa7f4d,DSE5,2018-08-13,14:57:08,4247527.0,137,136,10,47.20850803649635,-122.36619681021892,Medium
RouteID_4d0a01f5-526a-4f35-a113-7d6847fdc0cb,DBO3,2018-08-01,12:43:43,4247527.0,211,210,26,42.22884169668246,-71.43004232227489,Medium
RouteID_4d118278-6f3d-4ed3-9983-dd8f580aea61,DLA7,2018-07-27,15:09:22,3313071.0,202,201,26,33.85285646534655,-117.58133562376243,Medium
RouteID_4d123e52-f8da-4d59-b4e4-6d2c225435e0,DCH4,2018-08-17,15:40:57,3313071.0,179,178,24,42.16676411173183,-87.98843356983238,High
RouteID_4d246681-549e-4e28-a834-4efacbedec9b,DAU1,2018-07-29,15:16:46,4247527.0,184,183,38,30.444322891304335,-97.8009434184783,Medium
RouteID_4d258d43-b053-4f00-96ef-55bb58cca10a,DCH4,2018-08-10,15:17:00,4247527.0,162,161,17,42.10998880246915,-88.09938452469137,High
RouteID_4d2c7f2b-3863-45ed-962a-bc0d07727eeb,DSE4,2018-08-06,14:39:14,3313071.0,164,163,29,47.720881719512214,-122.23203437804872,Medium
RouteID_4d3d69c6-28b9-44fe-9b04-4d5d643eb26f,DSE5,2018-08-20,14:58:35,3313071.0,162,161,15,47.39941964197533,-122.19507117901234,Medium
RouteID_4d460f58-115e-43b9-b39b-29c4d4236326,DSE5,2018-08-03,15:36:26,3313071.0,205,204,16,47.40643055121949,-122.17567152195123,Medium
RouteID_4d4a68f3-982f-4fc2-ba37-a897902e3013,DCH2,2018-08-16,14:05:09,3313071.0,149,148,17,42.01813163087244,-87.73501809395965,Medium
RouteID_4d529881-1843-46d1-b94d-161030939c6e,DLA9,2018-07-19,16:00:00,3313071.0,201,200,19,33.73455949253732,-117.89077911442786,Medium
RouteID_4d57edec-1cea-482c-9e00-1748e3e08b21,DLA3,2018-07-30,16:38:15,3313071.0,108,107,18,34.124842583333326,-118.35355620370373,Medium
RouteID_4d5d2a1d-dbf2-421c-81be-577e95c723b9,DLA9,2018-07-27,16:05:20,3313071.0,165,164,25,33.72489438787877,-118.00121818787886,High
RouteID_4d60fbeb-9860-4995-8f5c-145416eb24c2,DLA3,2018-08-03,14:51:45,3313071.0,157,156,13,33.962529707006375,-118.25239150318477,High
RouteID_4d763cb6-27c4-4f87-aca7-4b66ecf04c1d,DSE2,2018-07-21,15:17:11,4247527.0,147,146,18,47.54150605442175,-122.3558624489796,High
RouteID_4d79bf85-4521-44ec-aebc-b64ef04e56df,DLA7,2018-07-30,15:01:34,3313071.0,141,140,22,33.88550173758863,-117.81451431205673,Medium
RouteID_4dafd262-7537-43e9-a084-884b96c541d2,DBO3,2018-08-15,12:17:36,3313071.0,154,153,31,42.37834466883115,-71.44354841558442,Medium
RouteID_4db24e6e-58e3-489f-8422-a1c3515b0591,DLA3,2018-08-12,15:16:46,3313071.0,117,116,29,34.025797487179474,-118.29426579487179,High
RouteID_4dbd5173-6f32-46c3-94be-8ffc91953de7,DBO3,2018-08-16,11:35:54,4247527.0,145,144,16,41.84973919310347,-71.44706398620696,Medium
RouteID_4dc98443-88a4-4ee2-a4ff-76a9cddbf947,DCH2,2018-08-09,14:04:21,3313071.0,146,145,17,41.98616761643836,-87.70085420547946,High
RouteID_4dcd5392-9ae4-48a3-9056-a29e42b99d8b,DAU1,2018-07-30,15:30:00,4247527.0,158,157,31,30.18959221518987,-97.85641043670884,High
RouteID_4de283f3-bf15-4b42-b48c-52cf20d11db8,DLA8,2018-07-27,15:55:44,3313071.0,86,85,26,34.03880697674419,-118.45377226744188,High
RouteID_4df0e27a-1875-43e7-9e27-b5b095cd31cf,DSE5,2018-08-16,14:23:22,3313071.0,112,111,8,47.474341125,-122.01007882142854,Medium
RouteID_4df8fc23-9f6a-48ad-97ab-4b49918c2c68,DSE5,2018-07-31,14:53:36,3313071.0,134,133,8,47.28757220895524,-122.17125138805972,High
RouteID_4e0329b7-6ae9-4125-9e94-4703129f7d97,DCH1,2018-07-31,14:37:31,3313071.0,85,84,26,41.92117607058822,-87.71095528235294,High
RouteID_4e0b9d0a-1aca-4a6e-a3ee-edad92990ff8,DBO3,2018-08-13,12:15:00,4247527.0,124,123,20,42.28526075806452,-71.53834716129033,High
RouteID_4e0ba736-945b-40f9-8773-a0abfd273cac,DCH3,2018-08-17,15:30:00,3313071.0,191,190,23,41.86974690575917,-88.06380970680631,Medium
RouteID_4e0f1142-3e28-4537-b661-f2bfdb3419fc,DBO3,2018-08-13,12:07:27,4247527.0,173,172,18,42.06112279768786,-71.4968763468208,Medium
RouteID_4e15c904-2e4d-4bf8-8b00-c1c911e7cff0,DCH2,2018-07-23,12:45:00,3313071.0,185,184,20,41.966893686486486,-88.01241137297295,Medium
RouteID_4e2585d2-8443-4767-865a-3b2ae994eb00,DSE4,2018-08-09,15:02:23,3313071.0,175,174,26,47.72922044000001,-122.21076915428574,Medium
RouteID_4e29a605-0633-4472-b3ec-1e3a5ee6dae5,DLA9,2018-08-25,13:43:54,3313071.0,150,149,26,33.5705465,-117.68714621333332,Medium
RouteID_4e2f5cf8-00e2-4ae5-8d04-47803cdd944f,DLA9,2018-08-13,13:37:51,3313071.0,126,125,20,33.57986362698414,-117.7058453492063,Medium
RouteID_4e38c550-0fbc-4459-8797-8f4c329ba0db,DSE4,2018-08-04,14:42:10,3313071.0,169,168,31,47.76536353846158,-122.24861114201192,Medium
RouteID_4e52b964-70f4-4f90-a388-24ec1fc89c54,DAU1,2018-08-05,13:52:48,4247527.0,145,144,33,30.2791986551724,-97.72063341379308,High
RouteID_4e52e108-9f9f-4c23-ad03-de78121daa38,DLA8,2018-08-09,16:15:00,3313071.0,154,153,19,33.78208242857141,-118.16736589610386,High
RouteID_4e5a3902-45ef-458b-994f-078abde86dd6,DCH3,2018-07-27,13:41:16,3313071.0,173,172,19,41.75031899421967,-88.00724801156068,Medium
RouteID_4e5cef8d-029f-43c4-944e-b60f61e7abf8,DLA5,2018-08-14,14:42:33,3313071.0,181,180,22,33.87910695027624,-117.3083902983425,High
RouteID_4e64eea8-784f-4486-90ba-572700a16933,DSE5,2018-07-28,14:21:51,4247527.0,118,117,9,47.24595861016949,-122.45125426271183,Medium
RouteID_4e6a1048-3174-4c3e-8e7f-e9982a5d1f72,DSE2,2018-08-19,13:54:16,3313071.0,103,102,17,47.58098736893204,-122.30667432038832,High
RouteID_4e6f9dd3-7949-45ed-aa93-d1bb033dc649,DBO3,2018-07-23,11:24:29,4247527.0,75,74,17,42.36037896000001,-71.18516158666668,Medium
RouteID_4e77db93-16ae-4e5d-bce9-33aecee5bb1c,DBO2,2018-07-27,12:55:03,3313071.0,106,105,20,42.34824562264149,-71.15533335849058,Medium
RouteID_4e957c42-bcfd-47ea-90a0-f0d2b361cbad,DLA7,2018-07-27,15:09:23,3313071.0,134,133,22,33.85586453731344,-117.74068948507461,Medium
RouteID_4e987be9-fe95-48ff-92bb-67d76ba983f9,DLA8,2018-07-21,18:14:14,3313071.0,86,85,19,33.855796,-118.38922543023256,High
RouteID_4e9d9377-5f48-4a7d-a8ec-b9d2a184de13,DLA9,2018-07-21,16:06:13,3313071.0,177,176,24,33.70175602824862,-117.96841056497178,Medium
RouteID_4ea5ff5f-3456-4809-8568-6fda7022f4aa,DCH3,2018-08-12,14:40:21,3313071.0,195,194,32,41.86746444615384,-88.07309114871791,High
RouteID_4ea6084c-0bd4-4877-8532-89fc4b3bf68e,DCH1,2018-08-01,15:01:54,4247527.0,182,181,17,41.75381032967032,-87.82532740109892,High
RouteID_4eaa27f5-8816-4888-a7db-addf9f5d3ee0,DLA9,2018-08-21,13:39:04,3313071.0,106,105,17,33.418258254716974,-117.6113903018868,High
RouteID_4eaa5670-c2e9-44e9-bffa-09e24592c22d,DLA8,2018-07-26,17:23:34,3313071.0,182,181,25,33.82723578571428,-118.36215249450552,Medium
RouteID_4ebf3b13-1bcb-45f3-a9b1-9e956813805b,DLA7,2018-08-14,16:33:33,3313071.0,173,172,20,34.014529797687864,-117.69692060115601,Medium
RouteID_4ebf5fd1-a7fd-4763-b052-bd34f8632708,DLA5,2018-08-11,14:37:40,3313071.0,174,173,20,34.11432920689653,-117.23473162068962,Medium
RouteID_4ec52062-78b9-444a-8899-8f46ddef050e,DBO3,2018-08-07,12:15:00,4247527.0,168,167,23,41.97466898809523,-71.35150822023809,Medium
RouteID_4eccb79b-a588-4886-aa3a-195bd5df0b17,DLA5,2018-08-09,15:14:34,3313071.0,170,169,22,34.07518787058823,-117.16918394117651,Medium
RouteID_4ee08a2b-476c-4f63-a0a8-9c0e79d240a0,DLA5,2018-08-11,15:21:49,3313071.0,163,162,22,34.011123061349686,-117.05854620858892,Medium
RouteID_4ee6e0c9-a4e9-4e61-8d09-e271daeaa28f,DSE4,2018-08-09,15:17:52,4247527.0,102,101,19,47.66429404901962,-122.32380871568624,Medium
RouteID_4ef0f393-0ece-49cd-b5c4-524b53438199,DAU1,2018-08-17,15:30:00,4247527.0,156,155,25,30.202369198717953,-97.97810262179489,High
RouteID_4f05b93f-0fea-4673-a749-7b32e0dec5c4,DLA4,2018-07-24,15:45:18,3313071.0,184,183,15,34.15695832608693,-118.56334688586966,Medium
RouteID_4f186b3d-6198-48d9-aa87-ec638aae2ac2,DCH1,2018-07-20,14:59:53,3313071.0,160,159,17,41.86535678750001,-87.80530971249996,Medium
RouteID_4f24bb57-2e5c-401c-aa28-56248499d15a,DCH4,2018-07-27,13:53:47,4247527.0,172,171,20,42.40425956976745,-88.03971455232558,High
RouteID_4f3a5b7a-3731-4519-88ff-c6664d0aa130,DLA9,2018-08-18,13:47:44,3114853.25,99,98,19,33.55084743434343,-117.79638165656567,High
RouteID_4f5da18b-8a76-4ab9-99bf-aa8e266e4ab1,DLA3,2018-08-07,16:44:22,3313071.0,172,171,19,33.95302062790697,-118.13690468023248,Medium
RouteID_4f66141e-d116-4ff2-807b-eccea9b45171,DLA9,2018-08-22,15:54:10,3313071.0,132,131,22,33.669730704545465,-117.79865350757578,Medium
RouteID_4f68e69a-fba0-460e-9549-08843453b1a5,DBO3,2018-08-15,12:11:38,4247527.0,162,161,29,42.34184233950615,-71.22565638271604,Medium
RouteID_4f6d6e78-2f6a-4463-b487-2e27989fce38,DCH2,2018-08-15,15:07:01,3313071.0,187,186,24,42.03473535828878,-87.72512212299469,Medium
RouteID_4f87bd50-8d7d-4186-8936-b909f8fccdd7,DLA7,2018-07-27,15:03:04,3313071.0,163,162,25,33.87050890797545,-117.79932477300616,Medium
RouteID_4fa1fd32-d27c-4c38-9a54-fd1bf765b305,DLA8,2018-08-16,16:08:32,4247527.0,91,90,18,34.079410934065926,-118.35762117582418,High
RouteID_4fa51ef4-04db-4cfa-9c1c-0a97787a074a,DLA9,2018-07-25,14:33:24,4247527.0,165,164,26,33.65402881212123,-117.68670775757573,High
RouteID_4fa6359b-652b-44e1-b287-3e3dc4d8c6d3,DCH3,2018-07-27,14:51:43,3313071.0,202,201,21,41.74263051980197,-88.11071734653463,Medium
RouteID_4fc4a782-3b1a-47d6-b512-ed239066207d,DBO3,2018-08-13,11:41:04,4247527.0,149,148,21,42.382802852348995,-71.17578485234903,High
RouteID_4fcff59e-6155-470a-be78-09cda8c1480b,DLA9,2018-07-31,15:54:44,3313071.0,146,145,27,33.623621301369866,-117.92061428082191,High
RouteID_4fdce5e3-9097-44cd-a61b-7a88f8d42d43,DAU1,2018-08-07,13:59:27,4247527.0,130,129,25,30.330409223076934,-97.7939128230769,Medium
RouteID_5001d1fc-7d6a-474d-84c7-fa4ff20857d0,DLA7,2018-08-09,15:02:42,3313071.0,176,175,26,33.840604409090915,-117.7475202215909,High
RouteID_500498a6-2184-46c7-9df6-24b5f11bbbe3,DSE5,2018-08-04,14:28:51,4247527.0,158,157,11,47.23265667088606,-122.5203601582278,Medium
RouteID_5004ad96-584b-4cb5-b9a8-0af9f3620adb,DSE2,2018-08-22,14:08:52,3313071.0,108,107,16,47.624708759259256,-122.29257124074076,Medium
RouteID_501c81ef-9127-465a-a9fc-22ef9ac88ce8,DLA7,2018-07-20,16:00:00,3313071.0,138,137,21,33.9990949057971,-117.81042478985505,Medium
RouteID_5030cbc4-ff0d-41eb-9659-6f7a1b03a434,DCH4,2018-08-14,13:40:12,4247527.0,194,193,25,42.28600429381446,-88.03511511340209,High
RouteID_503df691-0708-450a-bef4-7658d33d2dd7,DSE5,2018-08-22,14:10:06,4247527.0,161,160,14,47.29009596273291,-122.28504297515533,High
RouteID_503e4336-5e92-4d31-ae63-665c8c521373,DLA9,2018-08-17,13:40:27,3313071.0,147,146,24,33.53471498639454,-117.7218059387755,High
RouteID_5059625b-4bf5-4576-b778-da34326ac4dc,DCH4,2018-08-10,15:31:19,4247527.0,157,156,21,42.19875518471338,-88.37213310191082,High
RouteID_50797270-cb23-4f82-8782-fd0a7c05dddc,DLA7,2018-08-09,16:15:33,3313071.0,180,179,22,34.129115544444446,-117.64307549999994,Medium
RouteID_50a5d1d0-c816-449c-9bd2-a9f1f88d9566,DBO2,2018-08-09,13:33:44,3313071.0,172,171,26,42.20948994767442,-71.23612510465118,Medium
RouteID_50a6e150-0a1c-4d47-b382-6be32e4c863f,DSE4,2018-08-08,15:17:50,4247527.0,128,127,11,47.698170648437504,-122.28426592968752,Medium
RouteID_50aa921f-d65e-435b-9f2d-d675764160e0,DBO2,2018-07-26,13:18:14,3313071.0,150,149,23,42.28985951333335,-71.02278768666669,High
RouteID_50b07f01-e894-4337-ba70-068795833db7,DCH3,2018-07-23,14:33:47,3313071.0,171,170,20,41.81800340350879,-88.27198440350877,High
RouteID_50c62b04-1f94-496d-893f-bac0d71e8ace,DCH2,2018-08-05,14:51:56,3313071.0,184,183,21,41.97077069565217,-87.80013820652174,Medium
RouteID_50d65918-5846-4b9c-bd75-fb456dc0481e,DLA7,2018-07-28,15:07:14,3313071.0,147,146,19,34.0783599659864,-117.68038619727885,High
RouteID_50d8b2b0-0c4b-4da6-bacc-546a3cb04293,DBO3,2018-07-31,12:06:32,4247527.0,174,173,24,42.053964028735635,-71.20273042528736,Medium
RouteID_50dcddf3-8bea-4a2c-b1f6-3bfd5535e3ca,DCH3,2018-07-29,14:15:19,3313071.0,186,185,18,41.66904277956991,-88.21977581182796,Medium
RouteID_50e0fba7-4e3e-466f-abdc-ffce115639b8,DLA7,2018-08-11,14:24:09,3313071.0,150,149,22,33.793190839999994,-117.80404877333329,Medium
RouteID_50e628b9-c7fb-40f7-9db0-2740534ef67d,DBO3,2018-08-16,12:15:00,4247527.0,113,112,19,42.43659011504425,-71.40690857522124,High
RouteID_50f647bf-63f2-4be3-af9d-81c6cb55e810,DLA5,2018-08-11,14:19:13,3313071.0,173,172,20,34.13506709826591,-117.2648878959537,Medium
RouteID_50f8492b-1989-4643-b9cc-738ce27d791c,DLA9,2018-08-16,15:57:35,3313071.0,122,121,20,33.65954149180328,-117.90276037704916,High
RouteID_50f8cb54-c9a4-470c-8e6d-634b1fea2403,DLA9,2018-08-04,16:00:13,3313071.0,152,151,29,33.66156034210525,-117.82415046052631,High
RouteID_50f929fe-5f58-46dd-9cab-90574df65db4,DLA9,2018-08-13,13:54:29,3313071.0,160,159,28,33.46985655624999,-117.62603297499997,Medium
RouteID_50fd429a-faec-41bb-84c5-1e4f17c7032e,DLA7,2018-07-31,15:01:08,3313071.0,150,149,20,33.94984104000001,-117.82523138000005,Medium
RouteID_51194935-19ab-4948-b7ca-48e4fc0c88f3,DLA4,2018-08-14,16:59:26,3313071.0,163,162,11,34.249478865030675,-118.44360917791415,Medium
RouteID_51405738-6d48-4ab7-a03c-c237cc4fca4a,DCH3,2018-08-14,12:56:03,4247527.0,183,182,22,42.005789841530074,-88.0666590874317,High
RouteID_5142e911-e3c9-4387-a70b-b3199862d6f3,DCH3,2018-07-28,15:04:34,4247527.0,199,198,21,41.74201281407034,-88.11883313065329,Medium
RouteID_51552b4e-509b-489c-8022-ceaedf84b5f7,DLA8,2018-07-22,15:12:25,3313071.0,151,150,28,34.03630804635761,-118.40659201986757,High
RouteID_5158b56f-22b5-4a3f-9e57-2feacd281633,DLA7,2018-08-15,14:30:29,3313071.0,118,117,22,33.8792077542373,-117.98375499152537,High
RouteID_516c0fc6-77df-4bfb-a0c8-f88a53072256,DCH1,2018-08-10,13:46:59,3313071.0,111,110,11,41.817162387387384,-87.61718692792796,Medium
RouteID_51839f70-714c-4fe7-a1bc-73b2170c65af,DLA9,2018-08-14,13:54:25,3313071.0,117,116,20,33.53763111965812,-117.63024058974358,High
RouteID_51871c29-4cbf-47d8-b980-6416032f0232,DLA8,2018-07-29,16:33:25,3313071.0,100,99,26,33.99778383,-118.41805201000001,Medium
RouteID_5192f0c4-8b9e-4264-938c-049873a6942a,DLA7,2018-08-13,14:33:02,3313071.0,147,146,26,33.84345472789114,-117.83939997278904,High
RouteID_5196944e-09bb-4d20-b70a-779046f07996,DLA3,2018-07-29,16:09:53,3313071.0,95,94,24,34.06910467368421,-118.24931324210526,High
RouteID_51a2aca9-3f75-43d6-9e35-0bf0f5e6f44c,DLA9,2018-08-20,16:01:46,3313071.0,117,116,25,33.682019743589734,-117.81800018803425,High
RouteID_51b50138-b502-43ab-b88d-8e36455e61b0,DSE2,2018-08-03,14:11:42,3313071.0,94,93,18,47.63123962765956,-122.28203910638295,High
RouteID_51b6ead0-0714-4e2c-9284-3cb8ea14a34a,DLA7,2018-08-01,16:00:00,3313071.0,156,155,22,34.02987917948718,-117.87629909615393,Medium
RouteID_51c446dd-1dba-422c-b79c-222077f8c84a,DSE2,2018-08-12,14:58:23,4247527.0,123,122,19,47.586906284552846,-122.29577711382112,High
RouteID_51c8949a-11e0-459c-b60e-b65daedd74eb,DCH4,2018-08-06,16:12:37,4247527.0,193,192,29,42.091406658031104,-88.05269908808287,Medium
RouteID_51cf7509-9dfb-4bc7-9c97-f4b9dc51b881,DCH4,2018-08-01,14:14:49,3313071.0,184,183,22,42.11393382065217,-87.93634216847829,Medium
RouteID_51ddfbc6-4dd8-4c59-9dfa-dbec0ebc5eb8,DLA9,2018-08-08,14:28:12,4247527.0,140,139,21,33.64890949999999,-117.66665784999996,High
RouteID_51e19278-a452-4b39-9974-f6f82b225ed9,DBO3,2018-07-31,12:15:00,4247527.0,169,168,27,42.44853271005916,-71.45954598816564,Medium
RouteID_51e3dd4c-9e9d-4849-a548-c8370bd53738,DBO3,2018-08-14,12:47:01,3313071.0,116,115,9,42.446052336206904,-71.77328798275863,Medium
RouteID_51f6a16b-4db6-450c-9236-23b60c00327c,DLA3,2018-07-22,16:04:35,3313071.0,103,102,10,34.04471312621359,-118.21092756310681,Medium
RouteID_52083d91-046e-40ea-9697-e9c3982329e6,DLA9,2018-08-01,15:12:10,3313071.0,124,123,23,33.782701000000024,-117.90946574193548,Medium
RouteID_52084da6-2f7d-4b95-9080-35a2971b71a2,DBO1,2018-08-15,12:49:11,4247527.0,159,158,21,42.52623005660381,-71.02675257232704,Medium
RouteID_522e01fd-6ca9-4e2e-996b-f1dca9b9aae6,DLA8,2018-08-02,17:24:42,3313071.0,122,121,20,34.04562418032786,-118.31825801639347,High
RouteID_522f582f-040b-45c7-90a1-7ff84787d5b5,DSE2,2018-07-30,15:00:17,3313071.0,65,64,20,47.61864066153845,-122.30839566153848,High
RouteID_523b64fa-55d8-4731-878f-9aae7c4b3ffd,DLA8,2018-07-25,16:17:52,3313071.0,106,105,18,34.08045982075472,-118.46362272641504,Medium
RouteID_5240ed70-895a-4bc9-90a6-b836fe81458e,DBO3,2018-08-09,11:19:33,4247527.0,170,169,23,41.92858813529412,-71.29812329999997,Medium
RouteID_524ccce1-3fa2-4691-a928-c621ac00553d,DCH2,2018-07-27,15:19:31,3313071.0,159,158,21,41.99328564779875,-87.75038586792452,Medium
RouteID_524f1f36-536b-43d2-82ff-ff6a1eade62f,DSE4,2018-08-14,15:25:28,3313071.0,173,172,21,47.94009083815028,-122.23259950289017,Medium
RouteID_5265ec72-4ba1-418b-bcf3-b4de2e99166c,DSE5,2018-07-25,14:51:18,3313071.0,132,131,9,47.32631045454544,-122.02195811363637,High
RouteID_52678b73-48d0-4cbd-a39d-3f96b271e7a5,DCH1,2018-07-22,14:41:56,3313071.0,96,95,17,41.93817619791667,-87.71721989583334,High
RouteID_527451e7-c250-4de8-9f63-c217768c93cb,DSE2,2018-08-08,14:48:15,3313071.0,100,99,16,47.579640260000026,-122.39365565999998,High
RouteID_528ac794-f7b3-4096-934d-36ca4357a734,DLA9,2018-08-10,15:58:18,3313071.0,85,84,21,33.68602864705882,-117.81624363529413,High
RouteID_52a82475-83e3-4d0d-82d4-87655a74dfa8,DSE4,2018-08-23,14:50:24,3313071.0,155,154,26,47.728534567741924,-122.23015082580642,Medium
RouteID_52cde6f3-d482-4296-91e1-1d2688ca88a7,DCH4,2018-08-16,13:28:31,4247527.0,152,151,23,42.20878476315789,-87.84876011184213,Medium
RouteID_52cec372-52dc-4491-8bf3-e1c96b3b14a6,DBO3,2018-08-05,13:05:45,3313071.0,203,202,24,42.12841148275863,-71.40046899507391,Medium
RouteID_52de130c-ee5a-4403-9085-491d59faf5ee,DSE5,2018-08-23,15:02:13,4247527.0,137,136,11,47.18772349635037,-122.41909733576644,Medium
RouteID_52e5608e-5f51-4ac3-9c16-658c28ee020a,DCH3,2018-08-09,13:16:29,4247527.0,193,192,19,42.015109005181365,-88.08378655440416,High
RouteID_53024438-1392-405d-93f5-c30c38e7a981,DLA3,2018-07-26,16:00:33,3313071.0,122,121,15,34.11159756557376,-118.36755019672134,Medium
RouteID_5308438b-7afd-406c-afee-83f1e2aa6fe9,DSE4,2018-08-25,15:16:14,3313071.0,207,206,23,47.907154014492775,-122.190741357488,Medium
RouteID_530a9ef1-10d1-4b8d-918d-da87858953c3,DLA9,2018-07-24,16:00:00,3313071.0,130,129,20,33.78309499230769,-117.91231470769232,High
RouteID_53190a48-2fc2-484f-a5e8-561652ad559a,DLA8,2018-08-16,16:56:56,3313071.0,98,97,13,33.76910768367347,-118.37335644897958,Medium
RouteID_53232ef3-63aa-427c-bbdc-e46e79ac798e,DLA8,2018-08-10,16:29:22,3313071.0,132,131,17,33.968013818181795,-118.38682228787881,Medium
RouteID_532e0000-67c5-4a66-a00f-764b0fe02a3c,DCH3,2018-08-03,14:51:21,4247527.0,183,182,22,41.75125140983608,-88.17153263934428,Medium
RouteID_5331cad2-f5bb-4a38-a174-fc11d3078ca0,DLA7,2018-08-02,15:54:34,3313071.0,144,143,25,33.89302144444444,-117.52754167361111,High
RouteID_53351a96-e689-41ed-a59b-bfad352cce0a,DCH2,2018-07-24,12:33:23,3313071.0,156,155,16,41.964854653846125,-87.96388762179488,Medium
RouteID_5347b03d-b86d-4fd7-b78f-7275245bca3c,DLA9,2018-08-14,16:00:00,3313071.0,107,106,24,33.755404570093475,-118.12226128971962,Medium
RouteID_534b1229-baf5-47c8-968a-7baa780251ce,DLA7,2018-08-16,14:45:16,3313071.0,181,180,19,33.8439363480663,-117.54937606629836,High
RouteID_535175f8-e81e-44a8-b34f-82ca00b52fbf,DBO3,2018-08-07,12:15:00,4247527.0,143,142,19,41.979532804195806,-71.45730801398601,Medium
RouteID_5351d642-1ff3-42c7-ad7e-836ffd6f20d3,DBO2,2018-08-11,11:52:32,4247527.0,156,155,25,42.11965508974356,-70.9084890128205,High
RouteID_5354d2bf-bff3-4a0c-91ec-894b4b2d225c,DLA9,2018-08-14,13:36:23,3313071.0,145,144,21,33.578760413793105,-117.6502577034483,Medium
RouteID_5358ee90-4175-4957-b7b3-53c228e555e4,DLA5,2018-08-10,14:27:13,3313071.0,151,150,21,34.0546743576159,-117.23760947019868,High
RouteID_53697fe6-8f48-4e2d-a2ba-fe59c9050361,DLA9,2018-08-26,16:05:08,3313071.0,103,102,20,33.71890912621361,-118.05129772815533,Medium
RouteID_5374484f-dd15-4e49-b09d-7aa5fa60960a,DLA9,2018-08-11,15:14:36,3313071.0,111,110,25,33.751945495495505,-118.11418738738739,Medium
RouteID_538b2dc3-30d8-453b-b3a1-a9ad6d620031,DLA9,2018-08-10,14:27:08,4247527.0,173,172,29,33.47701632947977,-117.59638484971097,High
RouteID_538e9947-4800-4b15-8d8d-b76a622b3106,DLA5,2018-08-01,15:21:34,3313071.0,178,177,22,34.14256790449436,-117.22842396629213,Medium
RouteID_538ec175-af08-43b0-9853-97470472beb2,DLA7,2018-08-13,15:37:12,3313071.0,164,163,24,33.900628164634156,-117.55064795731704,Medium
RouteID_53983e24-47d6-48e5-9218-cb359a96c8ad,DLA8,2018-08-05,15:18:31,3313071.0,138,137,32,34.035551579710145,-118.4054559710145,Medium
RouteID_539bdbc0-be18-4c91-83ac-2a50726555c2,DLA8,2018-07-26,15:33:17,3313071.0,51,50,13,34.05704190196079,-118.3517829019608,High
RouteID_539d83c2-0f77-496a-a68c-9431daf9186f,DLA7,2018-08-06,15:07:05,3313071.0,119,118,17,34.04640444537816,-117.72021116806727,Medium
RouteID_539fc41a-4ef8-43bb-9bc6-cddc7ed4379b,DLA4,2018-07-26,14:18:36,3313071.0,84,83,16,34.14749527380952,-118.37812321428568,High
RouteID_53a0ba1a-3fd4-41f2-86b7-976184c6c4e1,DSE5,2018-08-16,14:07:32,3313071.0,176,175,15,47.421786857954515,-122.32798311363635,Medium
RouteID_53b67b27-6f23-4a88-8d61-deab85fe3a9d,DLA7,2018-08-02,16:45:15,3313071.0,170,169,25,34.005772776470586,-117.79746947058831,Medium
RouteID_53c0e0a6-63af-42e1-8e18-e5d923c24a27,DSE5,2018-08-15,15:07:00,4247527.0,164,163,12,47.204622743902426,-122.41669734146348,High
RouteID_53f8ef36-f8f0-481f-b48c-3f199f2aae5f,DLA8,2018-07-25,16:45:57,3313071.0,171,170,17,33.80290173684212,-118.26741585380121,Medium
RouteID_53fdc5d1-a9e8-4abe-833f-c6233ca6ef08,DSE4,2018-08-22,15:26:02,3313071.0,173,172,20,47.93863328323698,-122.23336213872835,Medium
RouteID_5404e6dd-2459-4f3d-a153-681d420c3c7e,DLA7,2018-08-08,15:07:07,3313071.0,176,175,20,34.116127750000025,-117.75553009090899,High
RouteID_540e3276-c530-44fd-ae2c-4baec101b97c,DLA8,2018-08-05,17:13:50,3313071.0,149,148,22,33.843678087248335,-118.19096913422818,Medium
RouteID_5417d9e8-2639-45ac-a4d9-7368f8a6afb2,DLA7,2018-07-26,14:46:33,3313071.0,172,171,25,33.84433712790698,-117.54611790697678,Medium
RouteID_54223ade-5a96-48d8-9e51-f43b0ba0e3b3,DSE4,2018-07-31,14:48:00,3313071.0,159,158,25,47.7283336163522,-122.21482694339633,High
RouteID_54353bf0-17d3-4890-a4e5-27b601067357,DBO1,2018-08-16,11:44:37,3313071.0,160,159,16,42.43519130625002,-71.08387418125001,Medium
RouteID_543bd176-5fbb-4b12-8bcf-a9b99b94ec78,DLA8,2018-07-27,16:21:24,3313071.0,115,114,21,34.02778870434782,-118.44692185217386,High
RouteID_54474de8-35ad-4a0d-a68a-d03b47c5bf9c,DCH3,2018-07-25,12:58:40,4247527.0,200,199,19,42.02996544000001,-88.16760344499998,High
RouteID_5447f44d-7286-42bd-9c17-65260ec9eeb6,DLA7,2018-07-25,16:00:00,3313071.0,166,165,22,34.15215551807229,-117.51148730120485,High
RouteID_54566faa-4623-4f86-ae27-0e7d24e96b3b,DLA7,2018-08-03,16:35:21,3313071.0,139,138,20,34.10849699280576,-117.65791293525176,High
RouteID_5461ac15-4445-49d2-997e-29ceb4d32335,DLA9,2018-08-14,15:00:00,4247527.0,89,88,20,33.64332793258428,-117.75526952808985,High
RouteID_54642494-039b-4edb-b54e-b3c939ea3462,DBO2,2018-08-17,12:48:23,3313071.0,140,139,17,42.285516157142816,-71.05949812142858,High
RouteID_54756ba3-40b8-4c03-8465-7fd4fac2a7e1,DLA9,2018-08-21,13:37:29,3313071.0,119,118,22,33.55828271428572,-117.64270990756305,High
RouteID_5486294a-503f-4346-b8a9-862e988cbe7c,DLA7,2018-07-22,14:58:51,3313071.0,151,150,25,33.918533655629155,-117.83322789403974,Medium
RouteID_54a46612-ecdc-4384-b8ba-9c43854d6343,DAU1,2018-07-31,14:39:14,4247527.0,128,127,22,30.377415484374996,-97.93194246875001,Medium
RouteID_54a52d70-8840-4fa3-81be-af11da123d59,DLA3,2018-07-28,16:41:33,3313071.0,144,143,12,33.97432474305555,-118.18613489583335,High
RouteID_54ac8d11-46fa-438c-bf08-038c160a03dc,DLA7,2018-07-27,14:27:36,3313071.0,175,174,27,33.90167003428576,-117.98714560571428,Medium
RouteID_54bce2b9-20bc-42eb-85da-391874835204,DSE4,2018-08-05,14:55:33,3313071.0,163,162,33,47.69130385276074,-122.20586776073623,High
RouteID_54c96270-28dc-456b-9a33-6e1650a8317d,DBO3,2018-08-17,12:07:11,4247527.0,159,158,25,42.061334132075466,-71.24928560377359,Medium
RouteID_54cdd958-37bb-4862-902c-01ee65a2100c,DLA7,2018-08-16,16:00:00,3313071.0,172,171,21,34.13458037209303,-117.76526002906974,High
RouteID_54e2cec8-1a26-402a-b838-8e17b6da331b,DLA8,2018-08-08,14:48:36,4247527.0,160,159,15,33.899596550000005,-118.11975105625001,High
RouteID_54e36dc7-b409-419e-8c80-bbae7667ce29,DLA4,2018-08-09,14:09:39,3313071.0,140,139,14,34.173478671428576,-118.42998151428573,Medium
RouteID_54f6dc02-827c-4258-9d95-03cf9b372d3a,DAU1,2018-07-28,14:02:11,4247527.0,136,135,36,30.332532830882368,-97.86635422058824,Medium
RouteID_54f908c7-3c6a-48ba-b224-1f3103e6da70,DSE2,2018-08-15,14:56:51,3313071.0,114,113,17,47.61116486842105,-122.29187958771931,High
RouteID_550488d7-0746-42a9-a279-319f4fa4f6f4,DBO3,2018-08-05,12:21:44,4247527.0,182,181,34,42.38040252197801,-71.4309518021978,Medium
RouteID_551aa202-0406-406f-9b1a-077e96212484,DLA7,2018-07-20,15:57:20,3313071.0,166,165,20,33.90806545783135,-117.52130085542166,Medium
RouteID_554fc365-f78e-4224-8ad1-72c1bfb2e910,DBO2,2018-08-02,13:39:14,3313071.0,99,98,19,42.35236588888889,-71.16919884848487,High
RouteID_55510e20-c0b5-4a21-8756-fbe7e8394a1b,DLA7,2018-08-15,16:18:30,3313071.0,157,156,21,34.09452822292995,-117.75387030573245,High
RouteID_555b3187-ab69-4e29-81cb-6ba4a99702dc,DLA9,2018-07-23,16:01:46,3313071.0,119,118,23,33.71964798319328,-118.05148384033612,Medium
RouteID_556b46ba-d415-4184-befc-b9e9bd1de580,DBO3,2018-08-01,12:41:58,3313071.0,162,161,19,42.06808197530867,-71.39855413580246,Medium
RouteID_557d303e-4492-4447-aaef-42b8f696c687,DLA7,2018-08-04,16:28:06,3313071.0,110,109,13,34.01829735454545,-117.57743898181818,Medium
RouteID_557f0993-75be-4d5a-afe8-d9c978803865,DLA7,2018-07-22,14:02:35,3313071.0,146,145,22,33.830458095890414,-117.89707780821915,Medium
RouteID_5588756f-5963-424d-ada6-cf0fb77c82cd,DSE4,2018-07-30,15:38:18,3313071.0,168,167,22,48.10964295238096,-122.16236792261903,Medium
RouteID_559b59f7-ca9e-46b3-ab04-28c7c2007740,DBO3,2018-08-09,12:58:45,4247527.0,170,169,25,42.16652228235295,-71.24655508235293,High
RouteID_55a3ec8e-b526-4d70-ad9e-b58b3606a638,DLA7,2018-08-02,14:30:00,3313071.0,125,124,19,33.889838456,-117.94685319999998,Medium
RouteID_55b59c53-88a9-4789-9961-d9c53c469acf,DCH1,2018-08-17,13:30:22,3313071.0,92,91,10,41.86699282608695,-87.94345928260867,High
RouteID_55c91bcc-bdda-4187-8836-12a586d00ba2,DLA9,2018-08-16,16:19:21,3313071.0,120,119,26,33.68250016666667,-117.79010256666666,High
RouteID_55da9f43-0e5f-4d06-bdfb-9f440534fd3b,DLA9,2018-08-11,14:25:22,3313071.0,134,133,21,33.73373025373135,-117.80137206716424,High
RouteID_55ed19dc-8677-4292-ab02-bc90551676cb,DSE5,2018-07-26,14:24:42,4247527.0,117,116,8,47.25016053846152,-122.53804929059827,High
RouteID_55f39e2d-0eab-49a7-8160-2d2abf7e2a3c,DLA9,2018-08-08,16:01:02,3313071.0,137,136,23,33.679381065693434,-117.82177602919708,High
RouteID_5608ede3-f70b-473b-9f2a-20eccf92f64f,DLA3,2018-08-14,15:45:37,3313071.0,148,147,23,34.07887992567567,-118.2705399324325,High
RouteID_56091001-7bc6-4478-9381-517ad525ee92,DLA7,2018-08-17,16:10:54,3313071.0,166,165,21,34.14617150602409,-117.668671506024,Medium
RouteID_56092cb7-b3c3-4b8d-9712-87fa16aac72c,DSE5,2018-07-20,14:30:54,4247527.0,154,153,12,47.272424227272744,-122.50646144805194,High
RouteID_5610df96-59bd-46b3-9fc4-36867e804a0f,DCH3,2018-07-30,13:00:03,4247527.0,204,203,18,42.02382369117647,-88.15781454411768,Medium
RouteID_562005aa-6626-4fcd-a2c4-ea42f0528bdf,DLA7,2018-08-04,16:00:00,3313071.0,147,146,23,34.135743455782325,-117.85042604081637,Medium
RouteID_56382178-95dc-498f-889f-bbd9abe8a8e4,DLA5,2018-07-30,16:11:03,3313071.0,188,187,30,33.87283045744681,-117.45282403191493,Medium
RouteID_56442300-1cfd-4de6-9500-4fb3f05f3c89,DCH1,2018-08-03,14:39:59,3313071.0,167,166,20,41.823546646706575,-87.64114732934134,High
RouteID_5644a04b-9599-4c8d-89ef-866b7bb15f41,DCH1,2018-07-24,13:50:50,3313071.0,171,170,16,41.77842773684212,-87.69462947368424,Medium
RouteID_564bf3fd-d6c1-4472-a178-eee383b6a727,DCH2,2018-07-28,12:25:00,3313071.0,166,165,22,41.92195056024095,-87.7975162891566,High
RouteID_565093b1-570d-4a0f-a854-456cb01f3b8a,DSE5,2018-08-08,14:18:52,4247527.0,155,154,11,47.22656834193547,-122.4120046903226,Medium
RouteID_565aa867-7ad6-4b33-9179-989d34043e20,DCH4,2018-08-17,13:37:28,4247527.0,174,173,22,42.207403747126435,-87.8223636609195,Medium
RouteID_566a5a54-e252-4640-83ff-11ec3a124929,DLA5,2018-07-31,15:16:33,3313071.0,147,146,17,33.96395946938774,-116.97053848299318,High
RouteID_566a75a2-9b14-4795-9ca4-05bd866997a6,DSE2,2018-08-05,14:12:26,3313071.0,91,90,22,47.610666098901085,-122.30789147252742,High
RouteID_566a8cb7-2f7f-49f3-b26b-0bdba0b63245,DLA7,2018-08-17,15:02:26,3313071.0,135,134,18,34.07245501481483,-117.7288706888889,Medium
RouteID_566fe729-57ff-4911-8168-41ba90f9aab6,DBO3,2018-08-08,12:37:29,4247527.0,198,197,24,42.228976005050505,-71.43090556565659,Medium
RouteID_56738dd6-f16b-4bcb-89c5-e750e338d659,DCH3,2018-08-13,13:34:50,3313071.0,164,163,21,41.791561560975616,-87.93827009756097,High
RouteID_567ae078-26fb-4e84-ac52-29ac01500fe3,DLA3,2018-07-28,16:00:00,3313071.0,147,146,14,33.93933258503401,-118.15164741496604,Medium
RouteID_5681dca6-48d8-48b1-b481-f1e31b03a3ed,DLA7,2018-07-28,16:00:00,3313071.0,135,134,18,34.12063317777777,-117.4440052148148,Medium
RouteID_56a5b984-b11d-4841-ab3d-05f96a589895,DSE5,2018-08-22,14:22:37,3313071.0,119,118,7,47.47740014285715,-122.0234805378152,Medium
RouteID_56a5bf95-18a9-48ef-a083-4a478af2e4ae,DSE5,2018-08-14,14:00:00,4247527.0,157,156,13,47.11990867515922,-122.32359361146493,Medium
RouteID_56d944b5-ee5d-4190-92ce-2c79e5f142f3,DLA7,2018-07-30,16:00:00,3313071.0,185,184,24,34.114000448648646,-117.50490755675678,High
RouteID_56e66ffc-e668-4b42-ae4c-843c74406af0,DCH3,2018-08-15,13:04:56,4247527.0,215,214,24,42.02423926976748,-88.18509019999995,High
RouteID_56ef635f-96e9-4855-a95e-ae622bfe9482,DLA9,2018-08-24,15:54:04,3313071.0,167,166,25,33.68460623353295,-117.9243034670659,High
RouteID_56f4d009-518b-417d-8bc6-6ed63b64d3d3,DCH2,2018-07-23,13:58:52,3313071.0,116,115,19,41.96634030172414,-87.71129203448275,Medium
RouteID_56f838b7-285f-41ee-a77d-f499426ce9f2,DCH2,2018-08-10,14:06:26,3313071.0,68,67,18,41.96619367647059,-87.66897726470589,Medium
RouteID_5701b7a5-7531-402d-a008-9f2441415a36,DBO3,2018-08-07,12:15:00,3313071.0,172,171,21,42.13789375000001,-71.52279305232555,Medium
RouteID_57048e73-5959-4949-bfff-8e975c09260c,DBO3,2018-07-31,11:30:00,4247527.0,143,142,20,42.39370241258742,-71.1678030629371,Medium
RouteID_5705c34a-fb6c-4a3e-b96e-c3ebc8ee9368,DAU1,2018-07-24,13:32:32,4247527.0,180,179,24,30.20931054999998,-97.81017911111113,Medium
RouteID_570b43ee-c262-4418-97de-a5a9dcc7547e,DBO3,2018-08-13,13:07:19,4247527.0,147,146,27,42.27965489115647,-71.43724583673472,Medium
RouteID_570da705-c87e-48e4-a788-29cb7063b74d,DLA8,2018-07-20,16:52:47,3313071.0,113,112,20,34.11790647787609,-118.46686527433626,High
RouteID_57104be2-a333-4721-91a7-42c0a4957124,DCH4,2018-08-14,14:06:53,4247527.0,161,160,23,42.087643565217384,-88.06429516770186,Medium
RouteID_572a851f-ad18-4033-b04e-21adac25f792,DSE5,2018-08-03,15:06:20,3313071.0,190,189,16,47.375747868421065,-122.2991023368421,Medium
RouteID_57337783-1c1d-4917-b828-6bee33d858f2,DCH1,2018-07-25,15:00:00,3313071.0,67,66,23,41.93001994029852,-87.66722207462686,High
RouteID_5737dfd0-a878-4065-96cf-fda8f6672005,DLA7,2018-08-17,16:33:57,3313071.0,192,191,28,33.982127536458336,-117.753050703125,High
RouteID_574a6f8f-91b9-4adf-979b-8a3db4b016c7,DLA3,2018-07-26,15:19:27,3313071.0,50,49,18,34.08918825999999,-118.35955880000003,High
RouteID_574baa38-5f17-49fc-a72c-1de7461af647,DLA9,2018-08-13,15:12:19,3313071.0,135,134,19,33.84951034814816,-117.99495970370369,Medium
RouteID_57505d1f-c6b3-4888-862e-4c844dfd08ee,DSE4,2018-08-26,15:30:00,3313071.0,179,178,28,47.84113476536313,-122.15192097206706,Medium
RouteID_57555127-bbfd-4bbe-8b9e-d94ceaaac97a,DBO3,2018-07-23,12:19:14,4247527.0,175,174,27,42.153940628571426,-71.26156437142855,Medium
RouteID_57556a85-abb9-4694-b664-c2bcd1d9ca3b,DLA4,2018-08-15,14:45:00,3313071.0,168,167,16,34.24170658333334,-118.80617438690476,High
RouteID_5756f864-0311-422a-a8dd-911edae3f21e,DLA7,2018-07-30,15:49:47,3313071.0,173,172,26,33.94000123121386,-117.67519532947976,Medium
RouteID_576a619c-9e93-4059-b13a-cb42b70f5e73,DBO3,2018-08-17,12:35:41,4247527.0,152,151,22,41.92073189473686,-71.31382590789475,Medium
RouteID_576b2920-da3a-4a68-bcaf-ab98e3449b38,DLA7,2018-08-08,16:00:00,3313071.0,189,188,20,34.07216648677245,-117.64582112169313,Medium
RouteID_576d72a8-c9f9-4f1a-b23e-dc2f170cbf57,DAU1,2018-07-20,15:10:08,4247527.0,184,183,21,30.49522378260869,-97.67587684239132,Medium
RouteID_5791ca52-f624-4eca-ac8a-428b0c6e0d27,DSE5,2018-07-25,14:04:00,4247527.0,159,158,11,47.2346843207547,-122.31522176100628,Medium
RouteID_57a142df-26e1-481d-8f99-2c43808c161e,DCH1,2018-08-12,13:45:55,3313071.0,168,167,15,41.786504339285706,-87.69485343452384,High
RouteID_57a62f06-8af4-4d99-9c7e-0e9973aa113b,DLA8,2018-08-01,16:55:21,3313071.0,147,146,19,33.791024156462605,-118.37567272108845,Medium
RouteID_57ae834f-313c-469e-8ac1-8f89f9b30694,DBO3,2018-08-16,12:28:16,4247527.0,205,204,25,42.20975394634148,-71.4458991804878,High
RouteID_57af31ed-73bb-4183-8074-11ec6d1df083,DLA7,2018-08-03,16:37:40,3313071.0,133,132,15,34.02231902255639,-117.5903805639098,High
RouteID_57bf5363-e471-49d2-a479-03e8cde0f0d7,DLA9,2018-07-21,16:15:24,3313071.0,113,112,22,33.755477477876106,-117.84677409734509,Medium
RouteID_57c8ace6-38c2-462f-a85e-be0a77f0b4a3,DBO1,2018-07-29,12:21:26,4247527.0,41,40,15,42.348246097560974,-71.07289329268292,Medium
RouteID_57cccf5b-1467-4c71-830c-7343c2098224,DCH4,2018-07-26,13:55:43,4247527.0,145,144,12,42.38958031724139,-88.15943135862065,High
RouteID_57d6793b-e49b-478d-9acd-9d60d5ee5406,DBO3,2018-08-04,12:15:00,4247527.0,153,152,25,42.42189438562092,-71.40602028758174,Medium
RouteID_57e75fc6-a866-486c-b693-2e48ab4b6436,DLA7,2018-08-15,14:40:03,3313071.0,161,160,24,33.804517434782596,-117.82356516149068,High
RouteID_57e96591-d86d-4d77-84ae-85e2c08a7911,DBO2,2018-08-07,12:54:12,3313071.0,167,166,21,42.26437508982037,-71.12442479640718,Medium
RouteID_58016688-db15-46d0-bf21-d64f323f8740,DCH4,2018-08-14,15:00:00,4247527.0,152,151,21,42.203371749999995,-87.81796091447366,Medium
RouteID_5809741c-18f3-4152-a8c1-eb087a579b40,DLA7,2018-08-15,16:00:00,3313071.0,119,118,20,34.14118129411763,-117.58222457983194,Medium
RouteID_580edacf-4f04-41b2-8432-673905e2c070,DLA7,2018-08-08,16:18:53,3313071.0,181,180,18,34.12085907734807,-117.61570724309392,Medium
RouteID_581b70db-f11a-4bdf-a93f-2637f25c0e87,DLA9,2018-08-15,15:15:12,3313071.0,134,133,19,33.76166532835819,-117.92163280597016,Medium
RouteID_5822725b-210a-4809-9f5c-f34c986fb0e2,DBO3,2018-08-10,11:30:58,4247527.0,127,126,14,41.85765952755902,-71.47887452755906,Medium
RouteID_5839723c-9b10-4398-bacd-092924d9ac64,DSE4,2018-08-05,14:47:54,3313071.0,187,186,38,47.73562485561497,-122.17114247593581,High
RouteID_583e5462-0015-4a27-83d8-991d0bd0cdd2,DLA8,2018-07-31,16:40:28,3313071.0,118,117,18,34.11403338983051,-118.4438769322034,High
RouteID_58405a50-8e98-46d0-a99f-601d91393849,DLA7,2018-08-10,15:46:03,3313071.0,147,146,18,34.14504224489795,-117.45449509523817,Medium
RouteID_584dc4bb-64cc-44fa-a078-3491be8d4fef,DBO1,2018-08-03,13:03:22,4247527.0,178,177,22,42.4739845,-71.15906988764046,High
RouteID_5865e1c6-0feb-49f7-99c7-da35c99a253d,DCH3,2018-07-25,15:39:18,4247527.0,178,177,20,41.78742721348313,-88.00589799438207,Medium
RouteID_586ebeef-3109-4bf0-a325-a8e3b95464fd,DLA7,2018-07-30,15:41:18,3313071.0,173,172,21,33.981330439306376,-117.5717196011561,Medium
RouteID_5882b775-0a9d-4c54-bc51-f63c8b09e9de,DCH4,2018-08-09,15:17:35,4247527.0,182,181,21,42.03347585164835,-88.06966208241754,Medium
RouteID_58858eaf-b42f-4a2a-b3bf-5a4df9f00c76,DLA4,2018-08-12,15:15:00,3313071.0,163,162,15,34.21586111042947,-118.53607195092029,Medium
RouteID_588ce876-9aa0-4100-a791-212c50fdca24,DLA7,2018-08-16,16:00:00,3313071.0,142,141,22,34.09958811971831,-117.80137049999996,Medium
RouteID_58914695-8100-4e81-9dd1-d6c57c2917a0,DLA7,2018-07-31,14:30:00,3313071.0,153,152,24,33.90634507189543,-117.89613560784315,High
RouteID_58995bb1-936b-4363-a4a7-a5b1f2ff7d66,DSE5,2018-08-16,14:59:11,4247527.0,169,168,13,47.206634455621305,-122.41664844970414,Medium
RouteID_58a6906b-aa93-4225-941e-8512c1e15aec,DLA7,2018-08-17,14:48:10,3313071.0,135,134,23,33.86898181481482,-117.79638088148145,High
RouteID_58b0e6b6-13c6-4913-a5a6-8a75167da4e6,DBO2,2018-07-25,12:02:59,4247527.0,194,193,23,42.262818051546404,-70.97431308762886,Medium
RouteID_58bee64a-4e27-447e-a45d-40983cb71169,DBO2,2018-08-14,13:10:09,4247527.0,75,74,24,42.32898536000001,-71.10521168,Medium
RouteID_58ca4f5c-4b2e-4575-b6d0-37ad29eb08f0,DSE2,2018-08-16,14:22:59,3313071.0,110,109,16,47.61175949090912,-122.29606650000004,High
RouteID_58d07521-f7a1-4650-b75c-a6760497e3a9,DLA8,2018-08-13,15:09:53,3313071.0,117,116,20,33.78104227350428,-118.17876708547011,Medium
RouteID_58eb268c-8b24-4e8d-a143-32fb8eb7c9aa,DCH2,2018-07-23,12:28:02,3313071.0,192,191,19,41.992549317708345,-88.00956544791666,Medium
RouteID_59063a31-08ed-41b5-9771-2acb695070c2,DBO2,2018-08-17,13:53:16,3313071.0,130,129,23,42.35212750769231,-71.17137747692304,High
RouteID_591e892e-70c0-41d4-a53e-e739a7dcff18,DSE5,2018-08-08,15:35:02,3313071.0,180,179,13,47.37496292222223,-122.16744391666664,High
RouteID_5926bce8-4855-4270-892e-cc609d826b16,DBO2,2018-08-17,13:48:44,3313071.0,151,150,19,42.25884174172186,-71.1545822847682,Medium
RouteID_5928e9f3-e3ec-4df6-bccb-e7b416d05fcb,DBO2,2018-08-08,13:09:19,3313071.0,167,166,21,42.262958862275454,-70.97604443712574,High
RouteID_59343af6-b53b-4425-a868-770e8febf1bf,DBO2,2018-07-25,13:45:00,3313071.0,166,165,29,42.32326796385545,-71.22691653012049,Medium
RouteID_5937018f-af06-4dce-81f0-01d34342273c,DBO3,2018-08-17,12:14:51,4247527.0,136,135,12,42.41901659558824,-71.65630688970589,Medium
RouteID_59444c75-ae09-4961-9f74-3f547319b7f6,DAU1,2018-08-01,13:46:27,4247527.0,188,187,29,30.211971090425546,-97.80751129787238,Medium
RouteID_595f6e94-1d4d-4e65-8e45-dff69cc156bc,DLA8,2018-07-23,16:47:18,3313071.0,135,134,16,33.76168214814814,-118.38705208148149,Medium
RouteID_596ad004-7413-4482-9d13-8ae514af8656,DAU1,2018-07-28,14:41:29,4247527.0,135,134,25,30.378450266666665,-97.93511325925928,Medium
RouteID_5970790c-ef7f-455d-8162-740af880f42f,DLA7,2018-08-03,16:24:44,3313071.0,166,165,23,34.14588492771085,-117.66750931927706,Medium
RouteID_59897c3f-d218-4a97-837f-f0724885d938,DBO3,2018-08-17,12:51:38,3313071.0,156,155,19,42.15639824358972,-71.6067298461539,Low
RouteID_598c477c-982b-4a5a-bb0b-ea60b1d94f12,DSE5,2018-08-16,15:25:01,4247527.0,130,129,9,47.17977632307693,-122.44447939999995,Medium
RouteID_598c75ac-dd3a-4b0c-b091-4d7d3c6406d9,DLA8,2018-08-07,17:41:09,3313071.0,107,106,24,33.90032108411215,-118.41429928037385,High
RouteID_599f5d4b-9066-41e8-82b5-f3791d13205c,DLA7,2018-08-03,16:36:56,3313071.0,163,162,21,34.12281233128834,-117.61371801226994,Medium
RouteID_59a577b4-9b30-48e2-9038-d1da8e695d7e,DSE4,2018-07-31,15:12:05,3313071.0,178,177,26,47.81457425280899,-122.18288396067416,High
RouteID_59abfaad-3d5b-46f0-a8b7-6e2889b17235,DLA7,2018-08-01,15:40:15,3313071.0,194,193,21,34.17678575257732,-117.42162852061857,High
RouteID_59ac8c76-b560-4942-8e30-35b392e49051,DBO3,2018-08-01,12:11:25,4247527.0,188,187,29,42.39288231914896,-71.52997636170214,Medium
RouteID_59b809b6-be7a-4e0a-8773-1c03209c0586,DLA9,2018-08-11,15:38:45,3313071.0,181,180,31,33.783213281767935,-117.87007947513808,Medium
RouteID_59b8c778-dea5-411c-bfd6-d23d6058d5b7,DCH4,2018-08-17,14:00:14,4247527.0,160,159,21,42.04258215625,-87.93349423124998,Medium
RouteID_59cdcd1d-0dc4-44c1-a240-567baaa0b725,DSE5,2018-08-07,15:28:02,3313071.0,156,155,12,47.369163461538456,-122.13817641025645,Medium
RouteID_59d024af-760e-45ea-a720-903d7ff67109,DLA8,2018-08-04,16:22:44,3313071.0,177,176,18,33.83220536158191,-118.07105276836154,High
RouteID_59deb78b-6e64-4d40-b58b-a9da3353dbdf,DCH3,2018-07-22,13:04:21,3313071.0,198,197,17,41.65804653030302,-87.97731639898991,Low
RouteID_59dfa148-c89d-4ad4-ac4f-f44d1245bdcb,DLA7,2018-08-10,16:40:22,3313071.0,161,160,20,34.13457160869566,-117.62789939130427,Medium
RouteID_59e5d64b-61a0-4207-85a4-f4327561f191,DLA7,2018-07-29,14:32:54,3313071.0,157,156,25,33.83760350318471,-117.80671084076428,Medium
RouteID_59e9d4fd-01aa-48aa-a89d-54607042c7ca,DLA9,2018-07-23,13:50:27,3313071.0,156,155,27,33.64323378846155,-117.57026351923069,Medium
RouteID_59eaa35d-04d9-48a1-a577-8a857999b75c,DSE5,2018-08-13,14:07:38,3313071.0,168,167,19,47.331717065476184,-122.27473942261912,Medium
RouteID_59f3a83d-63b5-42fe-a18e-9eb145ef1ca1,DAU1,2018-07-22,14:32:00,4247527.0,166,165,30,30.184186512048168,-97.92902723493975,High
RouteID_5a0bd838-5919-434a-88e5-28995b0b4e20,DLA3,2018-08-07,14:25:14,3313071.0,101,100,14,34.048110564356435,-118.28446350495048,High
RouteID_5a1e4624-a5c7-4e5d-af12-293b1feb5d9a,DLA9,2018-08-06,16:16:24,3313071.0,116,115,33,33.65575980172412,-117.83381306896554,Medium
RouteID_5a265b14-1b0f-4b50-a91f-42514e639b0b,DLA7,2018-07-26,14:17:53,3313071.0,102,101,21,33.8409786372549,-117.97488858823529,Medium
RouteID_5a496d4d-0bc3-4316-8fa8-f2db72c4fc9f,DBO3,2018-08-16,12:15:00,3313071.0,180,179,35,42.3281512333333,-71.43293962777781,Medium
RouteID_5a5702bc-7d7a-447a-9377-8464402e0c2f,DLA7,2018-07-26,15:28:34,3313071.0,189,188,30,33.888149349206344,-117.85335497354502,Medium
RouteID_5a571cc7-0a75-423d-be9c-0f7cea4ba743,DBO3,2018-08-03,12:19:25,3313071.0,135,134,20,42.45598282962964,-71.39107097777776,Medium
RouteID_5a6c0fb5-81ef-434c-9201-704a8c809221,DLA9,2018-08-01,15:15:37,3313071.0,129,128,21,33.769777906976735,-118.11044210077523,Medium
RouteID_5a6f3943-d3c0-4b2e-9717-03a32d8a89be,DLA7,2018-08-16,14:14:59,3313071.0,155,154,24,33.82880290322583,-117.87834876129034,High
RouteID_5a6f7b82-2bf7-4ace-9898-f4c19d021ba7,DLA7,2018-08-10,15:02:22,3313071.0,165,164,28,33.8517064181818,-117.73329666060609,High
RouteID_5a774ce5-87f6-4a79-90dc-d89aa39ab18d,DLA3,2018-08-06,16:14:04,3313071.0,84,83,24,34.10610370238097,-118.28721209523803,High
RouteID_5a8713f4-ce4d-4684-82ab-063d17123500,DLA9,2018-08-25,16:00:00,3313071.0,150,149,22,33.82883829333334,-118.05050799333333,High
RouteID_5a8b259d-736c-48c9-bda5-6b207f42c0aa,DLA7,2018-08-07,16:00:00,3313071.0,131,130,21,34.12923809923664,-117.814432351145,High
RouteID_5a9d5e01-5ed9-4862-beb0-9d582ac54f10,DCH3,2018-08-16,15:06:11,4247527.0,186,185,23,41.804363327956985,-87.98076310215058,Medium
RouteID_5ab24a12-62bf-4b91-9b49-3be9c3509b7b,DAU1,2018-07-21,15:30:00,4247527.0,138,137,19,30.17086780434783,-97.94507776086955,High
RouteID_5ab704be-b4c0-4d78-9935-1f9ed37d1303,DCH4,2018-07-31,13:51:45,4247527.0,169,168,24,42.08281464497043,-87.78552180473369,Medium
RouteID_5aba8abc-16d8-4d96-8ab0-db12cc6e1927,DLA5,2018-08-07,15:58:32,3313071.0,188,187,20,33.96994298936169,-117.44326717021272,Medium
RouteID_5ac1990e-8811-4228-87bc-0be7abb764ca,DSE4,2018-08-21,15:40:38,4247527.0,97,96,14,47.67424350515469,-122.29738148453609,High
RouteID_5ac2f55e-4960-45d2-873e-2f854ee84046,DLA3,2018-07-31,16:43:02,3313071.0,155,154,12,33.94684061935484,-118.21514880645155,High
RouteID_5ac5589a-a088-456c-9925-f5a7a3d68098,DBO3,2018-08-06,12:15:00,4247527.0,128,127,19,42.476870242187495,-71.37491675781246,Low
RouteID_5ad0aa27-f172-4aa5-a5b6-ce86618ec180,DLA9,2018-07-19,15:58:25,3313071.0,152,151,32,33.61821731578948,-117.85397846052633,Medium
RouteID_5ad43b12-e242-4ee5-a25a-08d8b0ed9e04,DLA9,2018-08-01,15:14:23,3313071.0,182,181,20,33.756304021978025,-118.02626697252754,High
RouteID_5ad95424-9ff6-4612-b802-ce2b9a623c4c,DLA7,2018-08-07,14:56:46,3313071.0,147,146,23,33.87010895918367,-117.79914895918365,Medium
RouteID_5adcf2b9-f7e2-4db7-b0e0-ef1231ea1bb6,DLA3,2018-07-25,15:30:00,3313071.0,119,118,20,34.12181487394958,-118.35861626890758,High
RouteID_5ae28398-6835-417b-87c8-3fd893727bc9,DLA8,2018-08-11,14:42:18,3313071.0,161,160,19,33.786143055900624,-118.1911970745342,High
RouteID_5ae55644-a110-4c87-a994-3342132ebfff,DLA9,2018-08-25,13:52:31,3313071.0,131,130,28,33.5646450687023,-117.73582763358777,Medium
RouteID_5af5d62a-c0b0-4ff0-bcd9-a18ecee43b1b,DLA5,2018-08-10,16:03:41,3313071.0,117,116,16,33.882289213675215,-117.39288850427347,Medium
RouteID_5affaf77-93cc-445f-a822-0df4540069e1,DLA9,2018-08-13,14:29:23,4247527.0,171,170,32,33.70529559064328,-117.78679147368418,Medium
RouteID_5affbcef-7a2e-4d5f-a8a2-976115852193,DLA7,2018-07-20,15:57:00,3313071.0,165,164,22,33.89173684848485,-117.52945263030298,Medium
RouteID_5b0122f2-b384-4c27-adcc-8d7eb50f347f,DSE5,2018-08-12,13:36:33,3313071.0,156,155,17,47.47100377564102,-122.35128839102559,High
RouteID_5b0cb784-87d6-4821-8d44-6b1807fae6e6,DLA9,2018-07-30,16:01:25,3313071.0,114,113,24,33.65897042105262,-117.89515778947369,High
RouteID_5b22064b-3abd-4ad5-b44d-a2a24ee24b2f,DLA9,2018-08-04,14:24:21,3313071.0,178,177,25,33.773917016853936,-117.79091743820221,High
RouteID_5b253a36-8ef8-4e6a-bd1c-71180596e46f,DLA7,2018-08-16,15:02:41,3313071.0,132,131,18,34.1112273560606,-117.86449503030303,High
RouteID_5b2828e3-f862-4a42-80ef-a6e184ee1922,DLA5,2018-08-10,14:34:32,3313071.0,189,188,20,34.08564154497355,-117.33812797354501,Medium
RouteID_5b2be924-0ee8-4fa4-952c-25037ce5169f,DLA8,2018-07-20,16:42:00,3313071.0,159,158,18,33.79306405031447,-118.38297166666665,High
RouteID_5b339e14-1d21-4607-b4cc-866babb08a62,DLA7,2018-08-02,14:26:00,3313071.0,89,88,18,33.83357552808988,-117.91951484269656,High
RouteID_5b34950d-64c2-451b-b69d-b4d3cba3a1f5,DAU1,2018-07-29,15:26:32,4247527.0,80,79,21,30.3798346,-97.702189625,Medium
RouteID_5b4e2125-7a25-47aa-b883-3675022011c5,DSE5,2018-08-21,14:30:58,3313071.0,126,125,8,47.58389238888885,-122.05218988095235,Medium
RouteID_5b55afe6-86c9-4508-af9b-3f6522bb1979,DLA4,2018-08-11,16:55:24,3313071.0,184,183,15,34.26431914130435,-118.53475528260873,High
RouteID_5b5b697c-b685-4b83-869f-51629b4dddd4,DCH4,2018-08-13,13:47:08,4247527.0,149,148,16,42.25054717449667,-88.17902471140944,Medium
RouteID_5b6069c5-1b9f-46a6-b1f1-0e4e6dea6a6d,DLA5,2018-08-13,14:27:04,3313071.0,180,179,24,34.12078223333334,-117.3816230666667,High
RouteID_5b68580f-14e4-43c5-a125-f2ca7c64fc7d,DLA9,2018-08-17,15:11:57,3313071.0,155,154,24,33.725485464516154,-118.0513228129032,High
RouteID_5b6fc875-52db-4555-a0fb-bfad00788996,DBO3,2018-07-27,11:40:54,4247527.0,167,166,28,42.34214704790417,-71.22211583233532,Medium
RouteID_5b7266a6-79f7-400c-b64b-111ce858665e,DCH1,2018-08-10,14:43:36,3313071.0,98,97,23,41.93821412244898,-87.68406041836735,High
RouteID_5b7362fc-e490-49c8-a8cd-8ae3ad99bcd7,DLA5,2018-08-16,14:43:05,3313071.0,167,166,22,34.11767343113774,-117.19642250299405,Medium
RouteID_5b7abdc4-876b-4a35-b371-ed7409bec01b,DLA3,2018-08-04,14:25:42,3313071.0,67,66,13,34.05289650746268,-118.29704889552244,Medium
RouteID_5b84c0a1-9594-4afd-8904-375e747ea183,DLA9,2018-08-12,16:07:21,3313071.0,148,147,33,33.662528155405404,-117.8262707027027,High
RouteID_5b8f09af-b478-4f36-967a-d031636b1a76,DLA7,2018-08-09,15:07:24,3313071.0,141,140,16,34.076500198581556,-117.68800704964539,High
RouteID_5ba1c887-0fd1-4b4c-b7d8-500940287806,DBO2,2018-08-09,11:32:56,4247527.0,147,146,25,42.16528182993196,-70.95619572789114,Medium
RouteID_5ba348e0-9879-4023-a755-bd7aea6e9273,DLA9,2018-08-15,13:48:24,3313071.0,132,131,17,33.4164133787879,-117.60194395454536,Medium
RouteID_5babc19b-e80a-439a-b1de-d69d23cfd3a9,DLA8,2018-08-01,15:04:50,3313071.0,127,126,19,33.793797653543294,-118.16469044094488,High
RouteID_5bc6991c-6ee3-44b1-9da7-d26eae44d44e,DCH1,2018-08-10,14:45:00,3313071.0,88,87,28,41.79003589772727,-87.60068421590908,Medium
RouteID_5bca5338-407d-43fd-bfea-90db3700d062,DBO2,2018-08-13,12:55:16,3313071.0,155,154,23,42.23770080000002,-71.10746569032261,High
RouteID_5bd4b035-1ec7-48ec-87a0-ea8f54cafaaf,DLA8,2018-07-29,14:53:20,3313071.0,114,113,18,33.77749129824562,-118.17237488596491,High
RouteID_5be5334c-9e09-4a6f-9658-f4821cd4ef88,DLA7,2018-08-03,16:26:25,3313071.0,174,173,20,34.10853779885058,-117.60006130459762,Medium
RouteID_5bf303a5-7013-4272-a70c-e0b61e03afeb,DLA9,2018-07-21,16:04:44,3313071.0,150,149,25,33.62905351999998,-117.90313606666663,Medium
RouteID_5bf96cc3-6bb3-48cc-8cbf-8697f1424c45,DSE5,2018-08-15,14:04:11,3313071.0,171,170,15,47.49946927485384,-122.35993845614028,Medium
RouteID_5c22f6c4-93d9-463a-93d5-d7f4eafb761a,DSE2,2018-08-14,14:14:43,3313071.0,64,63,19,47.621548921875,-122.314009140625,Medium
RouteID_5c254029-6aa3-47f9-885b-1fc0d5e19c31,DLA7,2018-08-07,15:43:05,3313071.0,164,163,23,34.127859932926825,-117.54106409756092,High
RouteID_5c29e832-e56a-4354-a99d-1a8c82488e0a,DLA7,2018-07-20,16:33:49,3313071.0,168,167,22,34.111289202380966,-117.75665501190468,High
RouteID_5c2f0054-b50b-4fc4-a67a-a6f89bea1055,DLA9,2018-07-25,16:15:33,3313071.0,194,193,19,33.717615639175264,-117.87900070618555,High
RouteID_5c330b18-81e1-4af7-9a32-67edaa0cab82,DLA7,2018-07-22,15:30:40,3313071.0,151,150,18,34.175697324503304,-117.30636827152318,Medium
RouteID_5c3ebb31-030b-4c7a-8b58-8e15c5d46840,DSE5,2018-08-02,14:57:57,3313071.0,197,196,16,47.42360506598987,-122.32925271065987,High
RouteID_5c3f964a-8453-44d9-8aaf-88781c8ccc44,DLA3,2018-07-21,15:40:12,3313071.0,152,151,14,34.009295861842105,-118.26144988815787,High
RouteID_5c41535e-faa9-4225-a030-c0221910e81d,DLA8,2018-08-15,15:09:05,3313071.0,73,72,22,33.98302506849314,-118.46507335616434,High
RouteID_5c43005c-f08c-4bbf-ae5b-c018047ea384,DLA8,2018-08-15,15:11:23,3313071.0,126,125,28,34.034557928571445,-118.40380714285716,High
RouteID_5c4e2af6-7ada-4378-8a9c-a0a2a74a2424,DAU1,2018-07-31,13:20:01,4247527.0,155,154,42,30.30901312903225,-97.72536242580651,High
RouteID_5c5167a8-861d-4cfd-a017-41ef613e1cbd,DBO2,2018-07-27,12:08:56,4247527.0,95,94,23,42.30552272631578,-71.11396462105262,High
RouteID_5c5ea7c7-5dc3-4797-9d34-7de282df4818,DBO3,2018-07-20,11:53:03,4247527.0,180,179,25,42.34670704999998,-71.21830409444442,High
RouteID_5c6a5d1d-7592-4583-9501-9b0e3acb4b99,DBO3,2018-07-27,13:29:42,4247527.0,204,203,29,42.240303397058796,-71.44232854411767,Medium
RouteID_5c95858c-31d7-4e44-98e5-86c087b04b35,DLA9,2018-08-15,16:02:17,3313071.0,126,125,20,33.69037048412698,-117.99792473809528,Medium
RouteID_5c962c08-90d0-4373-a7da-46e5f47be7d5,DBO3,2018-08-07,11:30:23,4247527.0,162,161,22,41.918923851851844,-71.31160752469138,Medium
RouteID_5c999be3-a3fb-4f29-b7d4-9b0a0cd04d4b,DLA9,2018-07-24,14:29:49,3313071.0,143,142,21,33.7745508951049,-117.83772256643354,High
RouteID_5ca7a11e-1922-498a-9a6b-baa29e4b19d0,DCH1,2018-08-01,14:36:26,3313071.0,108,107,24,41.88304720370371,-87.78872488888882,High
RouteID_5caedd77-5956-4331-8139-52ff860213eb,DCH4,2018-08-06,13:56:08,4247527.0,141,140,19,42.33187029078014,-88.18252332624118,Medium
RouteID_5cb66cca-5657-4d1a-930d-0da206555c85,DLA7,2018-08-01,15:09:47,3313071.0,190,189,21,33.85629642631577,-117.57262501052632,Medium
RouteID_5cb6c8cd-271f-40b0-b81b-651d3c245fc4,DSE5,2018-07-31,14:14:40,4247527.0,141,140,9,47.19867206382979,-122.48250342553197,High
RouteID_5cba2a9c-426b-4620-a36f-6f1032798ae7,DLA7,2018-08-05,15:47:36,3313071.0,166,165,21,33.9284959819277,-117.53062825301207,High
RouteID_5cba4c58-7518-4733-865e-53b49aeb53f1,DSE4,2018-07-26,15:36:08,4247527.0,100,99,11,47.696985450000014,-122.31249291999998,High
RouteID_5cbe4f41-139d-4c82-8109-648bda1b6852,DLA7,2018-08-04,14:33:23,3313071.0,122,121,22,33.844717827868855,-117.92807674590166,Medium
RouteID_5cc00f81-1913-4a61-bafe-7a0bcd07215e,DLA9,2018-07-24,16:01:26,3313071.0,137,136,22,33.71400858394162,-118.03714795620436,High
RouteID_5ccca533-3e49-4990-a41a-f7f66a9e6552,DLA8,2018-08-08,16:48:55,3313071.0,180,179,22,33.81791417777774,-118.28412718888883,Medium
RouteID_5cd92188-c7a1-4964-a84d-58bd85596502,DSE5,2018-08-15,15:00:28,3313071.0,143,142,13,47.445872741258704,-122.20952734965036,High
RouteID_5ce012cc-8240-43fc-9ea5-0217b6e50ace,DLA7,2018-08-17,15:02:26,3313071.0,139,138,18,33.887855057553956,-117.830548676259,Medium
RouteID_5ce60f73-3fe6-4933-a6c9-a92c1513cadc,DCH2,2018-08-16,12:26:49,3313071.0,138,137,17,41.94528513768116,-87.79040997101448,Medium
RouteID_5ce9a389-d2ee-4f81-9dda-274f10134446,DLA9,2018-08-05,15:12:08,3313071.0,179,178,24,33.784868631284915,-117.95672007821238,Medium
RouteID_5cf49335-ffe1-445d-93ba-5030e422aa0b,DSE5,2018-08-24,15:17:07,4247527.0,129,128,11,47.26433609302326,-122.46486501550389,High
RouteID_5cf64cce-c147-4cac-bb66-9b62fadf1347,DSE5,2018-08-19,13:26:10,3313071.0,156,155,18,47.44060116666669,-122.33756240384614,Low
RouteID_5d1438e5-22b9-437e-b625-73f556c51bf4,DLA7,2018-07-26,15:13:54,3313071.0,147,146,28,33.92584534693877,-117.85149059183672,High
RouteID_5d180f3b-97d5-4880-860e-27fe70c62aad,DLA9,2018-08-17,15:53:50,3313071.0,159,158,21,33.68407915723268,-117.92756597484276,High
RouteID_5d3893c7-c410-486c-8f51-42f70942c376,DAU1,2018-08-11,14:02:41,4247527.0,139,138,26,30.162347438848922,-97.8103713093525,High
RouteID_5d447a57-f6d6-4877-95c6-849bd9af497f,DLA9,2018-07-24,15:29:32,3313071.0,159,158,18,33.738841477987414,-117.93907185534589,Low
RouteID_5d4d635d-2a1c-49de-a58a-a9cffc89a772,DSE5,2018-07-24,15:13:35,3313071.0,186,185,14,47.33022955376344,-122.25557523655915,Medium
RouteID_5d802de2-00e2-4c10-873e-a99c798a4620,DCH3,2018-07-21,14:20:26,3313071.0,181,180,17,41.69695661325968,-88.21113864640884,Medium
RouteID_5d821fa9-05fd-431f-8584-5c9750556ad9,DCH4,2018-07-27,14:06:30,3313071.0,172,171,16,42.27670855232557,-88.18258545348836,Medium
RouteID_5dba9b23-f96d-43e7-8299-faf9036ba619,DCH2,2018-07-27,14:30:09,3313071.0,138,137,18,41.978862666666686,-87.72828832608693,High
RouteID_5dbc7adb-0f8b-45ec-a2eb-74970110c7bf,DLA5,2018-07-19,16:05:29,3313071.0,192,191,19,34.017198984375,-117.39807954166672,High
RouteID_5dc82460-5122-4587-9956-1736a5d1dddf,DBO3,2018-08-13,13:03:53,3313071.0,114,113,10,42.149143114035084,-71.76616183333331,High
RouteID_5dddc50b-a79c-47e9-9688-ac24b97bf029,DBO3,2018-07-31,12:15:00,4247527.0,147,146,30,42.435714285714276,-71.44480585034015,Medium
RouteID_5dde0300-f65c-4cce-b3c6-ad6408eed8a7,DLA9,2018-08-13,13:47:13,3313071.0,136,135,19,33.44631375000001,-117.61050262499998,High
RouteID_5dec99eb-d5f0-4ee5-846f-42f23b02cb5c,DBO2,2018-08-03,13:19:17,3313071.0,193,192,22,42.249930538860106,-71.11261297409328,Medium
RouteID_5def297f-94e6-47a6-89e3-52a6ea3bb7b3,DAU1,2018-08-04,13:51:17,4247527.0,149,148,35,30.28017154362415,-97.82698958389261,Medium
RouteID_5e131b7e-518c-4c50-8243-c6c02c5fdc1f,DLA7,2018-07-21,15:57:57,3313071.0,190,189,21,33.90449300526315,-117.51993249473682,High
RouteID_5e17aaec-fe56-4c4c-b3d3-8483f6210957,DCH1,2018-08-13,15:08:04,3313071.0,139,138,24,41.87358532374102,-87.80032224460432,High
RouteID_5e432a71-f915-41ea-ac1c-2061c1442c09,DBO2,2018-08-12,13:45:00,3313071.0,162,161,29,42.262161364197546,-71.03746599382718,High
RouteID_5e48e4f8-679f-4d50-84b7-0f1ac8849fe3,DSE4,2018-08-09,14:55:40,3313071.0,181,180,22,47.9456661878453,-122.22910366850837,High
RouteID_5e49b882-00f1-40c8-8669-2b6ef5317a97,DSE5,2018-07-26,14:24:50,4247527.0,164,163,15,47.21367561585365,-122.41105278658537,Medium
RouteID_5e513a64-9782-4169-af1a-d3177dec2788,DLA9,2018-08-24,15:12:50,3313071.0,117,116,29,33.765066623931624,-118.1495476752137,High
RouteID_5e536da9-215b-45fd-8988-b069ca0c0e6b,DBO3,2018-08-11,12:14:19,4247527.0,183,182,21,42.082996792349746,-71.38456073770492,High
RouteID_5e5a3282-58f3-475f-9311-050126bba442,DLA7,2018-07-21,16:00:00,3313071.0,174,173,26,34.09735265517241,-117.59558785632184,Low
RouteID_5e6a93dd-b0a0-41d3-bbd7-87ba276b958f,DLA9,2018-08-21,13:37:25,3313071.0,141,140,20,33.52362882269502,-117.69835254609934,Medium
RouteID_5e751dbd-687c-4ac3-81ae-51a441ff633b,DLA9,2018-07-20,13:58:21,3313071.0,125,124,19,33.589711023999996,-117.62104023199994,High
RouteID_5e8013c7-7778-467e-88c6-e78dce2b7c76,DBO3,2018-08-15,12:15:38,4247527.0,154,153,15,42.41466352597403,-71.63877984415586,Medium
RouteID_5e811567-2598-4442-bd75-f165d7964d13,DLA7,2018-07-31,15:05:05,3313071.0,161,160,20,34.11180393788822,-117.75635463975168,High
RouteID_5ea8d2e8-2611-45da-a810-f9b9719c5056,DLA7,2018-07-25,15:02:40,3313071.0,186,185,25,33.85403102150538,-117.58028074193547,Medium
RouteID_5eabfb60-8bfd-4679-bb19-ed15110cd4fb,DLA7,2018-07-24,15:43:17,3313071.0,165,164,21,34.14849875151515,-117.45716879393936,High
RouteID_5eccbcab-30b7-4a2f-a712-001c91327508,DLA7,2018-07-22,15:04:16,3313071.0,155,154,23,33.88064392258064,-117.82901148387103,Medium
RouteID_5ecd4e6b-b45a-494b-983a-279c037f9599,DBO3,2018-07-30,12:05:51,3313071.0,122,121,21,42.45240268032788,-71.3508872622951,Medium
RouteID_5ee4cdd5-6c29-4306-a6cd-8943bde87002,DLA7,2018-07-20,15:22:33,3313071.0,169,168,24,33.881420278106496,-117.80341261538464,High
RouteID_5ee528fb-5046-4f84-9d0a-f7cc827c87fa,DSE5,2018-08-09,15:49:47,3313071.0,175,174,16,47.44169489142856,-122.12190229142858,High
RouteID_5ee61285-7898-4109-b38a-1dfb2b6498cf,DBO2,2018-08-09,11:55:47,4247527.0,150,149,23,42.18924820666668,-70.9363365333333,Medium
RouteID_5ee7cf65-37c6-4454-822b-74c0de6e2fb0,DBO3,2018-07-30,12:20:01,4247527.0,172,171,31,42.38042291860465,-71.44190713953489,Medium
RouteID_5f0ec4fa-956d-4ec5-8c96-cdfad7e4cf3c,DSE4,2018-08-25,15:46:18,3313071.0,159,158,26,47.74213342767296,-122.23456721383647,High
RouteID_5f261852-f5ad-4c8b-8e66-f9253cf851fc,DLA9,2018-08-26,15:16:00,3313071.0,109,108,30,33.76038355963303,-118.14200565137608,Medium
RouteID_5f318faa-c9d2-4e60-b065-03271f33b21a,DLA7,2018-08-01,15:54:21,3313071.0,149,148,19,33.86469302013423,-117.53837034899331,Medium
RouteID_5f33ca96-22df-479a-a48b-6935b7349b88,DSE5,2018-08-09,14:28:51,4247527.0,136,135,14,47.26426592647058,-122.47140589705884,High
RouteID_5f404f3e-ea91-4b2c-8ebd-0041b5ecdbd3,DLA7,2018-08-14,16:00:00,3313071.0,170,169,18,34.15411295882354,-117.41229752941175,High
RouteID_5f4afb8b-80f1-4e6d-9fa5-faabcdff63fd,DCH3,2018-07-27,13:41:12,3313071.0,145,144,20,41.739615048275866,-87.90442610344823,Medium
RouteID_5f5de232-3d54-411a-95cf-004f691dc9bc,DSE4,2018-08-12,15:34:38,3114853.25,175,174,25,47.796918000000005,-122.25801056571426,Medium
RouteID_5f5e1105-a11b-4071-8942-f16fa2e23c6b,DLA7,2018-08-01,15:04:08,3313071.0,170,169,27,33.85620204705882,-117.73098171176473,High
RouteID_5f615d57-e1f8-450a-8710-64a78fb355a2,DBO3,2018-08-10,12:15:00,4247527.0,140,139,27,42.281178835714265,-71.39886391428571,Medium
RouteID_5f7493c4-2adb-4f07-9174-a4652af2c4de,DLA3,2018-07-22,16:43:19,3313071.0,149,148,15,33.95733742953021,-118.20511877181207,Medium
RouteID_5f7e5456-07fb-4f94-8217-a61be1e834f7,DLA7,2018-08-01,14:35:53,3313071.0,116,115,21,33.88086573275861,-117.9836713103448,High
RouteID_5f7f8109-28b2-4f47-a4b6-c616d6e996e5,DBO3,2018-08-09,11:30:00,4247527.0,153,152,20,42.377102686274505,-71.19246244444442,High
RouteID_5f8d9c67-df02-453d-93d2-429a2c21a2c1,DBO2,2018-07-20,12:31:06,4247527.0,119,118,9,42.31792563865548,-71.08646166386556,High
RouteID_5f967c6f-6a37-4eec-b521-0daa809499cb,DCH3,2018-08-02,13:04:26,4247527.0,192,191,19,41.888391322916654,-88.01313197395837,Medium
RouteID_5f99a51b-9fc2-4506-804a-893e1af47584,DSE2,2018-08-12,14:09:57,3313071.0,63,62,17,47.630018650793666,-122.32459314285713,High
RouteID_5f9e2b55-0d2d-4604-9914-2f7ee9ce4d93,DBO1,2018-07-20,11:41:14,3313071.0,151,150,8,42.43652988079468,-71.04717240397348,Medium
RouteID_5fad5698-4e40-40df-9fc6-5fcb73521211,DBO2,2018-08-14,13:19:40,4247527.0,161,160,28,42.340593919254665,-71.17881100621122,Medium
RouteID_5faed8d6-c57a-42cf-8078-596ab61031e7,DSE5,2018-08-22,15:36:23,4247527.0,138,137,10,47.27238710144927,-122.52349763768116,Medium
RouteID_5fb1552b-bc5c-46f1-b91e-4c9399c72b72,DLA3,2018-08-04,15:51:38,3313071.0,130,129,27,34.09235904615385,-118.2856029076923,Low
RouteID_5fc3ef05-deac-4641-870d-4e4a6ec521f0,DCH4,2018-07-28,15:00:00,4247527.0,157,156,28,42.08277884713375,-88.05448532484075,Medium
RouteID_5fcdc39b-7b7f-4802-acbb-f1fcbfd5fc34,DLA8,2018-07-30,16:16:27,3313071.0,138,137,25,34.01146679710143,-118.43268897101446,Medium
RouteID_5ff14aee-7eb1-4abd-9bb1-0ff84638405d,DLA7,2018-07-30,16:00:00,3313071.0,169,168,28,33.992498497041424,-117.80673895857988,High
RouteID_5ff865d3-ccd5-4764-ace6-cbc794511d89,DLA9,2018-08-02,15:19:46,3313071.0,135,134,20,33.78413634814814,-117.91282925185183,High
RouteID_600dca32-cfe6-4e8d-8ab2-43d20dcc7d80,DLA7,2018-08-10,16:50:29,3313071.0,168,167,22,34.130387422619066,-117.55524233333338,High
RouteID_60116b35-0716-4377-9d93-b75f44ac2dcc,DCH4,2018-08-02,14:04:45,4247527.0,132,131,17,42.44932296212121,-88.0533004318182,Medium
RouteID_6017f7e8-369e-44e5-bd52-7e71e2aeb570,DLA9,2018-08-14,15:00:00,4247527.0,172,171,23,33.6104096860465,-117.68942110465117,High
RouteID_60213f3a-0b5f-46f2-b15d-7877cd7b263d,DCH4,2018-08-14,14:24:03,4247527.0,164,163,21,42.11810405487805,-88.0101955670732,Medium
RouteID_603c0c32-083f-46c6-8fb1-6912811af9d0,DLA5,2018-07-31,15:00:40,3313071.0,158,157,18,34.12323153797469,-117.27617627215191,High
RouteID_603e83cc-2971-47a7-8595-ad2b14c394b4,DSE5,2018-08-07,15:06:51,3313071.0,118,117,7,47.586563135593224,-122.06928557627121,High
RouteID_604e5490-62ef-4ed7-ac32-615177caeccd,DLA7,2018-08-09,14:28:48,3313071.0,145,144,22,33.907123662068976,-117.89620708965515,Medium
RouteID_60562b8b-adbb-484b-bda8-e3c701c8d760,DBO3,2018-07-29,11:26:27,4247527.0,109,108,22,42.36251449541285,-71.18582264220183,High
RouteID_605c8c3f-1bb5-413a-9e7a-2ffdb459a223,DSE4,2018-08-06,14:55:19,3313071.0,157,156,28,47.77462744585989,-122.22800240127393,Medium
RouteID_606217f3-b754-4b7b-94be-579fe5f06475,DLA7,2018-08-14,14:47:18,3313071.0,182,181,24,33.7807745824176,-117.48404209340661,High
RouteID_6068ae7b-2422-4571-8ac4-494402222339,DLA4,2018-08-02,13:45:00,3313071.0,141,140,12,34.179466014184406,-118.38287726241137,Medium
RouteID_606b779e-f2bf-41ee-8bb2-bbf0850aef90,DLA9,2018-08-15,14:26:00,3313071.0,125,124,23,33.72963269600001,-117.76737239200001,High
RouteID_60702e3c-0c3d-45db-9525-c6e01932c005,DBO3,2018-08-16,12:05:39,4247527.0,130,129,22,42.028776246153846,-71.21971054615382,Medium
RouteID_6072d011-b3c4-48e5-8a92-b0d9466cb5e0,DSE5,2018-08-08,14:40:51,4247527.0,161,160,11,47.20211523602485,-122.41902563975157,Medium
RouteID_6077d00f-3b0c-4ba9-827f-fd279d2994ea,DLA3,2018-08-16,16:02:44,3313071.0,127,126,26,34.11372617322835,-118.28490932283461,High
RouteID_6085f1ab-0d07-47c2-b5fe-d69df586113e,DLA7,2018-08-16,14:56:41,3313071.0,143,142,23,33.87073695804195,-117.7975128321678,High
RouteID_608e02d5-5ecd-45ee-99b0-274dfaecef7f,DLA4,2018-07-25,13:59:19,3313071.0,123,122,14,34.14503521951218,-118.42876957723578,Medium
RouteID_60906205-46ea-4848-b99f-899b475c89e0,DLA7,2018-07-28,14:31:26,3313071.0,148,147,24,33.87436299324325,-117.99061102027028,Medium
RouteID_609e9875-c67f-4255-804b-0de3659d729b,DLA7,2018-08-12,15:02:08,3313071.0,133,132,29,34.05812430827066,-117.80390784962408,High
RouteID_60a74c91-68f5-4034-9792-c87329f1c5a5,DLA7,2018-08-04,15:00:57,3313071.0,159,158,28,33.88055083018867,-117.85530328301886,High
RouteID_60a8e1b4-21a4-4dac-831b-8648ec597412,DSE5,2018-08-19,15:02:45,4247527.0,109,108,6,47.21040800000001,-122.5400209449542,High
RouteID_60b176ea-694a-4ba1-b598-06c253f01e0c,DSE5,2018-08-12,13:58:01,4247527.0,209,208,20,47.24669998564594,-122.20291962679435,Low
RouteID_60b304da-3402-4791-b06b-3b52321199da,DCH4,2018-08-15,13:39:54,4247527.0,183,182,26,42.19655015846993,-88.07513650819669,Medium
RouteID_60c70dbe-e28b-4c27-a4da-737ee54dd62e,DLA7,2018-07-29,16:23:30,3313071.0,195,194,27,34.1415508,-117.6541723076924,Medium
RouteID_60dc2b72-fb7d-4167-8f4d-1d6c5a699af4,DLA7,2018-07-23,15:46:06,3313071.0,190,189,22,34.171615300000006,-117.42021682105255,Medium
RouteID_60dfcbc6-212b-43d8-86f2-a1aeb3cb5224,DSE4,2018-08-18,15:26:35,4247527.0,98,97,16,47.67931949999999,-122.31035219387752,High
RouteID_60e00623-a3c7-4db9-9b5b-7e674099568f,DSE4,2018-08-13,15:38:06,3313071.0,161,160,22,47.90965639130433,-122.30651588819877,Medium
RouteID_60e8facb-695f-4339-ad68-1abe869ff10a,DBO3,2018-07-31,12:15:00,4247527.0,142,141,25,42.30353861971833,-71.28773235211268,Medium
RouteID_60f08fdc-8dce-4211-a00d-db145f29ce49,DLA8,2018-07-24,17:19:40,3313071.0,153,152,19,34.04706160784314,-118.33634760784317,Medium
RouteID_61005305-96d1-4b7e-a4a8-322c03924993,DLA8,2018-08-13,16:38:27,3313071.0,120,119,20,33.75969330833333,-118.31265308333333,Medium
RouteID_61045937-ddc9-4d0c-928a-9dd8fa22643e,DLA7,2018-08-10,16:20:14,3313071.0,173,172,23,34.13519804624275,-117.64820600578037,Medium
RouteID_610c9755-db00-4dd3-b12b-8dd855b5d60b,DSE5,2018-08-23,15:17:18,4247527.0,122,121,11,47.26443554918035,-122.46420640983611,High
RouteID_611a0158-4acc-4964-be32-0581f0e7c92a,DSE4,2018-07-25,15:01:43,3313071.0,158,157,25,47.72731902531645,-122.07199537974684,Medium
RouteID_611c2404-dac5-4b21-83a4-c49bb43f0ee0,DCH4,2018-08-10,15:23:03,4247527.0,171,170,20,42.276260385964925,-88.1287539356725,Medium
RouteID_612058d3-5465-49e4-b0c5-0493523b3358,DBO2,2018-08-08,12:41:59,4247527.0,81,80,16,42.33058082716048,-71.10693651851854,High
RouteID_613148fd-77b8-4388-b27e-d8c81fee04d7,DLA7,2018-08-15,16:36:06,3313071.0,153,152,20,34.150915725490194,-117.5715315490196,High
RouteID_613c9460-5629-4d2c-9f07-f67bf2f423b7,DSE5,2018-07-25,15:02:50,3313071.0,165,164,15,47.50232460606062,-122.36890655757571,Medium
RouteID_613ec5c0-bbca-4920-b78b-c5cdffdba499,DCH4,2018-08-01,15:35:26,4247527.0,154,153,18,42.181096298701306,-88.3162218376623,High
RouteID_6143151b-b301-44c5-afd9-a58db95eb41a,DSE5,2018-08-17,15:11:14,4247527.0,128,127,8,47.21856266406252,-122.51349794531251,Medium
RouteID_614f11dc-46cf-4c52-821d-5b65f480a87b,DLA8,2018-08-02,15:02:18,4247527.0,186,185,21,33.88195548924731,-118.3216509247312,High
RouteID_6151ed34-9a5b-401e-9317-305862a35a23,DLA7,2018-08-04,14:19:31,3313071.0,150,149,25,33.893482013333326,-117.9996871866666,High
RouteID_61612c45-4ab6-4ad7-af11-a9ad4ded4765,DCH1,2018-08-05,14:40:51,3313071.0,95,94,17,41.93477307368421,-87.72244850526316,High
RouteID_6166339b-5cb1-494a-be05-5987684dc61e,DSE5,2018-08-08,14:11:21,4247527.0,189,188,16,47.28831905291008,-122.3835477407408,High
RouteID_616ec5e2-af19-4906-89f6-b949955d42f8,DCH1,2018-08-14,13:34:29,3313071.0,181,180,16,41.78809559668508,-87.71302962983427,Medium
RouteID_6170d139-b870-424e-9b66-c64608b12925,DLA8,2018-08-08,16:15:00,3313071.0,194,193,15,33.91269065979382,-118.19533436597939,High
RouteID_61776177-188b-48f5-b1cc-a1c2e324f2eb,DBO3,2018-08-05,12:03:58,3313071.0,149,148,26,42.43440118120805,-71.40961083221478,Medium
RouteID_6180bb45-0c26-462b-a3a2-fe35c85840dc,DLA3,2018-08-12,14:56:47,3313071.0,150,149,14,33.959100133333315,-118.23858950000005,High
RouteID_61843a20-200b-4586-b9de-e620269fbc6e,DLA9,2018-08-06,15:13:32,3313071.0,140,139,22,33.78060432857142,-117.98925262857142,High
RouteID_6189a279-1ff6-4b08-93c3-abc0a756142f,DLA7,2018-08-04,15:37:49,3313071.0,162,161,20,34.15848849382716,-117.34957848765427,High
RouteID_619e93e8-a889-41c1-86ae-d74142fcb685,DLA8,2018-08-11,15:02:27,3313071.0,162,161,22,33.96494694444444,-118.40702174074072,High
RouteID_61a1ed8a-ec8a-499d-affd-02c3c351d779,DLA8,2018-08-15,16:15:00,3313071.0,108,107,22,33.8353656574074,-118.38101712962964,High
RouteID_61c0fe82-17c4-4fff-bd1a-0e59d876583d,DLA7,2018-07-30,14:31:20,3313071.0,129,128,29,33.90113744186045,-117.89203105426353,Medium
RouteID_61c69aa1-6a4d-4f1a-99f0-ccb407592c03,DCH4,2018-08-08,15:29:45,4247527.0,132,131,23,42.07803456060607,-88.03901685606058,Medium
RouteID_61d0e045-d323-417f-864c-22fc1150dfe3,DLA8,2018-08-15,16:46:24,3313071.0,129,128,16,33.7187585891473,-118.29237446511621,High
RouteID_61e31080-389f-4885-b6b5-dfa139305d54,DLA7,2018-07-26,15:05:11,3313071.0,140,139,21,34.13175391428571,-117.82816220000004,Medium
RouteID_61fd9321-e708-4506-aa99-05b723eb426d,DLA9,2018-08-15,15:20:32,3313071.0,168,167,20,33.75229719642857,-117.9491965714286,Medium
RouteID_61fdb9ca-b75f-4d86-8cca-ad11066e520b,DLA3,2018-07-22,16:56:13,3313071.0,178,177,18,33.9708243033708,-118.2213935337078,High
RouteID_623109ad-3da5-4e0e-acc8-b8defb63e463,DBO2,2018-08-08,14:21:10,3313071.0,170,169,29,42.331604011764696,-71.20630299411764,Medium
RouteID_62351624-6da4-4e8b-9525-0a89668c2827,DBO3,2018-08-10,12:06:32,4247527.0,139,138,15,41.81107869784174,-71.36203420863312,Medium
RouteID_623caa2c-d3a2-4b50-9f0c-6aa46a59c608,DAU1,2018-07-23,13:23:39,4247527.0,164,163,30,30.219285518292686,-97.88107170731705,Medium
RouteID_623dc562-7620-437a-a011-2d6ae75997c4,DLA7,2018-07-27,15:04:56,3313071.0,152,151,24,33.901465000000016,-117.78335469078945,Medium
RouteID_624b3eab-df72-4431-85d3-74f7aa5cf5e8,DCH4,2018-08-01,13:47:28,4247527.0,159,158,24,42.36577022012579,-87.92432465408805,Medium
RouteID_6250ba47-dd0f-4247-a507-df15bdf41fba,DLA8,2018-07-29,16:15:00,3313071.0,174,173,18,33.95495637931034,-118.32266710919541,High
RouteID_62586f93-e9da-498e-a983-2cad560788a1,DLA4,2018-08-08,13:45:00,3313071.0,95,94,15,34.162788863157886,-118.45200732631578,High
RouteID_625d20d4-3c8f-4aef-b344-0329b1808b58,DAU1,2018-08-15,14:35:46,4247527.0,121,120,25,30.38077082644628,-97.75044691735535,Medium
RouteID_62617fcb-0ed5-444a-aaff-ffba75f83e5f,DCH2,2018-08-04,14:03:32,3313071.0,149,148,21,41.94903985234897,-87.73437194630871,Medium
RouteID_626ced03-23e8-4d61-8e84-9b53a90de69b,DAU1,2018-07-31,13:42:30,4247527.0,108,107,24,30.25075050925926,-97.77380187037043,High
RouteID_6279c544-812a-41ce-bca6-18533ec9fd21,DBO3,2018-07-25,11:34:46,4247527.0,123,122,23,42.36436050406504,-71.18509505691057,High
RouteID_62862572-a72b-430a-be50-b7e7c125d730,DAU1,2018-07-29,15:30:00,4247527.0,149,148,33,30.272521973154355,-97.69121408053691,Medium
RouteID_6286d607-c2f1-4547-87a9-0d813f946f42,DSE4,2018-08-26,15:50:39,4247527.0,127,126,19,47.68427784251967,-122.2777446141732,High
RouteID_6289f1d5-acae-4b3d-a816-302b6b08b835,DBO2,2018-08-02,13:42:22,3313071.0,137,136,24,42.34804738686129,-71.16266659854016,High
RouteID_62911aa7-8a7b-4485-98c3-8d2866b5f70a,DLA7,2018-08-09,14:58:44,3313071.0,135,134,22,33.926272459259245,-117.85544978518519,Medium
RouteID_62955f5e-57a2-4425-bfe6-6989d8dae565,DLA7,2018-08-03,15:34:04,3313071.0,136,135,19,34.195959632352945,-117.35535783823526,High
RouteID_629662ac-688c-46e6-a678-82c5198677c4,DLA9,2018-08-14,16:03:25,3313071.0,96,95,22,33.63201313541666,-117.83024123958336,High
RouteID_62a791cf-bd6d-4bc0-aea0-68b28f0d4cde,DLA7,2018-08-14,15:39:17,3313071.0,194,193,21,34.17457254639175,-117.4242471443298,High
RouteID_62a86425-87e7-4d8e-9111-0998b1b6614b,DSE5,2018-07-19,15:00:00,3313071.0,134,133,9,47.5647090074627,-122.03197923880599,Medium
RouteID_62af093a-8635-4387-ac46-74207d7401d8,DCH3,2018-08-14,13:31:10,3313071.0,153,152,18,41.66676819607844,-87.96790038562088,Medium
RouteID_62b58454-1885-49b5-b70a-2108768f7969,DSE2,2018-08-26,15:08:57,4247527.0,153,152,17,47.5301211503268,-122.37839297385618,High
RouteID_62be4946-fa18-4560-b0e1-a9eb1ba6c294,DLA5,2018-07-31,15:15:00,3313071.0,208,207,31,33.93746729326922,-117.34147926442307,Medium
RouteID_62c365e7-19c8-4cf7-901a-09f8ad23f293,DBO2,2018-08-13,13:36:00,3313071.0,135,134,24,42.16539108148147,-71.13547489629634,Medium
RouteID_62c8b9eb-ae40-45ce-86bd-e19cc459b3db,DLA8,2018-08-03,16:38:10,3313071.0,142,141,15,33.87720214084508,-118.08830111267599,Medium
RouteID_62e0eb6f-ab70-47aa-80bf-488660609545,DLA9,2018-08-01,13:54:57,3313071.0,149,148,22,33.52461490604027,-117.69870004697988,Medium
RouteID_62e16389-9dc4-46f2-80f7-f35a0295bd46,DBO3,2018-08-10,12:42:03,4247527.0,139,138,19,42.28422622302157,-71.54406223741005,Medium
RouteID_62e7a4d1-76e0-45af-a87e-55dfaf5898ef,DBO3,2018-08-09,12:15:00,3313071.0,133,132,24,42.27701927819546,-71.68315062406018,High
RouteID_62fe4dc5-985a-4549-8daf-61f793a5a977,DLA9,2018-07-23,16:00:00,3313071.0,167,166,24,33.78980765868263,-118.02514682634731,High
RouteID_63082340-9355-4199-8701-836748c0918f,DLA7,2018-08-01,16:17:46,3313071.0,172,171,19,34.13982339534883,-117.6264793313954,Medium
RouteID_630cc5d8-7ea7-4124-8d54-94b92684acab,DAU1,2018-07-27,14:50:39,4247527.0,164,163,22,30.351206865853662,-97.6253224207317,Medium
RouteID_631b51e3-0491-4649-951a-388ccecce8a5,DLA9,2018-08-26,15:57:56,3313071.0,179,178,25,33.70308025698324,-117.97981315083797,Medium
RouteID_631fe619-21ff-4765-83e8-72591af418c7,DLA7,2018-08-14,14:18:36,3313071.0,165,164,19,33.92812656363637,-118.03974197575755,High
RouteID_632016d6-8c03-4763-83f1-88a844b90435,DBO2,2018-08-11,12:42:37,3313071.0,177,176,18,42.263680124293785,-71.11746930508475,High
RouteID_6322fde9-ae70-4935-b8bb-80583214ae69,DBO3,2018-07-23,13:25:13,3313071.0,188,187,25,42.16935780851065,-71.6598313510638,High
RouteID_6324649c-bc02-4259-8382-706b081fe71c,DBO2,2018-07-23,13:45:00,4247527.0,117,116,34,42.333692299145305,-71.13533403418805,High
RouteID_632b4060-1b32-4b22-992f-37c6ecfb64e6,DSE4,2018-08-14,15:33:59,4247527.0,107,106,17,47.67793222429904,-122.32387006542064,High
RouteID_633673ab-92da-4233-ad75-b5a4ed3228b6,DBO3,2018-08-07,11:28:48,4247527.0,139,138,18,41.836816071942465,-71.36634268345318,Medium
RouteID_634b5256-0a60-4533-90aa-3c918c02d7d2,DLA7,2018-08-15,14:15:04,3313071.0,129,128,21,33.86760112403101,-117.89599688372098,Medium
RouteID_63642a5f-f946-4dbc-8bc8-15bef17921b1,DLA7,2018-08-12,16:35:35,3313071.0,159,158,37,34.10471101257863,-117.72420497484275,Medium
RouteID_6365c696-1805-4140-ab13-960962175726,DLA7,2018-08-02,16:41:01,3313071.0,153,152,22,34.02972666666666,-117.87569265359477,High
RouteID_63741244-de6c-47d7-a784-7ef025ed35d1,DLA3,2018-08-08,16:05:34,3313071.0,111,110,23,34.07021843243244,-118.25117887387388,High
RouteID_639c9d7e-52d4-4d01-bb56-f0b3bd81310d,DLA7,2018-08-07,16:00:00,3313071.0,175,174,18,34.16027069142858,-117.47882963428582,High
RouteID_63a2c6a7-2ff5-4271-8f09-c8fa383523c7,DLA5,2018-08-10,16:00:00,3313071.0,132,131,17,33.931254166666655,-117.4106918106061,Medium
RouteID_63aba43a-1712-46a9-97e5-b26e3cb893e1,DLA9,2018-07-24,16:00:00,3313071.0,127,126,21,33.71992553543308,-118.04740846456696,Medium
RouteID_63ae8576-b045-470b-b682-00779247555c,DSE5,2018-07-29,14:23:29,4247527.0,178,177,14,47.220505859550585,-122.44394371348318,Medium
RouteID_63b0a1c5-6899-415d-bf11-ccd52f05b17a,DSE4,2018-08-08,14:49:42,3313071.0,151,150,23,47.69585792715234,-122.20384668874166,Medium
RouteID_63b75725-2cb9-4c2e-93fa-8ecce33e9db1,DLA9,2018-08-17,13:56:03,3313071.0,140,139,22,33.65845597142856,-117.63938695714289,High
RouteID_63c45e40-6c7f-4383-8044-9a19eff9e524,DBO3,2018-08-05,12:11:43,3313071.0,175,174,24,42.39049109142858,-71.6061468342857,Medium
RouteID_63dc3f55-bd53-4063-a444-dbc621cc02f0,DLA3,2018-07-22,14:35:00,3313071.0,88,87,24,34.10141510227273,-118.29459764772727,High
RouteID_63e310c6-b523-41c0-a242-96de6573f711,DLA9,2018-08-18,13:33:41,3313071.0,125,124,24,33.543117320000015,-117.63150868799998,Low
RouteID_63e5cdf2-a38b-4a65-bc7c-885dc68806b5,DCH4,2018-07-31,13:53:32,4247527.0,137,136,16,42.49090348905111,-88.10075037226274,High
RouteID_63f77d68-4ed0-4522-b6b6-e70b1d462285,DBO2,2018-07-20,13:38:29,3313071.0,153,152,22,42.25245973202614,-71.08316554248366,Medium
RouteID_641ff4fc-32da-4dc0-a599-2cfb31a8ad1a,DLA5,2018-08-08,14:34:09,3313071.0,175,174,19,33.85733514285716,-117.34800772000004,Low
RouteID_6439336d-d619-42f4-bcf3-887dcf63449b,DCH4,2018-08-07,13:44:21,4247527.0,188,187,24,42.07656402127659,-87.84482399468081,Medium
RouteID_64440098-50b1-4c76-bd8e-c2461e313518,DSE4,2018-08-12,15:35:05,4247527.0,101,100,32,47.66885286138613,-122.31270955445542,High
RouteID_6450098a-c98f-49d2-99de-6fe1166dfa52,DLA7,2018-07-23,15:19:31,3313071.0,163,162,25,34.13931198773004,-117.84711433128845,Medium
RouteID_646212aa-2d94-4b20-a3e9-41db73873a73,DLA7,2018-08-07,14:13:46,3313071.0,146,145,23,33.97536615068493,-117.88851698630145,High
RouteID_646519c0-65f0-4026-9462-803f10a307ab,DLA3,2018-07-21,14:24:36,3313071.0,97,96,22,34.088988938144325,-118.36327640206184,High
RouteID_6467d727-5eb9-40ef-bb0b-5275641f2abe,DLA3,2018-08-07,15:04:52,3313071.0,112,111,17,34.06750309821427,-118.33095217857142,Medium
RouteID_646aa8a7-499b-4b82-a91c-1bd25e11110c,DLA8,2018-07-24,16:15:00,3313071.0,154,153,19,33.811764811688306,-118.26393850649347,Medium
RouteID_6483e9d1-846d-4b78-a904-88752be16537,DLA7,2018-07-24,14:31:05,3313071.0,171,170,23,33.825646409356736,-117.82355446783623,Medium
RouteID_6499013e-ff35-4428-a95f-709b0b164814,DLA9,2018-08-17,13:34:35,3313071.0,130,129,22,33.50400274615384,-117.7022158153846,Medium
RouteID_64a9be29-2885-4587-b3a5-fbef8e1d72a3,DSE2,2018-08-16,13:49:02,3313071.0,99,98,13,47.56813852525252,-122.31331566666668,Medium
RouteID_64cb7ba5-342d-46db-9e04-962248c6f667,DCH1,2018-07-19,15:00:00,3313071.0,33,32,13,41.90246860606061,-87.66415809090907,Medium
RouteID_64cebba9-7c42-4e18-96d5-98dc847f736a,DAU1,2018-08-03,14:43:35,4247527.0,147,146,26,30.28332312244898,-97.83263842857143,Medium
RouteID_64e3d4f0-decb-42c7-b01d-702703dc2e6a,DSE2,2018-08-05,14:14:26,3313071.0,59,58,28,47.61987930508476,-122.31448186440679,High
RouteID_64e4fb54-05a4-4d8e-b36b-a27494a2c619,DAU1,2018-08-07,14:51:06,4247527.0,125,124,30,30.306127623999995,-97.71765675200002,High
RouteID_64fa4abf-e4ef-440f-b535-25e59f83358a,DLA9,2018-08-18,13:30:38,3313071.0,163,162,28,33.55743549079753,-117.70135876687115,Medium
RouteID_650b1a28-9f2d-447f-a1ab-10cc10e8bbe8,DLA4,2018-08-05,14:17:19,3313071.0,102,101,17,34.151883931372545,-118.41057607843136,High
RouteID_65121e63-6982-488c-8b17-d259bc6d5d9a,DSE4,2018-08-12,15:03:59,3313071.0,192,191,29,47.85803301562499,-122.22885284895834,Medium
RouteID_65186a23-6846-40b5-93ef-efa494b67c75,DLA7,2018-08-04,16:00:00,3313071.0,166,165,24,33.99772906626506,-117.65965818674695,Medium
RouteID_65400539-0868-4bf2-bcb4-acf19f270ce7,DBO3,2018-08-09,11:30:00,4247527.0,94,93,18,42.36153658510638,-71.18417076595746,High
RouteID_654720c5-4de5-488d-8d16-70c7f6df2a7a,DCH3,2018-08-04,13:07:08,3313071.0,175,174,16,41.62096123428571,-88.02643639999997,High
RouteID_655348b1-861c-476d-9816-611f68b6bf33,DSE4,2018-08-23,15:44:02,4247527.0,137,136,15,47.69173611678831,-122.29974564233574,High
RouteID_65536dd0-c9d5-430e-beaa-4011f59686d3,DCH2,2018-07-25,12:24:49,3313071.0,190,189,18,41.93490326315791,-87.82767645789474,High
RouteID_656eb5a6-511e-4835-a0d0-6fb2b9bcc72c,DLA7,2018-08-16,14:59:39,3313071.0,136,135,23,33.901997058823525,-117.78681910294111,High
RouteID_657b0dfd-ec9a-4a27-bf92-4e234a4b53d1,DLA7,2018-07-30,15:05:58,3313071.0,159,158,26,33.923779867924516,-117.8498732012578,High
RouteID_657d89cb-ff99-4fb8-92b1-c7eba122c3f3,DLA9,2018-08-10,13:49:55,3313071.0,169,168,24,33.623031988165664,-117.65920052071006,High
RouteID_659348ac-0b6f-4438-8e55-efebeb3e8cf6,DLA9,2018-08-25,15:18:50,3313071.0,184,183,25,33.72822220108696,-118.02021642391304,High
RouteID_65950c5f-ee82-40c0-a0db-d0b6060274a8,DLA4,2018-08-01,17:02:35,3313071.0,112,111,9,34.1434405267857,-118.64973780357143,Medium
RouteID_65a336ab-f388-4cdb-9d5a-23bbd388553e,DLA8,2018-07-22,16:19:54,3313071.0,110,109,12,33.875164663636355,-118.14218817272723,High
RouteID_65afce43-9ef2-47e2-8875-5d94d01d2a10,DBO3,2018-08-10,12:15:00,4247527.0,160,159,21,42.30564113749999,-71.534014225,High
RouteID_65b5077f-7df3-4bd9-bc12-cbdc955a649c,DLA8,2018-07-21,14:52:57,3313071.0,125,124,16,33.794081783999985,-118.16798289600001,Medium
RouteID_65bac361-24ba-4458-aa9c-2c00ab0ffef3,DCH1,2018-08-10,15:00:00,3313071.0,68,67,20,41.90830569117646,-87.68673847058821,High
RouteID_65bf725d-9a2f-4af4-9cba-f063dedbcb5c,DLA5,2018-08-17,15:04:33,3313071.0,170,169,20,34.0756932882353,-117.17807534705877,Medium
RouteID_65d5754f-be3d-44f1-b7bb-4a3ff6475885,DBO3,2018-08-17,12:15:00,4247527.0,133,132,24,42.3569185037594,-71.50555881203012,Medium
RouteID_65e09b77-4be6-439b-ab45-53009bda41cb,DLA4,2018-07-20,16:04:54,3313071.0,120,119,15,34.17752029166665,-118.53879658333332,Medium
RouteID_65e3b2f8-b0aa-4af6-ba16-cf64b283859f,DLA3,2018-08-12,16:50:45,3313071.0,159,158,15,33.926728616352214,-118.15922613836477,Medium
RouteID_65e3d6f6-9873-49c9-8c1d-6b3c3e7e0be0,DLA3,2018-07-29,15:56:47,3313071.0,118,117,27,34.113519288135585,-118.28129736440674,Medium
RouteID_65e53a29-3e94-44a7-8072-f6cd1c4b2af1,DLA7,2018-08-02,15:08:01,3313071.0,139,138,18,34.0756367266187,-117.66375420143885,Medium
RouteID_65f1cd8f-daf9-4d28-a2f3-954c7c12c759,DAU1,2018-08-03,15:30:00,4247527.0,163,162,24,30.172513239263818,-97.81333222085887,Medium
RouteID_65ffc50d-0057-4ffd-b090-90a3034d1aa0,DLA7,2018-07-28,14:26:27,3313071.0,163,162,23,33.903587656441715,-117.96836828834363,High
RouteID_660368e2-3066-4b7e-836f-ed1d934ee3e0,DSE5,2018-08-15,15:22:35,3313071.0,161,160,12,47.35918863354038,-122.17163959006214,Medium
RouteID_6613e5c5-ec2e-473b-99f4-211157876571,DLA7,2018-08-06,15:30:17,3313071.0,126,125,19,34.117925166666666,-117.52839505555554,High
RouteID_66180473-1535-4cb3-a894-445075528aaa,DAU1,2018-08-07,14:20:19,4247527.0,155,154,23,30.372092658064528,-97.9819259935484,Medium
RouteID_661d6aa9-06a2-47c1-87bc-6b69104dc77a,DCH4,2018-08-07,15:52:01,4247527.0,209,208,25,42.10025417224881,-88.05977898086127,Medium
RouteID_661eb935-f4d3-49bf-9718-deb80e95affa,DLA7,2018-08-14,14:31:31,3313071.0,148,147,23,33.836997648648655,-117.84632049324325,Medium
RouteID_6621c579-408a-4443-9443-ea7be787c908,DSE5,2018-08-11,14:43:47,3313071.0,158,157,17,47.47998517721516,-122.29076134177221,High
RouteID_6626f3dd-d391-4fa7-8313-687ac7b86524,DLA9,2018-08-22,15:48:57,3313071.0,180,179,20,33.73798428333334,-117.89733352222223,High
RouteID_6656a281-934b-4d60-8958-ed3886564c12,DCH2,2018-08-10,14:00:23,3313071.0,93,92,21,41.97362472043014,-87.68998738709678,Medium
RouteID_665e04d0-861d-407f-b510-650d6b80b241,DBO2,2018-08-10,13:16:03,4247527.0,96,95,16,42.35906603125001,-71.13631618749999,Medium
RouteID_665ffac7-069e-4f5b-9a33-6f6a2e6c2c1b,DCH1,2018-08-13,14:17:59,3313071.0,156,155,20,41.89944255128204,-87.95254175641023,High
RouteID_66631c43-a475-4c8d-a038-0a3401ab6a14,DLA8,2018-07-28,16:12:16,3313071.0,126,125,27,34.02117419841268,-118.44411096031743,High
RouteID_66826990-270e-4c0c-bbb6-d35cf21e8ec3,DSE5,2018-08-25,14:00:00,3313071.0,190,189,15,47.42018296842105,-122.32660501052635,High
RouteID_668be283-2e93-488e-9184-94c144c4a6fb,DBO2,2018-08-16,11:58:00,4247527.0,166,165,20,42.2065470301205,-70.95893162048193,High
RouteID_668dd483-512e-4436-bd5b-867e552b4785,DBO3,2018-07-25,13:01:45,4247527.0,184,183,28,42.30707757608695,-71.46405659782607,Medium
RouteID_66948913-e797-48bb-8126-8181edb1c368,DCH3,2018-07-31,15:01:06,3313071.0,178,177,17,41.87932939887639,-88.13861846629214,Medium
RouteID_66b5e2bd-c1d9-47d2-beee-ba32a5efc125,DSE5,2018-07-24,15:30:38,3313071.0,207,206,15,47.2999424009662,-122.37572367632846,Medium
RouteID_66bb397a-ddb9-47cf-a641-099c0aeff0d1,DLA8,2018-08-13,18:13:52,3313071.0,104,103,19,33.8827677596154,-118.37811833653845,High
RouteID_66c0719a-932b-41de-9ee7-73f4b6798521,DLA9,2018-08-15,16:00:00,3313071.0,190,189,25,33.670081526315805,-117.9531003210526,High
RouteID_66c0b57e-d9c3-4417-9f75-bd309e9a491f,DBO3,2018-08-15,12:40:06,4247527.0,155,154,22,42.30261825161292,-71.55004945161294,Medium
RouteID_66c9e7f2-23cc-4e8a-a6e1-4b2d75b6385a,DCH3,2018-08-08,13:25:40,3313071.0,169,168,16,41.553455313609426,-88.21063850295857,Medium
RouteID_66d4dd35-07cb-4869-bd79-650bca6ef1f7,DLA7,2018-08-08,14:02:28,3313071.0,165,164,21,33.90581816969697,-118.02412170909089,High
RouteID_66df5461-03d8-4634-9ae2-30dca7692b21,DBO3,2018-08-10,11:30:00,4247527.0,143,142,25,42.34182941258743,-71.22909766433564,Medium
RouteID_66dfeba8-71d7-4f4a-9f9d-9397e46b3029,DSE5,2018-08-09,13:55:05,4247527.0,162,161,16,47.14784082098768,-122.26452331481481,Medium
RouteID_66e8f2b9-bfeb-4328-8c5a-26f62e7ae51b,DLA7,2018-07-29,14:19:52,3313071.0,135,134,23,33.87289298518518,-117.84115171111118,Medium
RouteID_670ce767-c3d3-46d2-971c-14b208d9d680,DSE4,2018-08-24,14:47:58,3313071.0,148,147,27,47.689532148648674,-122.19507486486482,High
RouteID_67188405-b57c-4d2b-aa0a-40d860c34e72,DCH3,2018-08-03,14:51:19,3313071.0,200,199,20,41.714710735,-88.16373334000005,High
RouteID_671eb5e0-fc61-42a7-a530-24d4c4e771ab,DBO2,2018-08-10,13:41:07,4247527.0,170,169,32,42.2815449352941,-71.24408272352939,Medium
RouteID_672a6034-59eb-4f8e-a819-b7444b4ed66d,DSE4,2018-08-16,15:33:08,4247527.0,136,135,15,47.69225383823533,-122.30003733823527,High
RouteID_673568ec-249b-434a-9826-1ad7aa20964f,DCH1,2018-07-21,14:56:44,3313071.0,111,110,21,41.950283522522525,-87.69632366666663,High
RouteID_67438082-4a7e-4e28-b4ac-3a4ac7e4d16b,DLA8,2018-07-28,16:15:00,3313071.0,118,117,13,33.882469432203386,-118.13879775423734,Medium
RouteID_67585629-0817-4229-b626-6515ad26df04,DLA8,2018-08-08,16:38:21,3313071.0,71,70,18,34.03462049295775,-118.46411070422536,High
RouteID_67631229-cf48-44ea-8605-25e28e7ebf75,DCH4,2018-08-11,15:18:18,4247527.0,177,176,22,42.21524074011298,-88.10455503389836,Medium
RouteID_6766813c-0c78-4cca-b196-d828aae5c20d,DLA3,2018-07-31,15:00:56,3313071.0,65,64,15,34.10729253846155,-118.33985836923081,High
RouteID_6777b545-6169-4a1c-9187-0df4ba58534f,DLA9,2018-07-23,15:21:30,3313071.0,129,128,19,33.77797413178293,-117.89839641085265,High
RouteID_67869971-c56f-4149-86cc-36f2e943ab89,DLA7,2018-08-04,15:06:44,3313071.0,149,148,28,33.892763402684565,-117.79055024161079,Medium
RouteID_679369bd-44cd-440a-a962-e7400d52e21b,DLA9,2018-08-22,15:09:30,3313071.0,175,174,16,33.808168599999995,-117.94924623999994,High
RouteID_679e5d67-ea5f-44db-911f-03e5568d32ca,DSE4,2018-08-11,15:23:05,3313071.0,165,164,25,47.72900603636363,-122.07877713333333,Medium
RouteID_67a2762a-f3a2-483f-a6ae-272517ec63b0,DSE5,2018-08-02,13:58:49,4247527.0,163,162,15,47.291865392638016,-122.39162109202462,Medium
RouteID_67a8f48a-12e8-49e2-bac5-543f30c0eb7e,DLA7,2018-07-24,15:26:08,3313071.0,161,160,23,34.0349737204969,-117.7737555465839,High
RouteID_67adaf89-4b4b-4a7f-8852-bded944138b6,DLA9,2018-07-20,15:20:18,3313071.0,173,172,23,33.77830538728323,-118.02581344508667,High
RouteID_67c3614a-6bed-447c-9486-f10384e27bfa,DLA7,2018-08-07,15:47:51,3313071.0,178,177,20,34.13406878089887,-117.55526255617984,Medium
RouteID_67ceb20e-8309-4f13-b7b7-7b4f3e93fef9,DSE5,2018-08-10,14:22:54,4247527.0,163,162,12,47.22177772392639,-122.4116292331288,Medium
RouteID_67da99e8-4bf6-4045-b5f7-816780a0099f,DLA3,2018-08-14,15:16:10,3313071.0,124,123,15,34.027511153225795,-118.29481030645158,High
RouteID_67db6de9-7f52-4f32-9a4f-5f6a911a37de,DLA9,2018-08-09,14:19:43,3313071.0,95,94,20,33.732763505263165,-117.786185,High
RouteID_67f386ed-c27b-4db0-99f0-296c97e453a5,DSE4,2018-07-23,15:03:26,3313071.0,176,175,31,47.81087522727273,-122.1888803806818,High
RouteID_67fbe551-9b38-4850-b50e-0476ed14a2b2,DLA9,2018-08-21,15:13:54,3313071.0,143,142,18,33.816876804195815,-118.01970303496508,Medium
RouteID_68099150-69d5-4b84-aaeb-b07a9e2749ca,DCH1,2018-08-12,13:31:46,3313071.0,114,113,32,41.889727350877195,-87.67581385087719,High
RouteID_680c2278-5a83-4111-bee8-decc9841adce,DAU1,2018-08-09,14:28:59,4247527.0,181,180,36,30.183462779005517,-97.85747053591165,Medium
RouteID_680d0ea5-ced0-4beb-9700-39ef3fb02929,DLA9,2018-08-13,13:48:38,3313071.0,136,135,23,33.454475279411774,-117.65268835294114,Medium
RouteID_6816cc26-88ab-419f-96d7-9569a10d2345,DSE5,2018-08-15,14:39:42,3313071.0,155,154,11,47.33444294193548,-122.05979658709677,High
RouteID_6818b10c-8ead-42ce-8ee6-3e1ab7e307f6,DLA8,2018-08-01,14:53:30,3313071.0,90,89,23,33.775921655555564,-118.17971302222222,High
RouteID_682281a1-9dc0-4d14-8e67-1c9343f5ae8e,DAU1,2018-08-01,13:34:30,4247527.0,170,169,27,30.213079258823516,-97.7867216823529,Medium
RouteID_6825f868-bd13-44ca-8437-8022ea6b7fb4,DSE2,2018-07-22,14:48:17,3313071.0,56,55,18,47.61805214285715,-122.3088702142857,Medium
RouteID_683f9027-aa76-4acc-bb6a-0c006d3d4e0f,DLA8,2018-07-22,16:15:00,3313071.0,116,115,28,33.99247165517241,-118.46535943103447,High
RouteID_685d8874-3d43-44d6-916b-e4609357ecef,DLA8,2018-07-24,17:19:14,3313071.0,122,121,18,34.04218709836064,-118.33042609016387,High
RouteID_68607cb0-10eb-40b2-b318-c71a381308fe,DCH2,2018-07-26,12:31:33,3313071.0,177,176,18,41.93130831073448,-87.91141456497175,Medium
RouteID_686fb09f-ef59-4de1-89d6-4a5be4556f11,DBO2,2018-08-03,13:45:00,3313071.0,152,151,22,42.19645488815789,-71.20552077631582,High
RouteID_68725bc8-152e-468f-9301-49eeb0fb845f,DLA7,2018-08-04,15:03:31,3313071.0,140,139,20,34.07703514999999,-117.6824356214285,Medium
RouteID_687cf927-944b-41e1-a6f9-db7c28a03e77,DSE4,2018-08-12,15:05:24,3313071.0,165,164,30,47.89566695757577,-122.20377145454547,Medium
RouteID_68a10d5b-cee8-4b55-9dab-18492bf8e95f,DLA8,2018-07-28,16:05:14,3313071.0,88,87,30,34.026515727272724,-118.48670443181817,High
RouteID_68a53d7d-c755-40d1-9fe4-16049fd35c62,DBO3,2018-08-01,13:02:16,4247527.0,197,196,26,42.25852623350253,-71.45571722335019,Medium
RouteID_68af3c44-db51-4e0b-82fb-06a5805f3cbc,DSE4,2018-08-08,14:54:12,3313071.0,129,128,22,47.66288134883721,-122.19081079844965,Medium
RouteID_68b23bfa-0af2-4735-ba46-3293f0b5e5d3,DSE5,2018-08-23,15:29:32,4247527.0,124,123,10,47.234995846774176,-122.5158120241935,Medium
RouteID_68b265c4-f39b-497b-bcb7-1d206ad1bb0d,DAU1,2018-08-05,15:15:52,4247527.0,191,190,34,30.517984748691095,-97.81425515183247,Medium
RouteID_68c2ed3b-c2a0-4cb2-a875-ea518f2bb784,DLA8,2018-08-02,16:15:00,3313071.0,117,116,16,34.08677893162393,-118.44608235042736,Medium
RouteID_68ca27a6-7523-42af-91da-4a9376520b7d,DLA9,2018-07-31,13:50:39,4247527.0,93,92,23,33.54893837634409,-117.64735490322586,High
RouteID_68cec835-c697-41c1-91b9-a080cff5debf,DSE2,2018-08-25,15:05:36,4247527.0,125,124,20,47.635886367999994,-122.35682804000004,High
RouteID_68d78955-70c8-4dfd-9e00-a928a4341673,DLA8,2018-07-20,18:27:10,3313071.0,103,102,19,33.859786699029144,-118.37827441747577,Low
RouteID_68dd81c5-08cb-4b5a-8242-39168c7f08be,DLA4,2018-08-15,15:42:40,3313071.0,120,119,16,34.165202316666665,-118.49796159999995,Medium
RouteID_68e55cc3-61b1-478b-b7a0-13b5ee216d14,DCH4,2018-08-07,14:14:18,4247527.0,196,195,25,42.18930496938778,-87.97368904081631,Medium
RouteID_68ed90ff-0d3a-483f-9ac7-748340ff0f53,DAU1,2018-07-28,15:45:50,4247527.0,169,168,37,30.516096597633144,-97.80371015976336,High
RouteID_68ef1565-1813-4de8-aaa6-31e474807b0b,DLA9,2018-07-24,15:00:00,3313071.0,130,129,18,33.412258684615374,-117.59799854615387,Low
RouteID_68f23e25-b821-4894-b4ed-6b94507c6f33,DBO3,2018-08-13,12:15:00,3313071.0,150,149,20,42.18307704666666,-71.69593657333336,Medium
RouteID_68f42766-f00a-49a3-bd0e-0beaf64f3e5c,DBO3,2018-08-17,12:15:00,3313071.0,171,170,31,42.299359514619866,-71.7020630467836,High
RouteID_68febd8c-6800-4311-9792-bead607477c2,DSE4,2018-08-25,15:23:28,3313071.0,151,150,23,47.77776076158943,-122.21055872185427,Medium
RouteID_6901d04d-dc8b-4a16-91fe-69cfdf647e88,DAU1,2018-08-04,14:27:56,4247527.0,120,119,19,30.42486296666667,-98.00202209166669,Medium
RouteID_69233ee9-1ac4-4d89-b322-94fb13df54a3,DLA8,2018-07-24,16:41:40,3313071.0,138,137,15,33.76084576086957,-118.3881646086957,Medium
RouteID_693060a6-88bb-4324-9e9c-925d5240263c,DSE5,2018-08-25,14:14:04,3313071.0,168,167,14,47.508965327380956,-122.36593017857142,High
RouteID_69312f7c-f948-446a-b92d-2e83fec26395,DCH3,2018-08-14,14:05:44,3313071.0,193,192,22,41.83545953367878,-88.11804347668394,Medium
RouteID_693365f8-7f8f-4b9f-82de-41ac6fcc4f81,DLA7,2018-08-13,15:51:31,3313071.0,150,149,21,33.970220140000016,-117.56245408666665,Medium
RouteID_6935632e-4d10-4896-8a92-f5de8cea63df,DLA7,2018-07-24,14:59:09,3313071.0,168,167,23,33.884515101190466,-117.7659499107143,Medium
RouteID_69371147-15a1-4e25-87bc-12be04447909,DLA7,2018-08-16,14:52:13,3313071.0,127,126,22,33.90159544094488,-117.91097572440941,Medium
RouteID_69458eb9-a627-4b42-b269-c7b63f2204c5,DLA7,2018-07-20,16:00:00,3313071.0,132,131,21,33.90941403030305,-117.85529440151514,Medium
RouteID_694eaff2-fdf7-41f4-b321-02d6914e8ef6,DCH1,2018-08-10,14:28:40,3313071.0,163,162,25,41.90221488343557,-87.79832335582817,High
RouteID_6972f073-2dbc-4447-905d-56b23b3e08a5,DSE2,2018-07-28,15:26:41,4247527.0,131,130,19,47.55148516030534,-122.38919690076334,High
RouteID_697a665a-e381-4865-b20e-26aff64c7ba9,DSE4,2018-08-14,15:01:09,3313071.0,191,190,27,47.818869424083786,-122.22863073298426,Medium
RouteID_698161d4-50bb-4b9c-916f-9859a2ef3235,DLA5,2018-08-07,15:14:35,3313071.0,161,160,20,33.99816586335403,-117.04969731677024,Medium
RouteID_6981c236-f07d-4813-96d8-64982d5dcfd8,DLA7,2018-08-15,14:20:55,3313071.0,169,168,22,33.85182140236687,-117.78007482840233,Medium
RouteID_6989e0b7-a9af-4d3d-ad0d-f67e73420982,DBO3,2018-07-28,12:52:14,4247527.0,159,158,27,42.30003166037736,-71.4100166289308,Medium
RouteID_698d4944-3164-41c6-bad8-f9d5ece358cc,DCH3,2018-08-07,15:17:25,3313071.0,178,177,21,41.86702167415729,-88.35948026966287,High
RouteID_69adf937-8457-4116-83e4-74c1a223f59a,DSE5,2018-07-25,14:36:55,4247527.0,174,173,15,47.20079325862071,-122.43940071264372,Medium
RouteID_69b7e365-b21e-41e6-a42a-8558cb148542,DCH2,2018-08-03,14:08:21,3313071.0,153,152,22,41.97165895424837,-87.6931634313726,High
RouteID_69c7947c-7e94-4fdb-bca5-8ba017f4fb69,DBO3,2018-08-03,11:40:36,4247527.0,123,122,23,42.37374645528454,-71.2443660243902,High
RouteID_69dad619-561f-4ba4-8b34-4dec2f7d8ce0,DLA7,2018-08-09,15:06:57,3313071.0,152,151,22,34.11097056578948,-117.8576105789473,Medium
RouteID_6a109849-1503-4d1d-9c19-1178be36e33f,DSE5,2018-08-08,15:24:21,3313071.0,160,159,14,47.44153759375003,-122.206499925,High
RouteID_6a1bc14c-dec6-4771-beb0-71d5952ff8ae,DLA7,2018-08-01,14:23:15,3313071.0,182,181,22,33.91160795604393,-118.02559421978017,Medium
RouteID_6a22aca7-1631-4be6-9577-50e3ce2b0dce,DLA9,2018-08-17,15:47:44,3313071.0,126,125,20,33.66593202380954,-117.99176411904762,High
RouteID_6a243030-f4e1-40fd-b32a-2f414268318f,DCH4,2018-08-11,13:46:00,4247527.0,183,182,27,42.340367426229506,-87.9978398306011,High
RouteID_6a2472db-bfda-4584-aa78-9522964d94b9,DCH3,2018-07-29,14:55:55,3313071.0,180,179,27,41.867199299999996,-88.0888505166667,Medium
RouteID_6a374555-42e8-4218-b5a5-f9abecf1caf5,DLA7,2018-08-01,14:38:04,3313071.0,160,159,16,33.857320112499984,-117.9614898875,High
RouteID_6a402b63-7a94-495b-81f1-4c626a649a50,DCH4,2018-08-14,14:06:50,4247527.0,169,168,19,42.11504010059173,-88.10415168047335,Medium
RouteID_6a4796d6-8bf6-4768-95e1-98531a41b133,DBO1,2018-08-07,11:41:59,3313071.0,162,161,14,42.416438944444444,-71.06164880864198,High
RouteID_6a59472a-e70b-4f8d-aed6-a93840a27cbe,DLA8,2018-07-26,15:01:52,3313071.0,90,89,23,34.05918246666666,-118.43377398888892,High
RouteID_6a5a148e-607b-4ada-a808-f11ab3f05cc1,DSE4,2018-08-03,15:03:45,3313071.0,187,186,21,48.108225139037444,-122.16197350802132,Medium
RouteID_6a667e1d-f2fa-49ea-b3cf-b752eed41085,DSE5,2018-08-23,14:23:28,3313071.0,170,169,15,47.49585102352942,-122.25191783529408,Medium
RouteID_6a6d2ca9-0013-4890-91ef-5e22f5d069cf,DBO1,2018-08-17,12:54:12,4247527.0,191,190,25,42.45096310994766,-71.13360045549739,Medium
RouteID_6a7b9642-1c20-4a6e-9b7a-a85580bbd15d,DBO3,2018-08-06,11:37:49,4247527.0,184,183,27,41.92611750543479,-71.3048978369565,Medium
RouteID_6a83c1a0-8ee2-4e30-b78e-6893af91f373,DLA8,2018-08-17,14:59:08,3313071.0,123,122,26,33.79181749593495,-118.15483491869922,Medium
RouteID_6a84ed3a-920e-4e9a-9af7-b62e94efc4e5,DBO3,2018-07-29,12:31:24,4247527.0,147,146,24,42.29658989795919,-71.41251138095237,Medium
RouteID_6a906f18-d67c-4c31-9d87-1b70739c3a66,DLA3,2018-08-09,17:00:30,3313071.0,165,164,14,33.96342258181821,-118.20629659393938,Medium
RouteID_6a92fb48-f4ef-475c-87d5-7b42cf60279d,DLA3,2018-07-26,16:02:25,3313071.0,98,97,29,34.10521697959184,-118.28632255102038,High
RouteID_6a975f4d-2403-4d53-8992-83d0738cd9a5,DLA7,2018-08-09,15:00:01,3313071.0,128,127,21,33.9083456328125,-117.85749985156251,High
RouteID_6a9c1f38-804e-4808-a5bf-284ad5fd3997,DLA8,2018-07-22,17:18:17,3313071.0,140,139,21,34.041636035714276,-118.35388387857142,High
RouteID_6a9cdc5f-7560-4ff3-a7df-88ca5c27fb08,DLA9,2018-08-04,15:56:42,3313071.0,106,105,25,33.62880576415096,-117.9393206886792,Medium
RouteID_6a9ce132-e943-4d70-91ed-5b3334352aec,DSE5,2018-08-03,14:02:19,4247527.0,166,165,14,47.11215908433734,-122.31354374096385,Medium
RouteID_6aae0744-8aa8-48a4-97b7-9d5445cc67c8,DLA7,2018-07-22,15:48:52,3313071.0,128,127,15,33.990981953125,-117.549178703125,Medium
RouteID_6ab30a30-0b8a-4b25-9b5a-9f70cc78556a,DLA7,2018-08-16,15:49:44,3313071.0,193,192,25,33.96416121243522,-117.60299422279793,High
RouteID_6ad75c1f-8ece-4a07-a8c3-b8c7f75de98c,DLA7,2018-08-13,16:56:41,3313071.0,147,146,24,34.13446321088436,-117.62696934693878,Low
RouteID_6ad84afa-b546-4ca1-a749-6373d5fc5fd2,DLA7,2018-08-06,14:33:32,3313071.0,147,146,24,33.93895298639456,-117.9785964013605,High
RouteID_6ae37566-f1cb-45a7-8bda-12efb2daf607,DCH3,2018-08-14,15:30:00,4247527.0,165,164,18,41.99024725454544,-88.14248547878789,Medium
RouteID_6b069939-42dc-4c32-bda9-7f715d2744de,DCH4,2018-08-17,13:55:34,4247527.0,172,171,19,42.09881912790698,-88.09415804651164,Medium
RouteID_6b0e3a73-6be0-455c-9e2e-d9f22bdb1ec1,DLA7,2018-07-24,16:00:00,3313071.0,122,121,11,34.007779278688524,-117.58529402459011,High
RouteID_6b308348-39e6-45d8-8621-7cf8efaeae0f,DLA3,2018-08-03,14:47:53,3313071.0,130,129,11,33.957327676923065,-118.27355993076924,High
RouteID_6b45e1fa-92ad-4b3b-85ae-d39f4d3d7818,DSE5,2018-08-17,14:34:25,3313071.0,114,113,9,47.59269594736842,-122.02217544736841,Medium
RouteID_6b4b2e1a-36cd-4532-ac80-fd18886de70b,DLA8,2018-07-25,17:04:52,3313071.0,74,73,16,33.995311918918944,-118.38879621621622,Medium
RouteID_6b4fde35-3e5d-4545-b5b5-f8e76d07f13b,DSE4,2018-08-23,15:05:19,3313071.0,144,143,21,47.738573222222215,-122.16863314583335,Medium
RouteID_6b55b0de-c144-49d2-9d19-238dc31469e5,DBO3,2018-08-01,12:20:33,3313071.0,197,196,30,42.294038365482244,-71.7066146548223,Medium
RouteID_6b58a26e-3722-4dd4-9435-17fac3a3c8da,DSE5,2018-08-15,14:00:46,4247527.0,182,181,14,47.17125002197804,-122.25996357692311,High
RouteID_6b633be3-c835-4fd3-af37-632841515e42,DBO3,2018-07-31,11:44:58,4247527.0,185,184,28,42.078212670270254,-71.25334374594591,Medium
RouteID_6b7c34ba-101b-4cb3-a4d3-03788f6de519,DLA7,2018-07-29,15:44:43,3313071.0,200,199,31,33.95159122500001,-117.56174943500008,High
RouteID_6b7ce85a-b117-4af2-b586-2390cdb49d9e,DSE2,2018-08-06,14:07:24,3313071.0,79,78,21,47.61060074683544,-122.30804243037974,High
RouteID_6b7f00d4-bb6d-480b-b90b-42604dab4563,DLA7,2018-08-05,15:01:13,3313071.0,145,144,22,33.908926937931014,-117.87414266896555,High
RouteID_6b8cafe3-2e69-4322-b2a3-1035a52d7f9e,DBO3,2018-08-13,13:04:47,4247527.0,125,124,21,42.523026424,-71.43969679200005,High
RouteID_6ba6f0e0-18be-4e03-9155-e6e4f45a885b,DLA7,2018-08-01,15:09:16,3313071.0,153,152,18,34.115959751633994,-117.75492309150324,Medium
RouteID_6bb40dfc-1df5-4603-a461-9719d1c7efca,DLA7,2018-07-26,16:26:04,3313071.0,171,170,30,34.13825274269004,-117.53390409356733,High
RouteID_6bb9acca-a9d7-4cc6-8f6e-82a2734e58ac,DLA7,2018-08-12,14:41:48,3313071.0,136,135,31,33.87495980147058,-117.8460509117647,Medium
RouteID_6bc40959-1be8-4a10-af24-264656de7fab,DCH4,2018-08-12,15:40:23,4247527.0,149,148,23,42.44418065100671,-88.04666873825506,Medium
RouteID_6bc7fb1b-07a8-4a82-ae73-729d606702f6,DLA7,2018-08-13,15:40:01,3313071.0,137,136,23,34.11704426277372,-117.55907157664235,Medium
RouteID_6bd49a99-cc02-4bdd-b420-618c3db5b029,DLA9,2018-07-20,14:03:47,3313071.0,171,170,23,33.53459790643275,-117.7211458011696,High
RouteID_6be551e1-5e3b-4241-84e1-2c47357700d3,DSE5,2018-08-09,14:24:49,4247527.0,161,160,13,47.21848062111801,-122.44687901863354,High
RouteID_6bfd0a9c-d946-465d-a376-8a04a886695a,DLA3,2018-08-05,16:41:24,3313071.0,167,166,22,33.95331446706588,-118.13665027544913,Medium
RouteID_6c00af83-01c8-40a0-a9f4-3dfd82eec3d0,DLA3,2018-08-09,16:00:00,3313071.0,88,87,21,34.07676847727272,-118.32048612499999,High
RouteID_6c0d97a8-71b2-4eeb-8e32-e4a4fbf605f6,DLA8,2018-07-22,15:07:50,3313071.0,89,88,21,34.05915006741573,-118.4333834494382,Medium
RouteID_6c442893-0a1b-427f-86b7-600455c66ad5,DLA9,2018-07-30,15:16:31,3313071.0,157,156,21,33.84691149044586,-117.99268720382169,High
RouteID_6c494492-1d00-4bf6-9b65-b7c43eaa09f5,DLA7,2018-08-11,15:04:18,3313071.0,165,164,21,34.14169669696971,-117.8454321272727,Medium
RouteID_6c52ac4e-f0c3-4719-8350-a095dc382381,DBO1,2018-07-23,12:37:31,4247527.0,43,42,18,42.35971486046512,-71.06770490697676,High
RouteID_6c606721-7099-4f6e-9175-aa150aa57c42,DBO2,2018-08-07,13:11:17,3313071.0,179,178,25,42.25706003910616,-71.10630403351956,Medium
RouteID_6c627360-4900-4bc9-9105-ee73d173b848,DLA9,2018-08-14,15:16:07,3313071.0,123,122,18,33.81847689430895,-118.01548569918702,High
RouteID_6c6559f5-ca56-4b78-8543-0c803c0c2e40,DCH4,2018-08-16,15:12:45,3313071.0,172,171,20,42.14603644767441,-87.94217311627908,Medium
RouteID_6c68b8b6-9a3d-4d57-abf0-f2772c915745,DLA8,2018-07-24,17:27:27,3313071.0,83,82,18,34.056509987951806,-118.35512309638555,High
RouteID_6c77b160-2e73-43d6-98f3-70b5c18668ad,DBO3,2018-08-05,12:08:14,4247527.0,150,149,24,42.35274530666665,-71.50796547333337,Medium
RouteID_6c7d2230-88ae-4819-a031-a4464b2357e4,DBO2,2018-07-21,13:12:46,3313071.0,141,140,26,42.24912888652483,-71.0328581914894,High
RouteID_6c7f39e4-7a80-4f5d-a713-5049563dbebe,DLA7,2018-08-12,14:24:33,3313071.0,125,124,20,33.933841296,-117.93294945599999,High
RouteID_6c816d5b-4c14-44f1-9857-910f657011a4,DCH2,2018-07-26,12:28:20,3313071.0,141,140,20,41.95581052482271,-87.75510007092194,High
RouteID_6c9200d4-7353-4245-a4e1-cc6ca0573164,DCH2,2018-08-07,14:11:29,3313071.0,133,132,19,41.96677533834588,-87.72594766165417,High
RouteID_6c9228bd-aa41-41b7-82fa-2b07a887feb0,DCH3,2018-08-15,14:53:02,4247527.0,176,175,20,41.766753193181785,-88.13336263636364,High
RouteID_6cb190b5-19ed-4149-9f95-2ccc58471b14,DLA7,2018-07-20,15:12:52,3313071.0,164,163,24,34.14144276829268,-117.84429759146346,Medium
RouteID_6cb97316-5d19-4233-b5c0-db08cdd25cb4,DLA8,2018-08-07,16:31:12,3313071.0,132,131,17,33.733632318181826,-118.34349231060611,High
RouteID_6cb9b8e2-22ed-48d1-afca-f6780757ed2c,DSE2,2018-08-15,15:12:47,4247527.0,116,115,17,47.64610615517239,-122.36725729310345,High
RouteID_6cd76551-1d10-48dd-b754-29c3ee58ec06,DSE4,2018-08-11,15:05:20,4247527.0,78,77,12,47.68009461538461,-122.31238410256414,High
RouteID_6cebaf24-0a39-4a6b-825e-df5e9002a1b1,DLA8,2018-08-03,16:53:23,3313071.0,49,48,21,34.05080359183673,-118.43767491836735,High
RouteID_6cee0ebf-fc14-4e87-950f-9131f41d2c85,DSE5,2018-08-04,15:56:56,3313071.0,195,194,17,47.435777523076915,-122.160151548718,Medium
RouteID_6ceffed8-aad6-4e11-ad59-0f37bfe44537,DLA9,2018-08-19,15:48:04,3313071.0,192,191,24,33.739165697916675,-117.89630850000007,High
RouteID_6cf33571-966e-41bf-8f07-beef4070b187,DBO3,2018-08-17,12:15:00,4247527.0,129,128,21,42.28498847286825,-71.53043534108532,High
RouteID_6cf4bdb6-c09d-4aff-b575-345bdbd225c1,DSE4,2018-07-24,15:04:28,3313071.0,183,182,25,47.777879972677596,-122.20233957377054,Medium
RouteID_6cfc6850-65c8-4833-95ab-6304d642ae18,DSE4,2018-08-19,15:44:49,4247527.0,107,106,36,47.66916163551399,-122.31175675700935,High
RouteID_6d161f1c-7a6a-4ff7-92a1-cf522399ece3,DLA7,2018-07-20,16:02:37,3313071.0,193,192,22,33.905982860103634,-117.58744160621764,High
RouteID_6d168fd8-7e46-424f-bc76-9e9f35a9d203,DSE5,2018-08-15,14:06:36,3313071.0,186,185,15,47.33014777419358,-122.27793324193543,Medium
RouteID_6d1a587d-385d-4d6c-a5c2-ce2cb0ca1597,DCH1,2018-08-11,14:45:00,3313071.0,164,163,12,41.78809436585364,-87.69956020731713,High
RouteID_6d299520-fd1c-42a3-a121-cf74fdcb93f6,DAU1,2018-07-31,14:13:51,4247527.0,127,126,28,30.30128405511814,-97.7433514566929,High
RouteID_6d3b072d-dcf7-439d-ba8d-cb850fb8f985,DLA7,2018-08-05,14:21:22,3313071.0,140,139,27,33.878746492857154,-117.9853502571429,High
RouteID_6d44a315-5559-4358-a544-cb66318f5af2,DLA3,2018-08-16,15:30:00,3313071.0,112,111,20,34.084892017857136,-118.25008971428574,High
RouteID_6d4bdf16-5aa0-45fc-a2db-6f8ae17854d9,DBO3,2018-08-13,13:04:17,3313071.0,160,159,18,42.04069009375,-71.54090794375,Medium
RouteID_6d4c1493-7a52-4346-8951-fb899fb3875a,DLA3,2018-07-28,14:25:36,3313071.0,102,101,13,34.054988264705884,-118.1872818431373,Low
RouteID_6d4caf2d-deb1-45a5-8bad-135060431277,DLA7,2018-08-07,16:00:00,3313071.0,102,101,19,33.875262745098034,-117.86797168627456,Medium
RouteID_6d4d6ccc-b208-4219-a7ae-c96d1a6874ab,DLA7,2018-08-11,15:37:55,3313071.0,137,136,16,34.183119656934316,-117.32587005839412,High
RouteID_6d556189-f506-471e-974c-09087f926a80,DLA7,2018-08-15,16:00:00,3313071.0,180,179,22,34.17213810555559,-117.42820072222224,High
RouteID_6d63b2b9-5a7a-4095-a12b-f6f484ac3c80,DBO3,2018-08-12,12:15:00,4247527.0,166,165,32,42.31772039156626,-71.36204470481924,Medium
RouteID_6d6496a2-eec2-41d0-9db3-e9d287fe103a,DLA4,2018-08-14,16:11:12,3313071.0,128,127,14,34.15949486718748,-118.54037363281245,Medium
RouteID_6d6eed71-b27f-4355-9bd3-c9f3eae39282,DBO3,2018-08-10,12:15:00,3313071.0,134,133,28,42.41628168656715,-71.42315500000004,Medium
RouteID_6d725309-c249-4106-bdc1-4efcbc019f1a,DLA7,2018-07-26,14:44:30,3313071.0,143,142,22,33.912118202797195,-117.87385202097909,High
RouteID_6d7e8d5a-6b94-4cc6-a026-528ea2a94d1c,DLA9,2018-08-08,13:47:45,3313071.0,129,128,23,33.538491038759695,-117.63784290697674,High
RouteID_6d7ee647-cf03-41d7-aca0-4544c35f3dfe,DLA4,2018-08-01,14:45:00,3313071.0,180,179,12,34.23763840555559,-118.80002644444444,High
RouteID_6d890156-0b28-4cce-bcee-560413da1678,DBO3,2018-08-10,11:24:19,4247527.0,129,128,26,42.37190056589147,-71.2551403875969,High
RouteID_6d895a04-5239-4244-a63c-ed8cdd80eb31,DCH1,2018-08-17,14:59:58,3313071.0,104,103,27,41.88287877884614,-87.78927832692312,High
RouteID_6d8e8218-9287-473e-a656-7bea9c22a123,DBO2,2018-08-17,13:15:50,3313071.0,132,131,25,42.347570060606074,-71.16301953787877,High
RouteID_6d8f3489-19a7-4bce-a3a9-3c4f8e986137,DLA3,2018-08-07,14:49:27,3313071.0,62,61,17,34.10727470967742,-118.34046008064517,High
RouteID_6d97fca3-ebf9-4a03-b0e3-2dd99a73421e,DCH3,2018-08-05,14:13:00,3313071.0,177,176,18,41.75975908474576,-88.25051937288134,High
RouteID_6dafb8fb-4503-47b8-b626-f33a3465657e,DLA7,2018-07-27,15:09:13,3313071.0,163,162,23,34.03925376073619,-117.77228741104297,Medium
RouteID_6db9f2fd-6d04-4c84-bfd5-10756d15b3ec,DLA8,2018-07-21,16:09:05,3313071.0,88,87,27,34.02900294318182,-118.48115046590907,High
RouteID_6dc9a51f-19a1-435f-a2bc-94b774e3ee2f,DLA7,2018-08-14,16:24:17,3313071.0,144,143,21,34.08327915277777,-117.75243997916671,Medium
RouteID_6df28542-4a5a-4ff6-97c6-10cf6d678d85,DLA7,2018-08-02,15:32:28,3313071.0,160,159,22,34.15912066874999,-117.47925107500006,High
RouteID_6e062355-979c-4a88-ae80-37930aed83a4,DBO2,2018-07-31,12:38:49,3313071.0,114,113,23,42.35097895614035,-71.15223983333334,Medium
RouteID_6e1cadcc-0686-4837-8dfe-221f5a0f88be,DLA7,2018-08-04,15:23:26,3313071.0,143,142,25,33.87698786713286,-117.65294734965032,High
RouteID_6e3cd387-ebc3-44bc-9b09-8f928bf36b91,DLA8,2018-08-02,16:18:44,3313071.0,109,108,24,34.02651724770642,-118.45107690825687,High
RouteID_6e586120-b544-438c-8698-6a7eb57c2a1f,DLA7,2018-08-17,14:58:23,3313071.0,152,151,22,34.133119723684224,-117.76891006578948,High
RouteID_6e58a427-d7e7-4efb-9d5c-cd8c6220957d,DCH2,2018-07-25,14:09:32,3313071.0,140,139,17,41.98578905714287,-87.70034396428572,Medium
RouteID_6e653b20-4ee0-409e-bed7-11296dd830b1,DLA7,2018-07-30,15:53:55,3313071.0,168,167,25,33.89255010119048,-117.52625898214289,Medium
RouteID_6e6bf8b8-6359-4b42-aa9b-1caaaccd0930,DLA9,2018-08-07,16:04:30,3313071.0,148,147,25,33.63803973648648,-117.87425208783787,High
RouteID_6e7f842c-6c09-4a2d-99c1-c5f71e6f06ba,DBO1,2018-08-08,12:16:49,4247527.0,134,133,18,42.496735425373146,-71.16275876865674,Medium
RouteID_6e809954-5b83-4fbd-b847-133ed7681e46,DLA5,2018-08-07,16:00:38,3313071.0,168,167,21,33.87811055357144,-117.48472949999999,High
RouteID_6e977d0c-878c-4417-88fc-0c029bbe5d36,DBO1,2018-07-24,13:59:13,4247527.0,174,173,20,42.52542872988506,-71.02370260919537,Low
RouteID_6ea76195-52b1-4a06-aa90-1cc6da3cabdc,DLA9,2018-08-06,14:28:02,3313071.0,108,107,21,33.73269918518517,-117.78495404629636,High
RouteID_6eb0c8c1-5fb5-4725-b16c-84b5b0c5c634,DLA5,2018-07-21,15:09:34,3313071.0,214,213,17,34.09829123831778,-117.35349482710274,High
RouteID_6ebee763-30f3-4128-aa2d-dd8592062bcc,DLA5,2018-08-09,15:52:23,3313071.0,134,133,18,33.92081991044776,-117.43752690298506,High
RouteID_6ef5ac13-f69c-46b9-b3bf-45464fd3acd3,DLA7,2018-08-02,14:30:00,3313071.0,140,139,22,33.92944090714286,-117.89694701428571,Medium
RouteID_6f03f8ef-0118-4628-8add-265369c2c915,DLA8,2018-07-27,16:32:16,3313071.0,161,160,18,33.79390717391303,-118.38228718633535,Medium
RouteID_6f04d628-4e76-4c1e-ac1b-03edf7ad88dc,DLA8,2018-08-08,15:23:13,4247527.0,153,152,14,33.89966311764706,-118.1760633398693,High
RouteID_6f0a23c5-f26f-4f64-83b4-b37ee2120214,DLA3,2018-07-31,15:30:00,3313071.0,110,109,27,34.10759824545456,-118.31306352727267,Medium
RouteID_6f1f1b47-d7d4-48a1-a8e9-68b0a3c80adf,DLA9,2018-08-22,15:57:28,3313071.0,139,138,22,33.59408013669066,-117.85538645323741,High
RouteID_6f298843-f1e5-43c8-97e5-eab26b7ddaf8,DCH4,2018-07-25,14:08:42,3313071.0,195,194,22,42.0949446769231,-87.95039959487183,Medium
RouteID_6f4377b1-8120-4b14-ab47-96c4860a1853,DCH4,2018-08-03,14:48:35,4247527.0,197,196,30,42.131810893400996,-88.03258891370557,Medium
RouteID_6f59b71d-818d-4a39-a01e-6e86276ff79b,DBO2,2018-08-06,12:11:54,4247527.0,150,149,23,42.14892607333335,-70.80604993333334,High
RouteID_6f5ae7c9-0a78-4cf0-b8cc-36954a827d54,DSE4,2018-08-24,15:01:39,3313071.0,201,200,33,47.86323873134327,-122.14466584577114,Medium
RouteID_6f5c8b6b-5b7f-46b4-854d-7db0085e4dbe,DLA9,2018-08-26,15:00:00,4247527.0,172,171,26,33.64760311627909,-117.69522386046515,Medium
RouteID_6f624ac4-5e69-48d2-83d5-89d8c06bd732,DCH4,2018-08-11,15:11:33,4247527.0,177,176,25,42.19789054237286,-88.07402059887004,Medium
RouteID_6f830b1f-2273-4331-b748-9d217e0ab022,DLA7,2018-08-16,16:18:42,3313071.0,135,134,20,34.1005046814815,-117.61698484444443,Medium
RouteID_6fbdffbf-bb2a-4128-a7b5-b3cf69e801b1,DLA7,2018-08-08,15:04:58,3313071.0,131,130,20,34.03538677862595,-117.80797889312977,Medium
RouteID_6fc94627-3755-4ad9-89fb-4ff1487667dc,DLA5,2018-08-13,14:00:18,4247527.0,126,125,20,33.64325742063494,-117.28771330158725,High
RouteID_6fd45936-8921-49bd-b9c3-e690bbd1b11d,DSE4,2018-08-26,15:44:54,4247527.0,97,96,15,47.67315702061856,-122.32418603092785,High
RouteID_6fe631b5-f0ae-4b4c-9f66-a7aee4d053d5,DCH1,2018-07-22,11:58:55,3313071.0,133,132,12,41.78791818045115,-87.62224969172932,Medium
RouteID_6ff94b76-44d6-4888-9bbd-64fb2bc870e8,DBO3,2018-08-02,12:09:11,4247527.0,143,142,20,41.842143636363616,-71.35937251048954,High
RouteID_6ffa4d58-b2cd-4e44-a2d0-de1e9c02030f,DSE5,2018-08-09,14:15:01,4247527.0,167,166,12,47.224463047904194,-122.41185508383225,Medium
RouteID_70050c4f-19ad-4b40-8726-b712b4001004,DSE5,2018-08-12,15:07:05,3313071.0,190,189,18,47.45291958947369,-122.15730075263161,High
RouteID_70056a85-980e-4100-815e-524b70a51805,DLA3,2018-08-05,15:58:48,3313071.0,110,109,23,34.077043190909095,-118.24653630909084,High
RouteID_700603c8-2a18-4392-a2e8-d05d7ab9910b,DLA4,2018-07-20,14:27:31,3313071.0,157,156,16,34.19515356687899,-118.39002114012739,Medium
RouteID_7025b74c-ae67-4d68-adb9-7a726f8171eb,DCH4,2018-08-13,13:40:06,4247527.0,180,179,30,42.17559848333334,-87.82984949444443,Medium
RouteID_7045ba89-6644-4525-8475-286f1d31686d,DLA8,2018-07-29,17:52:32,3313071.0,92,91,24,33.86080973913044,-118.39806907608701,High
RouteID_70476a4b-f0de-4536-a0c6-b4e48e45e687,DAU1,2018-07-31,14:37:00,4247527.0,138,137,24,30.357984797101434,-97.96045404347825,Medium
RouteID_70493eef-bfcb-4e38-8664-b2a070e24749,DBO3,2018-08-10,12:08:45,4247527.0,157,156,23,42.11632073248405,-71.26168770700633,Medium
RouteID_704d3561-8e35-44c8-b529-d101a617973b,DLA7,2018-08-05,14:21:51,3313071.0,118,117,20,33.84274233898302,-117.93128849999998,Low
RouteID_7063dcdc-b9ec-4503-8354-21bcbce94498,DLA9,2018-08-15,13:45:43,3313071.0,113,112,20,33.55265277876107,-117.63563549557523,Medium
RouteID_706d5e58-2b44-4fa3-823f-54ee97bd38c8,DCH3,2018-07-25,13:00:48,4247527.0,194,193,18,42.00826806185568,-88.10164729896908,Medium
RouteID_706decfb-7c3a-4b94-828e-b9116a474e2f,DSE5,2018-07-31,14:50:43,4247527.0,133,132,6,47.217569571428555,-122.55661205263155,High
RouteID_706e94ad-6a29-4275-a090-13ade456be4f,DAU1,2018-08-03,14:56:50,4247527.0,162,161,24,30.367755660493838,-97.97772279012344,Medium
RouteID_7077ef32-e682-448b-b892-6241e619cddd,DSE5,2018-08-03,14:32:55,4247527.0,152,151,14,47.19562674342105,-122.44667144078949,Medium
RouteID_70784950-d1f4-4ed0-9a77-98065c99b44a,DLA8,2018-08-01,14:50:11,3313071.0,132,131,23,33.778916613636376,-118.14786105303027,High
RouteID_707a7e78-f50a-4a3d-8c10-b1063f7c075f,DSE5,2018-08-17,15:24:59,4247527.0,117,116,9,47.240457264957264,-122.50921371794868,Medium
RouteID_7085ce43-6cfd-44c7-9cdb-83ca52145911,DLA7,2018-07-20,14:34:31,3313071.0,154,153,21,33.945282441558454,-117.97601954545455,High
RouteID_70960728-d0c1-413a-aad4-eb34f807ba75,DSE5,2018-07-30,15:09:14,3313071.0,170,169,15,47.312924805882346,-122.36789831176472,Medium
RouteID_7096a0fa-0344-48bc-b38e-b94a0352ac51,DAU1,2018-07-27,15:14:48,4247527.0,110,109,26,30.341137090909097,-97.71564130000002,Medium
RouteID_70ba1f1d-c3a6-4ca5-a0ac-956ee12eb296,DCH1,2018-08-07,13:40:32,3313071.0,173,172,16,41.78637800578034,-87.7088264682081,Medium
RouteID_70cd60a1-6579-42a3-8622-44a937c588cd,DBO3,2018-08-10,12:05:20,3313071.0,110,109,21,42.45406657272728,-71.36318056363636,Medium
RouteID_70d8e0c7-1e61-477a-be64-e2e4e63ac103,DSE4,2018-08-16,15:36:00,3313071.0,147,146,21,47.86199064625848,-122.29275664625843,Medium
RouteID_70d99ce0-a765-43f0-9cbb-aa126bf84ea2,DLA7,2018-08-12,14:15:58,3313071.0,149,148,26,33.85874226845638,-117.96446538255037,High
RouteID_70f9fa71-a0d4-49f0-b13b-9758f713830f,DLA9,2018-07-24,15:16:46,3313071.0,120,119,16,33.79531440000001,-117.91564663333332,Medium
RouteID_71074bfe-1d32-4036-b5d1-0dd61eb721ab,DLA5,2018-08-09,14:45:10,3313071.0,193,192,24,34.047015331606225,-117.44999865803106,High
RouteID_710da320-e658-469e-b0f0-f811301fadfd,DCH3,2018-07-29,13:36:46,3313071.0,166,165,15,41.69999325301205,-88.06973692771085,High
RouteID_71119e83-6387-496a-8ff1-83ddaf8dea1f,DSE5,2018-08-25,15:34:58,4247527.0,147,146,11,47.20992872789115,-122.35648753061221,High
RouteID_71177cbe-ef30-4ef0-949e-9368363a97a2,DLA9,2018-08-14,15:40:25,3313071.0,117,116,23,33.74788135897434,-118.09686552136758,High
RouteID_712566a0-4d0e-4865-ab22-dcfaadc3d9c5,DCH4,2018-07-23,14:25:39,3313071.0,176,175,24,42.22262265909093,-88.03842608522731,Medium
RouteID_71333e16-54d5-439e-8cb3-a1873a73d5ea,DBO2,2018-08-13,13:05:22,3313071.0,153,152,24,42.26371873202614,-70.97889575163396,High
RouteID_71424669-5e0d-4c7f-89d1-11095230777d,DSE5,2018-07-21,15:49:53,3313071.0,191,190,18,47.45367830890055,-122.13234202094239,Medium
RouteID_714db43b-d251-4a62-99cc-c3cd4667bbc9,DLA7,2018-08-07,16:23:02,3313071.0,184,183,22,34.127915201086964,-117.64230727717396,Medium
RouteID_714f1d8f-3661-4de4-85aa-fe416d09b83e,DBO3,2018-08-13,12:10:20,4247527.0,115,114,19,42.03232702608696,-71.2231200347826,Medium
RouteID_715063f1-4c84-4435-9019-6cd19d80216d,DLA9,2018-08-14,15:09:07,3313071.0,149,148,21,33.85007193959731,-117.99849359731544,Medium
RouteID_71546245-1996-4b5e-8d25-ba474b53356b,DLA9,2018-08-20,14:27:30,3313071.0,155,154,27,33.71101299999999,-117.77667797419346,High
RouteID_715fafcd-6699-435b-b959-e89cce7f7ac7,DAU1,2018-08-15,15:09:14,4247527.0,202,201,35,30.433058782178197,-97.80196744554463,Medium
RouteID_71602721-342c-4561-bf59-2d626f1eed6e,DSE5,2018-08-08,14:00:00,3313071.0,183,182,14,47.30245714754098,-122.37790020218581,Medium
RouteID_7177fb88-bfac-43c6-bbcf-e57234649cba,DLA4,2018-07-22,14:29:36,3313071.0,109,108,17,34.14808486238532,-118.3843240733945,High
RouteID_71a0a0f7-e1e1-42e1-b852-8d57e9fadc7e,DLA8,2018-08-05,16:11:52,3313071.0,119,118,29,33.9906870672269,-118.42293379831932,Medium
RouteID_71a48348-4bd6-4cbb-9041-0bd1299b67f2,DBO3,2018-07-28,11:22:39,4247527.0,127,126,20,42.399872653543305,-71.18001538582678,High
RouteID_71c3c465-c95b-4515-9dc7-85e423f0bbcc,DBO3,2018-08-02,12:29:47,4247527.0,163,162,22,42.38108598773006,-71.58871314110431,High
RouteID_71d03c02-5086-4e6b-8b3d-5a6fc85e3c5e,DSE5,2018-08-06,15:20:47,3313071.0,127,126,17,47.54635837795276,-122.0004602913386,High
RouteID_71e2c7fa-1705-49b7-991e-6d84728c34d6,DSE4,2018-08-24,15:41:34,4247527.0,131,130,16,47.664013282442745,-122.27267934351147,High
RouteID_720f7426-0c73-43e3-bee8-2af920fab8b9,DCH4,2018-08-05,14:07:56,3313071.0,161,160,25,42.11199642236023,-87.902570242236,Medium
RouteID_721eb5a6-2aa7-4778-861f-5fef4956993c,DAU1,2018-08-15,14:07:42,4247527.0,149,148,25,30.349745174496643,-97.76674512751677,Medium
RouteID_72277fe0-08bc-4d6a-a7d9-23efa383f850,DLA8,2018-08-03,16:31:46,3313071.0,99,98,20,34.02776115151514,-118.43992844444445,Medium
RouteID_723f4f06-395b-462e-9bc2-c7fe9c314863,DLA3,2018-08-14,16:26:26,3313071.0,175,174,15,33.97106606857141,-118.22348780571429,Medium
RouteID_724e4077-0ff8-48b6-b917-13089701c1d5,DSE2,2018-07-24,14:13:53,3313071.0,89,88,20,47.60527289887639,-122.30834957303372,High
RouteID_724f766b-f79f-4c5c-942f-b0b3873d9cd1,DLA7,2018-08-05,14:52:31,3313071.0,138,137,26,33.858087992753624,-117.7417903768116,Medium
RouteID_7251298c-993a-41f5-b9c4-cc241853089c,DBO2,2018-08-07,13:29:41,3313071.0,150,149,26,42.32602119333333,-71.22820634000001,Medium
RouteID_72517266-2a07-4d54-970c-a539cd3e8ffe,DSE5,2018-08-01,14:51:40,3313071.0,117,116,10,47.51508339316239,-122.07241385470084,Medium
RouteID_7253629e-46d5-4dbb-a9dc-6c8b4ccb0213,DLA7,2018-08-08,14:56:58,3313071.0,176,175,24,33.887839460227276,-117.85480291477265,High
RouteID_727fe740-8875-4feb-91bf-78f02ee38cb4,DCH4,2018-08-16,13:30:28,4247527.0,160,159,20,42.194182581249976,-88.35932356875003,Medium
RouteID_728eb77b-0bba-4690-81b7-e6cf193bcc13,DLA7,2018-07-21,14:58:38,3313071.0,168,167,17,33.86977015476191,-117.5498605119047,High
RouteID_7296bfa5-6321-4cb2-b9ef-d0432123fcfc,DLA7,2018-07-26,16:00:00,3313071.0,155,154,21,34.14550242580644,-117.45472066451606,Medium
RouteID_72b46314-ad6c-486a-954b-f3ac4570dbf0,DSE4,2018-08-09,15:45:55,4247527.0,129,128,15,47.69235248837209,-122.29838472093019,Medium
RouteID_72c396a6-f60b-49b3-90ed-c3a37aa43258,DLA4,2018-07-20,16:17:00,3313071.0,140,139,13,34.17833767142858,-118.51923072857143,Medium
RouteID_72d6d0fd-d339-4478-a3e4-1711aaf78ff1,DSE5,2018-07-26,13:55:24,4247527.0,159,158,15,47.119957918238974,-122.32682040880506,Medium
RouteID_72e32b69-0cd1-4ca9-b784-e5c0ee6b89ca,DCH4,2018-08-13,15:22:39,3313071.0,132,131,17,42.1486581590909,-87.91893783333332,High
RouteID_72e6137c-7f33-4eaf-b84c-7b3350a49fb9,DLA3,2018-07-26,15:30:00,3313071.0,94,93,16,34.11962218085107,-118.3252610744681,High
RouteID_72e9d41f-878b-467a-a278-6aeb266ee648,DLA9,2018-07-23,13:51:43,3313071.0,120,119,28,33.53947131666666,-117.63945779166671,High
RouteID_72ed01c7-3b92-4a47-90a8-12ce451e6431,DLA7,2018-08-05,15:40:20,3313071.0,145,144,19,34.19695663448275,-117.35738116551714,Medium
RouteID_72fea748-5b3d-4d0a-b273-fd3cc93f3a00,DCH2,2018-07-31,12:45:00,3313071.0,190,189,22,41.97266115263158,-88.01600006842102,Medium
RouteID_73020468-1195-4f33-b8e9-dbd89926f5e1,DLA3,2018-08-04,14:51:04,3313071.0,84,83,24,34.072821250000004,-118.32105327380954,High
RouteID_731b810f-e6c6-4fba-be06-724cb9439696,DLA9,2018-08-14,15:46:03,3313071.0,181,180,22,33.73426953038675,-117.87275841988948,Medium
RouteID_7345ebc0-76f3-4166-bd21-d3166c784a73,DSE4,2018-07-25,15:11:31,3313071.0,166,165,21,47.86244413253013,-122.29236129518075,Medium
RouteID_735242f3-7931-4b82-be48-ca5e742ae631,DLA4,2018-08-13,13:56:05,3313071.0,122,121,17,34.145156000000014,-118.43713609836064,Medium
RouteID_73646c01-b671-4b17-972f-9f572ef9209e,DSE4,2018-08-05,15:45:08,4247527.0,150,149,25,47.79914573333331,-122.29000140666666,High
RouteID_738c4cd7-6437-4e16-b7d3-d1467577f45e,DLA9,2018-08-14,16:03:23,3313071.0,147,146,27,33.669978238095226,-117.80685473469386,High
RouteID_7397c9e0-398f-4b82-9c13-d109db3f5002,DSE4,2018-08-01,15:44:06,4247527.0,90,89,13,47.67454591111114,-122.26504894444444,High
RouteID_739a70f6-8fee-4630-8793-28af0c9c0e13,DLA7,2018-08-06,14:55:33,3313071.0,164,163,23,33.88428800000002,-117.76752576829266,Medium
RouteID_73aa0fe5-9cdb-4960-8faa-c77dca76e6bb,DSE5,2018-08-22,13:51:53,3313071.0,165,164,11,47.5073650909091,-122.37738470303032,Medium
RouteID_73b0b410-8c10-4d67-9a66-f21692cc102d,DCH1,2018-07-31,15:00:00,3313071.0,171,170,18,41.84773142690061,-87.89198147368421,Medium
RouteID_73b1145e-3bd1-4720-9f5f-991d63bcb65c,DBO2,2018-08-06,14:38:30,3313071.0,148,147,26,42.15944764864863,-71.15650543243244,Medium
RouteID_73b11eb4-e052-4652-a561-9fa71b2efcf6,DCH1,2018-07-28,14:32:56,3313071.0,130,129,31,41.87952396923077,-87.78772845384619,High
RouteID_73b62f87-5edb-49f4-9a4a-57f0650e1e03,DSE4,2018-08-10,15:10:01,4247527.0,87,86,12,47.680064356321836,-122.31222578160921,High
RouteID_73ba4b08-0278-4153-ba1b-a2673c0bddda,DCH3,2018-08-08,13:25:33,3313071.0,171,170,17,41.672078649122795,-88.12472961403512,Medium
RouteID_73c57618-0f3c-4c40-8056-8a832dc88e05,DLA7,2018-08-02,14:17:19,3313071.0,146,145,22,33.89554676027399,-118.00558870547945,Medium
RouteID_73ce9c8d-8fa2-4b52-87d0-632729d1cd9f,DSE4,2018-08-13,16:03:41,4247527.0,118,117,14,47.68205297457627,-122.30017285593226,High
RouteID_73cedfa8-c5e8-4048-971f-96822e708a20,DCH4,2018-08-12,14:06:58,4247527.0,195,194,24,42.05217054358976,-87.95133519999995,High
RouteID_73e6e59b-ba48-405f-a72f-b0a831ebbbfc,DCH4,2018-08-14,15:42:38,3313071.0,175,174,29,42.216759302857135,-87.95610051428568,High
RouteID_73e8ec4a-480a-40d7-b95d-21305b89d73a,DLA5,2018-08-15,16:05:15,3313071.0,142,141,18,33.89337576760564,-117.46847878873243,Medium
RouteID_73f98fd1-d5b7-4e91-acd1-cbcac18475d1,DLA5,2018-08-11,16:22:36,3313071.0,117,116,18,33.90495017948718,-117.4625869059829,Medium
RouteID_740b42b1-edf8-4b1b-bca3-d77c021620be,DLA7,2018-08-07,15:39:12,3313071.0,143,142,20,33.87738533566432,-117.66064189510485,High
RouteID_7419a5ec-c467-4dc4-8602-329c06584580,DLA9,2018-08-12,15:00:00,4247527.0,164,163,25,33.640519182926816,-117.65914417682926,Medium
RouteID_742693b8-63b3-4756-8c2f-f652989ff44e,DLA8,2018-08-11,16:15:00,3313071.0,63,62,23,33.97335501587302,-118.4583254126984,High
RouteID_7427fdd5-9246-43fb-a81c-d64a989e1986,DLA7,2018-08-16,15:24:10,3313071.0,153,152,22,33.879867869281064,-117.71184943137258,High
RouteID_74298fb3-cd50-40af-b48c-d89f99f30dd1,DBO3,2018-08-05,12:15:09,3313071.0,186,185,29,42.386388913978465,-71.52699890860215,Medium
RouteID_742abd15-41ce-4554-b711-ed488ea71e44,DAU1,2018-08-02,14:59:13,4247527.0,124,123,22,30.436697612903234,-97.83873787096775,High
RouteID_742d48d5-2a3f-4e4e-81f7-900daaf7a429,DLA9,2018-08-11,14:24:44,3313071.0,153,152,22,33.77577394771243,-117.84319998692813,Medium
RouteID_742d9d90-6474-461e-bf35-767ca23150ff,DLA7,2018-08-02,15:09:39,3313071.0,179,178,26,33.847415039106146,-117.59533260893853,High
RouteID_743579c2-24fb-416d-9e42-7248041b9989,DSE5,2018-08-15,15:33:02,4247527.0,122,121,6,47.22170698360658,-122.55800989344264,Medium
RouteID_743bb359-f47c-416d-920f-499b05cfb8af,DBO3,2018-08-15,12:11:19,4247527.0,136,135,24,42.086623808823525,-71.26341813970588,Medium
RouteID_743d07a3-2d21-4650-ac0a-ab67069a9a5e,DBO3,2018-08-06,11:47:00,4247527.0,161,160,23,42.008730434782606,-71.33557343478267,High
RouteID_744b3a9f-4813-4d4a-8b5b-3145790b5f92,DSE4,2018-07-25,15:38:57,4247527.0,134,133,15,47.694769619403,-122.31365553731338,High
RouteID_7458d284-7e87-4c20-a120-0d0fcd70b00c,DLA4,2018-08-15,14:23:40,3313071.0,138,137,13,34.19488467391303,-118.41900755072466,Medium
RouteID_745f43ab-15ab-4d82-9899-9b6bb443e64f,DLA4,2018-07-25,14:12:39,3313071.0,164,163,16,34.194759201219526,-118.38961887804872,Medium
RouteID_74697643-a1bc-4a60-9e0e-af08bf8e2782,DCH3,2018-08-14,14:04:19,3313071.0,174,173,24,41.82546523563219,-88.18673645402302,High
RouteID_748ff4bc-be4b-4415-a35b-e60c279d431a,DLA5,2018-08-07,15:28:36,3313071.0,188,187,24,33.96106010638297,-116.97378658510628,Medium
RouteID_74a0a75d-72ac-46c4-b768-1fac80782d28,DLA7,2018-08-12,14:20:47,3313071.0,117,116,21,33.828996846153856,-117.91021374358974,High
RouteID_74a0d89b-f0fd-41d2-9e58-0816928f2800,DLA7,2018-08-02,16:48:09,3313071.0,177,176,31,33.997714751412424,-117.75420706214683,Low
RouteID_74a4e7c2-d7a3-4f47-a6f1-a2d4cd38ef3c,DLA3,2018-08-11,14:50:45,3313071.0,74,73,17,34.0521419054054,-118.29508517567565,High
RouteID_74ba0fe5-59ed-47a7-9e8d-066a97c653f8,DSE5,2018-08-26,13:52:01,3313071.0,182,181,15,47.37271713186814,-122.30229345054944,Medium
RouteID_74c52b8d-3a95-4f14-9855-9159c707e6c4,DBO3,2018-08-14,12:44:43,3313071.0,168,167,18,42.09056498809524,-71.5072481071429,Medium
RouteID_74cd7515-a15f-459e-b67b-aa156895a510,DCH3,2018-08-06,14:27:12,3313071.0,194,193,20,41.73053096907217,-88.38892287113403,Medium
RouteID_74cf8ad8-e884-42a9-9a94-179945407dd5,DBO3,2018-08-13,11:47:15,4247527.0,148,147,28,42.34474709459459,-71.21611498648643,Medium
RouteID_74cfeb0b-0168-4a23-9e5c-5d362d68f6b9,DAU1,2018-08-03,13:50:55,4247527.0,141,140,26,30.20179020567375,-97.97804834042553,Medium
RouteID_74d2b48c-d203-483e-b2b1-3fe4c66de4ba,DLA8,2018-07-20,16:40:29,3313071.0,85,84,17,34.07153367058824,-118.4646105058824,Medium
RouteID_74da288c-f564-4062-8987-0189695e1393,DSE4,2018-08-19,15:41:18,3313071.0,177,176,23,48.108589197740116,-122.16080640112996,Medium
RouteID_74efb214-88ff-4e2a-b326-331208733fea,DLA3,2018-07-21,15:38:56,3313071.0,69,68,14,34.10837763768116,-118.34023223188407,High
RouteID_74fdc75d-825d-413f-b284-ebd0a57611da,DLA8,2018-07-23,16:47:22,3313071.0,163,162,22,33.77971869938649,-118.4093978895705,Medium
RouteID_75006043-c8d8-4304-a43b-619b8f7bab73,DLA8,2018-07-29,15:17:33,3313071.0,139,138,34,34.022326920863314,-118.44709284172666,High
RouteID_7501eef4-17c1-4287-be32-8d6614a931b5,DBO2,2018-07-26,13:16:17,3313071.0,168,167,24,42.264642880952394,-70.98449225595238,High
RouteID_750c1f5d-fe21-43f6-8e80-7c149c208995,DLA4,2018-08-01,15:45:00,3313071.0,177,176,9,34.26658825988701,-118.42752988135595,Medium
RouteID_751a2d3d-3705-4beb-b3e1-c43b9be18462,DSE5,2018-08-02,15:00:00,3313071.0,125,124,9,47.47131593599999,-122.00964728,Medium
RouteID_7520b1df-2c96-4f31-b9c5-92aa7384cf3f,DLA7,2018-07-21,15:20:03,3313071.0,169,168,20,33.884245597633154,-117.82487397633136,High
RouteID_75383236-95bd-4a55-8bad-1f7c8b05deee,DLA3,2018-07-22,15:26:48,3313071.0,149,148,12,33.96955426845635,-118.24055068456369,High
RouteID_753944f4-3782-4598-90ea-345a3bbae693,DLA3,2018-07-26,16:06:53,3313071.0,90,89,15,34.04431157777776,-118.27975747777776,High
RouteID_7546109b-42da-44d3-9af7-1772fcfa8a3b,DLA8,2018-08-08,16:22:14,3313071.0,112,111,17,34.00517787499998,-118.43258980357145,High
RouteID_75489a65-39ec-435c-a127-e0964b50bb4e,DBO3,2018-08-15,11:22:03,4247527.0,154,153,22,42.395406396103915,-71.1692264025974,Medium
RouteID_754d4b2e-76e1-4e47-b41a-1d71d051ee10,DLA7,2018-08-13,14:55:10,3313071.0,110,109,19,33.926357445454556,-117.94945641818182,Medium
RouteID_755d294e-5b17-46e3-ab86-b6ea607a0eff,DSE2,2018-08-04,15:52:52,4247527.0,129,128,20,47.55044348062015,-122.38844736434105,Medium
RouteID_75623fb1-f04a-40d9-b1b1-e5617f09266a,DLA7,2018-08-16,15:48:09,3313071.0,191,190,25,33.94827858638743,-117.58930407853403,High
RouteID_7567fe4c-134b-4d69-be51-a48414404f27,DLA4,2018-08-15,13:54:12,3313071.0,93,92,20,34.14777098924732,-118.37961629032259,High
RouteID_757e80bd-c653-4158-bd6e-599629ad59dd,DLA7,2018-08-12,14:30:00,3313071.0,136,135,23,33.905313375,-117.92898870588233,Medium
RouteID_7591bd07-8457-4be9-b228-6f449caf0ebd,DAU1,2018-08-01,14:41:34,4247527.0,132,131,20,30.226346106060618,-97.84042258333335,High
RouteID_759ad57e-28f0-4575-8388-a2f5e8b59df8,DBO3,2018-07-23,12:47:00,3313071.0,174,173,16,42.13292423563216,-71.64421763793104,Medium
RouteID_759f41d2-797e-479f-a442-bfe82c2d9050,DSE4,2018-08-15,14:43:28,3313071.0,175,174,29,47.73706813714284,-122.22967709142868,High
RouteID_759fe5c1-519f-4adb-9a58-6e2262cb2d1a,DLA7,2018-07-19,15:23:26,3313071.0,129,128,15,33.91449244961241,-117.84551668992246,High
RouteID_75a280d6-4ee7-4f81-80b7-c03eef7cfe23,DLA9,2018-08-02,15:59:30,3313071.0,129,128,21,33.66180177519378,-117.90758119379848,Medium
RouteID_75ae7a82-c85f-4d10-b6fa-e0cb7191ca12,DLA7,2018-08-16,15:31:39,3313071.0,148,147,16,34.08348022972974,-117.42713562162159,Medium
RouteID_75aeec68-49fc-4ca5-9e0c-36dac98e2f13,DBO3,2018-08-16,12:38:12,3313071.0,162,161,15,42.0757479382716,-71.6174914691358,High
RouteID_75b935ab-337c-483d-ab00-94c16ae847e7,DLA5,2018-08-08,15:59:28,3313071.0,160,159,19,33.918760731249975,-117.48883873124996,Medium
RouteID_75c3df34-f96c-4e47-bff3-ae190fbf341c,DLA7,2018-08-15,16:18:28,3313071.0,142,141,19,34.11404106338029,-117.77007635211265,High
RouteID_75cc212f-60f2-44fe-8822-7552ab5702fe,DLA9,2018-08-17,15:54:59,3313071.0,123,122,25,33.62424356910569,-117.91887175609757,Medium
RouteID_75ce278b-c891-4678-be9b-2cc53377e03e,DLA7,2018-07-23,15:56:45,3313071.0,159,158,21,33.89554868553459,-117.5197492830189,Medium
RouteID_75d3ac4f-4615-4e4f-b584-66788436bff4,DBO3,2018-08-07,12:32:07,4247527.0,155,154,24,42.30087685806452,-71.56020822580646,Medium
RouteID_75d8bf01-7cc2-4d50-9323-61ea565a8d0d,DSE4,2018-08-21,15:39:07,4247527.0,131,130,15,47.66617468702289,-122.2696853358779,Medium
RouteID_760c0026-84d3-4307-89ad-956b34917123,DBO3,2018-08-01,12:09:36,4247527.0,164,163,20,42.05475170731709,-71.11264010975611,High
RouteID_761a0e75-6121-46ac-9457-1be412f26f41,DLA8,2018-08-14,16:15:00,3313071.0,137,136,17,33.7320472189781,-118.33697477372263,Medium
RouteID_7636a515-d0e8-49fa-88ee-b3f6b4c8955c,DLA7,2018-07-20,16:00:00,3313071.0,160,159,20,34.140042375000014,-117.47361111874997,High
RouteID_763de3b7-15c7-43de-af9d-9d5a3e43595e,DLA4,2018-07-21,13:59:39,3313071.0,137,136,17,34.155999890510934,-118.35842351094892,High
RouteID_76a048df-2e7e-4e65-946b-87810f5ffc76,DLA7,2018-07-31,15:39:48,3313071.0,140,139,18,34.116187685714294,-117.54940792857147,High
RouteID_76a19e20-f554-4076-8965-3b4c2805e8eb,DLA7,2018-08-09,15:31:24,3313071.0,181,180,20,34.11403191160221,-117.50414344751377,Medium
RouteID_76a373ae-3fc3-4d8c-ad78-eb7c3a700f32,DLA4,2018-07-29,17:19:09,3313071.0,171,170,12,34.29172151461989,-118.41780718128652,High
RouteID_76a58927-77b7-4198-9247-23ad9f48b4a9,DLA9,2018-08-19,15:04:39,3313071.0,189,188,23,33.790474137566136,-117.93549450264538,Medium
RouteID_76a9a85f-1b40-44cd-a51b-a506a8d14488,DLA4,2018-07-26,16:46:56,3313071.0,156,155,11,34.212250916666676,-118.40888237820513,Medium
RouteID_76b89367-4e74-4dbf-8478-0f6558bacfab,DBO3,2018-08-14,12:08:42,3313071.0,156,155,25,42.27764738461537,-71.68623558974362,High
RouteID_76be35b2-06d1-41b4-975f-f1fc1bb7b155,DCH2,2018-08-15,12:20:50,4247527.0,187,186,22,41.945386823529404,-87.7796527754011,Medium
RouteID_76c0fb16-8297-40be-bce3-6d76e2e65e03,DLA7,2018-08-03,15:31:04,3313071.0,131,130,18,33.872690045801534,-117.62210493129774,Medium
RouteID_76cd7fcb-9faf-44e5-afb3-9e9acf2403ea,DSE5,2018-08-20,13:58:36,4247527.0,188,187,21,47.25146640957447,-122.20674771808504,Medium
RouteID_76f22159-a7b6-43d5-b424-fe21033d7784,DSE5,2018-07-28,14:20:22,4247527.0,123,122,12,47.28654313821139,-122.50287704065047,High
RouteID_76f64205-26e9-4af3-80f7-2e0c95c71ee3,DBO1,2018-08-17,13:51:29,4247527.0,186,185,22,42.471070354838716,-71.13633310215052,Medium
RouteID_76f9c88c-3ba0-411f-a8ed-283dca48a7f7,DCH3,2018-08-09,14:01:24,3313071.0,174,173,21,41.75149366666668,-88.25981922413791,Medium
RouteID_76fdbf9c-80cd-4ed1-acca-e425167da02b,DLA8,2018-07-19,18:05:25,3313071.0,117,116,15,33.84254304273505,-118.37487941880346,High
RouteID_76fe1aff-c5cf-4627-bd50-5b36279ef088,DSE4,2018-07-31,14:54:03,4247527.0,125,124,14,47.69512968799998,-122.31351207999998,High
RouteID_76fe308e-7e7e-4eac-b3dc-2fc2c721e357,DLA7,2018-08-11,14:30:43,3313071.0,160,159,19,33.85125559375002,-117.95707420624997,Medium
RouteID_7708d7f5-0a10-4c6b-b8fc-6b0ef72778ae,DSE5,2018-07-26,14:36:53,4247527.0,173,172,14,47.201638190751446,-122.43776831791902,Medium
RouteID_7718ec20-5755-43f9-bc76-fadfc152dae7,DBO3,2018-08-15,12:21:37,4247527.0,125,124,18,42.027676623999994,-71.01981985600001,Medium
RouteID_771d9b19-7e8a-450e-9c36-5289f328610d,DLA7,2018-07-20,16:00:00,3313071.0,175,174,23,33.86315176571428,-117.54552938857142,High
RouteID_77288cc8-8dcd-49bd-8510-59a846979f71,DBO3,2018-07-25,13:05:02,4247527.0,194,193,23,42.20734723195879,-71.51214055670104,Medium
RouteID_773abed8-5c28-43db-8a44-0a50f85df7c3,DLA8,2018-07-19,18:16:23,3313071.0,161,160,17,33.8714164285714,-118.34419017391306,High
RouteID_7748ecc1-61c1-4cc3-9598-a149608aa36c,DLA7,2018-08-14,15:41:41,3313071.0,159,158,18,33.90911743396227,-117.56359605031452,Medium
RouteID_774c1a3f-8954-4f97-9549-8f7d47b5cfa7,DLA5,2018-07-31,15:03:29,3313071.0,162,161,21,34.143076481481465,-117.23149116666669,Medium
RouteID_77540b50-ad69-4ee1-96fd-c9af295d047e,DBO3,2018-07-25,13:07:21,3313071.0,156,155,11,42.059775820512805,-71.64992710256408,Medium
RouteID_77565dc9-d8ed-46e0-a08e-90a931f35c9c,DLA9,2018-07-21,15:57:01,3313071.0,149,148,21,33.688493583892615,-118.00335268456378,High
RouteID_77628ff3-0743-4d71-9dda-9cc81b6ffd76,DBO3,2018-08-03,12:03:17,4247527.0,183,182,24,42.048522688524606,-71.20563846994537,High
RouteID_77641303-c91e-47a5-b4f7-18f681b21e66,DSE5,2018-07-25,15:18:43,3313071.0,189,188,17,47.350473878306886,-122.2738439047618,High
RouteID_776d43e6-db17-448c-92b8-5c44d11121d3,DLA3,2018-07-26,15:51:02,3313071.0,152,151,19,34.115981526315814,-118.37935600657902,High
RouteID_777d6f98-7483-40d9-9276-a93fb071523d,DLA5,2018-08-15,15:13:16,3313071.0,161,160,18,33.99563321118011,-117.0481594596273,High
RouteID_779136da-5652-4e01-8184-0af8e8695e98,DLA9,2018-08-10,15:18:58,3313071.0,120,119,18,33.73214521666665,-117.91942863333334,Medium
RouteID_7791e324-9506-4c83-b5d0-d8108e43bc0e,DLA7,2018-08-03,15:06:09,3313071.0,163,162,25,33.888269104294466,-117.85377841717792,High
RouteID_779fffba-e463-4680-8686-7621c5413453,DLA7,2018-08-09,16:00:00,3313071.0,156,155,22,34.03242541025641,-117.87178811538459,Medium
RouteID_77a6f5bb-cea2-4b6c-905b-29be92760089,DSE5,2018-08-24,13:47:29,3313071.0,189,188,15,47.37385205291007,-122.30322988359791,Medium
RouteID_77a6fee7-67e8-4bb9-bf3f-24e8c2079c6d,DBO3,2018-07-27,13:09:48,4247527.0,131,130,23,42.45372502290078,-71.3717929923664,Medium
RouteID_77a7311c-7c9e-4290-be9b-f3137828b05d,DBO3,2018-08-03,12:15:00,4247527.0,191,190,38,42.28495162827224,-71.35126351832463,Medium
RouteID_77ad62b1-d7ff-4bd2-ad06-73eeacbd9e84,DBO3,2018-08-15,13:02:28,3313071.0,149,148,12,42.058993926174495,-71.64851846979866,Medium
RouteID_77aeb7f9-e1d2-443d-b2b1-257b59cb64c0,DLA9,2018-07-29,14:37:35,4247527.0,103,102,27,33.689457203883485,-117.75082774757283,High
RouteID_77b3bcae-af1e-4792-8f01-391e5cf1a99e,DSE5,2018-08-24,15:03:18,4247527.0,117,116,11,47.275862786324765,-122.49720212820512,Medium
RouteID_77c7db6e-260b-4e42-b921-36f117c83f82,DLA9,2018-08-08,13:42:51,3313071.0,119,118,18,33.58186239495799,-117.7412231932773,Medium
RouteID_77d7f295-006d-4bdd-9a5d-536edc58fa0f,DCH1,2018-08-05,13:45:40,3313071.0,197,196,31,41.78002779187816,-87.7701024111675,Medium
RouteID_77e5e489-7021-41a0-827b-517cc6cefada,DCH4,2018-08-13,15:30:09,4247527.0,173,172,24,42.28199042196532,-87.9729859595376,High
RouteID_77ea19bb-3f67-4474-ae8a-dc24f2739bab,DLA5,2018-08-07,15:58:26,3313071.0,153,152,20,33.915419078431356,-117.48584971241826,High
RouteID_77eeaa74-5243-46a5-a80e-ed9221211613,DCH1,2018-08-09,14:49:48,3313071.0,57,56,17,41.9182057368421,-87.69810005263155,Medium
RouteID_77f2d787-6139-4960-8454-5201463cf5de,DLA3,2018-08-09,16:53:43,3313071.0,150,149,14,33.88861790666667,-118.07614102666666,Medium
RouteID_780c349e-4b3b-4335-91ea-bd997d907f08,DSE4,2018-08-12,15:18:29,4247527.0,117,116,17,47.68784842735042,-122.32204490598295,High
RouteID_780fa781-189d-42c7-ab4b-bc3ac946e54d,DLA3,2018-08-09,15:58:07,3313071.0,77,76,16,34.08675223376624,-118.36379807792207,High
RouteID_7816a9f3-1fd2-4d65-829a-f8e669c5ade1,DBO2,2018-08-16,12:44:46,3313071.0,184,183,23,42.24517121739131,-71.11437495652176,Medium
RouteID_781d1f76-a44d-4b20-af9d-f249a9b2906c,DLA7,2018-08-03,16:38:30,3313071.0,149,148,21,34.12898489261745,-117.62693651006713,Medium
RouteID_7823292f-f250-4045-8e77-9265de0a27ac,DLA3,2018-07-22,14:47:17,3313071.0,67,66,18,34.08842847761195,-118.35374113432833,Low
RouteID_784c4e4b-d31b-4289-84fe-11cf6b1ca0b3,DBO3,2018-07-31,11:25:22,4247527.0,173,172,23,41.94944331791907,-71.24889670520231,Medium
RouteID_78693358-d9df-4056-9fa3-70d1df598e07,DSE4,2018-08-24,14:45:46,3313071.0,150,149,25,47.86191974666667,-122.2606219666666,High
RouteID_78786ffe-763d-4a0a-82f0-ff108e56df6d,DLA8,2018-07-29,15:06:34,3313071.0,120,119,38,34.02959692499999,-118.38559165833331,High
RouteID_787fee16-fd91-4e5a-a3b9-aecc7b3e0975,DLA4,2018-07-24,16:02:27,3313071.0,148,147,12,34.194923858108105,-118.54885302702701,Medium
RouteID_78965fe7-35a7-4364-8fd1-dc08b54be4f6,DLA7,2018-08-03,16:39:42,3313071.0,158,157,23,34.12054629746834,-117.70394544303802,Medium
RouteID_7898798d-be14-4573-af17-3c07bca945c2,DAU1,2018-07-30,13:58:11,4247527.0,116,115,17,30.295823379310345,-97.98590287068967,Medium
RouteID_78a1dedd-dbc5-4e7e-b7bc-ce2d61ebcfdd,DLA9,2018-08-24,15:55:46,3313071.0,124,123,22,33.64768544354839,-117.96024865322579,Medium
RouteID_78ad2579-9c8c-4b24-bd4c-b700b81c7bd5,DLA5,2018-08-17,15:20:25,3313071.0,160,159,24,34.037663131250014,-117.15723083125008,High
RouteID_78afdd0b-206d-40dd-8c2c-48e67b602fd6,DLA9,2018-08-05,15:13:21,3313071.0,145,144,17,33.74669095862069,-117.92218069655172,High
RouteID_78bdb8c3-ebd8-4ad8-b9c4-e5a8826aa2ca,DBO2,2018-07-24,12:05:49,4247527.0,144,143,24,42.1981224652778,-70.88733027083337,Medium
RouteID_78d881a1-6272-4ca3-93a8-2b04d98d5cde,DSE2,2018-07-28,14:30:00,3313071.0,103,102,19,47.60397745631067,-122.30847788349516,High
RouteID_78deca91-7522-4f8c-b6a7-5407813fe259,DLA7,2018-07-29,16:35:16,3313071.0,141,140,25,34.03201284397162,-117.87217528368798,Medium
RouteID_78e1bb10-27af-414e-825f-42ec4ac64f41,DLA7,2018-08-12,16:24:21,3313071.0,153,152,26,34.15159466013073,-117.57722258823532,Medium
RouteID_78f99a61-4576-4f3b-a273-1a0d055ee8ad,DLA4,2018-08-14,14:45:00,3313071.0,175,174,14,34.24295009142857,-118.80830458857146,High
RouteID_792f1973-90f2-4a13-b2b8-77b6ae745b08,DLA7,2018-07-29,14:21:13,3313071.0,95,94,23,33.832480999999994,-117.91586501052633,High
RouteID_7945f999-f9d6-4aba-9352-87975d87e35c,DLA3,2018-07-31,15:30:00,3313071.0,83,82,18,34.09619801204822,-118.30147856626505,High
RouteID_794a97b1-5b9d-4bf7-9739-f916f18009d0,DLA5,2018-08-08,14:53:09,3313071.0,186,185,22,33.69611949999999,-117.20759368817208,Medium
RouteID_794bc22d-7b1e-4e89-954b-d949c2699f4f,DLA7,2018-07-25,15:11:27,3313071.0,144,143,22,33.90717462499997,-117.86054528472225,Medium
RouteID_794d1fad-8c95-476e-9fac-b1fb652f13f8,DBO3,2018-08-04,12:15:00,4247527.0,190,189,27,42.11581691052633,-71.26498472105264,High
RouteID_79624584-9d68-4a05-80ee-7b5e3fd3f775,DLA4,2018-07-28,13:59:49,3313071.0,86,85,12,34.20333706976743,-118.44189558139534,Medium
RouteID_7967520d-8108-48b4-a6c6-86b800d46113,DLA7,2018-08-14,15:18:44,3313071.0,172,171,26,33.8838483255814,-117.85555124418603,High
RouteID_7969ac51-06d2-4b83-8b92-cf4dbf33f529,DAU1,2018-08-06,14:38:12,4247527.0,157,156,28,30.40770026751593,-97.70791933121018,High
RouteID_796ce303-271e-4323-bd53-9c6716bf62e7,DSE5,2018-08-15,14:41:01,3313071.0,88,87,13,47.54819532954546,-122.00919994318178,Medium
RouteID_797c0579-0ef4-4ef9-931e-9fb0924862bb,DLA5,2018-07-28,16:06:26,3313071.0,202,201,27,33.95847632178219,-117.41377341089104,Medium
RouteID_79a673da-e1c8-4c0c-b5b1-e94f7e976087,DBO3,2018-07-23,11:31:07,4247527.0,183,182,24,41.917267945355185,-71.39159335519132,Medium
RouteID_79ae01f4-15dd-467a-88e5-34fc99228081,DLA7,2018-07-24,16:31:43,3313071.0,192,191,24,34.14538727604165,-117.66761313020824,Medium
RouteID_79cab360-a093-4790-85d5-06beb0fd44ab,DSE5,2018-08-08,15:05:31,3313071.0,104,103,7,47.36250681730769,-122.09781003846152,Medium
RouteID_79d4552b-c49b-4709-9b16-e4d028df61d9,DLA8,2018-08-07,15:43:52,3313071.0,139,138,28,34.009823266187055,-118.46496367625902,High
RouteID_79d7d207-d3bf-4a86-951e-aad578b93711,DBO3,2018-08-03,11:29:07,4247527.0,123,122,22,41.83574118699187,-71.39692275609757,High
RouteID_79e40cf5-96ca-4751-be87-8d69b61ad51c,DCH4,2018-08-08,14:33:27,3313071.0,199,198,26,42.282507864321616,-87.95086434170854,High
RouteID_79e529ac-83b8-4ef2-8d48-2f76ced3838a,DLA7,2018-08-07,15:07:00,3313071.0,117,116,20,33.90857158119659,-117.85611637606841,High
RouteID_7a02d562-8927-4330-ad88-19f8bcf75c31,DSE4,2018-08-03,15:51:22,3313071.0,182,181,23,48.059195005494495,-122.14741787362648,High
RouteID_7a0a6f10-4ee0-4f9d-bad8-7733fe97413c,DCH3,2018-07-27,15:30:00,3313071.0,197,196,21,41.88888718781727,-88.16217580203046,Medium
RouteID_7a0cc407-8b3f-4c47-a855-f31b16d4beab,DLA7,2018-08-07,16:32:50,3313071.0,128,127,20,34.104342312499995,-117.61227756250003,Medium
RouteID_7a11e723-f7d5-41bf-8e0b-53d97ca7e45d,DSE5,2018-08-06,15:05:18,3313071.0,159,158,14,47.49975874842765,-122.35924508805033,Medium
RouteID_7a19e862-7dd7-459f-b70f-a014444bc354,DLA7,2018-08-13,16:26:56,3313071.0,156,155,24,34.129780474359,-117.70655058974356,Medium
RouteID_7a1ea7d1-2a75-4d2e-9b0a-3d0ec1678092,DLA7,2018-08-07,16:32:47,3313071.0,169,168,24,33.978472502958596,-117.71970273964502,High
RouteID_7a20593c-83a7-4ca0-be8b-6e04d5298ed4,DLA9,2018-07-26,15:55:45,3313071.0,199,198,22,33.74882202010049,-117.89841501507539,High
RouteID_7a2b34e5-a7c9-4b44-86af-d7592d50e0fa,DCH3,2018-08-17,13:25:29,3313071.0,162,161,18,41.74072594444444,-87.99289311728396,Medium
RouteID_7a2f75fc-da47-48b0-a15f-a191b76b521d,DCH1,2018-08-08,13:35:32,3313071.0,94,93,23,41.89493814893616,-87.67838022340428,High
RouteID_7a33cce4-a66f-472f-ae30-e0506ce6dd87,DBO3,2018-07-31,12:56:34,3313071.0,185,184,25,42.129089854054044,-71.5230936594595,Medium
RouteID_7a392304-fabd-403f-9932-9eb6416472cf,DSE5,2018-08-13,15:08:03,3313071.0,138,137,15,47.43945656521739,-122.2074430072464,High
RouteID_7a39b485-294b-47e2-a774-b76fb20e98f6,DLA7,2018-08-03,14:46:23,3313071.0,174,173,19,33.84386266666666,-117.54878801149427,Low
RouteID_7a480d64-4368-4858-93f4-0537354d87b0,DLA7,2018-07-20,16:00:00,3313071.0,145,144,22,34.10944779310343,-117.77101715862064,Medium
RouteID_7a49814d-8c58-4237-b56b-63f64c2c29f9,DCH4,2018-07-26,15:27:36,4247527.0,140,139,20,42.04787538571429,-87.89405801428573,Medium
RouteID_7a4d2ae5-8861-4f9d-a2dd-90d9c36baa3a,DSE2,2018-08-07,14:06:34,3313071.0,72,71,20,47.61081919444445,-122.30799670833332,High
RouteID_7a561300-a2c4-4fda-ab6e-9f4a1393c54b,DSE5,2018-08-09,15:08:50,3313071.0,132,131,13,47.395973848484864,-122.29494461363632,Medium
RouteID_7a562420-3604-4b49-86e4-e54be08f64d8,DLA3,2018-07-30,15:26:39,3313071.0,114,113,31,34.02803254385966,-118.2931006403509,High
RouteID_7a69969b-4c61-4860-8fed-6703f4c6d527,DBO3,2018-08-14,12:15:00,4247527.0,167,166,26,41.963004299401184,-71.30823260479045,Medium
RouteID_7a7ce8c2-4241-4293-8bcf-29fe22aa506b,DLA9,2018-07-29,15:51:26,3313071.0,104,103,21,33.66138009615384,-117.9078410673077,Medium
RouteID_7a81cf08-b87e-483e-8117-5523b06355be,DLA8,2018-08-03,16:32:09,3313071.0,172,171,17,33.808911656976754,-118.2655043255814,Medium
RouteID_7a847b3b-db2d-4e43-bd2b-4a9ca0beb1de,DLA4,2018-08-16,13:45:00,3313071.0,120,119,11,34.18755319166669,-118.41092656666665,Medium
RouteID_7a892398-6e85-4d14-8b8b-1d1b947a6934,DLA8,2018-07-25,17:39:29,3313071.0,85,84,19,33.88834375294118,-118.41051467058826,High
RouteID_7a8b6c6e-1538-4a8f-8a79-83e1d4980205,DCH3,2018-08-01,13:41:48,3313071.0,175,174,19,41.696685274285734,-88.09624714285714,Medium
RouteID_7a8bcea6-0797-4053-a3a9-c22118f43ec7,DBO2,2018-08-13,13:45:00,4247527.0,112,111,25,42.28191353571429,-71.24967362500006,High
RouteID_7a8f9fc3-e392-4559-9f23-1ff282e40b6a,DCH1,2018-07-30,14:55:33,3313071.0,126,125,24,41.88079417460316,-87.81227930952382,High
RouteID_7a916540-3e21-42a8-b51a-db3170cb2bca,DLA9,2018-08-10,15:56:45,3313071.0,150,149,24,33.72312271999998,-117.98701669333337,Medium
RouteID_7a95deaa-443e-488a-8239-0e5534c23591,DAU1,2018-07-29,14:13:22,4247527.0,170,169,46,30.3010822882353,-97.75200511764709,High
RouteID_7aaf509e-cf04-4ec1-9944-dc72b197d7c7,DBO1,2018-07-22,11:35:50,3313071.0,158,157,14,42.4345466835443,-71.0826475886076,Medium
RouteID_7ab0fa1b-d67d-4403-a5af-467f245955d7,DBO3,2018-08-07,12:27:16,4247527.0,146,145,18,42.48544559589041,-71.48315317123287,High
RouteID_7ada6bbe-3aba-45d3-8870-99b1b12e7208,DSE5,2018-08-26,14:31:24,3313071.0,153,152,15,47.449523464052305,-122.27790894771243,High
RouteID_7adc8546-c8f4-4ca2-bc3a-eed19d2d180c,DSE5,2018-08-08,13:53:17,4247527.0,160,159,14,47.146971374999985,-122.26144191249996,Medium
RouteID_7adf662f-d2bb-4eca-983d-0e107630fd4e,DBO3,2018-08-15,12:41:32,3313071.0,160,159,26,42.162866587500005,-71.54415959999997,Medium
RouteID_7ae17428-aaf3-4849-adc2-6490fb31050c,DSE5,2018-07-27,15:03:08,3313071.0,187,186,20,47.43262600534759,-122.3364042566845,Medium
RouteID_7aea17e1-9312-4b85-ab39-8b3ad6dbfd27,DCH3,2018-07-30,15:00:42,3313071.0,194,193,24,41.870616974226785,-88.37429834020621,High
RouteID_7af29c8f-8c55-4274-a387-fdae2781e2fe,DBO2,2018-08-07,11:10:29,4247527.0,103,102,26,42.336304776699045,-71.03755060194176,High
RouteID_7af40c1f-8335-406c-8b7f-cc9c9f7ffaa1,DCH4,2018-07-31,15:16:23,4247527.0,129,128,20,42.04565335658915,-87.89417348062015,Medium
RouteID_7afd9ce7-99ab-413d-be62-17e3a7ed72ec,DBO3,2018-07-27,12:15:00,4247527.0,151,150,20,41.76389845033111,-71.29839856953642,Medium
RouteID_7b04c650-18f4-477f-83a4-15814464a094,DSE2,2018-07-21,14:19:51,3313071.0,140,139,20,47.614427599999985,-122.29386513571428,High
RouteID_7b0b97db-b3e3-46d2-8d49-3dbf1392774c,DLA7,2018-08-12,15:04:25,3313071.0,145,144,25,34.11093831034483,-117.85431862758625,Medium
RouteID_7b0d7185-1024-4504-b2ec-75dbd37f162f,DSE5,2018-08-23,14:47:32,3313071.0,177,176,19,47.35434145197739,-122.03266213559323,High
RouteID_7b27eef5-f742-49ac-a80e-e7dc75bf6b1e,DLA7,2018-08-03,16:26:20,3313071.0,144,143,22,34.092517048611086,-117.61728225694446,Medium
RouteID_7b40b6d3-6afb-4943-9047-262ac9b7b8a5,DAU1,2018-08-07,16:00:00,4247527.0,151,150,35,30.31407309933776,-97.72085704635765,Medium
RouteID_7b56265a-562b-4f2b-9d70-54cbdd13df19,DLA8,2018-07-27,16:26:28,3313071.0,130,129,21,33.989276276923086,-118.4329399923077,High
RouteID_7b6b052a-d535-4018-8cd7-fd39df70290c,DCH2,2018-08-05,13:30:11,3313071.0,190,189,21,42.056355731578954,-87.71326049999996,Medium
RouteID_7b73f846-9017-4b78-ab33-435ca8fd6961,DCH4,2018-07-28,13:44:46,4247527.0,156,155,24,42.40687598717947,-87.90714432051277,Medium
RouteID_7b83c7bb-cfc5-4e10-ae45-ab3b201a0595,DBO3,2018-08-06,11:48:19,4247527.0,151,150,27,42.34296251655628,-71.22952587417214,Medium
RouteID_7b9673d8-6a20-4610-b35e-86ab7ad1efbe,DLA3,2018-08-04,16:49:54,3313071.0,154,153,21,33.987014194805184,-118.20484601298699,High
RouteID_7b9fb0c9-bf8e-4b94-a3fb-4c0e6da2eda0,DCH1,2018-08-03,14:46:28,3313071.0,93,92,24,41.95529498924732,-87.68563570967746,Medium
RouteID_7b9fb4d1-9c00-444e-b55a-2c4af7f285cd,DBO3,2018-07-20,12:22:31,3313071.0,134,133,17,42.51654870895522,-71.42487802238809,Medium
RouteID_7bafccef-f620-405e-8e94-4013497ea1e4,DCH4,2018-08-14,15:50:00,4247527.0,163,162,20,42.25112819018405,-87.83343442944783,Medium
RouteID_7bb6598d-7ecf-4f93-8e46-54931ba1725d,DCH4,2018-07-24,14:03:56,4247527.0,180,179,24,42.191837861111104,-87.99187832777775,High
RouteID_7bb7cd8e-c4a3-4e08-b5ed-180cf7f4a1ca,DLA7,2018-08-06,16:54:09,3313071.0,130,129,22,34.03126869230769,-117.85469639230769,Medium
RouteID_7bbaa0f2-06bd-4175-817e-1670a2af18f1,DCH1,2018-08-16,15:38:57,3313071.0,126,125,20,41.95597264285715,-87.71479325396824,Medium
RouteID_7bc70687-fbe1-46ef-acb0-bc9724a26547,DBO3,2018-07-23,11:22:00,4247527.0,160,159,23,42.382335737500014,-71.19244666874998,High
RouteID_7bc86110-9ac0-4998-99b2-89e4ed99c43d,DBO2,2018-07-30,13:00:01,3313071.0,138,137,12,42.28384064492752,-71.08853238405797,High
RouteID_7bc9b017-5254-4107-a598-d7dfded895ba,DSE5,2018-07-30,14:44:44,4247527.0,134,133,13,47.27663754477613,-122.48042916417903,High
RouteID_7bcaab28-d408-4b9f-9297-ce18e0dd2365,DLA8,2018-07-29,16:49:34,3313071.0,177,176,24,33.842254621468946,-118.1297107175141,Medium
RouteID_7bdf05d9-70ac-4655-8606-a57a49812c24,DLA5,2018-08-10,15:44:11,3313071.0,138,137,18,33.91189815942031,-117.43314928985511,Medium
RouteID_7be1baab-d4d0-4d74-aec3-4292ee38c71f,DLA7,2018-07-31,15:37:42,3313071.0,147,146,20,34.151373816326526,-117.47941999999999,High
RouteID_7be5cea0-ed81-4e09-a1f6-95433104331d,DLA9,2018-07-25,16:10:22,3313071.0,164,163,17,33.73846150000002,-117.86862934146335,Medium
RouteID_7bf39dd9-7f93-4722-bbab-28ca69a989da,DLA7,2018-07-25,16:00:00,3313071.0,177,176,19,34.14045847457628,-117.6026968531074,Medium
RouteID_7bf41665-b9c4-4c5c-9e09-475990634349,DLA9,2018-08-11,14:28:28,3313071.0,173,172,26,33.75114023121389,-117.7754290751445,High
RouteID_7c056e7c-4919-463f-be91-8429ddcadcbc,DSE4,2018-08-13,15:20:11,3313071.0,158,157,26,47.731153753164556,-122.20960742405062,Medium
RouteID_7c16c181-450b-4e08-8ae6-f9d7c2e8664a,DSE5,2018-08-19,15:51:46,3313071.0,162,161,13,47.36299212962963,-122.19339467283945,Medium
RouteID_7c1c909d-9f77-4f7a-9572-8cb6a892b0eb,DBO3,2018-08-17,11:58:21,4247527.0,147,146,21,42.05591488435373,-71.12150791836736,High
RouteID_7c234060-cc71-49a6-bbef-3dbe535a657b,DBO3,2018-08-03,12:03:13,4247527.0,190,189,29,42.161927978947375,-71.31461262105263,Medium
RouteID_7c25f478-fe19-45bd-9b94-197b06044fe9,DCH4,2018-08-08,15:08:35,4247527.0,193,192,25,42.10489367357513,-88.06310995854918,Medium
RouteID_7c2cdcb0-7906-4c82-892e-1fc896647248,DLA5,2018-08-14,14:39:36,3313071.0,166,165,20,34.15221709036143,-117.29311378915659,Medium
RouteID_7c3418fd-da5f-4732-b5d8-75a7f8fe1158,DSE5,2018-08-25,14:21:47,3313071.0,174,173,14,47.455752367816096,-122.3562363390805,Medium
RouteID_7c36b9b2-3084-46eb-9b45-0309ec4b0d19,DLA4,2018-07-20,15:27:53,3313071.0,147,146,11,34.276115129251664,-118.74246716326537,High
RouteID_7c465a07-ead6-476a-b6ba-331560e9c638,DLA4,2018-08-11,15:15:00,3313071.0,158,157,13,34.157890575949374,-118.62268284177213,Medium
RouteID_7c4e35af-e056-475e-a099-809d89ea81d5,DLA7,2018-08-12,14:56:01,3313071.0,136,135,23,34.10155398529411,-117.82452957352942,Medium
RouteID_7c5b2e3a-7b3d-44a6-ae51-19da3ca0e16b,DLA9,2018-08-26,13:44:11,3313071.0,120,119,26,33.55669653333333,-117.643232475,Medium
RouteID_7c5d2dfa-664f-4c04-aea8-878e08c92f34,DLA8,2018-08-09,16:30:49,3313071.0,147,146,18,33.73970114285713,-118.30228336054422,High
RouteID_7c744e04-75ba-4f80-915c-d838b8a39827,DLA8,2018-07-28,17:22:52,3313071.0,134,133,20,34.02434358208956,-118.3665519402985,High
RouteID_7c81499a-bacc-44ca-93db-a6e053785dbb,DSE5,2018-08-16,13:57:20,3313071.0,166,165,15,47.50866234337349,-122.35217115662648,High
RouteID_7c883be7-e553-4a4a-92c3-bc8f46fb3e6d,DLA9,2018-07-31,13:58:36,3313071.0,129,128,23,33.62353232558139,-117.61816873643409,High
RouteID_7c94872f-02d9-46dd-8ce6-87cdef7c228b,DCH4,2018-07-31,14:05:36,4247527.0,176,175,25,42.189960051136374,-87.88450044318176,Medium
RouteID_7c97d3b1-499f-47da-adb9-7ec57b0758d4,DCH4,2018-08-07,16:01:40,4247527.0,172,171,22,42.19919777325583,-88.37529734302322,High
RouteID_7cab8756-a55c-4de6-b7d0-2303d410338d,DLA8,2018-08-01,16:47:30,3313071.0,147,146,20,33.71744775510203,-118.29700415646258,Medium
RouteID_7cb2c8fc-51c1-4b47-a0e2-fa100742453b,DSE2,2018-07-26,14:10:18,3313071.0,111,110,23,47.62640954054056,-122.30710307207202,High
RouteID_7cb3aae3-76f9-4ecd-96d0-69fbbf002235,DBO3,2018-08-15,12:59:39,3313071.0,164,163,14,42.14386285975607,-71.62502659756098,High
RouteID_7cb7cc52-7e0d-44b0-9b22-7ab27d5fb159,DCH4,2018-08-13,13:40:21,4247527.0,137,136,15,42.10652802919707,-88.31305810218981,Medium
RouteID_7cbca851-d05a-4a4d-876c-485e42e4b322,DLA8,2018-07-25,16:49:41,3313071.0,149,148,17,33.79026770469797,-118.28500243624163,High
RouteID_7cc622cd-d54b-4868-afcb-8712ad5cea43,DCH4,2018-08-03,15:00:00,4247527.0,166,165,24,42.19991687951807,-88.35610768072289,Medium
RouteID_7cd062b0-94e7-430d-9649-877277e66869,DBO3,2018-08-14,12:47:48,3313071.0,147,146,17,42.03570048979591,-71.53725574149662,Medium
RouteID_7cd46dde-c440-4097-a897-3eba5870a8df,DCH1,2018-08-05,13:39:07,3313071.0,62,61,17,41.85821983870968,-87.64702696774195,High
RouteID_7cec3aaf-a7e4-452f-881f-cc28faf6adba,DLA9,2018-08-24,13:54:40,3313071.0,140,139,20,33.54372236428571,-117.69746523571432,High
RouteID_7d0cbc69-6eb4-4bef-94f9-ba2b6981e696,DCH4,2018-08-09,15:30:26,4247527.0,175,174,28,42.10869281714288,-88.04025841142864,Medium
RouteID_7d13a420-434a-4bc6-b3d5-70007efd9d85,DAU1,2018-07-26,15:43:08,4247527.0,180,179,32,30.55272156666667,-97.74871947777778,High
RouteID_7d1a7ccb-b1df-4248-98e1-d5a5a49da2a5,DLA7,2018-08-17,15:08:06,3313071.0,164,163,26,33.88438462195123,-117.78731731707313,Medium
RouteID_7d1e338f-ab2b-4b28-a1a0-200d7ab6c535,DBO2,2018-08-12,13:45:00,3313071.0,162,161,25,42.15962824074074,-71.15446436419752,Medium
RouteID_7d233ba2-bc21-41ca-8a8d-e498c0724e0b,DLA8,2018-07-27,17:56:44,3313071.0,103,102,23,33.86900872815536,-118.39701086407761,Medium
RouteID_7d263fbe-285a-4ec7-9f7c-468605d61aba,DLA3,2018-08-13,16:46:37,3313071.0,161,160,16,33.951827944099385,-118.1178931739131,Medium
RouteID_7d4a454d-3107-49d9-b103-73c3415238b3,DLA7,2018-08-10,15:49:57,3313071.0,158,157,17,33.90206182911391,-117.55115235443036,High
RouteID_7d5e1acf-2ced-4f37-9936-177a5485a02c,DLA7,2018-07-27,15:09:35,3313071.0,146,145,21,34.13418197260275,-117.83363826027393,Medium
RouteID_7d8eb7d9-3719-478f-b62e-0d9b41e754b1,DCH4,2018-08-09,15:19:53,4247527.0,180,179,24,42.074163927777775,-87.98503861111107,Medium
RouteID_7d90a7cf-709e-41f3-a17f-7fe21e2a85af,DBO3,2018-08-05,12:15:00,3313071.0,182,181,27,42.325143560439564,-71.4088592802198,Medium
RouteID_7dbebcc4-3681-4146-889c-98f9c11afa08,DSE5,2018-07-31,15:54:17,3313071.0,184,183,14,47.48934517934782,-122.32527671195649,Medium
RouteID_7dc5167c-6cc3-4852-9273-6aebad858c23,DLA4,2018-07-31,14:27:02,3313071.0,130,129,14,34.1718526,-118.44225733076922,High
RouteID_7decc507-a329-499a-b91c-b8016040692e,DLA9,2018-08-20,14:41:37,4247527.0,152,151,30,33.70031583552631,-117.72557121710531,High
RouteID_7dee560a-73ce-4121-894b-fe5b1fb296da,DLA7,2018-08-07,16:00:00,3313071.0,176,175,25,34.000233931818165,-117.75632372727272,High
RouteID_7df5345a-3913-48cf-926d-21887b01f227,DLA9,2018-07-22,13:53:20,3313071.0,121,120,25,33.582534735537195,-117.73942114876029,Medium
RouteID_7e09f85f-632d-417e-9ad3-c7f5466f65ee,DLA9,2018-08-23,13:53:48,3313071.0,154,153,23,33.63600434415585,-117.61774070129871,High
RouteID_7e18e1b4-f21f-46c1-91b2-420a6d847019,DBO2,2018-08-15,13:17:46,4247527.0,107,106,25,42.35016320560749,-71.15227880373833,High
RouteID_7e2e1160-754b-4fb2-8d0b-4583d0a9e002,DSE2,2018-08-26,14:13:32,3313071.0,98,97,20,47.634638571428574,-122.31907469387757,High
RouteID_7e2edfb1-1d68-4278-9904-5267a01e02a7,DCH2,2018-08-11,12:41:45,3313071.0,186,185,21,41.96956568817203,-88.0134497903226,High
RouteID_7e3f308e-2acd-4b98-baa4-740b350ae8b0,DLA9,2018-08-07,15:25:41,3313071.0,113,112,20,33.7854518938053,-117.91192065486723,Medium
RouteID_7e44091f-6cf5-4304-b022-10ab66927dfc,DBO3,2018-08-09,12:10:06,4247527.0,159,158,27,42.285469591194975,-71.71521325157231,Medium
RouteID_7e4e1028-2c61-48d6-89c7-1b0b351213c5,DCH2,2018-08-16,12:26:20,3313071.0,142,141,17,41.95181356338027,-87.77629847183098,Medium
RouteID_7e534f55-93a9-46b2-80b6-ba8dec7940f5,DLA7,2018-08-13,14:18:29,3313071.0,140,139,26,33.84665894285714,-117.78665995714286,Medium
RouteID_7e53839f-4295-46ba-b895-d0567e80d47c,DLA7,2018-08-02,14:54:22,3313071.0,126,125,19,33.885616357142865,-117.82083138888886,Medium
RouteID_7e6adb6c-46f9-4cc3-af29-f711e487993c,DBO1,2018-07-22,12:48:12,4247527.0,38,37,17,42.354582526315795,-71.07733289473683,High
RouteID_7e848423-8ef1-4285-9381-02edb992e603,DBO3,2018-07-28,11:32:56,4247527.0,190,189,41,42.31065581052632,-71.31582332631577,Medium
RouteID_7e8cdc0e-0e4f-452c-aded-6622d2cc68e1,DCH2,2018-08-10,15:06:03,3313071.0,176,175,24,42.01268607954545,-87.81857059659086,Medium
RouteID_7e992840-21cc-4cbe-919b-ea2263cd69a6,DBO3,2018-08-14,12:07:38,4247527.0,188,187,20,42.11995632978723,-71.43922920744681,Medium
RouteID_7ea9f3a0-a10f-492a-8187-182ffae0310a,DLA9,2018-08-15,13:30:11,3313071.0,145,144,17,33.45217546206897,-117.65236746206901,Medium
RouteID_7ec45bb6-8d3e-4045-96ac-ac8165b1b411,DLA9,2018-07-31,13:54:10,3313071.0,143,142,21,33.51728931468533,-117.65607455244756,Medium
RouteID_7ecb6594-f594-4f51-9f67-79a56ec2d96e,DBO2,2018-08-06,13:54:24,4247527.0,162,161,37,42.2842690925926,-71.22291357407407,Medium
RouteID_7ecd29b3-e09f-4c81-974d-0df6c9bfcc2f,DSE5,2018-08-18,14:02:08,4247527.0,135,134,10,47.24127984444446,-122.25097126666668,Medium
RouteID_7ecec2fa-772d-4b0d-8c2a-8ee2536ada58,DLA4,2018-08-02,13:51:33,3313071.0,154,153,15,34.129486389610406,-118.4393676038961,Medium
RouteID_7ed304db-2df3-4dc5-88a0-8f5c4fb367af,DLA7,2018-08-05,14:59:47,3313071.0,156,155,24,34.140681878205136,-117.84301311538464,Medium
RouteID_7edc87bc-0ae8-4504-8dd2-b7b6d76c1689,DCH3,2018-08-15,13:32:25,3313071.0,150,149,21,41.788359319999984,-87.93973014666668,Medium
RouteID_7edd58b4-05e9-48d4-bcea-8984c526c342,DCH2,2018-07-27,14:07:49,3313071.0,160,159,16,42.00827781874999,-87.75961243125,Medium
RouteID_7ee37db5-d663-4b2f-9d33-a6be058c0976,DLA8,2018-08-16,16:53:13,3313071.0,128,127,19,33.736788195312506,-118.35627673437497,Medium
RouteID_7ee64ab0-256f-4207-8690-6f56468a4f6a,DSE5,2018-07-29,14:25:21,4247527.0,145,144,11,47.22835938620689,-122.41199445517238,High
RouteID_7eefbe3d-7409-4423-968a-f32f575ad2f2,DBO2,2018-08-15,11:51:57,4247527.0,153,152,21,42.08043014379084,-70.93818207189545,Medium
RouteID_7efd8697-dc77-4006-b678-b2b59fd4210d,DBO2,2018-08-15,11:46:40,3313071.0,176,175,24,42.229968267045464,-70.99730338068186,Medium
RouteID_7f11ac39-2869-4017-a4dc-6757e108f1a3,DLA9,2018-08-12,15:10:53,3313071.0,124,123,25,33.77209062903225,-117.95296074193551,High
RouteID_7f16f96e-ec83-4179-ab06-c08f27e40b7e,DCH3,2018-07-28,13:31:07,4247527.0,192,191,21,41.94852895312499,-88.07994036458332,High
RouteID_7f1e0139-d317-46f5-93d6-64e9670b8c40,DSE2,2018-08-08,15:30:00,4247527.0,105,104,19,47.63574572380952,-122.35458879047619,Medium
RouteID_7f1e14aa-c303-4977-b8a9-b16dd1306a7a,DCH3,2018-07-26,13:02:14,4247527.0,185,184,18,41.93743572972973,-88.01307926486486,Medium
RouteID_7f296832-8348-46fe-bf6d-d38e70885718,DLA9,2018-08-15,14:27:20,4247527.0,152,151,22,33.65051555921051,-117.6994971315789,Medium
RouteID_7f5d7cee-49af-4da9-b289-709987cd57b7,DBO3,2018-08-16,11:30:00,4247527.0,167,166,30,42.34321771856287,-71.22691742514975,High
RouteID_7f5d87f0-c39f-434f-bf3f-b159ef321909,DBO2,2018-08-15,12:04:46,4247527.0,182,181,28,42.239847626373596,-70.94543546153848,Medium
RouteID_7f68ded0-10a3-4eb5-932d-407db4ee8c01,DBO3,2018-08-14,11:57:33,4247527.0,136,135,18,42.022100808823524,-71.03590385294119,High
RouteID_7f8ee8c1-e6b0-4dd3-a8ce-53f3cab288fa,DLA7,2018-07-28,16:00:00,3313071.0,182,181,23,34.071320934065916,-117.6445971648351,Medium
RouteID_7f9513b0-c652-4783-81d4-526015d8ecde,DBO3,2018-08-17,12:03:58,4247527.0,150,149,22,41.98377064000002,-71.25556381333335,High
RouteID_7f9e0104-b45f-46ed-a65f-a62548450d3a,DLA9,2018-08-22,13:53:39,3313071.0,116,115,21,33.57175086206897,-117.63726056034477,Medium
RouteID_7fb1500e-b10f-4e1d-a780-1c325b2c27a1,DBO3,2018-08-06,12:22:50,3313071.0,157,156,26,42.45067172611468,-71.46187531210191,Medium
RouteID_7fb2b192-e65a-4dce-8e7f-aabe0ced87c0,DCH2,2018-08-06,14:15:10,3313071.0,66,65,20,41.965827303030295,-87.66797722727277,High
RouteID_7fc0fd14-95c8-45c1-a64a-de4a9779ad46,DLA7,2018-07-24,16:00:00,3313071.0,149,148,19,34.13924373154362,-117.87489863087252,Medium
RouteID_7fd7074d-00f0-4211-a3c2-aa248e41b607,DLA7,2018-07-30,15:03:28,3313071.0,198,197,29,33.84586847979799,-117.59170135858592,Medium
RouteID_7fdfbbb9-570a-48e1-a357-401d7d059f31,DBO3,2018-08-03,12:15:00,4247527.0,127,126,22,42.47568408661417,-71.37318666141736,High
RouteID_8011f534-b4f4-4210-b1f7-95a9004fc2bd,DLA9,2018-08-14,14:24:15,3313071.0,175,174,20,33.75891441714287,-117.79332085714289,Medium
RouteID_80127e4d-e3c9-4ab9-9787-7218cf7e4b33,DBO3,2018-08-17,12:15:00,3313071.0,147,146,14,42.096671312925174,-71.64942071428572,High
RouteID_802f4be2-5eb9-462f-bd37-d8fbe088208a,DBO1,2018-08-03,13:48:26,4247527.0,129,128,19,42.38468263565891,-71.14060896899227,High
RouteID_8046007d-6606-4154-836d-9d12e5d885cf,DBO2,2018-08-14,12:32:01,4247527.0,146,145,23,42.097669506849314,-70.93130258904107,High
RouteID_80750a0d-b4e0-44d4-a7ea-7b232ca1bcfd,DBO3,2018-07-31,12:15:00,3313071.0,173,172,29,42.28463605202313,-71.71434989595375,Medium
RouteID_807d471f-2c6d-4604-9502-1636196528bc,DLA8,2018-07-28,14:58:09,4247527.0,150,149,17,33.90064061333335,-118.18002053333332,High
RouteID_80891d87-8dcc-48d0-85cb-b4c14073b29f,DCH1,2018-08-14,14:54:43,3313071.0,81,80,23,41.95501008641976,-87.66691762962964,High
RouteID_809580ca-184b-472b-8d0a-1b713a6edc2e,DBO2,2018-08-03,12:05:53,4247527.0,172,171,22,42.135953773255814,-70.93917261627904,Medium
RouteID_80976ac6-5c3e-41fc-9571-25707c9420f7,DCH2,2018-07-26,14:12:38,3313071.0,97,96,20,41.986394164948436,-87.66631268041236,High
RouteID_80987246-f4ca-4263-bebf-eb3e75fcbce1,DLA7,2018-07-20,15:11:13,3313071.0,151,150,19,33.86022290728478,-117.60191086754962,High
RouteID_809cdb78-6de0-4611-aa87-c0167a8c6a7e,DLA8,2018-08-12,15:49:21,4247527.0,157,156,23,34.03991228025478,-118.36113052866253,Medium
RouteID_80a3f030-a583-47f7-8e77-0246a6e372ca,DSE4,2018-07-27,15:24:35,4247527.0,120,119,11,47.677239033333336,-122.27801738333334,High
RouteID_80ac5a46-f147-42f5-8fc6-b181abe37084,DSE5,2018-08-17,15:11:49,4247527.0,162,161,11,47.20279825308643,-122.42114937654321,Medium
RouteID_80ae5be9-cc37-4bd8-a33b-ca39b1fc7a92,DSE4,2018-08-04,15:29:04,4247527.0,121,120,18,47.68386095041323,-122.27647901652897,High
RouteID_80b697ae-840b-4d3c-91a4-f87703fa9526,DCH1,2018-07-26,14:42:52,3313071.0,106,105,27,41.88275825471699,-87.79189292452828,High
RouteID_80b90f01-8b1a-4fc9-84c6-90d44ae756a3,DSE4,2018-08-06,15:12:50,4247527.0,86,85,12,47.67972183720931,-122.31217189534887,High
RouteID_80bf6b0f-b1c7-4860-b884-c3aa3b2caba0,DLA9,2018-08-23,14:25:15,4247527.0,143,142,22,33.64844327272727,-117.66768531468531,Medium
RouteID_80deac7f-8517-44ad-8a59-84520ed2efa2,DCH3,2018-07-27,13:02:59,4247527.0,199,198,18,42.0077629849246,-88.09792110050248,Medium
RouteID_80dfb04d-bc37-4d6c-87f9-97d3f2c47da9,DAU1,2018-08-08,13:46:21,4247527.0,102,101,37,30.296516519607852,-97.73176253921568,High
RouteID_80e69c6f-0817-46d9-ae76-926d2afc6fa7,DAU1,2018-08-01,14:12:20,4247527.0,165,164,28,30.186966745454534,-97.92426182424245,High
RouteID_80f14c51-d0ca-46d9-900e-8c0bd1e518a2,DLA7,2018-07-28,15:40:29,3313071.0,168,167,23,34.13157984523807,-117.514240422619,Medium
RouteID_8103e0af-814a-46f2-bb8e-f9e2ba768bc6,DLA8,2018-07-27,16:15:00,3313071.0,169,168,17,33.792301568047314,-118.19495952071006,Medium
RouteID_810bc542-93f4-46b4-a32d-2d36f39e2901,DLA7,2018-08-10,14:36:29,3313071.0,153,152,20,33.829586163398695,-117.81104055555562,Medium
RouteID_8112e4b8-4f94-47ba-be20-bb2fa97a43f7,DBO3,2018-08-01,12:15:00,4247527.0,171,170,22,41.92066012280699,-71.31535018128656,Medium
RouteID_8116d03a-7ea2-4a33-8f91-83f2abca9ed1,DLA7,2018-07-31,16:00:00,3313071.0,130,129,19,34.150041930769255,-117.44401286153841,Medium
RouteID_81191a0d-65c0-43f5-ae7b-934235efb1be,DLA7,2018-08-16,14:11:28,3313071.0,92,91,15,33.836359619565194,-117.97817838043484,Medium
RouteID_811b18a8-3c68-4f63-964f-47af49ed96f3,DSE5,2018-07-29,14:12:47,4247527.0,192,191,20,47.091469395833336,-122.29660516145829,High
RouteID_81317ba1-1681-4314-828a-78a689b778f4,DLA8,2018-08-14,14:58:25,4247527.0,156,155,15,33.8841403076923,-118.21787785256409,High
RouteID_81352bc8-a8cc-42d8-9deb-cb1106d82bf0,DBO3,2018-08-08,12:20:25,4247527.0,139,138,19,42.01515469064748,-71.3142374964029,High
RouteID_813a018a-7dd9-4866-904f-ee6ae02ddeef,DLA7,2018-08-14,14:47:08,3313071.0,207,206,27,33.748649458937194,-117.46037588888885,High
RouteID_813f7d17-603b-4492-8bed-043629e4811b,DLA8,2018-07-25,14:54:52,4247527.0,192,191,16,33.86883774999999,-118.17648380729162,High
RouteID_81429109-c5ee-4611-9a99-ed3f31b78935,DAU1,2018-08-10,15:00:00,4247527.0,92,91,34,30.29276929347826,-97.74979113043476,High
RouteID_8153f15c-77a3-44ea-8153-053c3267c390,DLA8,2018-08-07,15:09:55,4247527.0,146,145,20,33.83121459589041,-118.19300695890408,High
RouteID_815a7867-c67b-4ba9-8fbf-9a1b983e8e92,DLA7,2018-08-10,15:02:54,3313071.0,148,147,19,34.140851702702705,-117.84556564189192,Medium
RouteID_816767d3-a5e6-43c4-8066-7bd8afb9d724,DSE4,2018-07-25,15:03:06,3313071.0,174,173,26,47.74245025862068,-122.17667845977006,Medium
RouteID_81908604-3c92-4fcf-99f7-a8ee710d9fa3,DLA7,2018-08-03,16:00:00,3313071.0,152,151,18,34.13910607894735,-117.59701236184209,Medium
RouteID_8193f817-0ec5-43e1-a67d-8062ac369a04,DCH4,2018-08-14,15:49:27,4247527.0,153,152,24,42.34348930065359,-88.01799199346405,Medium
RouteID_819fcab8-47f4-4473-adc0-5082f1fea031,DLA3,2018-08-07,15:57:06,3313071.0,142,141,24,34.08772224647887,-118.26644473239429,Medium
RouteID_81a5fef1-aec0-4a11-8299-c04fac2f5317,DBO3,2018-07-27,13:22:13,3313071.0,166,165,20,42.17051349397588,-71.70081743373494,Medium
RouteID_81b0fe42-8e23-4ed1-9493-7941fa6a0eea,DLA9,2018-08-26,14:23:44,3313071.0,172,171,25,33.751938017441866,-117.7986843720931,Medium
RouteID_81b60a23-6685-4de5-8b69-f890a3fc397d,DCH4,2018-08-03,15:16:04,4247527.0,150,149,27,42.04333637333335,-87.89705217333336,Medium
RouteID_81bbbb73-2527-424f-8b11-6a449471d7c0,DCH3,2018-08-01,15:30:00,3313071.0,197,196,17,41.74098269543147,-88.35742397461928,Medium
RouteID_81bfef92-d1f8-4e90-a1de-7dd285780b12,DLA8,2018-08-13,16:41:53,3313071.0,148,147,25,33.77755673648648,-118.41001006756754,Medium
RouteID_81cf7e85-11f7-49f7-a858-2710bfa1dacb,DCH1,2018-08-17,15:00:00,3313071.0,162,161,13,41.88124825925925,-87.88666072222223,Medium
RouteID_81d19df0-7c1e-4b04-9c6f-0cf4dbe9b3d5,DCH4,2018-08-13,13:49:31,4247527.0,161,160,20,42.18587228571428,-88.37337100000003,Medium
RouteID_81d74347-7358-42d1-bed5-194f7862c055,DLA3,2018-07-26,17:17:37,3313071.0,152,151,13,33.966678690789486,-118.21907437500003,Medium
RouteID_81e76b29-a2c5-4380-a421-b15ad8eaa740,DLA9,2018-07-29,14:29:49,4247527.0,156,155,26,33.63204132051282,-117.66909293589747,High
RouteID_81f66536-9c66-4e19-9276-278c3ac5dc72,DLA7,2018-07-24,14:31:45,3313071.0,155,154,24,33.80716755483871,-117.85193438709673,High
RouteID_81ff5533-1597-4d47-a2df-8bc95680f04b,DLA7,2018-08-12,15:07:05,3313071.0,139,138,25,34.0907537769784,-117.75758358992805,Medium
RouteID_822eb0f5-ce0d-4e66-9bf9-785e3ce9ca0a,DSE5,2018-07-24,15:15:05,3313071.0,134,133,9,47.50949033582091,-122.06845681343282,Medium
RouteID_82380220-a213-4a2b-a39b-2d0623078118,DSE5,2018-08-13,13:55:07,4247527.0,156,155,13,47.150201621794885,-122.15033633333333,Medium
RouteID_823adf62-b68f-4a96-ba70-a57053ca5a93,DCH3,2018-08-02,15:30:00,3313071.0,192,191,19,41.728247677083324,-88.39276081770835,Medium
RouteID_823bedf1-e167-439e-ad35-2b526542e44c,DLA8,2018-07-28,17:24:45,3313071.0,136,135,19,33.92509107352941,-118.35712896323533,High
RouteID_824514fd-2a77-46e8-bc46-7262cd9a0576,DCH4,2018-08-12,14:04:47,4247527.0,192,191,27,42.10383696875001,-87.98482147916665,High
RouteID_82617ee9-dce9-4a83-a401-e574870564cb,DLA9,2018-08-18,16:17:23,3313071.0,147,146,40,33.66086910884354,-117.82872036734697,High
RouteID_82802535-0704-4244-8b3c-af7fa10d2727,DBO2,2018-08-09,14:14:51,3313071.0,152,151,22,42.1932277368421,-71.19306242105263,High
RouteID_8281d6a2-7db3-46ba-aee0-e9f5404ce79e,DLA4,2018-08-13,16:38:25,3313071.0,139,138,12,34.311736726618705,-118.49210877697844,Medium
RouteID_8296e605-12bf-4008-a98a-c511030e51fe,DAU1,2018-08-12,13:39:47,4247527.0,135,134,43,30.288453044444445,-97.76882806666669,High
RouteID_829c3d83-e2e0-42bd-9b09-2b0a3185b3ed,DSE2,2018-08-05,13:55:33,4247527.0,111,110,18,47.580649729729735,-122.29734071171166,High
RouteID_82a46589-2eff-42c4-891f-0482f922a344,DBO2,2018-08-03,11:44:27,4247527.0,119,118,20,42.33287179831934,-71.03230366386555,High
RouteID_82af3056-2d7b-43b1-8080-39e4c2ecbf60,DLA8,2018-08-13,16:37:43,3313071.0,129,128,20,33.74677915503876,-118.38136371317832,Medium
RouteID_82c7371b-35bd-439b-924d-1341ba38c626,DAU1,2018-07-22,15:30:00,4247527.0,139,138,32,30.32034922302157,-97.87605174100723,Medium
RouteID_82d01fcd-309e-47c7-99f1-a4f31e4de726,DLA7,2018-07-22,15:04:16,3313071.0,198,197,22,33.85484601010102,-117.57025278787879,Medium
RouteID_82d2e1ad-79e7-4dc7-9a69-0d5f80c2b5cf,DSE2,2018-07-23,14:13:33,3313071.0,117,116,25,47.62645664957265,-122.2861506153846,High
RouteID_82d7ea2d-da9f-4e52-9fd1-4e3ecadcbe88,DLA3,2018-07-21,17:09:17,3313071.0,183,182,14,33.89464261748631,-118.0964936338798,Medium
RouteID_82e93590-a457-416a-8626-72af2690d164,DLA7,2018-08-15,15:04:41,3313071.0,145,144,21,34.02929794482758,-117.80291713793105,High
RouteID_82f14a50-5bb1-4df0-8c78-e22bca28dd81,DLA9,2018-08-26,14:21:50,4247527.0,139,138,22,33.656173856115096,-117.64206053956835,Low
RouteID_82f8190b-fbb3-41ec-a1d8-cd5c9fedd8f0,DSE5,2018-08-07,13:53:20,4247527.0,140,139,13,47.14482294999999,-122.26352917857143,High
RouteID_83115e07-485d-4e5d-b381-94fe1a6deaba,DLA8,2018-08-08,16:37:14,3313071.0,175,174,19,33.81583783428571,-118.26267271428577,Medium
RouteID_8312a860-5a48-4b4b-9061-0240b9803160,DSE4,2018-08-23,15:30:00,3313071.0,157,156,21,47.8624149044586,-122.29173594267522,Medium
RouteID_831fa134-6e26-4ddd-878d-46be8bc18cdd,DBO3,2018-08-11,12:05:11,4247527.0,141,140,17,42.126314751773066,-71.16016314893618,Medium
RouteID_83208dec-cc2d-4675-b3b2-96b10a8c3217,DAU1,2018-08-14,13:21:56,4247527.0,84,83,26,30.296375059523804,-97.73072069047623,High
RouteID_832b91a5-9ae4-46e7-a344-3a428dfb698e,DCH4,2018-08-08,15:35:04,4247527.0,201,200,28,42.105736109452735,-88.11851800995022,Medium
RouteID_8344ba6c-752f-4732-ada5-e7beb37284dd,DLA7,2018-07-26,15:02:07,3313071.0,154,153,26,33.88498938311688,-117.82425775974019,Medium
RouteID_83475649-5542-484f-bd7e-63af510fb349,DLA8,2018-07-22,17:08:00,3313071.0,109,108,11,33.92660589908257,-118.35521303669732,Low
RouteID_83514aa5-b270-40f2-aa75-934e127ae226,DSE5,2018-08-17,15:01:08,4247527.0,133,132,10,47.27234181203009,-122.52375276691731,Medium
RouteID_835d484d-24d1-4fa7-a922-63872b08fd22,DLA7,2018-08-04,15:52:44,3313071.0,160,159,21,33.86990282500001,-117.57686788750001,High
RouteID_8363e444-8b88-4a27-9559-ee86c7e06c52,DLA7,2018-08-14,14:35:52,3313071.0,159,158,24,33.94334759119496,-117.92301808805024,Medium
RouteID_83660c3e-2deb-4d45-ae2b-ad434b7e6e43,DCH1,2018-08-15,14:17:20,3313071.0,133,132,13,41.63326108270676,-87.58844303759399,Medium
RouteID_836aa6fd-a15e-4d50-91af-e0a4aaafb288,DCH2,2018-07-26,15:07:05,3313071.0,182,181,23,42.00527054395605,-87.83908853296704,Medium
RouteID_839d174a-9842-4a00-a09c-c92ba77c560d,DCH4,2018-07-27,15:14:23,4247527.0,170,169,20,42.142607623529415,-88.32952288235298,Medium
RouteID_839e5692-02f8-4483-9eaa-e12ed842d631,DCH2,2018-07-23,14:01:48,3313071.0,94,93,19,41.98672181914894,-87.66517520212763,Medium
RouteID_83a19aef-1e2a-45fa-8959-85e99c2da70a,DSE5,2018-08-17,15:17:09,4247527.0,162,161,12,47.22427506790123,-122.41206033950614,Medium
RouteID_83bcb6de-2bea-4f5d-a4a4-8b0fbafa452d,DCH4,2018-07-30,15:47:34,4247527.0,162,161,23,42.190707061728425,-88.35316488271607,Medium
RouteID_83c07adc-bba4-4fa0-aa6a-62ee0c104a8c,DSE4,2018-08-17,14:54:51,3313071.0,188,187,27,47.86175037234044,-122.12927527659576,Medium
RouteID_83c70eeb-fd15-40a7-9c40-c2b5e1106163,DLA9,2018-07-24,16:05:58,3313071.0,130,129,23,33.67889586923078,-117.82118391538461,Medium
RouteID_83c8fc14-4dc3-49c0-8592-9f401cc0648d,DBO3,2018-07-25,11:36:15,4247527.0,205,204,27,41.96349728292685,-71.30773219024387,Medium
RouteID_83d01b7a-5d8d-4a7c-ba05-3918b2be18f4,DBO3,2018-08-03,12:56:54,4247527.0,162,161,32,42.31214985185184,-71.3018840617284,Medium
RouteID_83d20ae4-fd4f-4dd3-af37-160e9a3919ad,DLA9,2018-08-11,15:54:45,3313071.0,142,141,25,33.60584188028168,-117.86946122535214,High
RouteID_83d25694-9998-46f4-9a8c-c4996d6e9c83,DBO3,2018-07-23,13:04:03,4247527.0,183,182,32,42.3134766284153,-71.35522918579238,High
RouteID_83d3df50-8ac7-49f6-83e1-b38403dec5c5,DLA4,2018-07-21,15:06:47,3313071.0,184,183,15,34.235826342391306,-118.82367028804346,Medium
RouteID_83e31c32-08e9-4d45-82ee-93feda7bd57a,DLA8,2018-07-27,16:53:06,3313071.0,164,163,15,33.99051037804878,-118.32551958536591,High
RouteID_83f37fec-395a-43fe-b20c-aecbb16f29f9,DCH2,2018-07-31,15:20:47,3313071.0,186,185,20,42.01758505376343,-87.73064843548384,High
RouteID_83fcfd8e-b910-46dc-8c30-78ab7c3a936b,DBO3,2018-08-01,12:37:39,4247527.0,154,153,19,41.99275796103897,-71.37240985064932,High
RouteID_84131e57-3be1-44cf-970b-070bb011072f,DCH4,2018-07-26,15:14:01,4247527.0,190,189,25,42.089336721052646,-88.04687744210527,Medium
RouteID_8416a7a5-ab6e-42c0-9326-26381f4a59b6,DSE4,2018-07-30,15:06:30,3313071.0,219,218,26,47.906095438356175,-122.18989146575343,Medium
RouteID_84284a65-d72c-4d1e-8c78-1f6233806c01,DCH4,2018-08-06,13:50:49,4247527.0,165,164,25,42.39247187878787,-87.99496927272732,Medium
RouteID_842ca146-cf8a-4e51-97a9-e27cfd5de078,DLA7,2018-08-13,16:30:43,3313071.0,155,154,24,34.10166760000001,-117.7554985354839,Medium
RouteID_844b64be-251f-4882-b18a-23a5507aa378,DCH4,2018-07-31,15:14:44,4247527.0,177,176,24,42.06540705649718,-87.97955064406784,Medium
RouteID_844bd98e-456b-4cfa-acdc-7c512641f9f9,DLA7,2018-08-06,15:55:42,3313071.0,160,159,20,33.903580143750006,-117.55360508125008,Medium
RouteID_845480b2-b2f9-4953-9c39-5f856ef1e523,DSE5,2018-08-14,13:58:24,4247527.0,160,159,16,47.089223668749995,-122.30372628125004,High
RouteID_846a758e-1a74-4855-8d5c-dbb54033b18f,DLA9,2018-08-19,14:25:33,4247527.0,187,186,24,33.611473251336896,-117.68922811764708,High
RouteID_846dc94d-9cbc-43f0-a537-4a81c8d7fa8d,DLA3,2018-07-22,15:22:30,3313071.0,152,151,14,34.00966277631579,-118.2606824802632,Medium
RouteID_8473609b-c65e-4497-9d1b-6a69c5dbb314,DCH4,2018-07-29,15:16:49,4247527.0,140,139,31,42.079993942857136,-88.04665332857138,Medium
RouteID_848a48ca-5a72-4991-a5b7-4d7f97a2d0a6,DCH1,2018-08-15,14:43:14,4247527.0,85,84,21,41.92986587058824,-87.7127893647059,High
RouteID_848c3d47-f3e2-4868-9883-6d039e7d2f87,DCH3,2018-08-14,12:54:02,4247527.0,198,197,19,42.02451747474747,-88.15891812121212,Medium
RouteID_848cd9f4-b950-4a8d-abf7-162a7867056e,DAU1,2018-08-16,14:32:55,4247527.0,134,133,19,30.35796168656717,-97.99883551492543,Medium
RouteID_849caac8-0835-4262-9ded-ecb7137a4467,DLA7,2018-07-25,15:52:04,3313071.0,182,181,21,33.89337646703297,-117.53852510439563,Medium
RouteID_849dd86c-0fdb-4c58-967d-168c9691c797,DBO2,2018-08-15,12:24:44,4247527.0,90,89,23,42.3071852111111,-71.10620422222225,High
RouteID_84a68747-8b2b-4798-a554-28ff4baedd60,DLA9,2018-08-18,16:04:31,3313071.0,183,182,33,33.65144743715847,-117.81088675956282,High
RouteID_84a7a335-305c-4bcf-bddc-73acd0cb3d7a,DSE5,2018-08-24,14:05:03,4247527.0,156,155,12,47.26765067948719,-122.29184938461539,Medium
RouteID_84b7bf0d-ecae-462f-bf60-4c30262f2e72,DLA5,2018-08-14,16:03:47,3313071.0,177,176,22,33.946483638418066,-117.4277126384181,Medium
RouteID_84c7bcaa-a3a2-4fb9-9cdb-2a2aa77dc668,DCH4,2018-07-25,14:11:19,3313071.0,155,154,16,42.25163967096775,-88.1833368193548,Medium
RouteID_84ce46b1-9771-4d89-ae96-45baa6b49234,DCH2,2018-08-14,14:07:00,3313071.0,83,82,19,41.97075393975905,-87.69566791566265,Medium
RouteID_84ce8289-7bc8-440a-bc04-3d1f027a07c2,DSE5,2018-07-31,14:46:07,3313071.0,169,168,14,47.315258934911235,-122.37351614201184,Medium
RouteID_84da7266-60d5-41b7-8eff-2d76b046d77f,DCH2,2018-08-12,12:37:22,3313071.0,202,201,22,41.91413698514851,-87.82417379702969,High
RouteID_84e80daf-e931-443f-a83d-83d52d0d4d91,DBO3,2018-07-22,12:15:18,4247527.0,187,186,14,42.12589775401069,-71.66042905347594,Medium
RouteID_84f72f6e-3b04-4883-8e14-632fba58a7f0,DLA5,2018-08-09,14:08:21,4247527.0,166,165,25,33.665208903614435,-117.24044478915664,High
RouteID_850269aa-cf49-4113-9d8e-14711cf8682f,DLA8,2018-07-31,16:11:55,4247527.0,122,121,18,34.04701413934426,-118.39420182786887,High
RouteID_8502e1b3-515c-4781-8128-03bb3a36b783,DLA8,2018-07-28,15:02:52,3313071.0,94,93,26,34.01457784042552,-118.41402593617023,High
RouteID_8510c662-745d-4e1e-847a-a7cb91d8ad9f,DCH3,2018-08-03,14:09:57,3313071.0,182,181,19,41.7437999010989,-88.27118674725281,High
RouteID_85204302-9e49-4dd2-8efc-d04f7c822fdc,DLA7,2018-08-08,16:18:43,3313071.0,166,165,21,34.13307277710844,-117.66606145180721,Medium
RouteID_85285257-2424-47d9-a72c-94cc28da904e,DLA9,2018-08-21,15:05:08,3313071.0,161,160,21,33.81478032919258,-117.93386775155277,High
RouteID_85415126-444f-47dd-b32b-7275ab2717b4,DCH1,2018-07-24,14:51:10,3313071.0,107,106,22,41.930531214953255,-87.70290380373834,High
RouteID_8556f8ec-4686-42b1-a7c5-f13c554e8897,DCH4,2018-08-13,14:09:34,4247527.0,134,133,21,42.058068298507436,-88.09873902238803,Medium
RouteID_8565a9ad-f164-47be-b6fd-28e7d788901f,DCH4,2018-08-16,15:18:18,3313071.0,174,173,26,42.106534201149415,-87.99616520689659,Medium
RouteID_85730a1c-c507-485d-9d03-7a716b4bb201,DSE4,2018-08-01,15:31:35,4247527.0,109,108,12,47.69617480733947,-122.31319737614677,High
RouteID_8593ec14-106f-4007-8122-35f3c208ef9d,DLA9,2018-08-09,14:37:21,4247527.0,153,152,26,33.65405132026142,-117.68776197385628,High
RouteID_8595b2cc-cbe8-46fa-8a34-8d70a8c6ebda,DCH4,2018-08-10,13:41:50,4247527.0,143,142,13,42.36530634965038,-87.83802417482521,Medium
RouteID_8596d17e-0246-4afe-b7f9-a4bcaa73be8c,DLA7,2018-08-02,14:12:49,3313071.0,172,171,25,33.939661040697665,-118.01041861046512,Medium
RouteID_85977d5f-8543-42ec-a778-bcfd574a320c,DLA7,2018-07-28,16:00:00,3313071.0,122,121,28,34.01239924590163,-117.80822072950814,Medium
RouteID_85aec482-3df6-4cff-892e-4d7e827cb813,DSE4,2018-08-01,14:56:40,3313071.0,145,144,26,47.68957366206897,-122.20777005517242,High
RouteID_85bc6e80-13cb-41e0-9c82-74ea8ab966c7,DSE5,2018-08-17,14:49:12,4247527.0,121,120,6,47.229517132231415,-122.55415120661158,Medium
RouteID_85be7e4b-9487-4e20-87a6-bc5a6c30e75d,DLA9,2018-08-16,13:53:18,3313071.0,135,134,21,33.464894562962975,-117.5882761703703,Medium
RouteID_85cc6265-5a36-4128-85b0-a11569a09c0a,DBO2,2018-08-17,13:00:54,4247527.0,58,57,30,42.34722003448276,-71.08947437931036,High
RouteID_85d32250-376a-46fa-8275-602174a5ce36,DCH2,2018-08-07,13:30:17,3313071.0,159,158,21,42.11913089308175,-87.75659875471692,High
RouteID_85e93874-76f4-43c1-82c8-cf7866500638,DLA7,2018-08-01,15:09:18,3313071.0,138,137,18,34.097696826086946,-117.83216610869562,Medium
RouteID_85fa1c16-ae80-4142-815c-0104d95c3d59,DBO1,2018-07-24,12:28:53,4247527.0,42,41,16,42.36609288095237,-71.0555112857143,High
RouteID_85fc47c6-d867-4a46-80fb-5500848643b9,DBO3,2018-07-27,13:15:46,3313071.0,167,166,22,42.22513241916167,-71.68864619161675,High
RouteID_85fc89e2-2dd7-45d3-a74d-c86bfc617d5d,DLA4,2018-07-29,14:26:00,3313071.0,162,161,14,34.18024678395061,-118.36681803703699,High
RouteID_85fec008-983a-404c-9b00-17889bd28234,DSE4,2018-08-03,15:04:57,3313071.0,194,193,27,47.86146389175254,-122.13166662886601,Medium
RouteID_860682b4-fcc9-4eb3-842a-6dd65b49395e,DLA7,2018-08-08,14:57:42,3313071.0,198,197,21,33.856417232323224,-117.57519474242432,Medium
RouteID_86235826-5f33-4c53-ad84-d3cea65dc36d,DCH4,2018-08-15,14:09:01,4247527.0,163,162,19,42.11512377914111,-88.1037295766871,Medium
RouteID_862c4d83-9a7c-4e82-bb96-de86708686ec,DLA7,2018-08-09,15:00:04,3313071.0,150,149,19,33.87187436666667,-117.59871880666664,Medium
RouteID_862d7bd5-c634-412f-bc54-d701e43a978a,DSE4,2018-08-22,15:34:44,4247527.0,116,115,13,47.68351343103448,-122.27086567241376,High
RouteID_86304299-5f2d-486e-a216-77fb802178e4,DLA9,2018-07-30,16:20:48,3313071.0,147,146,30,33.61214848299321,-117.85511210884358,High
RouteID_863bcc13-f431-4fce-89ad-a9bc857ad483,DLA7,2018-07-31,16:40:52,3313071.0,149,148,22,34.153297704697955,-117.57919596644288,High
RouteID_863f1901-4d96-494b-88ab-33149743ea4c,DCH4,2018-08-12,15:31:42,4247527.0,166,165,20,42.404061939759025,-88.06512608433736,Medium
RouteID_8643e615-27b7-480c-8003-a76f0f699d00,DLA7,2018-08-03,14:32:24,3313071.0,147,146,24,33.82861524489796,-117.81055848299323,Medium
RouteID_86517a18-67ab-4b65-b8a6-afe7740861f7,DLA7,2018-08-04,16:00:00,3313071.0,150,149,20,34.11897344666666,-117.52791182000003,High
RouteID_866fb8b0-ea67-4bdd-9c83-1b2e3e97b86c,DBO3,2018-08-09,12:42:31,4247527.0,177,176,20,42.05402203389827,-71.26007106214688,Medium
RouteID_867903c0-3959-4fc1-91b8-4ded86e636f4,DCH3,2018-08-14,13:46:28,3313071.0,163,162,22,41.79520488957056,-87.92013110429448,Medium
RouteID_868df313-fd3e-4c3b-aa86-edbba3172611,DCH4,2018-08-07,15:45:09,4247527.0,191,190,24,42.14001087958116,-88.03019961256544,Medium
RouteID_868f28dd-ed74-44fc-9f9a-c55ba92f1ea7,DLA7,2018-08-10,15:33:29,3313071.0,176,175,20,34.11421635227273,-117.5057442329546,High
RouteID_869774de-96b7-46e7-9a5a-5aca5ca84504,DSE5,2018-08-16,14:59:06,4247527.0,174,173,15,47.28933124137933,-122.385798816092,Medium
RouteID_86ab3b8b-1e01-425d-bb33-6f37405f0e1b,DLA9,2018-08-14,14:31:23,4247527.0,144,143,30,33.69627106250002,-117.75392598611113,High
RouteID_86abc426-4c51-4415-b42f-964a74a81b0f,DLA9,2018-08-14,15:06:36,3313071.0,166,165,19,33.78073704819278,-117.92494805421686,High
RouteID_86b98121-d379-4018-8aa9-2332d77c0b61,DLA7,2018-08-07,15:54:24,3313071.0,181,180,26,33.95011366850828,-117.5627440994475,High
RouteID_86cbe600-6c82-446e-81e8-cb31473ab7de,DLA9,2018-08-05,14:20:47,4247527.0,129,128,24,33.64713468992249,-117.67381905426359,Low
RouteID_86db3f92-c88d-42fc-b67b-2a67f3a5b7bc,DLA7,2018-08-06,16:01:59,3313071.0,177,176,30,33.94314088700564,-117.68463020338983,High
RouteID_86eddbfa-0677-4bb6-a7e3-a3fc627e9cb6,DSE5,2018-08-25,14:11:22,4247527.0,193,192,18,47.35219144041451,-122.27459123316063,Medium
RouteID_87060c58-dea2-4621-a9b5-0341c3ee1a67,DBO2,2018-08-01,13:05:56,4247527.0,127,126,29,42.33158485039372,-71.14425958267717,High
RouteID_871822a5-5759-4f5f-b303-3a5c38892170,DCH1,2018-08-14,13:28:32,3313071.0,154,153,17,41.78303052597402,-87.89773275974025,Medium
RouteID_87194f14-3ebe-4c2d-beb3-ae77648a8068,DCH3,2018-08-03,15:02:57,3313071.0,193,192,22,41.88648954404147,-88.1446473678756,Medium
RouteID_8722c5df-50ad-4841-bfa7-21616179083f,DLA8,2018-07-28,16:24:05,3313071.0,62,61,21,34.038253870967736,-118.46136756451612,Medium
RouteID_873146b3-5cf7-423b-be48-fd1ccdf7370d,DLA9,2018-08-22,16:11:31,3313071.0,158,157,25,33.78381246202533,-117.86087248101259,Medium
RouteID_87703650-a513-4c20-a64e-27f86456f76d,DBO3,2018-08-09,12:15:00,4247527.0,191,190,27,42.205502963350774,-71.45095875392668,Medium
RouteID_8780d022-6383-4089-874f-ce7d01026f54,DSE4,2018-08-01,14:48:16,3313071.0,168,167,25,47.72793655357142,-122.21446899404769,Medium
RouteID_87a00041-c07e-4c83-9f6d-ec39cf5592d0,DCH1,2018-08-17,14:41:14,3313071.0,76,75,15,41.82637696052631,-87.61475093421052,High
RouteID_87acc75c-0933-4a30-966b-f9a7ad1b4957,DLA7,2018-08-03,16:37:40,3313071.0,155,154,21,33.977599406451596,-117.71662952903228,High
RouteID_87b885b2-a8d3-4b1f-b8fd-1115219d0255,DLA8,2018-07-21,16:21:10,3313071.0,117,116,22,34.04436761538462,-118.52430452991449,High
RouteID_87b8f113-8870-4f5e-b5d3-712356bd1170,DSE4,2018-08-02,15:43:48,4247527.0,147,146,14,47.661930095238134,-122.27428139455782,High
RouteID_87c76a48-381f-4505-ba8d-67e79053696f,DSE5,2018-08-16,14:59:02,4247527.0,155,154,12,47.22317265161288,-122.44270210967738,High
RouteID_87ca76e9-f348-4646-a434-91845c1b6358,DBO3,2018-08-05,13:09:18,3313071.0,189,188,24,42.140332021164014,-71.54399744444444,High
RouteID_87cd1577-f53e-4941-9965-9a41a0563a55,DLA7,2018-08-10,16:27:01,3313071.0,153,152,16,34.13864641176472,-117.59878985620918,Medium
RouteID_87fa696f-b752-4de0-9f35-ab1234de778d,DAU1,2018-08-11,15:30:00,4247527.0,104,103,20,30.245038586538467,-97.77968884615386,Medium
RouteID_880a3c32-6071-41ad-b387-8620d36285de,DLA8,2018-07-31,16:49:53,3313071.0,121,120,15,33.71957137190082,-118.29211528099172,High
RouteID_881272c8-8616-4ac1-b09c-c4fe66229896,DLA9,2018-07-26,15:11:04,3313071.0,172,171,21,33.755494918604676,-117.95216412209304,Medium
RouteID_8818e981-8e63-4a85-a6de-8da897521db6,DCH1,2018-08-14,14:51:27,3313071.0,73,72,22,41.95232136986301,-87.67752242465752,High
RouteID_881ab759-0ac4-45fe-a436-f4786bb330e8,DSE4,2018-08-05,15:31:40,4247527.0,117,116,19,47.66770476068374,-122.26884551282049,Medium
RouteID_883f8700-e694-4ef0-968c-5299bf9a8e93,DLA9,2018-07-24,16:10:05,3313071.0,94,93,22,33.628805085106364,-117.82166144680849,High
RouteID_885e01d0-98b7-4228-9b2f-b5f885ddf164,DSE5,2018-08-01,13:59:12,4247527.0,177,176,17,47.08972578531073,-122.30505292655363,High
RouteID_8868aa26-94d2-4844-a1ad-5a43d99d6b47,DLA7,2018-07-20,14:30:00,3313071.0,157,156,24,33.90639826114649,-117.89573505732484,Medium
RouteID_8869c070-cd25-49fd-b545-1904efd2adfb,DCH1,2018-08-01,13:19:54,3313071.0,100,99,22,41.86902945,-87.68661699000006,Medium
RouteID_886a65eb-026b-40a0-82fe-3cbc576b9c53,DLA9,2018-08-05,15:57:16,3313071.0,132,131,24,33.71491419696971,-118.05281034848483,Low
RouteID_887256d0-1ffe-492a-ba53-8e6358dea51e,DBO3,2018-07-23,11:24:20,4247527.0,173,172,27,42.373614410404635,-71.2081467572254,High
RouteID_88728ed2-0388-4fe5-9bb0-01a1b06f49e2,DCH1,2018-07-22,14:05:36,3313071.0,170,169,14,41.841589582352924,-87.7194875235294,Medium
RouteID_887cde0d-2138-4f2d-9924-919748de37d9,DLA7,2018-08-01,14:30:31,3313071.0,145,144,20,33.89347282758622,-117.99612565517234,Medium
RouteID_8885adc1-4291-42c1-bc0b-2ccc2b28b6d6,DAU1,2018-07-28,14:11:34,4247527.0,132,131,32,30.24462675757576,-97.74688197727276,Medium
RouteID_888d846c-21bb-490d-898c-33c42001cd8b,DLA7,2018-08-14,14:30:49,3313071.0,139,138,23,33.803987812949636,-117.84209618705042,High
RouteID_888e84e7-7cbd-4989-8b92-2764bf8c03dd,DLA9,2018-08-14,15:55:28,3313071.0,133,132,22,33.711743864661656,-117.94715695488723,Medium
RouteID_8892ab0d-f891-4e26-b043-5370f5c5d048,DCH4,2018-08-02,15:29:43,4247527.0,198,197,24,42.198532696969714,-88.07494312626264,Medium
RouteID_88945b07-0593-485c-a767-6bbe47414adc,DLA7,2018-07-27,16:39:24,3313071.0,170,169,23,34.031091229411764,-117.87483152941174,Medium
RouteID_889fb2e6-0e10-4a02-a1bd-746503e6162f,DBO3,2018-08-05,12:30:55,4247527.0,189,188,32,42.311298105820114,-71.70305173544972,Medium
RouteID_88a17a4d-9538-46ab-bcb5-04356801e50b,DLA7,2018-07-22,15:04:02,3313071.0,154,153,22,33.87296198051946,-117.80155418181829,Medium
RouteID_88a1eef0-352a-4e01-9ad4-35b080c9aee4,DLA3,2018-08-08,15:59:55,3313071.0,116,115,23,34.107110793103445,-118.2831312327586,High
RouteID_88ae3ac7-7b51-4515-8181-26b5b24f4b9e,DLA5,2018-08-13,15:20:52,3313071.0,157,156,22,34.026558490445865,-117.04831427388538,Medium
RouteID_88c1ade9-7157-479c-9af7-b496e5fbc6f1,DCH4,2018-08-16,13:28:55,4247527.0,161,160,27,42.197548608695655,-88.3666980745342,High
RouteID_88cf734c-cbe8-4ae7-b497-f1c0032a07a2,DSE4,2018-07-24,16:20:09,4247527.0,126,125,15,47.67680092857143,-122.26582792063492,High
RouteID_88d0e482-6dc4-4877-bdf9-0c9d7c4b449c,DLA9,2018-08-04,15:14:55,3313071.0,162,161,22,33.76488970370371,-117.90906302469143,Medium
RouteID_88dd4138-06a3-45ab-94fa-1464d752bd2c,DAU1,2018-08-08,14:40:43,4247527.0,151,150,21,30.379770139072846,-97.93295970860927,High
RouteID_88e0abdc-f41c-4b3e-9f47-ceb88768a539,DCH3,2018-07-30,12:56:11,3313071.0,182,181,18,41.6001792912088,-88.02123300549454,High
RouteID_88e0c2ab-dec7-4a81-ade3-7d326cbe8554,DLA5,2018-08-10,14:30:31,3313071.0,169,168,19,34.09361039644971,-117.37162815976338,Medium
RouteID_88f932e9-f2bd-4b0a-8af5-4067baa24c08,DLA3,2018-07-31,15:42:15,3313071.0,98,97,13,34.068752734693874,-118.27081464285709,High
RouteID_8915db4b-7543-4523-91ee-cf8efb57dce9,DSE4,2018-08-18,14:54:25,3313071.0,184,183,31,47.80020573369564,-122.1796900815217,Low
RouteID_893699a6-83e4-4f5d-877d-8a42767946af,DCH3,2018-07-24,15:08:37,3313071.0,194,193,20,41.72343031958763,-88.13652238659786,High
RouteID_893c1c4b-5183-4ebd-8110-16ce6767be07,DLA9,2018-08-21,15:10:37,3313071.0,125,124,20,33.77606564799998,-117.97944881599999,Medium
RouteID_893d4ae7-4774-4982-86d8-ac3d896a2a77,DCH4,2018-08-08,15:27:17,4247527.0,188,187,25,42.05815546276597,-87.94898411702125,High
RouteID_89413a52-5b52-44dc-a4af-2cba22a27560,DLA8,2018-08-10,16:42:31,3313071.0,171,170,21,33.81313911111109,-118.31126028654963,High
RouteID_8944c516-65c8-4f73-8d46-47de5eb337ad,DLA8,2018-07-24,16:00:29,3313071.0,144,143,23,34.070569840277784,-118.55628025694439,High
RouteID_894c1009-afde-488e-b6c0-2d4fbcd411cd,DCH3,2018-07-30,14:18:13,3313071.0,187,186,18,41.66713471657755,-88.21168101069512,Medium
RouteID_89543e54-e254-4993-b687-f358b3124a0b,DBO3,2018-08-02,12:15:00,3313071.0,132,131,12,42.233129022727276,-71.80439219696972,High
RouteID_895c8aaa-2647-4292-b045-1b326205d9b3,DCH3,2018-08-05,13:31:24,3313071.0,143,142,11,41.5976560909091,-88.15631804195804,High
RouteID_8961343a-19dc-43ea-92a3-2e611b199fa6,DSE2,2018-08-13,15:03:35,4247527.0,115,114,20,47.641911799999995,-122.36117469565211,High
RouteID_8966fc08-3a2f-4ce7-a5e8-05a7638ad669,DCH1,2018-08-13,15:07:57,3313071.0,141,140,27,41.869664014184394,-87.78094250354604,Medium
RouteID_8984121a-12a1-4a66-8fd8-4d335f363535,DAU1,2018-08-03,14:02:27,4247527.0,129,128,26,30.278063534883724,-97.79590203100777,Medium
RouteID_899a31e9-6135-4caa-9b1b-ccf99249752e,DLA7,2018-08-09,14:32:09,3313071.0,176,175,19,33.918264943181825,-117.98261904545447,High
RouteID_89a06d3a-f997-4506-924d-6c1d53dc63d2,DCH3,2018-08-14,15:30:00,4247527.0,195,194,18,41.93676583076924,-88.00854426666669,Medium
RouteID_89a3515b-999b-45bf-b5e4-e4489cac1817,DSE4,2018-08-10,15:32:45,4247527.0,122,121,12,47.695379409836086,-122.31324852459016,High
RouteID_89a6b9f3-0aa8-4b26-b498-12071565df3a,DLA9,2018-08-13,15:59:18,3313071.0,123,122,22,33.661128203252034,-117.99046371544713,Medium
RouteID_89ae76a7-0359-4a5a-8031-72efdb552b00,DLA7,2018-08-05,14:22:55,3313071.0,132,131,21,33.80251662121213,-117.82696400000002,High
RouteID_89b744a9-9402-4cfa-bccd-8d05355bb4c7,DCH4,2018-08-07,15:56:16,4247527.0,137,136,16,42.05834536496347,-88.12150294890512,Medium
RouteID_89c613d5-3801-49bc-83c6-ac01ac4705bb,DLA8,2018-08-16,17:29:18,3313071.0,115,114,19,34.07074470434783,-118.34069928695655,High
RouteID_89cd0868-588f-49c1-8f77-97f82e6b4c7f,DSE5,2018-08-08,14:21:03,4247527.0,139,138,11,47.280316258992784,-122.52264818705036,High
RouteID_89d62883-6761-450d-86f5-32a8bf42be36,DSE4,2018-08-23,15:38:48,4247527.0,102,101,12,47.69652639215687,-122.31263209803919,High
RouteID_89ec1226-72ee-48bb-a8d2-3c0384524664,DLA9,2018-07-28,14:31:05,4247527.0,188,187,30,33.6465756382979,-117.69510227659579,Medium
RouteID_8a0218e1-9268-44b7-b9a9-d2d8afc8b5db,DSE4,2018-08-23,15:46:37,4247527.0,112,111,14,47.67122615178572,-122.2669519285714,High
RouteID_8a0e2284-8aa7-49a6-931b-7d7ae0f57767,DLA4,2018-08-12,16:52:14,3313071.0,171,170,14,34.245406152046776,-118.48199267251455,High
RouteID_8a145c7a-c5b7-4cfc-a027-733cfdf40227,DCH3,2018-08-06,13:03:02,4247527.0,187,186,18,41.99824118181817,-88.16982506417105,Medium
RouteID_8a18fa7e-b35a-421d-a071-7bcf2000c6f1,DBO1,2018-08-03,13:06:41,4247527.0,181,180,24,42.42858596132594,-71.1619563812155,Medium
RouteID_8a1d973e-142f-4c01-88eb-743a41f0b87d,DLA7,2018-08-04,16:26:27,3313071.0,177,176,28,33.99330363276834,-117.85062555367229,High
RouteID_8a205059-abac-4869-b8e8-75880d60e2e6,DBO3,2018-08-11,12:56:16,4247527.0,170,169,25,42.26038679999999,-71.35106061764705,Medium
RouteID_8a2245b0-5630-41fa-813c-ccae7393c460,DSE4,2018-08-16,15:32:33,4247527.0,106,105,12,47.671371518867915,-122.28426327358498,High
RouteID_8a2d560a-59d3-4625-94c3-ac55e33399b7,DBO3,2018-08-03,12:54:52,4247527.0,133,132,21,42.51581557142857,-71.42672063157893,Medium
RouteID_8a2e002a-80dc-4b6c-bc45-2ece95281d63,DSE2,2018-08-11,14:49:32,4247527.0,90,89,22,47.55961288888888,-122.38579491111106,Medium
RouteID_8a301ed1-793b-4b7b-babc-fb7975c3921c,DLA8,2018-08-16,16:33:47,3313071.0,132,131,23,34.01826144696968,-118.44162389393937,High
RouteID_8a4948c0-031a-412b-9354-ecd728347483,DSE2,2018-08-01,14:03:43,3313071.0,101,100,16,47.60477374257425,-122.29355360396038,Medium
RouteID_8a4b7805-dd86-4128-a5d5-a189054f7eaf,DBO3,2018-08-16,12:15:00,4247527.0,160,159,24,41.97473647499999,-71.35269785624997,Medium
RouteID_8a4e878d-dba9-4ca4-bbcf-2d70752ed51a,DLA8,2018-08-09,17:25:20,3313071.0,119,118,19,33.97390421848741,-118.36040487394959,High
RouteID_8a4f15cd-8800-4d4e-8197-f63e64da7b61,DLA5,2018-08-14,15:09:20,3313071.0,166,165,17,34.02402820481927,-117.06029121686745,Medium
RouteID_8a5e750d-2c87-4fb1-a51d-d0a70729ff3f,DSE2,2018-08-20,14:30:00,3313071.0,87,86,21,47.60578070114941,-122.30789302298848,High
RouteID_8a5eb63b-c25d-4ea9-b9f9-989dba64695d,DLA7,2018-08-17,16:00:00,3313071.0,185,184,24,33.947290924324335,-117.58948507027023,Medium
RouteID_8a650320-4c2f-4e42-b057-c9aca353a826,DBO3,2018-08-12,12:47:35,4247527.0,144,143,18,42.53134550694445,-71.45829361111113,Medium
RouteID_8a651fc6-9062-44b6-9a91-07b054dec2bf,DCH1,2018-07-25,15:00:00,3313071.0,83,82,17,41.91171826506024,-87.69699553012047,High
RouteID_8a6d170a-0e8a-4d79-8216-7f4dc26fe5af,DLA5,2018-08-10,16:10:20,3313071.0,187,186,25,33.95606857219249,-117.40082031016051,Medium
RouteID_8a834608-809b-46da-b44c-cfbd32b1e0f0,DLA9,2018-08-15,15:02:13,3313071.0,159,158,20,33.8063687735849,-117.95698676729563,Medium
RouteID_8a895fbb-73d7-4381-8d6c-4a10fa23b103,DSE5,2018-08-21,14:06:23,4247527.0,115,114,10,47.24168237391304,-122.25510342608696,Medium
RouteID_8a8bab81-3f43-4b91-a247-f3498cdbaeac,DSE4,2018-08-08,15:01:03,3313071.0,144,143,24,47.674762437499986,-122.17181607638888,Medium
RouteID_8a94340b-0e95-467f-8f6a-f583157e628e,DCH3,2018-08-08,14:53:54,4247527.0,163,162,19,41.78400467484662,-88.20412964417181,Medium
RouteID_8a956f2b-5dcf-4eab-a2e1-5ea7cf879b20,DLA8,2018-07-20,15:46:48,3313071.0,103,102,23,33.99197231067962,-118.46554288349516,High
RouteID_8ab74ef7-f2e7-4fd7-8e71-b390f2004adf,DSE4,2018-08-21,15:29:39,3313071.0,164,163,26,47.812024798780485,-122.24281162804878,Medium
RouteID_8ab9ae37-0bde-4545-849c-27d9c0e7c127,DSE4,2018-08-01,15:31:31,4247527.0,109,108,13,47.68563269724773,-122.27792254128433,High
RouteID_8ac2f8dd-7012-4687-aafc-a414f8902e91,DSE4,2018-08-02,15:04:23,3313071.0,149,148,23,47.83706218791944,-122.24486738926173,Medium
RouteID_8ac566a9-ddd4-4426-b146-a43b15100c66,DCH2,2018-07-20,15:23:34,3313071.0,152,151,21,42.03448441447369,-87.77923021052631,Medium
RouteID_8ac9fd43-fa6d-4849-8a7f-e4dc225c4f97,DLA9,2018-08-13,13:37:10,3313071.0,143,142,22,33.47655795104895,-117.68839707692314,Medium
RouteID_8acd44a4-0c69-4b62-847a-af10858a649b,DLA5,2018-07-21,14:47:56,3313071.0,214,213,20,34.14037857943924,-117.2868588457944,Medium
RouteID_8ad50cf4-81e3-466c-8325-6b54da61ba19,DLA9,2018-08-04,15:16:47,3313071.0,197,196,25,33.791333741116766,-117.95949668527916,Medium
RouteID_8afa55b0-f1ca-4434-b1e6-aacc1541d273,DLA7,2018-08-17,16:13:46,3313071.0,126,125,19,34.09567258730158,-117.61807846825397,High
RouteID_8b114f81-bd37-4475-ad9f-c0ad2e38f1f7,DSE4,2018-07-25,15:02:32,3313071.0,162,161,28,47.72529353086418,-122.22994446296286,High
RouteID_8b18ea27-b7e2-4c6d-9e49-3ee79a6bd3df,DLA7,2018-08-07,14:32:53,3313071.0,153,152,24,33.901156274509795,-117.98826976470593,Medium
RouteID_8b1ac997-8fb4-4db3-a8fe-c7ec5acbbbfd,DCH3,2018-08-03,13:02:13,4247527.0,188,187,18,42.014082212765935,-88.06725573936168,High
RouteID_8b1bd51a-db57-4e97-9301-5ccd6250d9b1,DLA5,2018-08-07,15:24:34,3313071.0,148,147,20,34.06110533108109,-117.12385858783774,Medium
RouteID_8b3bf4a4-d9c8-48a4-96bf-8f56a4d6982d,DSE5,2018-07-29,15:38:40,3313071.0,194,193,15,47.39913382989689,-122.19357834536083,Medium
RouteID_8b3c08c9-5709-40ae-9dfb-25f1000271c8,DLA7,2018-08-14,15:40:36,3313071.0,179,178,27,33.942603083798865,-117.5973962290503,Medium
RouteID_8b3e94ea-1f8d-448f-8391-a7352899281f,DLA5,2018-08-11,14:09:43,4247527.0,183,182,21,33.54978749180327,-117.16485710928968,High
RouteID_8b4494ce-b6b7-4b61-af0e-812d9eb41030,DLA3,2018-07-25,15:04:47,3313071.0,107,106,21,34.08704534579439,-118.25124044859814,High
RouteID_8b47d67a-ee07-4774-8cea-2764431e479f,DLA8,2018-07-29,15:05:06,3313071.0,106,105,25,34.04969983018868,-118.38631356603771,High
RouteID_8b50a9e4-141d-4201-b6e7-bb36f454e396,DCH1,2018-08-06,15:23:39,3313071.0,108,107,21,41.89265677777779,-87.80625419444446,High
RouteID_8b5c04e7-0c0b-42c3-afa3-62bb4a268ddb,DLA7,2018-08-11,16:33:11,3313071.0,109,108,13,34.01744406422019,-117.57725355045868,High
RouteID_8b5ede6e-b1ac-4474-8b44-a3e668042ae6,DAU1,2018-08-08,13:53:18,4247527.0,173,172,29,30.18165447976877,-97.93037372832369,High
RouteID_8b69878c-813d-4dc5-bb2c-90d775fb9051,DCH3,2018-07-22,14:20:39,3313071.0,193,192,19,41.687555999999994,-88.1879706165803,Medium
RouteID_8b7482be-60b5-4ce2-9488-18eecb1b7af4,DSE4,2018-07-31,15:41:13,4247527.0,146,145,22,47.7747760890411,-122.21326508904107,Medium
RouteID_8b7513a3-9e08-4118-a0d5-09b9e5632acb,DLA5,2018-08-15,15:46:27,3313071.0,148,147,19,33.9300935,-117.43969472972972,Medium
RouteID_8b758cca-161c-4998-a5f7-4b1e2b3d35fc,DBO3,2018-08-06,12:52:05,4247527.0,175,174,29,42.30804127999998,-71.47083182285715,Medium
RouteID_8b7769a8-d842-4fa3-a44c-07346b8c8a60,DLA7,2018-07-31,16:36:03,3313071.0,160,159,22,34.12670536874999,-117.70499065000006,Medium
RouteID_8b782607-313e-47c6-aa46-de0a02b74cd3,DSE2,2018-08-17,14:20:19,3313071.0,115,114,17,47.61066932173913,-122.29333100000001,High
RouteID_8b88be80-cb9a-46a2-95fb-8446b58480c4,DCH1,2018-08-04,13:47:53,3313071.0,180,179,26,41.78899751666667,-87.89742364444442,Medium
RouteID_8b89cdb4-b2fc-43b1-903b-2d2338e40de5,DCH2,2018-07-27,13:53:54,3313071.0,189,188,20,42.119495830687804,-87.75636180423282,Medium
RouteID_8b8d88fb-b2b8-4b54-afdb-2ab8ab442e5a,DBO2,2018-08-06,13:08:49,3313071.0,158,157,15,42.260733405063306,-71.12082978481013,Medium
RouteID_8b8d8f6e-5912-43cd-85f5-3c83910e1b45,DSE5,2018-08-10,14:26:51,4247527.0,132,131,9,47.18437502272725,-122.41898286363639,High
RouteID_8b8f4e98-6e59-457f-9923-3ce7f2cf6072,DLA8,2018-07-28,15:02:29,4247527.0,175,174,19,33.864899417142844,-118.18486173142854,High
RouteID_8b9c21f5-518b-4cfb-8f9c-0e0fd9fe0ec8,DSE4,2018-08-25,16:16:26,4247527.0,88,87,14,47.670852499999995,-122.28511489772723,High
RouteID_8bb1b402-bde0-4ffd-8b7b-f7b86878cfb3,DCH1,2018-08-10,13:57:08,3313071.0,166,165,19,41.79459725301206,-87.89802047590362,Medium
RouteID_8bb4bf6e-cb87-4046-b795-021529c20442,DSE2,2018-08-22,14:49:34,4247527.0,105,104,17,47.642914114285695,-122.35810838095243,High
RouteID_8bd08676-75f2-4ddf-8aeb-7e63b74f8600,DCH4,2018-08-15,15:25:39,4247527.0,163,162,16,42.38557160736197,-87.84609832515336,Medium
RouteID_8bef849e-27b4-4ffb-a580-fa79524a9ae9,DSE5,2018-08-04,14:18:28,4247527.0,143,142,10,47.199569517482544,-122.48528265734267,Medium
RouteID_8bf39986-a9c5-46ed-b305-a8beafa753d0,DCH1,2018-08-17,14:43:38,3313071.0,135,134,15,41.802130711111126,-87.64882291851856,Medium
RouteID_8bfad394-cc0c-4301-9c16-003785b3c2ee,DLA7,2018-08-03,14:27:00,3313071.0,144,143,22,33.895324548611086,-118.00526579166664,Medium
RouteID_8c004630-9e70-4f13-a33e-011ed1d6f47b,DLA4,2018-07-25,15:45:00,3313071.0,167,166,10,34.23018408383232,-118.42966462275447,Medium
RouteID_8c005ecc-7109-4de9-8dfb-89eb4d578209,DSE5,2018-07-25,13:52:52,4247527.0,153,152,13,47.14382809150328,-122.32562966666663,Medium
RouteID_8c01c062-d4f3-4441-acbf-207c52a1e1da,DBO2,2018-08-13,12:44:03,4247527.0,72,71,19,42.33604615277778,-71.08193599999998,High
RouteID_8c12ca30-e117-41ec-9049-f0c7bbb4b295,DCH4,2018-08-02,14:40:49,4247527.0,138,137,15,42.49141792028982,-88.10239691304346,High
RouteID_8c12e45c-557c-4986-99f7-143971592927,DLA9,2018-08-21,13:38:03,3313071.0,139,138,19,33.50879633812949,-117.64412420863309,Medium
RouteID_8c27447a-02a9-4e39-b1f1-8597101580d3,DLA7,2018-08-07,14:54:05,3313071.0,142,141,22,34.07740645774648,-117.82674315492959,Medium
RouteID_8c77b4d1-b0c4-4761-8aa8-8bb7691d7206,DLA9,2018-07-25,16:17:18,3313071.0,130,129,21,33.65908723076923,-117.89192263846157,Medium
RouteID_8c788d23-093f-4cc0-979c-2f79a52e8d0f,DLA7,2018-08-09,14:25:40,3313071.0,141,140,20,33.839193014184374,-117.86309320567376,High
RouteID_8c7cfd4b-79e0-4ccb-bb8a-70960c62f317,DSE5,2018-07-20,14:42:44,4247527.0,150,149,11,47.23561907333333,-122.51584425333334,Medium
RouteID_8c82c033-d239-4ce3-989b-6e8856774889,DLA3,2018-08-10,15:57:39,3313071.0,98,97,23,34.07144767346939,-118.24673598979594,High
RouteID_8ca4ce43-7bc2-455d-8300-62d6c7273c15,DSE5,2018-08-09,14:20:54,4247527.0,135,134,8,47.21483113333332,-122.5208451037037,Medium
RouteID_8ca64ef5-58c8-4dc0-a8a5-60ee42ddc4f4,DLA9,2018-08-12,13:45:02,3313071.0,133,132,23,33.446840857142845,-117.60879830075186,Medium
RouteID_8caef543-dd6f-4c8b-b531-fe6f767b0a26,DLA9,2018-08-12,15:59:41,3313071.0,147,146,34,33.61233236054422,-117.85535684353745,High
RouteID_8cb0c473-7e6d-420f-85e0-362f7cc89775,DBO3,2018-08-16,12:34:52,3313071.0,166,165,11,42.118868192771075,-71.66786901807224,Medium
RouteID_8cb90307-e0eb-46ea-aaa9-16e3b1296b3d,DLA7,2018-07-20,14:30:14,3313071.0,150,149,20,33.91373383999998,-117.92414985333325,Medium
RouteID_8cbd4291-f6c5-45fc-9d0c-ad761cfe5af9,DBO3,2018-07-25,11:51:05,4247527.0,181,180,33,42.31854307734807,-71.35958299447515,High
RouteID_8cc3ae72-4853-4338-9a74-8077a5737929,DLA8,2018-07-28,14:59:33,3313071.0,64,63,26,34.07925307812499,-118.38513814062502,High
RouteID_8cc876cd-d046-43a1-b91f-50c1c999d0f7,DLA9,2018-07-22,16:00:00,3313071.0,108,107,15,33.82549377777779,-117.98131611111114,High
RouteID_8ccc45dd-e94f-43a8-81c5-8bd466e0c8a0,DBO2,2018-07-28,13:30:32,3313071.0,161,160,35,42.28359757142859,-71.2479663229814,High
RouteID_8ce03cbd-0f12-4782-8c2b-f362cae19906,DLA9,2018-08-22,13:39:37,3313071.0,101,100,20,33.54716636633662,-117.64779750495049,High
RouteID_8ce8bc17-c3ff-44ca-89e9-83d4fd64b6dc,DSE5,2018-08-08,15:02:09,3313071.0,142,141,15,47.544978126760576,-122.00098261267601,High
RouteID_8cf00f35-8445-4f23-9bb5-7eca8ecd911c,DSE4,2018-08-25,15:46:56,3313071.0,142,141,20,47.79864028169017,-122.178013028169,Medium
RouteID_8cfcd2bb-4595-4a86-88cd-388b6deba2b9,DLA7,2018-07-21,14:19:59,3313071.0,172,171,25,33.892510674418595,-118.00175940116277,Medium
RouteID_8d0c62ac-2c24-4477-9f76-0534097e805d,DLA9,2018-08-02,15:00:00,3313071.0,147,146,23,33.776381000000015,-117.84162227891157,High
RouteID_8d0c6f98-a265-41fd-8002-8c0f54bd991f,DCH3,2018-07-31,13:02:55,3313071.0,168,167,16,41.61254333333333,-88.23125048809527,High
RouteID_8d3f0d4b-1b2a-4399-8c6f-eb065dbfb23b,DBO3,2018-08-09,12:15:00,4247527.0,173,172,26,42.21244752601153,-71.50776436994222,Medium
RouteID_8d46bdb6-ea28-4404-a127-3b6fd77a3a74,DLA7,2018-08-01,14:41:11,3313071.0,158,157,20,33.91002072151898,-118.01665044936709,High
RouteID_8d59264d-2df7-4593-a53b-5805e949c039,DLA8,2018-07-26,16:15:00,3313071.0,151,150,25,33.792312377483455,-118.13413458278153,Medium
RouteID_8d61d9ac-2c0b-43e5-9604-a8ee485fbf28,DAU1,2018-08-06,14:21:43,4247527.0,126,125,28,30.297003555555545,-97.70635919841268,Medium
RouteID_8d686bda-4e2b-43c9-ac5b-3997b07a8ad7,DSE5,2018-08-11,14:26:25,4247527.0,115,114,10,47.274295678260856,-122.46845662608696,High
RouteID_8d800205-c71b-4d69-b615-8e3074678027,DLA8,2018-07-26,17:09:34,3313071.0,172,171,15,33.951346575581404,-118.31544539534879,High
RouteID_8d89c2dc-ccb5-4929-8611-e2dfa5915cd7,DLA7,2018-08-16,15:46:39,3313071.0,165,164,18,33.86894634545457,-117.57737259393943,High
RouteID_8d8e10b5-df14-4164-bf4d-9c3bdf06266f,DBO1,2018-08-13,13:17:26,4247527.0,165,164,18,42.487328612121225,-71.16084129090905,Medium
RouteID_8d945c9f-bfbb-438b-9a96-c31821f28ba5,DLA9,2018-08-13,13:59:57,4247527.0,140,139,23,33.650596199999995,-117.61848378571423,High
RouteID_8d96e40e-3776-471f-941d-cb9ecefedd02,DCH4,2018-08-03,13:35:28,4247527.0,150,149,30,42.38123735333334,-87.98260160000001,Medium
RouteID_8ddc4ae5-da2b-4572-8758-57b46a3adcfb,DBO2,2018-07-28,13:08:55,3313071.0,152,151,20,42.26637292105264,-71.00392116447365,High
RouteID_8de6b935-071c-44c2-8b74-da0615b97e13,DLA7,2018-08-12,14:18:23,3313071.0,165,164,26,33.89289912727275,-118.00143870303029,High
RouteID_8debce22-96f0-49f8-9233-678194f15ab8,DBO2,2018-07-23,13:15:00,4247527.0,160,159,24,42.09263963749997,-70.92998889374996,Medium
RouteID_8debebf6-9667-4fb3-b5a1-05440f24886f,DLA7,2018-08-15,15:03:40,3313071.0,125,124,21,33.85720518400001,-117.74014525599995,Medium
RouteID_8dfa3c5b-52ff-4d1f-a088-b3584affb8bb,DLA9,2018-07-24,13:44:45,3313071.0,143,142,21,33.611758923076934,-117.58362913986014,Low
RouteID_8dfd790a-c8f0-4dde-b83e-a88ccf9881eb,DBO3,2018-07-29,11:41:41,4247527.0,190,189,25,42.45280076842107,-71.2442234578947,High
RouteID_8e062426-5d8f-4f9f-b44b-000950971831,DLA9,2018-08-09,15:56:40,3313071.0,154,153,32,33.61922852597402,-117.85333957792207,Medium
RouteID_8e2ef7fa-aa5b-47e0-a217-8c6d95dfe6c9,DCH4,2018-08-12,13:39:06,4247527.0,183,182,23,42.29352912021857,-88.10939424043714,Medium
RouteID_8e461795-3b7b-4203-b378-20602efd3634,DLA4,2018-08-09,17:21:21,3313071.0,191,190,13,34.267253214659696,-118.54267823560215,Low
RouteID_8e472591-6794-4b20-9671-882d4e16505c,DCH4,2018-08-12,13:43:41,4247527.0,153,152,23,42.15593145098042,-88.09098086274511,Medium
RouteID_8e4cb07e-6784-4c2d-a5cd-48d660483e0b,DBO2,2018-08-17,12:51:05,3313071.0,124,123,20,42.25991158064516,-71.18147454032255,Medium
RouteID_8e4ceb49-0082-4d2b-8786-7b9b4482e78b,DBO2,2018-08-17,12:02:56,4247527.0,169,168,20,42.08348354437869,-70.93010950887574,Medium
RouteID_8e4dca0c-f340-48b5-8844-d41b48207998,DSE4,2018-08-11,15:42:01,3114853.25,160,159,23,47.81450970625001,-122.34691244374997,Medium
RouteID_8e86da60-9fe5-4021-8038-9f45cd81508c,DBO2,2018-08-09,13:33:58,3313071.0,164,163,25,42.23508001219513,-71.24906630487807,High
RouteID_8e9d596d-4cbb-4fd7-a0d5-2b6fd413c70c,DLA7,2018-07-24,16:38:43,3313071.0,201,200,20,34.07129948258706,-117.6463311393035,High
RouteID_8e9f63c0-30b4-46ab-86dd-5e24afc13ec3,DLA4,2018-08-07,13:45:00,3313071.0,115,114,10,34.18301244347825,-118.43204250434783,High
RouteID_8eadf217-5d45-449f-8d70-5c9a9444bf23,DBO2,2018-07-21,11:33:43,4247527.0,109,108,12,42.325062798165135,-71.0853828440367,Medium
RouteID_8ec1a35c-e0d0-42ed-9054-2ffe259534b9,DSE4,2018-07-27,15:14:15,3313071.0,169,168,25,47.800556420118376,-122.1789663905326,Medium
RouteID_8ed063d0-b83f-4ba8-8f84-39e14b585134,DSE5,2018-08-21,13:56:50,4247527.0,147,146,13,47.12111855102038,-122.27176670748308,Medium
RouteID_8f13d353-13f9-4c6e-bfdf-18ce95711dcc,DLA3,2018-07-24,16:47:54,3313071.0,181,180,18,33.9679906077348,-118.2162341049724,Medium
RouteID_8f201bc3-eef0-46d0-8d1b-115e142b5c25,DCH4,2018-08-15,14:13:15,4247527.0,186,185,23,42.11563152688172,-87.96728976344085,Medium
RouteID_8f20e57e-c017-42ad-b03f-c85e87f3088d,DLA4,2018-08-16,14:09:07,3313071.0,144,143,14,34.19372740277778,-118.39227594444449,Medium
RouteID_8f40d72c-c84c-4c35-8b67-e013f1113525,DLA9,2018-08-10,16:01:34,3313071.0,130,129,27,33.63828002307692,-117.83721023846154,High
RouteID_8f496379-036d-4ec1-94a9-e90224969192,DBO3,2018-07-21,11:03:26,4247527.0,224,223,22,41.95712291071425,-71.30332017857141,Medium
RouteID_8f5dfa60-35c1-462c-84e4-af087421714c,DLA8,2018-07-28,14:46:32,4247527.0,143,142,24,33.826845482517484,-118.19068111188807,Medium
RouteID_8f68a42f-658f-4793-9c11-7a18ecd13545,DLA7,2018-07-21,16:27:33,3313071.0,166,165,24,34.130776204819306,-117.75782068072297,Medium
RouteID_8f7b3236-39ce-4f37-98e1-67f41e442f4b,DCH4,2018-08-08,14:09:56,4247527.0,145,144,19,42.13359602068966,-87.97525517241377,High
RouteID_8f808500-dada-4167-b207-6c8a7f5702f9,DLA9,2018-08-11,15:54:08,3313071.0,197,196,33,33.71019493401014,-118.00916260913712,High
RouteID_8f846a6a-e3ee-42b2-8df2-29d784fa9334,DLA7,2018-08-08,15:57:01,3313071.0,179,178,24,33.957708821229055,-117.57960200558662,Medium
RouteID_8fb70915-9528-49ff-8d87-ec30038206c5,DLA5,2018-08-09,15:08:50,3313071.0,141,140,19,34.005780907801416,-116.99503182269507,High
RouteID_8fbd3bec-c3f6-4dfa-abf2-e9690cd9bb0c,DLA8,2018-07-20,16:32:03,3313071.0,100,99,18,33.956441630000015,-118.44398032,High
RouteID_8fbf3282-5e52-4cc0-80c9-29c0e9d533c3,DBO2,2018-07-28,13:10:24,3313071.0,136,135,24,42.245194794117644,-71.02518545588235,High
RouteID_8fd7a0a9-dd5a-4cc2-861f-cfe925800edd,DBO2,2018-08-07,12:18:55,4247527.0,86,85,18,42.33293813953489,-71.05327377906976,High
RouteID_8fe0c888-5c44-4d75-887c-1d68924e2de5,DCH4,2018-08-10,15:36:04,4247527.0,142,141,20,42.155236042253534,-88.10922723943665,Medium
RouteID_8fe7b449-cada-4dfb-9f43-d0ec77b00d40,DCH1,2018-08-04,14:48:08,4247527.0,96,95,23,41.93170971874999,-87.69299255208331,High
RouteID_8fe816ce-bd16-4171-9042-63d60ab8dbd8,DLA3,2018-07-31,15:42:58,3313071.0,88,87,23,34.10581401136362,-118.28870165909089,High
RouteID_8fed8411-4b0c-4e1b-bbe6-c720f7bcb4fc,DSE5,2018-08-14,14:08:19,3313071.0,152,151,14,47.48257990131578,-122.28742067105273,High
RouteID_8fef1f87-43bd-47fc-a28e-68b14aba801d,DCH4,2018-08-17,15:26:54,4247527.0,178,177,27,42.36759545505618,-87.99322362921347,Medium
RouteID_8fefade2-b636-4551-b50f-f306f208f015,DBO3,2018-08-16,11:33:42,4247527.0,152,151,34,42.36436538157892,-71.24166220394737,High
RouteID_8ff673d3-7ba9-47bc-b69a-b6600e4d8759,DLA9,2018-08-25,13:45:23,3313071.0,161,160,21,33.597085397515514,-117.5842850621118,High
RouteID_8ff75329-acb1-4144-93dc-59a8830116cf,DLA7,2018-08-04,15:51:44,3313071.0,170,169,22,33.976444847058836,-117.57917957058834,Medium
RouteID_90017a5d-7255-4ede-a033-0e9a32b2b017,DLA7,2018-08-05,15:47:48,3313071.0,171,170,21,33.981148210526314,-117.5705635438596,High
RouteID_9012fc03-1535-4746-b32a-7b3e1b228da3,DLA9,2018-08-04,14:32:14,4247527.0,157,156,23,33.635369636942684,-117.69340362420388,High
RouteID_901c7147-eb31-4405-bdf7-95026132ea32,DSE5,2018-08-19,14:58:50,4247527.0,144,143,10,47.21130045833332,-122.47823082638882,High
RouteID_902524fa-2422-49f5-a13a-3f9cddfa70ef,DCH2,2018-08-06,15:08:55,3313071.0,179,178,22,42.014883374301675,-87.8635313240223,Medium
RouteID_90264cd2-abf0-4f51-8037-f7e535b9e67d,DCH4,2018-08-08,14:49:11,3313071.0,163,162,15,42.28182449079753,-88.20998150920245,Medium
RouteID_9027d49b-ca23-4acb-bdbc-8863919f16c1,DLA8,2018-07-24,16:34:53,3313071.0,133,132,19,34.10503775939847,-118.46590078947372,Medium
RouteID_9031496b-7d8f-42bf-927b-0329d63291ba,DSE5,2018-08-17,13:57:49,4247527.0,155,154,11,47.28682138709677,-122.20976347741934,Medium
RouteID_903513e8-c31d-46da-b183-6e064037b32f,DCH4,2018-08-16,14:05:57,4247527.0,175,174,22,42.093687657142844,-88.0825740971429,Medium
RouteID_903821b9-3d78-4eca-a8ea-d8f6828bb194,DCH1,2018-07-30,15:13:35,3313071.0,91,90,22,41.92571159340658,-87.69808407692308,High
RouteID_90411714-7631-44cc-9a3c-beb5f88b517c,DBO3,2018-08-16,12:04:14,3313071.0,120,119,21,42.35826788333333,-71.58718763333336,Medium
RouteID_90499042-ee66-4323-8846-770a5f2695d1,DAU1,2018-08-02,15:01:27,4247527.0,174,173,27,30.464244275862068,-97.81032661494253,Medium
RouteID_904f5275-48af-4071-936c-2430be4b9484,DLA7,2018-07-19,16:52:44,3313071.0,163,162,19,34.02691502453987,-117.8789684355829,Medium
RouteID_90573a2b-d033-4289-97eb-25f1b0f4af50,DSE5,2018-08-13,13:42:57,3313071.0,159,158,17,47.438528000000005,-122.33797812578617,Medium
RouteID_9075e653-a4ab-4eb4-81b2-16ad33a13c58,DLA8,2018-07-24,17:16:45,3313071.0,110,109,22,34.01975445454545,-118.41502807272731,High
RouteID_9077e9dc-f413-403c-830a-9a82371a73dc,DLA7,2018-08-17,16:00:00,3313071.0,163,162,22,34.121605901840475,-117.69086802453998,Medium
RouteID_9089f5cc-f3e3-4b71-82f0-9baefa05d6c8,DCH2,2018-08-08,14:43:26,3313071.0,137,136,20,41.96540732116789,-87.72979066423353,Medium
RouteID_908fdcf1-bf69-4ded-ab52-1e60f39e1d0a,DSE5,2018-08-17,14:30:00,4247527.0,137,136,10,47.25408272992701,-122.47374832846718,Medium
RouteID_909386bb-eed0-4779-a6e2-1fc0e7af11be,DLA7,2018-07-22,16:58:43,3313071.0,167,166,27,34.11898383832336,-117.7235783413174,Medium
RouteID_90a6b0d7-217e-40a3-a4c1-a978151616fe,DSE2,2018-08-03,14:22:04,3313071.0,74,73,18,47.60591079729731,-122.3085540945946,High
RouteID_90b41ee2-81e3-40b1-b344-3b91a94a205a,DLA7,2018-08-02,14:19:40,3313071.0,155,154,24,33.82946238709676,-117.87796778064522,High
RouteID_90da1269-9ea6-4b43-9fb8-db3d9ff10074,DLA3,2018-08-10,16:00:00,3313071.0,135,134,27,34.02677923703702,-118.29435199259267,High
RouteID_90db88f6-c55b-41c1-b03f-aeae10e1277a,DLA4,2018-08-06,14:33:02,3313071.0,99,98,11,34.19346885858587,-118.46276581818177,Medium
RouteID_90e584d2-1944-4ed7-95c1-27a8d3eb3ee1,DCH3,2018-08-07,15:35:27,3313071.0,177,176,19,41.840693276836156,-88.06005364971747,Medium
RouteID_90f2e760-29bf-400a-b367-6d6aeeb5f166,DLA4,2018-08-16,14:58:53,3313071.0,180,179,16,34.218034977777776,-118.82878992777783,Medium
RouteID_90f96695-2af5-4065-b845-dd6df56258b0,DCH4,2018-07-23,14:10:12,3313071.0,201,200,25,42.18290139800995,-87.9957661691542,Medium
RouteID_90fc7050-6478-471f-9694-c59c7869741f,DLA7,2018-08-02,14:30:00,3313071.0,145,144,23,33.902516324137906,-117.96679903448275,High
RouteID_90fd3ec2-bec2-4894-8866-127c2fe5b810,DCH1,2018-08-15,13:59:56,3313071.0,141,140,26,41.837066078014196,-87.6522154822695,Medium
RouteID_9104c499-6c84-4709-8bdc-3ca9be8acd88,DLA4,2018-07-28,13:58:16,3313071.0,131,130,11,34.1750806870229,-118.37276031297708,High
RouteID_9110ead6-ca3f-4e86-8023-615d36a9d6e2,DSE4,2018-08-10,14:58:54,3313071.0,169,168,26,47.81582506508878,-122.22354573964493,Medium
RouteID_911ce56d-aa05-40a3-96ef-1841828522c2,DBO2,2018-08-04,12:48:00,4247527.0,70,69,40,42.34907504285716,-71.12959388571433,High
RouteID_9121e3aa-c8b7-482f-927d-bf90423bff28,DBO3,2018-07-25,13:01:19,4247527.0,181,180,28,42.431826215469606,-71.45546738674031,Medium
RouteID_91283a27-5abd-449d-bc36-50f5492ae0e8,DLA7,2018-08-12,15:37:06,3313071.0,197,196,30,33.94433597969542,-117.59638756852789,Medium
RouteID_912afd28-8e06-4075-b656-6b7a95cced93,DBO2,2018-08-17,12:49:36,3313071.0,172,171,19,42.263306755813964,-70.97065753488374,High
RouteID_912bc2a7-a414-49fc-b6e6-224f694fb2f6,DLA5,2018-08-08,15:26:38,3313071.0,178,177,20,34.071638752808994,-117.16342511235953,High
RouteID_9138cf7e-19b8-4a9b-8b60-93b265ff766a,DLA7,2018-07-28,15:03:15,3313071.0,151,150,21,34.1020116423841,-117.8347430927152,Medium
RouteID_91415ba8-01fc-47ba-9f62-e136889f0461,DLA8,2018-08-12,16:15:00,3313071.0,169,168,23,33.845196088757376,-118.16031166863905,Medium
RouteID_9149675b-2385-4661-a810-7563f1b9cfbb,DCH4,2018-08-10,15:18:27,4247527.0,186,185,24,42.12616947311828,-88.03628320967742,High
RouteID_91523a9e-bb30-4c31-a6b7-12379da4e6e1,DBO2,2018-07-27,12:08:38,3313071.0,174,173,23,42.219880655172446,-70.99415983908044,Medium
RouteID_91593302-3861-45f5-bd45-1f2e62103350,DCH2,2018-07-27,15:06:24,3313071.0,177,176,19,42.03558876836156,-87.72225631638419,Medium
RouteID_9162c9e8-b6dc-4f4f-84a8-116be7db924c,DSE5,2018-08-04,14:00:00,3313071.0,172,171,16,47.35591743604652,-122.29164268604653,Medium
RouteID_916df244-5412-474b-8a48-016695370d5e,DLA7,2018-08-07,15:43:10,3313071.0,137,136,21,34.11737130656935,-117.55532824087592,Medium
RouteID_91723910-b7bf-416f-8547-313462d679df,DBO2,2018-08-12,11:39:13,4247527.0,167,166,29,42.22146541317364,-70.92080303592819,Medium
RouteID_917b4ad6-10d4-4349-b8df-8e0fe4339d0b,DSE4,2018-08-18,14:59:58,4247527.0,120,119,19,47.66927827499999,-122.32458737499998,High
RouteID_9182e97b-03ff-4a81-8aa6-245daa2ae75e,DCH4,2018-07-24,14:07:10,3313071.0,203,202,28,42.20132000492611,-88.07101851231526,Medium
RouteID_91864102-5fd3-473c-add6-1391e28c399e,DBO3,2018-07-21,11:25:10,4247527.0,154,153,15,41.810002811688314,-71.36329617532468,High
RouteID_91a7f3c3-aea5-47d2-bc50-224b9aab2080,DLA7,2018-08-02,16:00:00,3313071.0,146,145,19,34.115433047945196,-117.55363505479458,Medium
RouteID_91ada984-d3ec-4e4a-908d-64cbe5cc5783,DLA7,2018-08-11,14:36:36,3313071.0,157,156,20,33.84596987261148,-117.89076385350317,High
RouteID_91b0cb9c-63f5-4ac7-bae2-245dd628a7d4,DBO2,2018-08-15,11:52:52,4247527.0,67,66,21,42.340453761194034,-71.07050138805971,Medium
RouteID_91b46004-2e9f-4df1-a3f8-ab49128126f1,DLA9,2018-08-26,14:24:05,4247527.0,129,128,24,33.69793215503875,-117.72095679844959,High
RouteID_91b561c1-859b-4999-a886-afcf86ca6325,DSE5,2018-07-21,14:35:41,4247527.0,168,167,11,47.288453178571416,-122.51788990476193,High
RouteID_91ba7858-5ab7-4a51-a470-22076c2682dc,DLA9,2018-07-30,14:31:18,4247527.0,142,141,29,33.654183450704224,-117.6842622535212,High
RouteID_91bdcdc0-5f1f-4e62-bd8a-04df66e0ed9b,DLA7,2018-08-14,16:04:34,3313071.0,151,150,17,34.084233284768196,-117.61844880132453,High
RouteID_91be7323-d6c5-4dff-a71d-b8fde8700caa,DSE5,2018-08-21,15:02:20,3313071.0,158,157,12,47.366117626582266,-122.1990524050633,Medium
RouteID_91c56190-22d3-40e2-9f5d-eccd06e5f0e0,DSE4,2018-07-30,16:06:06,4247527.0,125,124,17,47.69226410400001,-122.32060365599999,High
RouteID_91c6896a-de79-4d03-8489-253146bec27b,DAU1,2018-08-15,14:29:26,4247527.0,128,127,26,30.381147507812496,-97.80166995312504,High
RouteID_91e82851-d18a-4cdc-be11-f2fe35e055dd,DSE2,2018-08-05,15:06:47,4247527.0,85,84,19,47.64146392941177,-122.37256985882351,Medium
RouteID_91f12962-7f76-4e66-aa38-ebcd53923073,DLA4,2018-07-20,15:15:00,3313071.0,182,181,16,34.14317245054945,-118.62528754395608,Medium
RouteID_91f636b0-0b01-47ea-b2f5-aeb8953f0095,DSE5,2018-08-16,14:13:13,3313071.0,162,161,15,47.45650083333335,-122.35697413580237,Medium
RouteID_91f98ff7-5923-48df-a8f4-67b5274d8f29,DSE5,2018-08-10,14:26:55,4247527.0,149,148,10,47.27964021476508,-122.52225989932892,Medium
RouteID_91fd1d9e-b513-4004-98b5-94fc44f70ecd,DCH3,2018-07-25,14:03:04,3313071.0,205,204,20,41.87116014146344,-88.30757743414634,Medium
RouteID_91fed7a7-e02b-4cb1-a5b1-ce662fcaefb7,DSE4,2018-08-06,15:28:33,4247527.0,108,107,15,47.6796338425926,-122.26711321296298,Medium
RouteID_920d1cd2-9d64-4ac3-876e-f24e8e2f0689,DSE4,2018-07-30,15:22:06,3313071.0,157,156,24,47.924012337579605,-122.30186759872618,Medium
RouteID_921df874-53dd-4478-b398-4fed2587fded,DCH3,2018-07-22,15:01:43,3313071.0,198,197,20,41.83133730808079,-88.07289132323231,Low
RouteID_9221a08a-6e4e-4081-887d-b3219b0ae5b6,DLA7,2018-08-07,16:33:08,3313071.0,160,159,20,34.126784487500004,-117.77205906249999,High
RouteID_92258d20-c45e-4774-a7d4-52850ed2cf40,DLA7,2018-07-28,15:05:17,3313071.0,174,173,25,34.1395101091954,-117.84270833908056,Medium
RouteID_9239d958-2173-47c0-ad32-fe2a08319bf4,DLA7,2018-07-19,14:23:51,3313071.0,133,132,21,33.89486435338346,-117.91592501503753,Medium
RouteID_923d8a54-76e6-423e-9240-49989a19fd86,DBO3,2018-08-15,12:39:23,4247527.0,148,147,18,42.45274997297297,-71.50497452027027,Medium
RouteID_923fd6c4-f2a9-434e-9c02-e01a89743540,DSE4,2018-08-14,14:57:22,3313071.0,197,196,28,47.88348106091371,-122.16189561421322,High
RouteID_9254f1aa-e3dd-4bbd-a1d7-c9e299722783,DLA9,2018-08-18,15:00:00,4247527.0,130,129,26,33.65423349230769,-117.67924312307697,High
RouteID_925539d2-b772-40a5-9e5e-276317602149,DCH3,2018-08-16,13:34:55,3313071.0,183,182,19,41.58726842622949,-88.00657503278688,Medium
RouteID_9261c89b-0095-4e15-b68c-8b9a4cc087f6,DLA7,2018-08-06,15:01:41,3313071.0,142,141,24,33.89519409859153,-117.77017576760565,High
RouteID_9262298e-a565-4221-b5a1-fc9879f45f47,DLA9,2018-08-09,15:58:03,3313071.0,132,131,21,33.67643723484849,-117.99652809848486,High
RouteID_92682153-989e-4baf-a022-0764fe22ffa9,DBO2,2018-08-01,13:44:37,3313071.0,143,142,23,42.326896993007,-71.22887334965031,Medium
RouteID_92694ad8-a766-42d8-884b-bfac7b03011e,DBO3,2018-08-08,12:15:00,3313071.0,119,118,10,42.24029202521008,-71.8084428907563,Medium
RouteID_926ea36e-50d9-4bac-8726-01280665e073,DLA7,2018-08-08,16:14:37,3313071.0,148,147,19,34.085680013513525,-117.61913204729734,Medium
RouteID_92708875-21c8-48b8-8ff5-bcc0bf30a63f,DSE4,2018-08-02,15:45:09,4247527.0,144,143,15,47.69598322916667,-122.28496402083336,High
RouteID_9270912d-146e-4cd4-afc5-87a0aef6d719,DCH3,2018-07-22,15:30:00,3313071.0,182,181,20,41.87765902747255,-88.01309284615385,High
RouteID_927237b1-7bdc-442f-9868-3c294333e0da,DBO1,2018-07-25,14:15:45,4247527.0,120,119,15,42.387252225000026,-71.12697443333332,High
RouteID_928223de-c16a-4ae7-8107-c57bf680926f,DLA7,2018-08-14,15:09:47,3313071.0,158,157,21,34.14241887341772,-117.84465715822786,Medium
RouteID_929e8231-a5e7-4a32-b1fd-4354cd2c0652,DLA3,2018-08-11,15:30:00,3313071.0,127,126,22,34.08809552755905,-118.28649299999995,High
RouteID_92a00852-2492-4619-aa92-2253ff571e3f,DBO2,2018-07-20,14:08:46,3313071.0,97,96,15,42.354298061855644,-71.14636058762885,Medium
RouteID_92a5fc39-ec62-4dc5-a3ff-f433c91ccc0a,DSE5,2018-07-31,14:00:44,4247527.0,135,134,8,47.21808377037036,-122.51369921481479,Medium
RouteID_92ac7c22-a275-4f96-bca6-90bf9bd34f47,DLA8,2018-08-04,15:38:32,4247527.0,104,103,17,34.09671727884615,-118.38281696153854,Medium
RouteID_92b58f35-ecd3-4b84-b5b0-a5dd25e9af64,DLA9,2018-08-26,14:19:32,4247527.0,113,112,24,33.630362460177,-117.74452733628323,Medium
RouteID_92b6416c-948f-4ee6-ac45-d9a4ebc0daf2,DBO2,2018-08-08,13:45:00,3313071.0,144,143,22,42.271155708333346,-71.01554851388889,High
RouteID_92d5afc9-79a9-462e-9b8d-3be85d1ebafb,DLA5,2018-08-15,15:53:32,3313071.0,186,185,22,33.95650098924732,-117.42042665053756,Medium
RouteID_92d5f4cc-d06e-4282-853e-3ea4195544e0,DLA3,2018-08-13,15:02:58,3313071.0,60,59,16,34.09306108333334,-118.35157598333333,High
RouteID_92fa01bd-1907-4b1c-ab57-2b466ca1c60b,DLA3,2018-08-07,15:54:02,3313071.0,105,104,16,34.1270241142857,-118.35147195238099,Medium
RouteID_92ff1fdd-ad86-4a3d-be81-068a174a5b7b,DSE5,2018-08-20,15:07:07,4247527.0,177,176,15,47.291761802259884,-122.38937073446326,Medium
RouteID_9301e832-6af9-430f-91af-b19acbf73c03,DSE4,2018-08-11,16:05:02,4247527.0,118,117,16,47.69209355084747,-122.31989944067793,High
RouteID_9305bd3f-c2a6-41a5-80ea-ab46b1e58486,DAU1,2018-07-22,16:15:00,4247527.0,161,160,27,30.566925714285716,-97.66248601242232,Medium
RouteID_930f8586-2d55-48ca-bb8c-9dbe2109c4a7,DLA7,2018-07-19,14:30:00,3313071.0,156,155,19,33.855325493589746,-117.95876095512816,High
RouteID_932b0774-9fc4-4091-bb59-bbe711a66574,DBO3,2018-08-10,12:33:21,4247527.0,180,179,26,42.26174677777778,-71.46730068888888,Medium
RouteID_932e986f-ae89-4e72-835f-058c63a98575,DLA8,2018-08-16,16:45:11,3313071.0,150,149,19,33.83363772666669,-118.27013622000001,Medium
RouteID_933424ea-90be-4a67-aca0-614bb98a84fa,DSE2,2018-08-24,15:10:00,4247527.0,100,99,17,47.64356554,-122.35561965000001,High
RouteID_93462323-f8c8-40ab-92b5-6deb07ddbc35,DLA3,2018-08-06,16:00:00,3313071.0,82,81,12,34.04844089024391,-118.28443458536582,High
RouteID_934c76ca-845b-4463-b8d5-3104e6d3bacc,DLA7,2018-07-31,16:00:00,3313071.0,169,168,28,34.013470378698216,-117.79605153254441,Medium
RouteID_934cbf65-12fa-4a3a-8b31-235cb3619d21,DBO3,2018-08-14,12:15:00,4247527.0,149,148,19,42.102994624161056,-71.12066954362416,High
RouteID_93576cbb-2b11-420f-92c4-e73ce7221cea,DLA9,2018-08-18,15:05:31,3313071.0,162,161,27,33.76336674074074,-117.9924435493827,Medium
RouteID_935b8e72-1c72-4f46-b1c1-9f78b266e609,DCH4,2018-07-24,15:22:52,4247527.0,171,170,23,42.200772947368435,-88.3852266374269,Medium
RouteID_935e7525-5cd0-441d-9cff-33286ec733a7,DSE5,2018-07-27,14:36:38,4247527.0,181,180,16,47.28638238674032,-122.37989029281762,Medium
RouteID_9361d8bc-cde2-4961-ba4a-aad72051c6cd,DLA5,2018-07-29,15:56:48,3313071.0,143,142,22,33.91126232167833,-117.4852665734266,Medium
RouteID_936eea3d-24e4-44f0-b92f-9ac637f0e46d,DBO3,2018-08-13,12:15:00,4247527.0,158,157,36,42.284813246835455,-71.34923155696198,Medium
RouteID_9388c1f0-4765-4ca0-8920-df36cd3ae65c,DSE5,2018-08-20,14:17:21,4247527.0,160,159,14,47.354376212499986,-122.29312543749995,Medium
RouteID_939d6dde-41f7-4b26-975f-ad55efd2b1cc,DLA7,2018-08-16,15:03:20,3313071.0,133,132,21,34.14039772180451,-117.8739852781954,Medium
RouteID_939e5c6a-701d-4cd6-831a-2b0833249d70,DCH2,2018-07-26,14:07:28,3313071.0,165,164,19,41.954509569696945,-87.7402740484848,High
RouteID_939f1e03-6dfd-4ec1-a834-f2adc8787235,DLA7,2018-08-01,15:50:10,3313071.0,182,181,19,33.86699107692307,-117.5692526868132,High
RouteID_93a0895e-eb77-4b5d-99bb-83506846f12a,DSE4,2018-07-21,16:02:38,4247527.0,140,139,13,47.660865242857156,-122.27682039285713,Medium
RouteID_93cbc871-5f6c-4212-9ef6-65777c220c98,DLA3,2018-08-14,15:54:43,3313071.0,105,104,18,34.08495256190476,-118.282319,High
RouteID_93ccb968-fe5f-45ab-9dab-2962643af1c4,DLA9,2018-08-04,15:55:10,3313071.0,115,114,20,33.66867269565218,-117.99049993043475,High
RouteID_93ce63d9-b285-4952-a94b-37ef19c3b8eb,DLA8,2018-07-28,16:15:00,3313071.0,132,131,28,34.009268977272725,-118.46553317424251,High
RouteID_93d227e0-f1a1-4d39-926d-9ba62ed56147,DLA4,2018-08-13,15:25:18,3313071.0,162,161,16,34.191755191358034,-118.6205870493827,Medium
RouteID_93d610ab-4fb4-43d9-867f-7a37603508b4,DLA8,2018-08-14,16:15:00,3313071.0,124,123,25,33.989580411290326,-118.42822770967734,Medium
RouteID_93d71cbe-d03d-468b-a049-4c2367e47732,DSE5,2018-08-14,15:15:00,4247527.0,136,135,12,47.2873674117647,-122.50331125,High
RouteID_93daa415-4696-4bf8-81f3-da7fb0427921,DBO3,2018-08-07,11:33:11,4247527.0,106,105,17,42.41961557547169,-71.22582681132077,High
RouteID_93dd05db-24d2-47b9-83a3-57889587c9e3,DLA3,2018-08-05,16:40:16,3313071.0,184,183,15,33.96428538586955,-118.210175222826,High
RouteID_93e39872-7c95-4c24-9f07-fab8032d3ef6,DBO3,2018-08-01,11:37:09,4247527.0,183,182,21,41.92061412021856,-71.39888806557377,Medium
RouteID_93f62547-6430-47ff-87a0-b57b819aecc7,DLA7,2018-07-25,15:03:57,3313071.0,158,157,19,34.03206731645571,-117.77137070253166,High
RouteID_93f958c6-b546-4b39-bfd1-4111815bc474,DAU1,2018-08-15,14:13:10,4247527.0,133,132,19,30.32243985714284,-97.99999787218043,High
RouteID_942091ee-8344-47d3-a4d5-3a398a673e1c,DCH1,2018-08-14,12:34:40,3313071.0,123,122,12,41.77746427642278,-87.60988973983739,Medium
RouteID_943def1a-74e9-4056-b80e-5b407f3613e7,DLA7,2018-07-30,15:36:22,3313071.0,174,173,33,33.88989024137929,-117.7903326149425,Medium
RouteID_944964ba-76e9-4eb6-ac64-c76d8cd7062e,DLA9,2018-08-17,13:39:53,3313071.0,165,164,21,33.612670115151516,-117.670030121212,High
RouteID_9449c1fc-e39a-4103-8b6d-9a47d6fb7399,DBO3,2018-08-17,12:15:00,3313071.0,132,131,24,42.52029021969696,-71.43734190151518,Medium
RouteID_94529fb2-8957-40b7-af1e-b724938243ef,DBO2,2018-08-13,14:37:58,3313071.0,140,139,25,42.2051134357143,-71.18986362142861,High
RouteID_9460ac40-0616-42c1-9789-f13ccf9bcbc0,DLA7,2018-07-29,16:00:00,3313071.0,165,164,25,34.138741654545434,-117.84098550909087,Medium
RouteID_946f7bbb-5e2d-43af-930f-dd35f35d6716,DSE4,2018-08-16,15:06:25,3313071.0,166,165,24,47.801078843373524,-122.17860874698796,Medium
RouteID_9475872b-287f-4c2c-8e29-887766a4e090,DSE4,2018-08-21,15:30:00,3313071.0,187,186,25,47.85806362032087,-122.20378871657742,Medium
RouteID_948213de-90d0-4b97-8fb9-490877eeb2a3,DLA7,2018-08-12,16:28:34,3313071.0,160,159,31,34.017206100000024,-117.84312076874994,Medium
RouteID_94871669-a553-47c2-8407-c4a7e3bf1de6,DSE5,2018-08-19,13:58:07,4247527.0,170,169,15,47.118821988235254,-122.31883560000003,Medium
RouteID_948cde07-f266-4943-9c04-946fa788a934,DSE5,2018-08-26,14:21:22,3313071.0,176,175,15,47.41578378977271,-122.32278820454535,High
RouteID_94a2325a-12ad-448c-bf15-74d000fd9f62,DBO3,2018-07-25,13:04:43,4247527.0,191,190,16,42.15395471204189,-71.61072128795814,Medium
RouteID_94a7fa38-096b-426b-beba-343e913f475b,DLA9,2018-08-15,16:06:38,3313071.0,92,91,24,33.635196423913044,-117.83224165217385,High
RouteID_94b738a9-a9bf-48d7-9fdd-dbf9c4f6209c,DLA9,2018-08-17,16:00:04,3313071.0,173,172,27,33.68716561271675,-117.97618168208086,High
RouteID_94b8edf4-22ad-4bce-b041-a1f4f33dd9b6,DLA7,2018-08-07,16:33:04,3313071.0,153,152,27,34.022136091503285,-117.84039716993466,Medium
RouteID_94ba73e6-a9fa-4f8f-a156-b939c81bd5f0,DBO3,2018-08-03,11:37:07,4247527.0,150,149,24,42.34320851333333,-71.34984369333336,High
RouteID_94c047d2-6bad-4042-8ca8-d687b563e82f,DLA7,2018-08-06,15:31:33,3313071.0,158,157,22,34.15076533544304,-117.53326389240499,High
RouteID_94cdc384-bd76-4506-a894-21ce9efb76c6,DCH2,2018-07-31,12:54:09,3313071.0,164,163,21,41.9215185487805,-87.79707256097561,Medium
RouteID_94ce2e91-4ad9-4626-8cdc-b57b086e80a8,DCH4,2018-08-16,13:28:08,4247527.0,156,155,22,42.144032391025625,-88.328348448718,High
RouteID_94cf12cb-bf73-495f-8e1f-0f2805e8bfd7,DLA7,2018-07-27,16:37:14,3313071.0,140,139,22,34.03522373571429,-117.85259996428574,Medium
RouteID_94d877dc-a95a-4a21-b098-e9e2219eed08,DLA9,2018-07-25,13:51:42,3313071.0,98,97,23,33.558291153061234,-117.64300896938774,Medium
RouteID_94d8e053-64e2-4d1c-baf0-9d55847e4994,DLA9,2018-08-09,15:13:11,3313071.0,160,159,20,33.753482812500025,-117.95065615625,Medium
RouteID_94fde554-5d6f-45a4-bccf-555d7fe63512,DLA8,2018-07-28,14:44:07,4247527.0,179,178,14,33.91575011173186,-118.23709107262559,Medium
RouteID_9502e266-ba8b-4adf-9c9c-4df398732b3e,DBO2,2018-08-09,11:45:50,4247527.0,168,167,27,42.19290961309524,-70.99796998809529,High
RouteID_9503e8df-e3ce-439a-90d2-c32719e8f1b5,DLA7,2018-08-14,15:40:12,3313071.0,143,142,16,33.98749424475525,-117.5545336783216,High
RouteID_95265199-b900-4669-b656-d6db89608fe9,DBO3,2018-08-03,12:53:57,4247527.0,139,138,25,42.4311397769784,-71.40005771942441,Medium
RouteID_9542bdb9-9c28-4c5b-a597-334ef5e2683c,DLA5,2018-07-25,16:00:00,3313071.0,157,156,23,33.943156961783465,-117.40636391719751,High
RouteID_954402f1-b794-43f2-a51f-f7a19106da85,DBO3,2018-08-09,12:10:44,3313071.0,159,158,24,42.342774257861606,-71.55445325786167,Medium
RouteID_9544f411-908a-47f8-947a-0ec0f3640a6e,DCH4,2018-08-16,14:08:08,4247527.0,159,158,21,42.09795327672957,-88.14292272327044,High
RouteID_95474349-f6e6-47a6-b09d-e25762e3c98c,DCH4,2018-08-10,15:34:26,4247527.0,153,152,19,42.213578869281044,-88.34073296078431,Medium
RouteID_95616924-892d-4e11-8c21-9b7e88c49172,DSE5,2018-08-14,13:26:48,3313071.0,197,196,18,47.3485807715736,-122.27380683248725,High
RouteID_9573f674-8b59-4b5b-a3f8-53af43e4092c,DCH3,2018-07-27,15:02:26,3313071.0,199,198,22,41.721136467336684,-88.14198921608038,Medium
RouteID_957ab8fc-6f56-4b75-ac22-66fcfdc3b423,DLA8,2018-08-09,14:30:16,3313071.0,82,81,21,33.76949751219513,-118.17579848780488,High
RouteID_958af888-e65b-48fb-a0a0-a166a75ac91e,DLA7,2018-07-31,15:49:09,3313071.0,188,187,16,33.981323585106395,-117.57362552659578,High
RouteID_95adad87-dda0-4b83-9689-821509508e14,DLA7,2018-08-14,14:24:17,3313071.0,157,156,20,33.82464770700638,-117.82241042038221,Medium
RouteID_95b554da-3b50-4f32-ad82-2355cba7132d,DBO2,2018-08-04,12:54:28,4247527.0,67,66,37,42.34571656716419,-71.10265573134329,Low
RouteID_95b6b1fa-7dd4-49f2-b3ee-3c0c4d3380db,DLA7,2018-08-16,15:48:33,3313071.0,144,143,22,33.86452788888889,-117.54038827083335,High
RouteID_95b9af27-4fbe-4da3-9b4e-365e2bbdfa23,DLA8,2018-08-13,16:37:50,3313071.0,135,134,16,33.721324933333335,-118.29444942222224,High
RouteID_95be27e7-3741-48c8-9423-909e6454fcfc,DCH4,2018-08-08,13:37:18,4247527.0,155,154,25,42.06890326451614,-87.80510302580643,Medium
RouteID_95bfd6be-cf4e-4729-8f9b-eb41dddf22fd,DLA8,2018-07-31,16:34:41,3313071.0,190,189,17,33.797638968421055,-118.26792987368424,High
RouteID_95c6b466-e11d-4030-bf3a-d70a9a78357a,DBO3,2018-08-15,12:15:00,4247527.0,156,155,10,42.04070325641028,-71.57671605769231,Medium
RouteID_95c9e705-4111-4fba-9694-916ea3f87bb9,DLA3,2018-07-31,15:30:00,3313071.0,106,105,20,34.086366113207546,-118.28296412264153,High
RouteID_95cf26e3-2dde-4790-aa5d-5fe5e5a506ac,DSE4,2018-08-10,15:10:28,3313071.0,159,158,21,47.75049007547169,-122.08651223899373,High
RouteID_95d8741c-1386-4897-bf9a-ec8f569dde2e,DBO2,2018-08-08,14:00:51,3313071.0,136,135,23,42.35609162500001,-71.19538708823531,Medium
RouteID_95ddc834-5620-4cb7-8313-77a7a4d4d637,DSE5,2018-07-27,15:30:26,3313071.0,170,169,18,47.464647517647045,-122.1552792647059,Medium
RouteID_95e31736-380a-4820-bcc3-d0cb2e359375,DCH2,2018-07-25,14:58:14,3313071.0,157,156,21,42.00823812101908,-87.79845068152862,High
RouteID_95ecb3aa-0da8-4baf-b41b-9b872dd45aa1,DSE5,2018-08-15,13:59:09,4247527.0,164,163,14,47.1102390304878,-122.25681335975608,Medium
RouteID_95ff1d01-97f7-4b15-8a1a-19ed5ded8f5e,DLA8,2018-07-22,15:40:30,3313071.0,130,129,26,34.00003198461538,-118.45794755384611,High
RouteID_9612b83b-a027-4c03-97f0-6036b7e904c1,DSE4,2018-08-02,16:04:33,4247527.0,126,125,15,47.69349026984127,-122.32036449999997,High
RouteID_961f6c70-7942-4405-8683-47b2adec7d75,DLA7,2018-07-28,15:08:19,3313071.0,142,141,25,33.88340952112676,-117.8310828521127,High
RouteID_962ca140-5796-4c4a-a183-53f01dd0e9f4,DLA9,2018-08-23,13:47:53,3313071.0,126,125,17,33.40996176190477,-117.5975917698413,Medium
RouteID_962ead5c-0e6b-40f8-9ed1-a400cf890a6b,DAU1,2018-08-11,14:06:52,4247527.0,134,133,26,30.344380022388073,-97.9845625223881,Medium
RouteID_96364b76-94cd-44c3-b69c-ef4467985180,DLA3,2018-08-09,15:56:11,3313071.0,87,86,15,34.050100678160916,-118.28107974712647,High
RouteID_963e5efd-3d7d-4242-b889-e91ab4b7c65c,DLA7,2018-07-30,15:13:44,3313071.0,161,160,25,34.10948199378883,-117.84433692546583,Medium
RouteID_96416aae-1889-471f-b780-4860e3a9b0c8,DSE4,2018-08-15,15:33:58,4247527.0,111,110,17,47.663400837837834,-122.28271199999998,Medium
RouteID_96472e54-679b-4b99-8d2b-c250c0ec83d5,DLA7,2018-07-24,16:00:00,3313071.0,176,175,20,34.12608168181817,-117.58575065340906,High
RouteID_965da8da-029f-4656-b1c3-4ebc3255e19d,DCH3,2018-08-14,13:29:54,3313071.0,175,174,16,41.67069853714285,-88.12401150285719,Medium
RouteID_965e2ec6-542e-4e3f-9656-fc02aa3e9db4,DLA7,2018-08-04,14:31:03,3313071.0,148,147,25,33.80455048648648,-117.77940234459456,Medium
RouteID_96600fa9-d0ad-409f-9d47-7eb7b7f32766,DLA7,2018-08-02,16:43:47,3313071.0,167,166,27,33.9687336766467,-117.7277256646707,Medium
RouteID_96865d43-1ab6-4e12-bef6-61c95ad48004,DSE4,2018-08-16,14:57:28,3313071.0,143,142,23,47.67511653846152,-122.17162725174826,Medium
RouteID_9689059b-7fa9-4e61-9152-93eb850ba3df,DLA9,2018-08-05,13:50:48,3313071.0,113,112,25,33.58300620353981,-117.73894809734517,High
RouteID_968ad32e-3dc4-4b0e-a477-214a62de492d,DLA7,2018-07-21,15:10:21,3313071.0,157,156,21,33.88107408280251,-117.71881128025471,Medium
RouteID_969d30e1-bdf7-479a-8a80-af8d7ffaf89f,DLA7,2018-08-10,14:30:00,3313071.0,137,136,21,33.88891135036498,-117.94566778832113,Medium
RouteID_96a30b6f-973f-4cdd-bf4a-a9b160082d31,DAU1,2018-08-10,14:38:02,4247527.0,138,137,28,30.277712579710148,-97.79624560144931,Medium
RouteID_96aa7155-dcbf-4b20-95e8-cd278c82698f,DLA7,2018-07-20,16:00:00,3313071.0,162,161,19,34.14034434567901,-117.60123749382717,Medium
RouteID_96af2792-8cfe-4055-8589-7f24cd4a9b99,DSE4,2018-08-13,15:30:35,3313071.0,179,178,22,48.08832721787711,-122.14861150837991,Medium
RouteID_96b03739-edc3-4d98-9d46-2908d172f5ad,DLA7,2018-08-05,14:20:54,3313071.0,143,142,24,33.89522244055945,-117.94584331468538,High
RouteID_96cd0efc-5bdf-417f-bf15-fab124b420d2,DCH4,2018-07-31,15:32:57,4247527.0,166,165,22,42.183410903614444,-88.05735604819279,High
RouteID_96d031ae-6ad3-41ba-b40d-c33d5d977209,DCH2,2018-07-23,13:59:11,3313071.0,103,102,22,41.97048572815535,-87.7030753009709,Medium
RouteID_96d67125-19fa-4cfa-83ce-2f57439c365d,DBO3,2018-08-01,12:43:38,3313071.0,180,179,19,42.07185643333333,-71.42917203888886,Medium
RouteID_96db02dd-1036-4e8c-8e56-23bc192329f3,DLA8,2018-08-11,16:34:36,3313071.0,188,187,24,33.86547467553193,-118.05803043617014,High
RouteID_96db0ee3-7c96-4863-bb4a-ff06eb20c5c7,DCH4,2018-08-07,14:30:28,3313071.0,156,155,19,42.108289,-87.93051687179482,Medium
RouteID_96db3854-91c7-49ba-81c7-446416c2ceb5,DCH1,2018-08-03,13:43:35,3313071.0,181,180,18,41.756980613259685,-87.82635915469615,Medium
RouteID_96dea957-0495-4886-b113-6234a645a6fd,DCH3,2018-07-30,14:55:19,4247527.0,186,185,24,41.77774194623653,-88.13882112903221,Medium
RouteID_96f2095a-fe7f-42bb-8d39-61d782636612,DBO2,2018-08-06,12:21:25,4247527.0,145,144,21,42.15508475862069,-70.85823356551727,Medium
RouteID_96f67d43-156b-4003-9fc5-f1daed45cd64,DLA7,2018-07-23,14:33:05,3313071.0,152,151,29,33.87507900657895,-117.8354782763159,Medium
RouteID_96f8757e-f09d-46e4-b66e-7fc86cebc607,DBO2,2018-08-06,11:58:53,4247527.0,193,192,28,42.15550701554403,-71.00770610880825,Medium
RouteID_9702411b-9b1b-46b6-80d1-7fed3c2d4f89,DLA8,2018-07-27,16:53:28,3313071.0,182,181,20,33.85558449450553,-118.06342901648344,Medium
RouteID_97129275-cabc-4dca-896e-6fe16ca147e7,DLA9,2018-08-14,15:04:14,3313071.0,203,202,29,33.73047539901478,-117.96760487684736,Medium
RouteID_974820df-51c9-4536-a1c2-0a7dd82cb138,DSE5,2018-08-07,15:07:00,3313071.0,127,126,9,47.330851952755886,-122.02218048818897,High
RouteID_97566b67-bad8-49da-b375-9c4d72a95441,DLA9,2018-07-28,16:06:15,3313071.0,172,171,27,33.745036854651154,-117.8642474883721,High
RouteID_97601048-f0ce-4457-81dd-bc968737b317,DLA5,2018-08-07,14:13:23,3313071.0,100,99,19,34.051809429999985,-117.18953942999995,High
RouteID_97696338-7d91-42fa-b761-419bc731a87d,DBO3,2018-08-02,12:15:00,4247527.0,122,121,23,42.45441819672133,-71.37489219672132,High
RouteID_97818239-52ee-475d-8695-031fd5bf7e08,DLA7,2018-08-11,16:23:20,3313071.0,111,110,27,34.093755306306306,-117.70667337837834,High
RouteID_97880895-c864-445f-b7b1-12a8ed8fbb87,DLA8,2018-07-28,16:41:17,3313071.0,182,181,25,33.863928302197806,-118.05810833516489,High
RouteID_97a2ffd6-7b92-42f4-aa14-36713a37f98a,DSE5,2018-08-14,13:36:53,3313071.0,177,176,16,47.49683136723162,-122.2293454180791,Medium
RouteID_97b0b609-8403-4784-8ed3-173e55c30998,DLA8,2018-07-30,16:18:42,3313071.0,98,97,27,34.0263362244898,-118.486765244898,High
RouteID_97b0cef5-3278-4512-9f73-72c20ca34835,DLA9,2018-08-12,13:37:34,3313071.0,102,101,19,33.42543366666666,-117.62044638235295,Medium
RouteID_97b12e58-25d8-44fa-8d68-d53e9d4825d1,DCH4,2018-08-13,14:09:20,4247527.0,182,181,22,42.03406976923079,-88.07387878571426,Medium
RouteID_97b9c957-981a-4d64-bc6f-029d0032b362,DBO2,2018-07-27,13:39:32,3313071.0,145,144,25,42.32412451724137,-71.19081534482758,High
RouteID_97ce0a0a-3eff-4f2e-b6c0-8d6533a8c04a,DLA9,2018-08-11,14:24:24,4247527.0,178,177,25,33.61101948876404,-117.66763886516856,Medium
RouteID_97dc914f-67ad-483b-a778-1fa4863b68eb,DLA7,2018-08-16,14:25:40,3313071.0,135,134,18,33.83142606666667,-117.89522801481478,High
RouteID_97e37b9c-462f-4d24-a4ca-7f1acde22f5a,DSE4,2018-08-07,15:34:44,4247527.0,99,98,14,47.662144646464654,-122.27954323232328,Medium
RouteID_97ea3b69-eae6-4db8-a188-d98a03d73d74,DCH3,2018-07-25,13:37:14,3313071.0,178,177,23,41.80031922471909,-87.961544752809,Medium
RouteID_981087e3-47dc-49c7-92c4-45fe1ec61419,DSE5,2018-07-31,14:00:00,3313071.0,160,159,13,47.370558956250015,-122.09676843124998,Medium
RouteID_9812e43a-dfe0-4ac1-be34-b30627354335,DCH4,2018-08-15,13:40:31,4247527.0,182,181,17,42.387294620879125,-88.08507921428573,High
RouteID_9829880a-0f4c-4f93-b071-cb83fae0b203,DCH4,2018-08-03,13:28:07,4247527.0,161,160,31,42.18132289440994,-87.79885078881988,Medium
RouteID_982cef5d-b8a8-4ce3-b120-252bed0fec5b,DCH3,2018-08-07,15:30:00,4247527.0,194,193,20,42.01321874226801,-88.11895277319586,Medium
RouteID_98488458-a6a1-442a-a5ce-dc07f643b622,DLA9,2018-08-22,15:03:18,3313071.0,159,158,22,33.819635389937105,-117.93633600628932,High
RouteID_9850318d-b2af-4570-a2f1-46f02bd9c9f7,DLA7,2018-08-01,15:03:12,3313071.0,116,115,17,34.063365948275845,-117.74000743965519,Medium
RouteID_98872981-8492-40bb-8f2f-bcc64544cb47,DBO2,2018-08-11,13:45:00,3313071.0,167,166,27,42.27174257485031,-71.01694974251495,Medium
RouteID_988d049d-8724-4456-a40b-0874c13c3ad9,DCH4,2018-08-02,15:23:52,4247527.0,142,141,22,42.04950114788733,-87.9005196478873,High
RouteID_988de22d-f737-4490-bc43-471facc25958,DSE5,2018-08-08,14:45:45,3313071.0,196,195,16,47.33017986734697,-122.27633346938777,High
RouteID_98a83cb8-2498-421a-a5be-b4ccca04ac71,DSE4,2018-07-19,16:00:00,4247527.0,117,116,14,47.67109534188035,-122.26629123931623,High
RouteID_98b0253c-4805-43d9-8b4e-305dbcc65435,DLA7,2018-07-31,15:34:24,3313071.0,146,145,19,34.16464097260276,-117.34027265068494,Medium
RouteID_98bd77ea-9f30-4864-9362-9f24afa02d82,DLA5,2018-08-12,15:24:32,3313071.0,196,195,27,33.8721652244898,-117.47080062755099,Medium
RouteID_98cb832c-6ed4-43ba-90de-95c378178248,DLA7,2018-08-14,16:35:43,3313071.0,158,157,21,33.97853439873417,-117.72066922151896,High
RouteID_98dae68a-b04d-4dad-8fba-b43e7a1d9182,DSE4,2018-07-31,15:41:25,4247527.0,122,121,16,47.67562380327866,-122.3247605327869,High
RouteID_98de542d-eacf-485a-9b4c-a4eb33a1f855,DCH4,2018-08-14,14:12:43,4247527.0,175,174,22,42.11419781714284,-87.96546470857143,High
RouteID_98df35d9-2b2d-4523-b3a9-f14615e63fb2,DLA7,2018-08-13,14:14:31,3313071.0,127,126,21,33.83091383464567,-117.89606823622044,Medium
RouteID_98e127f9-64d6-4ae5-acf5-3380315a18fc,DLA7,2018-08-06,16:00:00,3313071.0,142,141,22,34.11040902112678,-117.77800533802815,Medium
RouteID_99120b29-3e26-4f27-8e1e-9f250a83765f,DLA7,2018-07-30,14:19:11,3313071.0,151,150,29,33.80313784105961,-117.82094058278149,High
RouteID_9917229d-d7b3-4f75-aafa-60805ac19dcf,DSE5,2018-08-24,15:23:08,3313071.0,151,150,13,47.37229949668872,-122.0978876754967,High
RouteID_9917533b-defa-4bff-af52-069eb9e9f357,DSE4,2018-07-23,15:05:27,3313071.0,166,165,29,47.910055939759054,-122.30671213855422,Medium
RouteID_992f66e9-e1cf-422b-91ba-a834063a5bed,DAU1,2018-07-27,15:03:28,4247527.0,143,142,27,30.28358720279719,-97.83299081118886,Medium
RouteID_99494287-3d51-424b-85da-1e7e1e92d26b,DCH4,2018-08-01,13:45:15,4247527.0,157,156,24,42.09435444585988,-87.82247985350321,High
RouteID_9952d320-113f-456b-abf0-f75f95bb6ea0,DLA9,2018-08-18,13:51:19,3313071.0,145,144,24,33.5776565862069,-117.652801537931,Medium
RouteID_99575598-b754-48eb-9ae7-261aaca3c976,DSE5,2018-08-01,15:30:16,3313071.0,171,170,15,47.4042187076023,-122.19930236257309,Medium
RouteID_9963f6f6-a7ed-4095-9b40-e802fa4206f6,DLA7,2018-07-24,15:26:37,3313071.0,160,159,18,34.13144500624999,-117.82934541250006,Medium
RouteID_99822dcb-a1a2-421b-93e6-5387a43f71aa,DSE4,2018-08-21,14:46:03,3313071.0,169,168,26,47.791772680473386,-122.23434259763306,High
RouteID_99adc175-b49c-48a4-bf5b-89c9551303bb,DLA3,2018-08-14,15:52:00,3313071.0,91,90,15,34.11333586813187,-118.37006805494507,High
RouteID_99c5a923-a2d6-448e-966a-d963051cd2a9,DSE4,2018-08-24,15:04:34,3313071.0,175,174,28,47.813135102857125,-122.18294361142864,High
RouteID_99d03063-0f92-48da-9745-2cfa76fb17ba,DLA9,2018-07-31,15:21:26,3313071.0,125,124,29,33.765182504,-118.14796352000003,High
RouteID_99d1e882-493e-4c54-bc45-24486130bdc2,DSE4,2018-08-20,15:07:17,3313071.0,215,214,29,47.899476776744216,-122.18420213023256,Medium
RouteID_99dc2991-9256-4295-adba-f2ab7cbd98b0,DBO3,2018-08-13,11:30:08,4247527.0,131,130,24,41.83891589312979,-71.39841387022902,High
RouteID_99dd7d8a-fe9b-407f-88c8-fa78dbbd077c,DBO3,2018-08-16,11:30:00,4247527.0,144,143,27,42.384560430555545,-71.23658863888888,High
RouteID_99e946dc-f583-48ea-8b4b-d5c100e7548f,DSE5,2018-08-10,15:21:50,3313071.0,152,151,14,47.48353426315787,-122.28941736842108,Medium
RouteID_9a004aa7-847f-4155-8311-0bce7f78d5f6,DLA7,2018-08-14,16:17:16,3313071.0,167,166,22,34.13099858682634,-117.64524366467067,High
RouteID_9a0297d1-0be0-4cfc-982d-35c012674c2a,DCH3,2018-08-08,12:55:41,4247527.0,185,184,16,41.93060473513515,-87.99498587027028,High
RouteID_9a036d58-5f8a-41aa-8747-d252c14783ae,DAU1,2018-08-15,15:30:00,4247527.0,115,114,22,30.28165687826088,-97.86904109565221,High
RouteID_9a043c65-3763-4a5d-b7b9-9df6118e9218,DLA9,2018-08-15,14:21:54,4247527.0,165,164,31,33.69866701818182,-117.75604232121215,High
RouteID_9a1b9512-36bc-468c-8bb0-5163595fcbda,DBO3,2018-08-13,12:15:00,4247527.0,112,111,20,42.29265328571428,-71.41578317857144,Medium
RouteID_9a2b2633-3b9c-4f8e-b05a-4ecb13d60435,DSE5,2018-08-02,15:00:00,3313071.0,149,148,13,47.36433963087246,-122.04158287248326,Medium
RouteID_9a3c6431-b74e-4932-bd48-771e37072350,DSE4,2018-07-25,15:54:51,4247527.0,142,141,14,47.693739338028166,-122.29270609154925,High
RouteID_9a3cb202-3571-41e5-a087-255a82fe00ba,DCH3,2018-08-05,15:30:00,3313071.0,187,186,20,41.730238647058805,-88.02927711764704,Medium
RouteID_9a50b546-d85e-4795-b0a8-6be0c63f32b9,DSE2,2018-08-10,14:16:55,3313071.0,99,98,17,47.59869421212123,-122.29216420202022,High
RouteID_9a517a1f-2a2e-4083-974c-ec9ffb01b86f,DLA9,2018-08-18,14:24:41,3313071.0,102,101,23,33.77054919607843,-117.86036608823528,Medium
RouteID_9a52687f-8638-478f-bfa3-aeabbb488093,DLA7,2018-08-15,15:43:56,3313071.0,147,146,21,33.89190842857143,-117.53066101360544,Medium
RouteID_9a657cc2-6430-4684-b7ed-4394f79d5e82,DSE4,2018-08-14,15:24:00,3313071.0,135,134,26,47.96339194814816,-122.2124372,High
RouteID_9a701891-7308-489d-87ef-a243f3a7217c,DLA9,2018-07-31,15:56:12,3313071.0,110,109,17,33.682637054545445,-117.8864918909091,Medium
RouteID_9a70b345-e627-4849-a86e-8f735c9fcbde,DLA4,2018-07-22,13:45:00,3313071.0,75,74,12,34.15320721333333,-118.42386482666664,High
RouteID_9a8d3b90-a9bc-4cf6-bfc0-728ba3f1e9c7,DLA8,2018-08-12,15:41:33,4247527.0,88,87,20,34.056832375000006,-118.38364388636364,High
RouteID_9a9566c0-76db-4262-820b-14fd2c258a79,DLA9,2018-07-24,16:03:02,3313071.0,147,146,25,33.6377340340136,-117.87652714965986,High
RouteID_9a9c7b37-87ec-458b-a842-4a20f00d5144,DLA9,2018-08-19,16:00:00,3313071.0,125,124,17,33.82070752800001,-118.01048591999997,Medium
RouteID_9a9f3006-a563-4844-9ab3-124891658b10,DSE5,2018-08-10,16:11:52,3313071.0,147,146,15,47.35685579591835,-122.01971674149655,High
RouteID_9aa3a3c7-dc44-431b-8e99-5fbd22c5f42b,DSE5,2018-08-10,14:58:38,3313071.0,155,154,12,47.35081297419356,-122.04688216129031,High
RouteID_9aa75858-a115-4588-816d-d878b9c39844,DLA7,2018-08-03,15:11:17,3313071.0,148,147,30,33.86135039864864,-117.7360917229729,High
RouteID_9acaa0e4-4c7f-4183-8b48-13f0f37eaf65,DBO3,2018-07-22,12:14:26,4247527.0,186,185,23,42.05793995698921,-71.09686874731185,High
RouteID_9ace3053-89c5-4df7-9369-4d7afa9cbe2f,DCH4,2018-07-23,15:32:51,4247527.0,209,208,30,42.1118361770335,-88.11458214832537,Medium
RouteID_9acf2220-3d6f-4c60-9cd0-e43add821343,DLA9,2018-08-17,13:53:23,3313071.0,160,159,28,33.64618211875002,-117.57022446875006,Low
RouteID_9ad2a71c-906a-4504-9bc2-4b143334e95a,DLA9,2018-08-15,13:48:02,3313071.0,158,157,20,33.63144958227848,-117.63488763291144,High
RouteID_9ad313b6-a47d-4df1-8117-b1dce631923c,DLA7,2018-07-24,16:04:56,3313071.0,159,158,20,33.97945523270441,-117.72292557232706,High
RouteID_9adfe16c-9061-4b9b-91c6-9ef4c61c4b03,DLA8,2018-07-20,14:51:36,3313071.0,127,126,19,33.78153807086614,-118.16943764566933,High
RouteID_9ae77b99-a089-43cf-875f-91ea6ded715b,DCH4,2018-08-16,14:09:05,4247527.0,137,136,25,42.07674854744524,-88.04719679562042,Medium
RouteID_9b0eadbd-5e75-4250-bc31-c3761f68baaa,DCH3,2018-07-21,14:27:35,3313071.0,184,183,22,41.82360473913042,-88.17846522282609,High
RouteID_9b1e9a51-8251-4b3c-a676-80de195c0bce,DBO3,2018-08-14,12:25:03,4247527.0,141,140,21,42.34787157446808,-71.23305968794321,Medium
RouteID_9b204914-b4a2-414f-b6fb-4945415e6732,DLA8,2018-08-11,16:30:33,3313071.0,138,137,29,34.026763391304335,-118.44691416666669,High
RouteID_9b2082a7-4b66-432d-a546-5044f7732e0f,DLA8,2018-07-25,16:03:13,4247527.0,88,87,14,34.096661738636364,-118.37926464772727,Medium
RouteID_9b228e71-2d99-4a86-b433-e6f0f79f411e,DBO3,2018-08-10,12:49:57,3313071.0,165,164,24,42.13967406666665,-71.52393382424248,Medium
RouteID_9b235981-4998-484a-8553-6bb9f5ca9c5d,DBO2,2018-08-14,13:45:00,4247527.0,152,151,27,42.32514394736843,-71.19075342105263,High
RouteID_9b32b3ae-862b-4121-bb5b-3ecb2f0487dd,DCH4,2018-08-06,14:28:38,3313071.0,182,181,25,42.17283336813183,-87.99337102747253,Medium
RouteID_9b3db831-f276-4602-8616-d78aed300a33,DAU1,2018-07-24,14:53:00,4247527.0,133,132,29,30.316607759398504,-97.87738765413533,High
RouteID_9b6376d4-5875-44bb-903d-848102933439,DSE5,2018-08-03,14:03:16,4247527.0,188,187,19,47.237271808510634,-122.19386278191494,High
RouteID_9b7fbeb9-1d76-4349-9eb1-c41f5e0bc565,DLA9,2018-07-20,16:05:33,3313071.0,83,82,25,33.631027385542176,-117.8212747951807,High
RouteID_9b80b40b-9428-46ec-9af7-1ffca3fc8b3f,DLA8,2018-08-17,17:08:24,3313071.0,153,152,25,34.007257156862735,-118.42937096078427,High
RouteID_9b83052a-da87-47da-8b09-32dbc4c007d5,DSE5,2018-08-12,15:15:31,4247527.0,175,174,12,47.20904661714287,-122.41201581714282,Medium
RouteID_9b85b2fe-2afc-415c-8fe1-6238db19d9dd,DLA8,2018-07-23,16:27:23,3313071.0,128,127,27,34.04384260156249,-118.52647934374998,High
RouteID_9b898cbf-ec17-43b7-b8e8-f8728b0d737a,DCH4,2018-08-03,13:57:57,4247527.0,215,214,33,42.28190719069768,-87.96734673953485,Medium
RouteID_9b99791b-1814-492c-baed-72278230a427,DLA8,2018-07-31,15:13:10,3313071.0,104,103,25,34.01807742307693,-118.41185714423077,High
RouteID_9b9a4657-c467-44e2-92d6-d05a5c1231ee,DCH1,2018-08-07,13:56:51,3313071.0,144,143,21,41.82138682638886,-87.64222723611114,Medium
RouteID_9ba141f6-e96d-4548-9fe7-b7faae666c18,DLA7,2018-07-25,15:07:43,3313071.0,176,175,23,33.87967230113637,-117.7127927386364,Medium
RouteID_9ba9a443-034b-4257-b4f6-e4b70958a335,DLA5,2018-08-03,15:24:27,3313071.0,157,156,18,33.952550700636934,-117.02873939490445,High
RouteID_9ba9cab3-7d12-49ec-a9c9-401f3c440b10,DLA8,2018-08-12,14:59:06,3313071.0,164,163,28,33.77479251829269,-118.13826724390252,High
RouteID_9bb1c3d2-d889-4280-9962-12c00618b3f6,DLA8,2018-07-25,16:15:00,3313071.0,164,163,16,33.89268377439024,-118.13808105487801,Medium
RouteID_9bea1ec7-6f5d-42ac-9c22-b8953334ea83,DLA9,2018-08-06,14:27:45,3313071.0,131,130,19,33.71487402290077,-117.75989601526723,Medium
RouteID_9bfdaaf8-0ddd-452d-a7c5-dedfe71f5327,DLA9,2018-08-18,15:47:53,3313071.0,129,128,31,33.60654456589147,-117.87171086821705,High
RouteID_9c10cf6d-c86d-4c08-b8e5-f7f7ea016bef,DLA8,2018-08-01,16:50:09,3313071.0,152,151,21,33.86153583552632,-118.05757176973684,High
RouteID_9c1aea83-69a4-4b80-a713-9a94d16b3908,DCH4,2018-07-31,14:13:26,3313071.0,206,205,27,42.07832658252427,-87.91472560194177,Medium
RouteID_9c26f357-9dc0-4e8b-a1b9-f14647a87400,DBO3,2018-08-02,12:09:46,4247527.0,124,123,25,42.315328556451625,-71.39544920161288,Medium
RouteID_9c318059-2082-4527-9d9d-67aa50808235,DLA7,2018-08-16,14:27:04,3313071.0,154,153,24,33.81042412987012,-117.78290769480522,Medium
RouteID_9c322935-ea56-4e57-b102-a4adf026f524,DLA7,2018-07-26,15:03:51,3313071.0,198,197,31,33.84382712121211,-117.58885972727279,Medium
RouteID_9c32ec79-e1c5-47bc-a1fd-c324ae93ce63,DLA7,2018-07-27,16:00:00,3313071.0,108,107,22,34.00381177777778,-117.81453797222224,Medium
RouteID_9c450e1b-9f1e-4d2c-8839-d331725f4228,DLA8,2018-07-23,14:28:25,3313071.0,127,126,22,33.790471440944884,-118.15404938582678,Medium
RouteID_9c47ed58-6026-488d-8fb3-781a15369241,DBO2,2018-08-17,13:20:51,3313071.0,149,148,23,42.1854370201342,-71.21187142953019,Medium
RouteID_9c4ad467-b8f3-44b9-937c-2c23a64a9c7c,DLA3,2018-07-21,15:00:14,3313071.0,119,118,20,34.079115361344535,-118.27018450420171,Low
RouteID_9c51015b-c41e-4558-92a0-cc117582974b,DLA5,2018-08-09,16:00:00,3313071.0,137,136,17,33.90672778832118,-117.45176757664234,Medium
RouteID_9c685872-7dc5-4c64-9c81-f86d63e52ec1,DSE4,2018-08-11,15:08:31,3313071.0,171,170,23,47.79255019298246,-122.25390693567246,Medium
RouteID_9c7719c6-1ed6-44ba-910c-03bc50bdedef,DLA7,2018-07-29,14:42:18,3313071.0,202,201,30,33.74808376237623,-117.46127535148514,Medium
RouteID_9c77670b-fde4-459a-8187-a77df9752c7d,DCH2,2018-07-21,12:29:09,3313071.0,178,177,20,41.96334164606741,-88.01038501123597,High
RouteID_9c81a3d2-00ab-4ac7-bd1b-ea41b1dff040,DLA7,2018-08-01,16:00:00,3313071.0,151,150,23,33.87600545695364,-117.8019244900662,Medium
RouteID_9c81ecc5-fac0-414c-9a4d-be7501066e7c,DCH3,2018-08-02,14:44:25,3313071.0,183,182,23,41.88633541530055,-88.07320316939892,Medium
RouteID_9c97da47-c48f-460b-937d-59eb061a3c46,DBO3,2018-08-05,13:28:33,4247527.0,179,178,26,42.34612760893855,-71.44720101675979,Medium
RouteID_9cad9322-94ca-434a-a146-90bcc65c29cc,DLA9,2018-08-21,16:00:25,3313071.0,102,101,24,33.63333393137255,-117.83084783333335,High
RouteID_9cb511dd-badf-4215-9704-d817226eb9e7,DLA7,2018-07-29,15:37:31,3313071.0,134,133,18,33.989317111940274,-117.54611815671642,Medium
RouteID_9cbc31e9-f147-4aaf-8914-1f4d7418f2d0,DBO3,2018-08-15,11:18:30,4247527.0,148,147,32,42.34656781756756,-71.23714214864859,High
RouteID_9ccf2568-7f63-47a7-9fed-f5f90c623594,DLA7,2018-07-22,15:46:43,3313071.0,191,190,19,33.93067862303666,-117.52992786387445,High
RouteID_9ce33a6d-06c7-4ece-9e33-50ecf65e04b8,DCH4,2018-08-06,15:00:00,4247527.0,148,147,22,42.15416850675676,-88.32292173648649,Medium
RouteID_9ce4cfa0-7c55-4527-b574-0f5bb04c547e,DSE5,2018-08-12,14:59:18,4247527.0,139,138,11,47.25811925179856,-122.3516023021583,Medium
RouteID_9cfa02c6-2d81-42ec-9448-b7696f54cf39,DCH2,2018-07-25,14:58:05,3313071.0,186,185,20,42.02179296774194,-87.73045174731188,High
RouteID_9cfaa79e-2a6c-484f-956f-f2db93923c26,DLA9,2018-07-24,15:56:26,3313071.0,146,145,22,33.655049123287654,-117.89822673972607,High
RouteID_9d17a916-7a43-4c0b-b3cd-fe7f7849a52d,DCH2,2018-08-11,12:31:13,3313071.0,190,189,20,41.905180210526304,-87.87764922105269,Medium
RouteID_9d187095-c4f2-4d7d-b8e1-c40879b9d41d,DBO3,2018-08-15,12:15:00,4247527.0,137,136,13,42.54644840875912,-71.48065402189779,High
RouteID_9d213110-fdc4-4461-8fef-06487faee8b2,DLA7,2018-08-17,14:28:19,3313071.0,142,141,24,33.85518340845071,-117.77388133802816,Medium
RouteID_9d234939-366a-4bd8-a4f6-c7090fdf7c1f,DLA7,2018-08-07,15:09:18,3313071.0,130,129,18,34.071513684615375,-117.71308231538458,Medium
RouteID_9d23c62e-56a5-4677-ab19-de3bf149142a,DSE2,2018-07-31,14:45:59,4247527.0,128,127,17,47.578873515624956,-122.2969735546875,Medium
RouteID_9d2f6607-a587-4c79-80ce-a533e442c17d,DSE4,2018-08-21,15:28:30,4247527.0,127,126,15,47.69294248031497,-122.29916229133856,High
RouteID_9d304371-f90a-4516-a24e-d833a539a42b,DBO2,2018-08-16,12:48:10,3313071.0,115,114,19,42.283551599999996,-71.04834496521738,Medium
RouteID_9d32cf08-04c0-4105-8d71-081fa5066e06,DLA9,2018-08-15,13:20:38,3313071.0,116,115,17,33.42235102586207,-117.61656862068966,High
RouteID_9d388436-6da2-4bd5-88e1-5d4c54a6ad78,DBO3,2018-08-17,11:28:11,4247527.0,174,173,22,41.94974485632185,-71.38629495977015,Medium
RouteID_9d4db107-a538-4311-b83d-80e6cbceb1a3,DSE4,2018-08-10,15:30:00,3313071.0,179,178,27,47.84379036871509,-122.16263248044689,High
RouteID_9d567de6-1bf1-441e-afaf-5a0869910fc6,DLA4,2018-08-06,15:03:37,3313071.0,191,190,16,34.21825426178011,-118.83110006282722,High
RouteID_9d59c687-6954-412e-ad54-9b3afc0ca9bf,DSE4,2018-07-26,15:19:22,4247527.0,135,134,14,47.664025014814825,-122.27128122222227,Medium
RouteID_9d5b00ea-b5f6-4439-8c42-3c5c8a3ce103,DSE4,2018-08-20,15:30:00,3313071.0,165,164,31,47.89415668484847,-122.20503139999997,Medium
RouteID_9d6ca9f1-1d5c-4df3-9af0-620cc160dd49,DLA7,2018-08-06,15:07:13,3313071.0,142,141,25,34.108057464788736,-117.79513542253522,Medium
RouteID_9d6f6775-fd1f-4715-aaae-c973bccb73d3,DSE5,2018-08-01,14:38:48,4247527.0,131,130,10,47.20921364885495,-122.4785328854962,High
RouteID_9d83c3b3-3147-4b52-9da2-f2e40ec55ba8,DSE4,2018-08-13,14:51:03,3313071.0,149,148,22,47.77319469127518,-122.21477556375837,Medium
RouteID_9d857176-edb2-4a9b-93bf-87b758b842c4,DSE5,2018-08-20,15:53:43,3313071.0,109,108,11,47.55123477981651,-122.0885459816514,Medium
RouteID_9d890253-5967-44c9-ad6a-aa5dc9d1d075,DLA7,2018-07-29,15:00:19,3313071.0,156,155,32,33.87891665384616,-117.75832509615387,Medium
RouteID_9d9c078a-abe7-4e44-a40d-be12ea01b22b,DCH4,2018-08-13,13:39:07,4247527.0,142,141,13,42.128429232394375,-88.254206943662,Medium
RouteID_9dbeee2b-07a9-4cbc-8a38-df0b916ceae8,DSE4,2018-08-22,15:43:32,4247527.0,106,105,12,47.696049933962264,-122.31304399056603,High
RouteID_9dc65662-fc7a-4ed8-b41c-589daa8bd0b2,DLA7,2018-07-27,15:40:31,3313071.0,147,146,20,34.16958014285712,-117.32654958503397,Medium
RouteID_9ddabf0d-92e7-45ba-a225-8766d6a6d979,DLA7,2018-08-02,14:58:39,3313071.0,167,166,21,34.03146295209581,-117.72733902395211,High
RouteID_9de31830-3c02-444a-9a29-913da7f21a37,DCH3,2018-07-26,13:00:44,4247527.0,188,187,20,41.916664851063835,-88.06649122340427,High
RouteID_9de33f41-1a87-4158-96d4-87775df16053,DCH4,2018-07-31,13:51:40,4247527.0,170,169,27,42.130323882352954,-87.82792027647062,Medium
RouteID_9de74a55-5a73-42b5-a6cc-f68ecb4cb1eb,DLA9,2018-08-05,15:11:55,3313071.0,155,154,25,33.773133606451616,-117.90050024516125,High
RouteID_9de82f86-a3a6-4533-93ad-d00f44df164e,DLA8,2018-07-25,14:51:41,3313071.0,138,137,23,33.77415107246378,-118.15370069565216,High
RouteID_9ded510d-7123-43d6-8e3e-688cf02635d0,DLA8,2018-07-24,17:00:35,3313071.0,172,171,21,33.86152120348835,-118.05740417441856,High
RouteID_9deead99-222e-49e1-ad58-44a570e1ad29,DLA5,2018-07-25,15:16:59,3313071.0,154,153,17,34.06111807142856,-117.17453410389612,High
RouteID_9df8c077-010e-4787-abe0-51fd84cc3fb5,DLA7,2018-08-15,15:01:52,3313071.0,141,140,20,34.07392262411348,-117.72360524822696,Low
RouteID_9e02ecb9-4a77-49af-92c4-f85a1ae18d78,DLA4,2018-07-25,16:08:27,3313071.0,174,173,16,34.17864584482758,-118.51747640804601,Medium
RouteID_9e04820b-0e25-4871-9902-92116859bd40,DBO3,2018-08-09,12:15:00,4247527.0,151,150,21,42.45980512582781,-71.50480953642386,Medium
RouteID_9e2ef94c-c40e-4107-8522-5896fe7d0bf7,DLA7,2018-08-09,15:17:43,3313071.0,142,141,21,34.03195888028169,-117.77981348591547,High
RouteID_9e308b0e-9ffc-4c70-adbb-dc6c533fee0b,DLA9,2018-08-26,14:21:10,3313071.0,158,157,25,33.72516971518987,-117.76346484177223,High
RouteID_9e365b17-ea41-44c2-9eac-9ac3fef2401d,DLA3,2018-08-14,15:08:17,3313071.0,134,133,11,33.99958347761194,-118.29212656716425,Medium
RouteID_9e4e8ad4-aaa2-49f2-9637-08860a81c0a5,DSE5,2018-08-23,15:05:10,4247527.0,193,192,16,47.28874407772021,-122.3835999637306,Medium
RouteID_9e5c1fe3-67f2-49b8-9a28-974e8a958b2c,DLA5,2018-07-25,15:15:22,3313071.0,157,156,22,34.035667267515905,-117.175074477707,Medium
RouteID_9e5fcced-5588-44b2-b07e-2a2408e24048,DLA7,2018-08-04,14:24:18,3313071.0,174,173,28,33.9424017643678,-117.9218819770115,Medium
RouteID_9e6d5e77-6435-4da4-bcf6-f22c082d44ef,DLA9,2018-08-11,17:04:06,3313071.0,197,196,27,33.739905548223334,-118.02358104568525,High
RouteID_9e7b45d6-e7a2-4803-b880-2f26f5d50f1e,DLA9,2018-07-25,14:30:03,4247527.0,138,137,22,33.64756693478262,-117.66791082608694,Medium
RouteID_9e86806b-f7ef-4bdb-8b0c-370f0c91883c,DSE2,2018-07-31,14:15:06,3313071.0,118,117,22,47.63133673728815,-122.30150638983048,High
RouteID_9e8ba54c-ba8b-452f-b137-c3b9794343fa,DLA9,2018-08-26,15:07:41,3313071.0,174,173,26,33.75715309770113,-117.98305416091956,High
RouteID_9e92a851-c574-4907-85aa-577e124ebace,DLA8,2018-07-26,17:57:54,3313071.0,125,124,23,33.900097952,-118.41439169600001,High
RouteID_9e9a6da4-d4aa-4740-9f94-50a5ddadcff8,DCH4,2018-08-09,15:14:16,4247527.0,167,166,21,42.05575444311376,-87.98195395808386,Medium
RouteID_9ea00696-58b5-442b-8d01-4f1bf16816c2,DLA3,2018-07-25,16:45:49,3313071.0,143,142,12,33.89739011188812,-118.06984222377622,Medium
RouteID_9ea87ee2-867b-4cc0-ab72-f76d8389182a,DAU1,2018-08-12,13:32:04,4247527.0,155,154,34,30.17900248387094,-97.93442198709678,High
RouteID_9ea9c11c-7462-4172-b2cc-3704e2ce8d24,DLA3,2018-07-25,16:59:46,3313071.0,141,140,13,33.93930526241136,-118.15207542553189,Medium
RouteID_9eab217f-6180-4fd8-954e-67b2213459c2,DLA7,2018-08-10,15:12:38,3313071.0,148,147,21,34.03530135810812,-117.77409763513518,Medium
RouteID_9eb5cb8f-ed60-42c9-97ff-71b44e0bb4e3,DCH4,2018-07-31,15:18:22,4247527.0,161,160,24,42.06832090683228,-87.79862081366458,Medium
RouteID_9eb672ca-8440-49df-8e2a-3ddd9ab0a10d,DSE5,2018-07-28,14:51:42,3313071.0,178,177,15,47.5062907752809,-122.34477526966285,Medium
RouteID_9ec69b84-127a-4eca-8f95-dbef779840c8,DCH2,2018-07-22,15:13:07,3313071.0,155,154,22,42.00146660645161,-87.71929759999995,High
RouteID_9ed4b64f-89e7-43f5-a562-6e46f08c9fdc,DCH4,2018-08-09,15:24:54,4247527.0,150,149,25,42.04117909333334,-87.8969496733333,Medium
RouteID_9ee1c823-f677-42cd-8da1-66a67621af5e,DSE5,2018-08-21,14:00:12,4247527.0,142,141,11,47.28637547887321,-122.21048563380282,High
RouteID_9ee4f135-2801-457e-b42e-1d6f385ff8fd,DLA4,2018-07-31,14:15:56,3313071.0,97,96,12,34.17604740206187,-118.45772541237115,Medium
RouteID_9efdc483-0a66-4f59-bf93-69e0bc3ce285,DLA7,2018-08-01,15:07:12,3313071.0,151,150,20,34.14287094701987,-117.84611964900658,Medium
RouteID_9f09f30a-e33c-40c1-a65f-31e2a7cc3cbd,DSE5,2018-08-17,14:06:18,4247527.0,107,106,9,47.24184229906543,-122.24080511214953,Medium
RouteID_9f2bfb2c-6f48-47f9-b246-54889e96063a,DSE5,2018-08-15,14:03:40,4247527.0,205,204,19,47.25592493658537,-122.21110869756093,Medium
RouteID_9f3218bb-4e18-461d-9fb8-99160faa9f41,DSE5,2018-07-31,14:17:40,4247527.0,115,114,11,47.233411208695635,-122.42548337391305,Medium
RouteID_9f334168-4015-4a7b-9179-7e3f16f38e96,DCH1,2018-08-03,14:31:22,3313071.0,150,149,22,41.899235019999985,-87.81424562000002,High
RouteID_9f3a1172-593b-4549-bdec-6ba4e80d96b5,DSE4,2018-08-08,14:58:04,3313071.0,178,177,25,47.72643980898876,-122.2201630112359,Medium
RouteID_9f5617e1-11f7-4773-a3d2-176afaeebfc2,DLA7,2018-07-31,14:26:59,3313071.0,145,144,24,33.841316641379315,-117.84339113793104,Medium
RouteID_9f873247-213a-443b-a765-9584946c55a8,DLA7,2018-07-25,15:12:54,3313071.0,130,129,21,34.13835242307692,-117.87437035384612,Medium
RouteID_9f8e4d84-87c9-4f81-aa2c-2d850430a0c1,DSE4,2018-08-25,15:19:34,3313071.0,195,194,29,47.8744254974359,-122.17722046153843,Medium
RouteID_9f8f5bd0-b4be-4abe-b56b-001688cfc2cd,DLA9,2018-08-24,14:43:16,4247527.0,134,133,25,33.59971408955222,-117.72715483582088,High
RouteID_9fa38904-4cff-4978-925b-7be7f7fb849d,DLA7,2018-07-27,15:26:32,3313071.0,175,174,25,33.88025521142856,-117.78687330285719,Medium
RouteID_9fa42c2e-7af2-4f7d-a6c9-476ef067ef4a,DCH3,2018-08-16,14:10:15,3313071.0,190,189,22,41.73106435263158,-88.32866975263165,Medium
RouteID_9face60f-ed2d-42bf-9a48-215ce09d17de,DCH3,2018-08-06,14:19:16,3313071.0,208,207,18,41.832073826923086,-88.36042925961539,Medium
RouteID_9fb02805-b132-45ad-b040-262d8379a044,DBO3,2018-07-24,13:11:37,3313071.0,170,169,18,42.0882801470588,-71.61986072941171,Medium
RouteID_9fc442c1-fe99-4804-a741-92f1d1d9b2a1,DLA7,2018-08-07,14:26:19,3313071.0,159,158,23,33.80369650943397,-117.82504723270442,High
RouteID_9fc51a4e-2fda-4b27-8516-e727bfb6a4b3,DAU1,2018-08-01,15:22:44,4247527.0,130,129,23,30.323844669230777,-97.97047798461539,Medium
RouteID_9fd7ee84-fba5-4980-b1c5-6af9401a32c6,DLA7,2018-08-07,14:47:33,3313071.0,144,143,18,33.91822477777776,-118.00759802083331,Medium
RouteID_9febbff8-6e07-4e17-8fac-705b777a1c1c,DSE4,2018-07-25,15:41:13,4247527.0,99,98,13,47.675165757575755,-122.29402864646464,High
RouteID_9ff18cdb-9c25-4a93-977c-f0082cfe5b62,DLA3,2018-07-31,16:37:37,3313071.0,155,154,16,33.966194961290334,-118.13094945806453,Medium
RouteID_9ffb4b5e-3253-4951-ae44-13961d2c92ba,DBO3,2018-07-31,12:18:16,3313071.0,155,154,27,42.36853100645161,-71.5844325483871,Medium
RouteID_a00daac4-ef65-493f-a2c0-6784f458cd4f,DBO2,2018-07-30,12:02:24,4247527.0,169,168,23,42.21729590532542,-70.93210586390528,Medium
RouteID_a016be65-523e-4e8c-8741-13715b51b3c7,DBO2,2018-08-09,12:37:10,4247527.0,110,109,31,42.328732881818176,-71.12197971818182,Medium
RouteID_a021ce84-f1a7-448a-ae9c-2dac7f0cd504,DBO3,2018-07-20,13:09:20,4247527.0,204,203,26,42.38944173039215,-71.55773608333331,Medium
RouteID_a021d394-d29f-4dab-8ad0-8ed17f2a2e52,DCH2,2018-08-02,13:13:24,3313071.0,122,121,20,42.06465637704918,-87.68640763934425,Medium
RouteID_a02de582-88ca-49da-bf2a-51814398c196,DLA7,2018-08-03,15:08:46,3313071.0,144,143,24,34.14077684027778,-117.84406998611114,Medium
RouteID_a0326080-a304-4b50-adc8-fb39055b8f98,DSE4,2018-08-06,15:35:15,4247527.0,120,119,14,47.67466920000002,-122.29459566666657,High
RouteID_a03313e3-b6d4-44ab-9d8b-53e5b1e5190d,DLA7,2018-08-02,16:00:00,3313071.0,147,146,23,34.13569415646259,-117.85118027891163,Medium
RouteID_a056863f-13d8-4553-94f3-33ac6de3bc96,DSE2,2018-08-09,14:11:34,3313071.0,104,103,21,47.60705308653845,-122.30783141346157,High
RouteID_a061c1e7-eec2-496e-99d0-5cac156dde09,DBO2,2018-08-04,12:52:48,3313071.0,162,161,28,42.27123854320987,-71.01640329629623,Medium
RouteID_a074b347-8733-44f2-8358-650f1a3aeec7,DCH4,2018-08-14,13:47:08,4247527.0,160,159,21,42.18559068749999,-88.37388110624998,Medium
RouteID_a07c7bda-a497-46ca-ad43-551f0112dfa7,DLA7,2018-08-09,15:04:34,3313071.0,157,156,27,34.11131392356688,-117.79869038853504,Medium
RouteID_a08296de-f83a-4b0e-a085-2767bf9c7528,DLA3,2018-08-13,16:02:18,3313071.0,119,118,19,34.12162770588235,-118.32837459663864,High
RouteID_a09b99fd-d868-41c6-b32e-6ea828fa4f79,DBO3,2018-08-03,11:33:01,4247527.0,146,145,21,42.39975870547946,-71.24184438356167,High
RouteID_a09d376c-3123-42f9-ab63-a0d810141350,DBO3,2018-08-13,12:57:11,4247527.0,133,132,23,42.30079137593985,-71.56013983458648,Medium
RouteID_a0a0ea85-4003-4697-856f-736e83b9aef1,DCH4,2018-08-09,15:19:19,4247527.0,123,122,22,42.05934769105692,-88.09742167479673,High
RouteID_a0b4d6d2-4247-47b1-b1d9-d53679ffee84,DSE4,2018-08-06,15:24:54,4247527.0,125,124,17,47.662197064000026,-122.27692828800005,High
RouteID_a0bd3274-66e8-4dd7-9a54-bedd40da4a1e,DCH2,2018-07-26,14:08:46,3313071.0,84,83,20,41.97100446428571,-87.68321523809522,High
RouteID_a0c6dfd4-be9c-4662-999a-63169f0fff70,DLA8,2018-08-07,16:23:35,3313071.0,87,86,22,34.00840149425288,-118.42573589655171,High
RouteID_a0cc48df-4770-4eb9-8062-c1fd0882ce17,DLA9,2018-08-20,16:06:10,3313071.0,145,144,26,33.659488834482765,-117.904638462069,High
RouteID_a0d0a29d-ff50-4b52-ada5-f6934a392f64,DBO3,2018-08-06,13:01:21,3313071.0,126,125,26,42.278405571428564,-71.68044491269839,High
RouteID_a0e771bd-a39b-4f2a-80eb-97942deb8251,DBO3,2018-07-28,11:23:04,4247527.0,173,172,26,42.004253485549114,-71.24850331213872,Medium
RouteID_a0f02055-a0d0-4c7b-bf03-15bfba627bf6,DAU1,2018-07-28,14:39:23,4247527.0,141,140,31,30.503100730496463,-97.60016609219852,High
RouteID_a0f72255-8efc-4df1-b756-5bdc388426c9,DLA9,2018-08-17,15:14:06,3313071.0,153,152,20,33.752964398692804,-117.94973220915028,Medium
RouteID_a0fb46a7-2f22-452e-8fb1-9fda74903451,DCH2,2018-08-11,15:04:13,3313071.0,188,187,21,42.003811595744665,-87.87612566489362,Medium
RouteID_a0fd99b3-d455-4136-8c48-7581d6bf19d0,DLA8,2018-08-03,16:15:18,3313071.0,65,64,16,34.03413152307694,-118.46454966153848,High
RouteID_a107683a-38eb-4292-bcfb-8bd1a9fc3711,DLA9,2018-08-09,14:29:13,3313071.0,140,139,20,33.769120607142845,-117.85427993571427,Medium
RouteID_a10aea33-cd15-4e1b-ba69-0129c2995ea9,DCH4,2018-08-01,14:10:51,3313071.0,144,143,18,42.15132493749999,-87.921097625,Medium
RouteID_a1110bac-508c-4f26-9b43-e88674c4f15b,DLA3,2018-08-08,16:38:47,3313071.0,176,175,14,33.967093977272725,-118.2188491306818,Medium
RouteID_a123452a-0a77-4b8d-8f70-27b47c832021,DLA7,2018-08-02,15:03:18,3313071.0,133,132,19,34.100678390977436,-117.8213762481203,Medium
RouteID_a1259a39-3735-4e91-9786-f9f96801d72d,DAU1,2018-08-07,15:30:00,4247527.0,135,134,29,30.288834385185186,-97.77296802962967,High
RouteID_a1357263-b0e3-4f40-80ac-a4ee0b6e215c,DLA9,2018-08-12,14:32:07,4247527.0,170,169,27,33.612396982352955,-117.69324954705884,Medium
RouteID_a1475ae8-f37b-4772-b30a-c053e8af614f,DLA7,2018-08-03,15:05:13,3313071.0,180,179,25,33.84624195,-117.59393767777779,Medium
RouteID_a14d38ce-29a3-4981-b4a4-32331f539458,DLA9,2018-08-11,14:27:16,4247527.0,111,110,23,33.63199627927927,-117.74491936036041,High
RouteID_a15220b1-01b9-452c-848c-f9ea72ade84e,DLA8,2018-08-14,18:01:59,3313071.0,97,96,23,33.90000953608247,-118.41438834020619,Medium
RouteID_a1563001-c665-4d1b-b8d9-940e08a4bc90,DLA9,2018-07-20,16:16:43,3313071.0,121,120,24,33.663403388429735,-118.00328519008262,Medium
RouteID_a1612d80-2601-41d3-ad70-254e504e411a,DLA5,2018-08-10,15:18:20,3313071.0,191,190,22,33.96151861256544,-116.97281296858638,High
RouteID_a163da59-4511-4766-a449-d414629b4152,DLA9,2018-08-21,13:29:12,3313071.0,113,112,20,33.54045486725665,-117.6307771504424,Medium
RouteID_a16bcbd9-1630-43d1-8534-eedbe0454953,DSE5,2018-08-15,14:13:34,4247527.0,159,158,13,47.22364242767297,-122.18476115723273,High
RouteID_a16eebaf-577b-46e5-a8a4-0317eeadcb2f,DLA7,2018-08-17,16:30:51,3313071.0,149,148,21,34.10840761744967,-117.66636802684553,High
RouteID_a173004d-eb8c-4c00-be80-d7ce262e702f,DSE5,2018-08-06,14:05:22,4247527.0,169,168,15,47.119524011834315,-122.32806268047345,Medium
RouteID_a1a22f36-12f0-43b5-9128-3db623fcffad,DLA5,2018-08-09,14:31:35,3313071.0,158,157,19,34.13389619620255,-117.26499717721519,Medium
RouteID_a1a3a879-a29a-4178-a726-78fbc1e58abe,DLA9,2018-08-22,15:00:49,3313071.0,145,144,18,33.82286126206898,-117.95729201379308,Medium
RouteID_a1adfc3f-4bc2-4197-8224-801471be34a1,DSE5,2018-08-08,14:16:59,4247527.0,123,122,7,47.24828868292682,-122.45343316260167,Medium
RouteID_a1ee34e4-7753-4f59-aa10-dc756f81a8e1,DLA9,2018-08-14,16:06:25,3313071.0,170,169,23,33.72049753529411,-117.86951595882356,High
RouteID_a1eea2d8-a090-4cbc-b318-2661b29b975e,DLA9,2018-08-22,15:46:30,3313071.0,110,109,17,33.64758052727272,-117.91097517272726,Medium
RouteID_a22fee63-be97-4a85-9aa9-cddce6feecf6,DAU1,2018-08-09,15:05:07,4247527.0,119,118,27,30.31715538655462,-97.87443460504198,Medium
RouteID_a23928a8-3ef4-4e05-8196-615be80c92fd,DLA7,2018-08-12,16:26:23,3313071.0,149,148,28,33.9528912214765,-117.81613891946303,High
RouteID_a23d78bc-05b5-4ce4-9bff-ce7b8ca443be,DSE2,2018-07-26,15:09:17,4247527.0,127,126,22,47.642698039370096,-122.3614756850394,High
RouteID_a25820de-a203-4bbd-bf30-531a3d547366,DBO3,2018-08-10,12:03:02,4247527.0,168,167,21,42.14715807738092,-71.26750566666668,Medium
RouteID_a25a85e3-f6f2-47d4-ae47-e2afc1308da9,DSE4,2018-08-05,15:35:17,4247527.0,110,109,20,47.6739332727273,-122.29603942727273,High
RouteID_a25e894c-ca13-4250-a074-73eaf74b86a6,DCH3,2018-08-14,13:29:54,3313071.0,182,181,17,41.725930978022,-88.06143653296701,High
RouteID_a2696750-f9f5-4fdb-a463-85ab063aa43a,DBO3,2018-08-09,12:23:08,4247527.0,192,191,22,42.12122771354165,-71.39529418229169,High
RouteID_a2740cd8-5ac9-433c-9540-57685608bf6c,DCH4,2018-08-03,15:20:39,4247527.0,136,135,28,42.14948898529411,-88.12978952205886,Medium
RouteID_a295eedd-c4b7-4311-9011-74d35e708ac9,DSE4,2018-07-24,15:14:11,4247527.0,149,148,15,47.695394838926156,-122.31407067785234,High
RouteID_a29b2533-76dc-491f-9bc3-ee93abd7374b,DLA7,2018-08-01,15:49:21,3313071.0,176,175,19,33.905781977272724,-117.51998811363633,Medium
RouteID_a29b2764-db9f-4afa-8972-b9cf5ce3d623,DLA8,2018-08-13,16:56:26,3313071.0,106,105,22,34.00021793396225,-118.39414548113201,Medium
RouteID_a2acb342-0937-4097-b6bc-b73e0853c4f0,DSE4,2018-08-22,15:02:05,3313071.0,149,148,23,47.77814770469799,-122.1753984161074,High
RouteID_a2acc456-ba07-48e6-97f4-9da28ea45718,DLA7,2018-08-16,14:30:07,3313071.0,156,155,22,33.82421736538461,-117.82081418589743,Medium
RouteID_a2b555c0-3b82-4253-8f57-8bdfe9615587,DLA3,2018-08-08,15:30:00,3313071.0,100,99,22,34.09230059000002,-118.29703490000001,High
RouteID_a2b75eb1-982e-4b2a-af4f-5a76934ac372,DSE5,2018-08-01,15:28:48,3313071.0,176,175,14,47.490128238636366,-122.32466619886362,Medium
RouteID_a2ba1d96-dfbf-4cfb-a553-9cbeadbc11cd,DLA4,2018-08-12,14:08:19,3313071.0,136,135,18,34.16290621323528,-118.42438599999996,High
RouteID_a2c4695d-dcad-4975-84e6-c6b249c644ed,DCH2,2018-07-21,15:07:57,3313071.0,163,162,20,42.0028867361963,-87.80456846625768,High
RouteID_a2cd533a-14d9-4a9a-8875-bc4426c04fc5,DCH3,2018-07-24,14:31:00,3313071.0,179,178,16,41.689220765363125,-88.22241903910619,Medium
RouteID_a2e03e69-3510-4455-ad30-d20ffb543092,DLA7,2018-07-25,15:01:02,3313071.0,143,142,21,34.029245181818176,-117.80291874125875,Medium
RouteID_a2eb3388-8bed-4689-a9b2-b116ed0f8192,DBO3,2018-08-05,12:01:21,4247527.0,138,137,15,42.13316907971013,-71.09282755072465,Medium
RouteID_a2ef6aa7-7fc3-4905-884b-8dd943d3130a,DSE5,2018-08-23,14:16:56,3313071.0,174,173,14,47.500833522988486,-122.3654596264368,Medium
RouteID_a2f29583-25b5-4c51-9fa9-fbfee1186708,DLA3,2018-08-12,14:59:31,3313071.0,81,80,17,34.075793728395055,-118.3071405679012,Medium
RouteID_a2fb3beb-bd59-4875-8c36-a8d24117fd75,DLA8,2018-08-11,16:15:00,3313071.0,163,162,17,34.00366244785277,-118.34980323926384,Medium
RouteID_a2fba985-1839-440a-a790-4bf5a2256c29,DBO2,2018-07-29,12:17:03,4247527.0,205,204,24,42.14809619512194,-71.04707844878048,Low
RouteID_a2fd9b81-41de-4455-a3d0-5335ef6a2169,DCH4,2018-08-07,15:51:07,4247527.0,140,139,17,42.06431192142862,-88.21284632857152,Medium
RouteID_a3035081-7a09-4c0e-b72e-4e4c1dd0af47,DSE5,2018-07-25,14:43:11,3313071.0,174,173,16,47.33137044252875,-122.27766566091948,Medium
RouteID_a3108d6f-1ea5-404b-b30e-ef66f1a29dc9,DLA7,2018-07-20,16:41:21,3313071.0,172,171,24,34.13193387209304,-117.76903549418597,High
RouteID_a3113849-6b67-4f9d-be7b-7f94c69126cc,DLA7,2018-07-19,17:01:59,3313071.0,187,186,21,34.130355684491974,-117.66237049197862,Medium
RouteID_a3214b3f-e027-466d-b87b-b532ddfa52c4,DBO3,2018-08-10,12:15:00,4247527.0,160,159,27,42.28345655624999,-71.72065009375,Medium
RouteID_a328d371-8f72-4848-b65e-345cd05027c0,DSE4,2018-08-23,14:53:58,3313071.0,163,162,23,47.79681636809815,-122.23524828220863,High
RouteID_a329762f-2c8c-4496-8de6-b2a56600481b,DBO3,2018-08-16,12:38:44,3313071.0,141,140,11,42.03848421985818,-71.62305709929078,Medium
RouteID_a32c7023-179a-4f31-9af6-091eed88de79,DBO3,2018-07-31,13:03:46,4247527.0,162,161,26,42.46688241975312,-71.43818053703704,Medium
RouteID_a32e9c81-4cdf-429f-8def-1b11a0abf130,DBO3,2018-07-22,12:15:00,4247527.0,171,170,34,42.318005766081846,-71.26192489473685,Medium
RouteID_a342a633-5403-42e9-932b-154ab20d07f7,DCH4,2018-08-05,14:17:48,3313071.0,198,197,31,42.18043063131311,-87.98874578282826,Medium
RouteID_a3452910-62a2-40cc-aae6-369e8a0d7e03,DLA7,2018-07-24,14:27:20,3313071.0,144,143,20,33.835811673611104,-117.84567181944438,High
RouteID_a34e184a-8295-4192-a803-b0b6d50e580b,DCH3,2018-07-20,14:30:56,3313071.0,176,175,21,41.89820285795454,-88.28440513636369,Medium
RouteID_a35309e7-0b78-4837-b0e0-9da95476bc1b,DLA8,2018-07-23,14:52:57,3313071.0,142,141,23,33.77942065492958,-118.16485098591552,High
RouteID_a35d9fdb-20ed-400c-ae74-8c937ae0ec12,DBO3,2018-07-21,11:54:34,4247527.0,175,174,18,41.829370011428594,-71.37022871428577,High
RouteID_a35f79c5-9c62-4525-90e3-3e620eec408e,DSE5,2018-08-09,15:04:55,3313071.0,167,166,14,47.50823419161676,-122.35031186826353,High
RouteID_a35f9166-ee7b-4577-bac6-2edf6556300e,DLA3,2018-08-04,15:03:55,3313071.0,123,122,13,34.00863422764227,-118.2878393821138,Medium
RouteID_a35fa643-90bd-4df6-975f-32c429846e9c,DLA8,2018-08-03,15:44:38,3313071.0,154,153,20,33.794374032467545,-118.34089345454548,Medium
RouteID_a361e557-6370-4397-a89c-76f0c859b2ce,DLA8,2018-08-05,15:14:26,3313071.0,103,102,28,34.04352885436894,-118.43018888349513,High
RouteID_a364d61d-3b1a-4f1a-a94a-eb351a010ba3,DCH1,2018-08-12,14:49:12,3313071.0,103,102,22,41.93084411650488,-87.71856189320393,High
RouteID_a369abdf-b2cc-4590-ac40-684a7a18fc6f,DLA3,2018-07-31,16:38:45,3313071.0,136,135,13,33.97242927205882,-118.22532761764705,High
RouteID_a3736924-e224-43a2-8941-35c14a6d607e,DLA9,2018-08-07,15:12:10,3313071.0,164,163,22,33.79307137195123,-117.98104245731709,Medium
RouteID_a3787c9a-4b44-49e2-bd5e-02db9fc96bfa,DBO3,2018-08-14,12:31:51,4247527.0,160,159,29,42.26858771249999,-71.33764574375004,Medium
RouteID_a38343fc-4c25-498a-b4cb-8872ffde1f25,DBO3,2018-08-13,13:03:42,3313071.0,137,136,22,42.20894802919707,-71.57455271532848,Medium
RouteID_a38f84bf-1040-4377-bef3-3d0a8d143541,DLA5,2018-08-16,15:53:15,3313071.0,154,153,20,33.9351431753247,-117.40885187012985,Medium
RouteID_a39a342b-ca9c-4f2b-ba89-d2e4aeb282c6,DBO3,2018-08-02,12:55:29,3313071.0,187,186,21,42.127803459893066,-71.54751310695187,High
RouteID_a3acab66-ed54-45b2-8109-31fd9a9075eb,DBO3,2018-07-26,11:39:05,4247527.0,178,177,28,42.37392380898875,-71.20630156741574,Medium
RouteID_a3affc7f-18d6-44ba-9729-4151c20a556e,DSE2,2018-08-04,14:10:58,3313071.0,55,54,19,47.614147309090896,-122.30684796363641,High
RouteID_a3d61003-d202-4259-8506-ce00c8b1d64a,DLA7,2018-07-26,15:14:48,3313071.0,169,168,28,33.83885202958581,-117.75841870414206,Medium
RouteID_a3ed0d6e-2d3c-4a27-a302-9244fa261c1b,DSE4,2018-08-25,15:16:27,3313071.0,153,152,26,47.890233379084954,-122.20753058169942,High
RouteID_a3f1c8ad-5c55-4e37-814f-e3998b84cc69,DSE4,2018-08-20,15:55:09,4247527.0,117,116,15,47.67759580341882,-122.28840891452988,High
RouteID_a3f3caaa-7f27-4dc0-8f22-013269b2dff0,DLA7,2018-08-03,16:32:00,3313071.0,161,160,21,34.09256448447206,-117.59384659627328,Medium
RouteID_a3fca8cb-fad1-40ae-a38b-cb421cc76002,DCH3,2018-07-31,14:16:43,3313071.0,191,190,18,41.73504881151834,-88.34432276439793,High
RouteID_a3fd6021-d2de-4a2e-90b9-6d7b0389f1a7,DLA7,2018-08-17,15:02:15,3313071.0,133,132,17,34.13944059398497,-117.86010650375945,Medium
RouteID_a4272688-1fb9-4e59-bf27-281a6cfae1f8,DLA3,2018-08-12,16:47:39,3313071.0,167,166,14,33.96457307185629,-118.20956950898206,High
RouteID_a42a61cc-e70f-47a1-ab7d-58c1449171a7,DSE4,2018-07-31,15:56:31,4247527.0,93,92,13,47.66709076344086,-122.28566838709678,High
RouteID_a42b8fd4-4204-4095-8edb-d17d2461ce5f,DSE5,2018-08-10,14:18:57,4247527.0,84,83,9,47.27148695238096,-122.457901452381,High
RouteID_a4370a4b-52ac-429d-a384-e2488dc79206,DSE5,2018-08-16,14:02:45,4247527.0,161,160,15,47.10686685093167,-122.31006398136647,Medium
RouteID_a439a3a9-e17c-4485-baae-f26cb9ac7d60,DLA9,2018-08-17,14:25:17,4247527.0,142,141,27,33.7004185140845,-117.72372338028164,High
RouteID_a43d436d-53ce-4b76-af3e-5a6087633860,DSE5,2018-08-25,14:02:58,3313071.0,198,197,15,47.49181011111113,-122.32968288383833,Medium
RouteID_a44c08be-1a04-4b84-89c0-4d4f85aafa70,DLA3,2018-08-14,15:55:27,3313071.0,82,81,17,34.0681133292683,-118.24904671951217,High
RouteID_a44f5e58-8c62-47c8-b2b8-65385f068dca,DBO2,2018-07-30,13:13:22,3313071.0,140,139,20,42.23770555714286,-71.11229033571426,Medium
RouteID_a45bacc2-b629-42b4-baf7-ce4ac53a0701,DCH4,2018-07-31,14:10:11,3313071.0,156,155,18,42.14367884615381,-88.02403619871792,Medium
RouteID_a45f9a8b-bea0-44ca-bc03-3439cc43d590,DLA3,2018-08-12,16:14:47,3313071.0,96,95,16,34.06831410416665,-118.26847128124997,High
RouteID_a46c6790-b23e-4b51-89e3-7a53a982e351,DLA9,2018-08-18,14:23:48,3313071.0,151,150,26,33.747018390728485,-117.80750182781456,Medium
RouteID_a473a91d-3dc6-48f5-8086-25178c92feb7,DLA7,2018-08-13,16:29:27,3313071.0,166,165,25,34.12802036144579,-117.54692575301209,Medium
RouteID_a4792b00-a859-4124-81c7-fe76800222a6,DBO3,2018-08-12,12:15:00,4247527.0,179,178,30,42.273737670391064,-71.43311878212289,Medium
RouteID_a47e734c-2ee2-41f9-871c-c2eaf4681c56,DLA9,2018-07-31,15:18:57,3313071.0,100,99,26,33.760905730000005,-118.14318414999997,Medium
RouteID_a4831784-d8a2-48ba-83c4-9c172625b7a9,DLA7,2018-07-21,15:05:28,3313071.0,160,159,23,33.86945654999999,-117.78760511875005,Medium
RouteID_a491d9ba-9042-4af1-a99b-3cabd7d500d9,DBO2,2018-07-25,12:26:54,4247527.0,100,99,8,42.30433507000001,-71.08185526,Medium
RouteID_a493d516-9f71-4497-a5b3-9921ddbcf401,DLA3,2018-08-04,16:48:11,3313071.0,188,187,20,33.9552462712766,-118.13524867553193,High
RouteID_a494980e-6587-4b93-ae3f-6c6e4632dc95,DBO2,2018-08-11,10:48:03,4247527.0,184,183,23,42.14250954347824,-71.00720793478261,High
RouteID_a496a36e-1d42-4cb4-b444-cbb6d21a5695,DCH4,2018-07-29,15:16:36,4247527.0,143,142,19,42.098653097902094,-88.27744271328672,Medium
RouteID_a4a59b87-4722-42ab-a6ec-fd29457a193c,DLA7,2018-07-23,14:31:15,3313071.0,149,148,25,33.90609904697987,-117.89521293959733,Medium
RouteID_a4ab383f-a55c-444d-83de-be9f5f67301d,DLA7,2018-07-20,14:40:31,3313071.0,122,121,14,33.98060122131148,-117.9146911721311,Medium
RouteID_a4ce693b-d8ec-4ec8-8c65-e2d916e3dcd9,DLA8,2018-08-09,16:47:08,3313071.0,137,136,22,34.00498290510948,-118.4278115839416,High
RouteID_a4d848c1-6bbf-434e-865a-62688cbde9b7,DAU1,2018-07-26,14:53:10,4247527.0,122,121,16,30.429991385245923,-98.0023204180328,Medium
RouteID_a4da262c-cd81-45c1-baff-f4ab8306c91e,DLA7,2018-07-21,16:00:00,3313071.0,165,164,22,34.111442163636376,-117.84695250303028,Medium
RouteID_a4ddf749-3288-4c30-a5b3-b8f041949bd4,DLA7,2018-08-03,14:29:32,3313071.0,140,139,22,33.82772014285714,-117.82702243571421,Medium
RouteID_a4ea9513-8300-478d-becb-99b20a60e85a,DBO3,2018-08-06,13:10:49,4247527.0,173,172,32,42.33265278612716,-71.43628798843932,Medium
RouteID_a4fb27e9-405e-479d-a137-af325db6e833,DLA9,2018-07-28,16:02:55,3313071.0,96,95,20,33.64836038541666,-117.86775727083337,High
RouteID_a4fde102-5888-4f53-83c2-66fd52c6d45d,DLA7,2018-08-02,14:43:17,3313071.0,137,136,21,33.86674469343065,-117.9560555255475,Medium
RouteID_a5045faf-0e69-4ce7-9687-c4f34d63c4e0,DCH4,2018-07-30,14:19:26,3313071.0,177,176,24,42.10180087005649,-88.09143399435028,Medium
RouteID_a5051135-a7f9-49b0-b44b-62abe2061a8f,DCH4,2018-08-08,14:20:27,3313071.0,207,206,26,42.154625463768134,-87.94911870531399,Medium
RouteID_a50d3864-6dc5-468a-ac48-4242403c115d,DLA3,2018-07-27,16:16:41,3313071.0,141,140,28,34.08867070212766,-118.26863819858158,High
RouteID_a50dd091-0b14-4568-817c-4b2ad997c7ce,DLA7,2018-08-07,16:16:08,3313071.0,169,168,19,34.121072816568045,-117.67539839053245,Medium
RouteID_a5138edf-87f6-4108-be1e-5c4b75e92982,DLA9,2018-08-21,15:13:29,3313071.0,94,93,22,33.76180157446809,-118.14607860638297,High
RouteID_a51949a9-3505-4772-bc41-8b9cb8a92835,DLA9,2018-08-14,16:01:06,3313071.0,163,162,24,33.71406863803681,-117.98073897546011,Medium
RouteID_a51d623d-a25e-44b6-9e05-d0e4c2d54552,DLA9,2018-08-08,15:35:49,3313071.0,148,147,21,33.752481540540536,-117.96667533108108,High
RouteID_a526ac55-9ba1-400a-bfea-e534c2eef428,DLA7,2018-08-13,14:03:51,3313071.0,146,145,26,33.899619828767115,-117.96653617808221,High
RouteID_a528db29-ebb3-4264-99a3-e26fdbb61c1f,DSE2,2018-08-02,15:16:22,4247527.0,115,114,20,47.64000073913045,-122.36171507826084,High
RouteID_a52fd1b0-ca6c-4c30-abeb-e799f4e595b8,DLA3,2018-08-08,15:48:56,3313071.0,128,127,24,34.101665937499995,-118.27559132031249,High
RouteID_a537d8c1-fd23-48ce-857c-859c211225b0,DLA3,2018-08-13,16:56:41,3313071.0,176,175,17,33.92192136363635,-118.09297353409092,Medium
RouteID_a549f09e-e807-4adf-8715-4fdda825dd88,DLA7,2018-07-21,16:00:00,3313071.0,148,147,20,33.9642469391892,-117.74761156081082,Medium
RouteID_a54a75f7-16a9-4599-af4a-44633d36b847,DLA4,2018-08-08,17:00:17,3313071.0,152,151,9,34.297908624999984,-118.4477719407895,Medium
RouteID_a5579eb3-6584-4a92-97e1-a6909d39f560,DBO2,2018-08-03,12:32:03,4247527.0,76,75,13,42.33013799999998,-71.05283565789472,Medium
RouteID_a5629ad3-ca22-472a-9a79-ea7bb72bcf7d,DLA8,2018-07-27,16:15:00,3313071.0,93,92,21,33.96208466666668,-118.42322096774197,High
RouteID_a56913de-3b7b-4a3a-8ac6-3be34f9a937e,DBO2,2018-07-30,13:39:59,4247527.0,159,158,29,42.35008144025158,-71.18896611320756,Medium
RouteID_a5771fbf-6bff-4ddc-a701-3f84264efd46,DAU1,2018-08-07,14:47:23,4247527.0,120,119,23,30.351640500000013,-97.709651475,High
RouteID_a588984d-7715-47a6-a5b9-c2d254847e71,DLA7,2018-07-31,14:32:45,3313071.0,162,161,21,33.826360530864186,-117.8257445432099,Medium
RouteID_a58be18d-09d0-420d-a0c5-2fc9d715feb0,DLA7,2018-08-17,16:33:51,3313071.0,144,143,23,34.03129054861109,-117.87505541666665,High
RouteID_a5a17fad-206a-4b64-b8a0-5569aef1a587,DLA7,2018-08-14,14:25:59,3313071.0,125,124,21,33.879847328000004,-117.98381428000006,High
RouteID_a5a3ded0-02b0-4f5e-b40b-92ce51a9331c,DLA8,2018-08-15,15:33:59,3313071.0,115,114,23,34.002253269565216,-118.45319992173914,Medium
RouteID_a5a56b8d-d4cf-4a3e-a4cd-72a326f71588,DLA7,2018-07-26,15:07:07,3313071.0,152,151,26,34.114116039473686,-117.78054857236843,Medium
RouteID_a5ad6499-2511-4b0b-8656-60d05d87928e,DBO3,2018-08-11,12:05:13,4247527.0,141,140,25,42.026519035460964,-71.23702646099288,Medium
RouteID_a5b26a24-ad6e-4fae-87df-4be4ca004a40,DLA8,2018-08-10,16:23:10,3313071.0,126,125,20,34.11757240476191,-118.46341250793651,High
RouteID_a5b2af85-b1bd-4746-b7e5-18e0fb9bd738,DSE4,2018-07-25,15:08:20,3313071.0,149,148,20,47.90218394630872,-122.2178287315436,Medium
RouteID_a5b39b89-d8b8-4a83-a501-fb5aa0167346,DCH1,2018-08-08,14:48:00,3313071.0,58,57,19,41.9527285862069,-87.67076489655173,Medium
RouteID_a5d3a9d1-6e7d-4619-b70e-6ce4c1641463,DSE5,2018-08-22,13:59:47,4247527.0,176,175,15,47.101452159090876,-122.2623731363637,High
RouteID_a5d547b2-2766-4dc6-9551-4a0effa4473b,DLA3,2018-08-03,15:53:58,3313071.0,61,60,17,34.09407708196722,-118.33398439344263,High
RouteID_a5d77984-2768-42d4-893b-e0910f8e4732,DBO2,2018-07-30,12:09:26,4247527.0,112,111,18,42.31481290178572,-71.0568345535714,High
RouteID_a5f525b2-03cb-46c6-b1bb-e571de029a00,DBO2,2018-08-17,13:39:02,3313071.0,158,157,23,42.1811937278481,-71.19730947468355,High
RouteID_a6070cf6-6400-40fb-a8a3-e3d1fa79bbef,DSE5,2018-08-14,14:35:17,3313071.0,130,129,8,47.58549973846153,-122.05786953076917,Medium
RouteID_a60837e4-f531-45b8-ac15-2ce8053daa99,DSE4,2018-08-03,14:52:49,3313071.0,195,194,26,47.81606650256412,-122.25416624102571,Medium
RouteID_a60c9bb6-b97e-48ef-9d58-d0db1fc69eb0,DLA3,2018-08-12,16:05:28,3313071.0,115,114,23,34.11415377391305,-118.28344673043479,Medium
RouteID_a60e817c-e0dd-4dbd-a211-a47a5c7b4381,DLA9,2018-08-03,15:59:23,3313071.0,127,126,24,33.664642417322845,-118.00564192913382,High
RouteID_a6183bde-e1c9-4800-9ec8-284203f6b851,DLA3,2018-07-26,14:38:09,3313071.0,160,159,14,34.048553368750014,-118.19066892499998,Medium
RouteID_a61deb9f-34fc-4596-b628-271937f0da45,DBO3,2018-08-13,12:24:46,4247527.0,105,104,23,42.459104409523796,-71.33242381904763,High
RouteID_a61e13fb-2fa9-4c55-8f62-581210e9d52e,DCH4,2018-07-28,15:38:47,4247527.0,204,203,31,42.18480070588234,-88.0726098088236,Medium
RouteID_a624de66-36b6-427e-90b9-0cc890a1991d,DLA5,2018-08-13,16:03:25,3313071.0,162,161,20,33.92644246296296,-117.49772999999992,High
RouteID_a6333b24-ec74-449e-9909-e81e875df4c0,DLA3,2018-08-08,14:21:48,3313071.0,130,129,16,34.03668540769229,-118.20930201538465,Medium
RouteID_a639818a-c86f-408e-b860-1ee1c9740a79,DLA5,2018-07-23,16:00:37,3313071.0,207,206,25,33.991530729468586,-117.47632451690818,Medium
RouteID_a63ba5d9-4035-4403-ae68-5cbf3f7e7d2f,DAU1,2018-07-24,15:30:00,4247527.0,138,137,19,30.16933544927537,-97.94816102173914,High
RouteID_a63fc229-d0d2-4f6c-992f-854c6bf9fae8,DLA8,2018-07-26,16:21:44,3313071.0,94,93,22,33.989760606382966,-118.43631843617024,High
RouteID_a6411343-b6db-4ce2-9c4c-385255e48a64,DLA9,2018-07-25,16:03:04,3313071.0,153,152,19,33.6553285490196,-117.96958405228756,Medium
RouteID_a643444e-4c7d-40b3-b0e6-8166cc8f8fba,DSE4,2018-08-25,15:51:31,3313071.0,143,142,26,47.726958048951055,-122.22913585314684,High
RouteID_a65d9856-8d18-4b35-8400-68ea1bde885f,DLA5,2018-07-31,16:03:36,3313071.0,145,144,20,33.90643775862072,-117.48520319310342,High
RouteID_a66133fb-27b3-4739-b02d-94d60a09754f,DSE5,2018-08-13,15:13:40,3313071.0,162,161,13,47.37483785185186,-122.16845598148146,High
RouteID_a662b5a7-35ce-44ea-865e-7fde403073cf,DLA8,2018-07-24,16:16:46,3313071.0,101,100,22,33.99667824752476,-118.42010423762379,High
RouteID_a66b4559-ac69-44c2-a780-7224193ba84c,DBO3,2018-07-21,11:27:11,4247527.0,157,156,19,42.39688018471338,-71.34809522929935,Medium
RouteID_a6a8fe73-f66b-40aa-8142-ca2bf42e1099,DSE5,2018-08-10,14:57:17,3313071.0,106,105,10,47.5414743773585,-122.08078875471693,Low
RouteID_a6b165ff-8cca-456d-a2db-0de751e313ee,DLA9,2018-08-08,15:26:34,3313071.0,156,155,17,33.78631587820515,-117.96101847435901,Medium
RouteID_a6c79990-0bf9-41b0-ac25-c71370906b09,DLA8,2018-07-28,16:31:25,3313071.0,140,139,21,33.81308349285717,-118.32981322857148,Medium
RouteID_a6f03f03-816f-469d-b2e2-77ba2696a3ab,DLA7,2018-07-21,15:11:54,3313071.0,174,173,26,33.90710185057471,-117.83341322413798,High
RouteID_a6fa9eb1-9111-4526-b591-579c7f6f4bb4,DLA9,2018-08-05,16:12:45,3313071.0,145,144,36,33.66160478620692,-117.82717712413796,High
RouteID_a7067e60-c0ac-4895-8a8d-7c7ea382320e,DSE4,2018-08-08,15:00:43,3313071.0,183,182,24,47.73849783606555,-122.19894980874321,High
RouteID_a70dc8c9-25c3-4d6b-bba7-3f27c382eb92,DSE5,2018-07-19,15:37:24,3313071.0,98,97,11,47.545814499999985,-121.99999717346938,High
RouteID_a71855e0-a9d2-4814-8228-81183022973a,DBO1,2018-08-08,11:46:27,3313071.0,165,164,15,42.418498660606055,-71.06257786666666,High
RouteID_a723b2b5-5dfd-445d-b9ba-5ca534407d11,DSE5,2018-07-25,13:52:20,4247527.0,182,181,17,47.09358152747251,-122.31801784615381,Medium
RouteID_a72f412a-aa64-4069-9f1a-8b0f61c2c474,DLA5,2018-08-01,14:10:51,3313071.0,164,163,25,33.86131167073173,-117.35124926219511,Medium
RouteID_a7609712-e5c5-4718-a4fd-2dce0181fe02,DLA7,2018-07-27,15:05:23,3313071.0,151,150,21,34.11963429801325,-117.86873673509929,High
RouteID_a7728fdd-aa20-4129-bbba-dbff8ca270ee,DBO3,2018-08-07,12:55:28,3313071.0,150,149,16,42.23385307999996,-71.77409174666667,Medium
RouteID_a773aa28-9e17-4822-9f49-933be4cb06ae,DLA8,2018-07-19,17:39:54,3313071.0,142,141,14,33.81724227464789,-118.37200454225352,Low
RouteID_a781bdf1-6bf5-4f52-bc08-a53c4bb713fe,DSE4,2018-08-18,15:45:11,3313071.0,155,154,24,47.88481103225806,-122.29394227741929,Medium
RouteID_a781dbaf-0389-4eda-9ad7-991803cf709d,DSE4,2018-08-07,14:51:29,3313071.0,166,165,27,47.726546156626505,-122.2299391204819,High
RouteID_a7876954-f9f0-4288-977a-66c421ec7406,DCH4,2018-08-06,13:58:02,4247527.0,145,144,22,42.04283667586207,-87.89760475862067,High
RouteID_a78947fa-f071-44b5-83c3-0f63d9236bda,DBO3,2018-08-11,12:13:10,4247527.0,185,184,22,42.07663554054055,-71.33903747027024,Medium
RouteID_a78f74bb-3cc8-4a28-a9d5-d0a81410a927,DSE4,2018-08-23,15:30:00,3313071.0,177,176,24,47.83835759887003,-122.20292874011302,Medium
RouteID_a7935df4-5114-41e1-871a-e31fcea8b07e,DLA8,2018-08-05,15:16:04,3313071.0,137,136,28,34.0316934160584,-118.39115135766423,High
RouteID_a7962cc4-dc16-4cd5-bb6a-4ba6ecce0891,DBO1,2018-07-24,12:19:39,4247527.0,38,37,14,42.36013513157895,-71.06762310526317,High
RouteID_a79c8d63-08a2-4d05-9bb0-0995babf4434,DAU1,2018-08-07,16:10:25,4247527.0,200,199,39,30.530454170000013,-97.70253037999997,Medium
RouteID_a7a173a0-7e09-40af-b407-460948a4ca69,DLA7,2018-08-17,16:00:00,3313071.0,165,164,19,34.11426567272727,-117.50456350909089,High
RouteID_a7a5c051-efea-431f-998a-f4bb8454e7e3,DLA9,2018-08-08,15:00:00,4247527.0,133,132,20,33.67969478947368,-117.63562929323305,High
RouteID_a7af0245-0b8d-44a1-9f87-14dd7f7e6530,DLA7,2018-08-12,14:14:40,3313071.0,114,113,26,33.828005245614044,-117.8780699298246,High
RouteID_a7bad680-4a95-464a-b463-6093ee1ab3bc,DBO3,2018-07-29,12:46:27,3313071.0,178,177,29,42.21677098314606,-71.7035339943821,High
RouteID_a7c347b1-322e-42a3-910b-f0fd0e8f28a8,DSE4,2018-08-03,15:18:56,4247527.0,86,85,12,47.67945243023255,-122.31250394186051,High
RouteID_a7d82c97-50b9-4440-a019-c4c179cfb2df,DLA7,2018-08-07,14:29:36,3313071.0,165,164,24,33.94334696969698,-117.9226263090909,Medium
RouteID_a7e02343-0d01-4dfa-bcd4-4614d0a7332d,DLA3,2018-07-24,15:05:36,3313071.0,153,152,13,34.005233156862744,-118.25306072549017,Medium
RouteID_a7e080f6-3245-45eb-86ae-49036502f86a,DSE2,2018-08-09,14:09:26,3313071.0,125,124,20,47.61128364,-122.29413547999997,High
RouteID_a7f8f55b-da99-49b0-8f4b-788082c2cf86,DBO2,2018-08-14,13:26:40,3313071.0,162,161,23,42.16282079629629,-71.13920239506176,Medium
RouteID_a7fcb6d9-92cd-4139-9fe5-0d6eed905708,DSE5,2018-08-12,13:45:43,3313071.0,194,193,17,47.50255707731957,-122.23944477319587,Medium
RouteID_a7fec47b-3157-4286-98c9-adc4f31d1a47,DSE5,2018-07-28,14:17:55,4247527.0,185,184,16,47.28744442162164,-122.38081638378372,Medium
RouteID_a8076ce6-e287-46a0-8676-7819f8ffd5e9,DBO2,2018-08-16,13:45:00,4247527.0,108,107,18,42.23936887037038,-71.02378057407407,Medium
RouteID_a809a1cd-6c0f-4a8f-bf29-bf43f73ddfe7,DLA3,2018-08-11,15:11:38,3313071.0,82,81,36,34.0305185731707,-118.2857737804879,High
RouteID_a8117fc4-6efd-451c-9370-18acff758846,DLA9,2018-07-26,13:34:37,3313071.0,119,118,15,33.429607260504206,-117.61363342016809,Medium
RouteID_a81cb618-1a77-40cd-9439-0ea91c576056,DCH1,2018-08-04,13:27:22,3313071.0,91,90,32,41.91053165934067,-87.66992128571431,High
RouteID_a81eade1-ba14-4260-ac58-ba8c025fc068,DSE4,2018-08-19,15:45:12,4247527.0,130,129,15,47.67672925384618,-122.28213575384618,High
RouteID_a820bb17-2811-4556-ab25-355af756dede,DSE5,2018-08-24,15:03:02,3313071.0,175,174,15,47.44923264571428,-122.15016623428572,High
RouteID_a83d90ab-d69a-4cee-8616-f7fc602e373d,DSE5,2018-08-18,13:56:34,3313071.0,182,181,16,47.41751129120879,-122.32456705494499,Medium
RouteID_a83e36c6-bac0-4c0b-a6cb-1d5a9b1724c4,DLA8,2018-07-27,16:14:56,3313071.0,95,94,24,34.03819537894738,-118.47387191578954,High
RouteID_a844cf80-b7a6-41f0-87d7-cb4439ab59c9,DAU1,2018-07-24,14:47:41,4247527.0,126,125,22,30.401220365079357,-97.9242229126984,Medium
RouteID_a849ea59-c9c6-4e82-a3e5-ebf86dfbe924,DSE5,2018-08-05,15:04:16,3313071.0,107,106,17,47.548919523364496,-122.00878771028042,High
RouteID_a84d925d-bb8e-492e-9128-640174caa364,DLA7,2018-07-25,16:00:00,3313071.0,185,184,19,34.17269752432433,-117.42315420540533,High
RouteID_a84f8d34-df1f-4cd0-89ec-a6d1fb09841e,DCH4,2018-07-31,13:52:07,4247527.0,184,183,23,42.05167994565218,-87.95041807065212,Medium
RouteID_a860e2db-dd4f-4e3d-86d6-26d546a9143f,DBO3,2018-08-02,12:35:14,4247527.0,150,149,18,42.017576873333304,-71.12575237333333,Medium
RouteID_a86b4bc6-638e-43e8-ac29-ec299fa96c9a,DLA8,2018-08-16,16:45:54,3313071.0,154,153,19,33.71952859090909,-118.30427968181829,Low
RouteID_a875c01a-68bf-4109-891f-d070ce2a7688,DSE4,2018-07-28,15:58:00,4247527.0,139,138,15,47.69550866906476,-122.31398834532375,High
RouteID_a891732c-79b0-46c8-b856-fc7911a87f26,DBO3,2018-08-16,12:15:00,3313071.0,148,147,25,42.47185180405404,-71.4505015878378,Medium
RouteID_a89d4ae1-f01e-4cf1-89e2-1c5f562c67aa,DLA8,2018-08-02,16:40:49,3313071.0,154,153,18,33.755291512987036,-118.29951804545453,Medium
RouteID_a89ed993-387c-4de1-b3e5-65208a291eb5,DSE5,2018-08-03,14:22:44,4247527.0,118,117,7,47.21868658474576,-122.55419885593216,Medium
RouteID_a8aa0f37-b5a0-4088-8c46-2f60bc40e949,DLA3,2018-08-07,16:36:51,3313071.0,184,183,14,33.94290075543476,-118.1975758967391,High
RouteID_a8b74fa1-ea9d-4f3c-8fb3-15c82462cb8b,DLA3,2018-07-31,14:38:36,3313071.0,151,150,16,34.02118527814571,-118.15225060264902,Medium
RouteID_a8c51576-4251-4d97-8eeb-652a7f3005e5,DLA4,2018-08-14,16:22:14,3313071.0,147,146,13,34.14119063265308,-118.49427065986391,Medium
RouteID_a8cb875a-ab61-41e9-be67-eb659e03ae56,DCH4,2018-08-07,14:14:30,3313071.0,164,163,20,42.16299433536585,-88.26935275609759,Medium
RouteID_a8d647f1-f2cc-4232-a637-612458c2c1f9,DLA8,2018-08-13,16:39:06,3313071.0,185,184,23,33.84478774054054,-118.13165768648655,Medium
RouteID_a8e958ca-f29f-443c-b89b-6d1f6d1b910d,DCH3,2018-07-24,15:09:59,3313071.0,195,194,21,41.751340697435886,-88.16892569230774,High
RouteID_a8f0009d-e50a-49c9-84d3-f9885ad14a54,DLA8,2018-08-09,14:14:58,3313071.0,140,139,16,33.83719510000002,-118.08217267142852,Medium
RouteID_a8f9607d-a0b1-42a1-82f4-1379f5876d94,DLA7,2018-07-23,15:20:07,3313071.0,155,154,26,34.103639419354856,-117.8373440451613,Medium
RouteID_a9089a2d-bb87-4449-8517-a0eb5477cd46,DBO3,2018-08-02,12:52:23,3313071.0,162,161,30,42.26599032098764,-71.64268945061728,High
RouteID_a9146121-cad0-48ad-94c6-282e3866e06d,DBO3,2018-08-08,12:15:00,4247527.0,169,168,24,42.25520124852069,-71.45055482840237,High
RouteID_a91523a8-433c-4b10-ad77-c88f04f140c4,DLA3,2018-08-09,15:53:59,3313071.0,105,104,19,34.11805653333335,-118.32248441904758,High
RouteID_a91ec2af-80f4-429c-87b8-7cf28a0588ae,DBO3,2018-08-02,13:05:36,4247527.0,154,153,33,42.29186347402599,-71.2960483311688,High
RouteID_a9269af9-2698-4ff0-b768-4992a5df3056,DLA9,2018-08-17,13:42:57,3313071.0,82,81,15,33.52321835365856,-117.62322012195118,High
RouteID_a9291d57-3084-46be-bd9e-f5843f0601f8,DBO3,2018-08-14,11:26:14,4247527.0,165,164,22,41.94637933333334,-71.38594846666669,Medium
RouteID_a92f6ee9-89d2-4288-8ea8-b409488dd703,DBO3,2018-08-09,12:04:25,4247527.0,175,174,27,42.19547813142858,-71.30105810285721,Medium
RouteID_a94148c4-b724-498f-a4a7-16445bdffbb3,DBO2,2018-08-16,12:54:22,3313071.0,106,105,18,42.2714348773585,-71.07161831132078,Medium
RouteID_a94a11b3-4f98-4568-b292-124414bcbc93,DBO3,2018-08-04,11:30:00,4247527.0,147,146,28,42.404139061224534,-71.23579515646261,Medium
RouteID_a9506e31-2da8-40e3-8650-da2e37b625a9,DLA9,2018-07-21,15:20:53,3313071.0,166,165,19,33.78180460843375,-117.94701548192769,High
RouteID_a9581756-0c4d-4139-a735-d3ebe3960bf5,DLA9,2018-07-22,13:56:04,3313071.0,105,104,24,33.552057161904756,-117.64526839999995,Medium
RouteID_a95a674a-74c2-4e78-a3c6-b4eba6485ebd,DBO3,2018-08-07,12:17:58,3313071.0,156,155,19,42.30009395512819,-71.41640752564103,Medium
RouteID_a95e5964-aa3f-4917-92e4-80f0dab0bb59,DSE5,2018-08-08,14:17:09,4247527.0,117,116,9,47.249475273504224,-122.34556404273506,Medium
RouteID_a960b3bb-b0f1-44f9-a785-87cb5910e096,DCH4,2018-08-15,14:06:27,4247527.0,165,164,24,42.03908094545453,-88.13034999999998,Medium
RouteID_a960e907-674b-48f9-9e49-47c46e90c342,DBO2,2018-07-24,13:57:25,3313071.0,139,138,26,42.30092823741006,-71.18187666906476,Medium
RouteID_a9667161-92ac-424e-a028-2df225bf5e54,DLA3,2018-07-25,16:48:10,3313071.0,151,150,14,33.9711994701987,-118.22405700662252,Medium
RouteID_a9879e59-eaef-42a3-a35b-21259c821eb1,DLA8,2018-08-07,16:24:09,3313071.0,143,142,15,33.79999232867133,-118.21508516083921,High
RouteID_a988ad07-acb8-42b6-9e7c-b40fe88dd183,DCH4,2018-08-15,15:00:00,4247527.0,194,193,24,42.04592332989691,-87.92508993814437,Medium
RouteID_a99a5df1-baa6-4dc8-acc2-f5eb5c277522,DBO3,2018-08-16,12:12:32,4247527.0,134,133,19,42.02404165671642,-71.02650250000003,Medium
RouteID_a99c1bfb-d13d-4173-9e0a-959d727f37ce,DLA8,2018-08-12,15:04:45,3313071.0,136,135,26,34.04379841911762,-118.39148700735298,Low
RouteID_a9a11225-ab03-4031-9853-50f7f0127837,DLA5,2018-08-17,15:12:33,3313071.0,189,188,23,34.06820575661375,-117.1490009153439,Medium
RouteID_a9e7a704-4d21-483a-a475-db5a6ccb4e71,DSE5,2018-07-30,14:14:54,4247527.0,173,172,19,47.09088467052023,-122.3011040346821,High
RouteID_a9eb91e7-9080-404d-ad7b-f834fed7a763,DSE5,2018-08-09,14:36:52,4247527.0,128,127,6,47.22039239062499,-122.55836713281249,Medium
RouteID_a9fd1bc3-b7e6-4c92-92f6-c4148de21e08,DLA8,2018-07-28,15:59:22,3313071.0,68,67,22,33.9596353529412,-118.42417773529417,High
RouteID_a9fee55e-c2d5-44f6-9897-2e7381a13cb0,DLA7,2018-08-01,15:03:25,3313071.0,180,179,25,33.880926594444446,-117.85664153333326,Medium
RouteID_aa0780c0-796a-4b83-a935-ccde4f1b7bff,DBO3,2018-07-28,11:37:10,4247527.0,188,187,32,41.73816635106384,-71.32065757978722,High
RouteID_aa07f149-e5dc-474a-807d-959841e7a7eb,DLA8,2018-07-31,17:35:59,3313071.0,129,128,19,33.87738109302325,-118.40216879069769,High
RouteID_aa24b64a-f69c-4b81-bcc8-985b6eaa7cca,DLA7,2018-08-03,15:46:49,3313071.0,164,163,21,33.85738950000001,-117.56208849390244,High
RouteID_aa2a26ab-815a-4029-b26b-5da4022976ae,DCH4,2018-08-12,15:40:24,4247527.0,164,163,17,42.38010046341462,-88.09303871341461,High
RouteID_aa305cbf-d1e9-486f-a6d6-b87d7a7bbf97,DCH1,2018-07-30,15:09:47,3313071.0,94,93,21,41.95769155319151,-87.68350505319151,Medium
RouteID_aa3115a8-f9b9-4bcf-8f68-7b3f5d2383a1,DLA9,2018-07-24,16:02:53,3313071.0,132,131,20,33.678661098484845,-117.98361284090912,High
RouteID_aa4088dd-0ae5-480f-94a4-466faf785256,DCH2,2018-07-28,12:30:29,3313071.0,158,157,22,41.95810806962024,-87.75757729113926,Medium
RouteID_aa6c325e-74cb-4740-b327-8915ab9b0baa,DSE5,2018-08-21,13:57:00,4247527.0,196,195,15,47.170483382653046,-122.25943172959188,Medium
RouteID_aa70910b-3cd5-47e5-887e-286dcef5351f,DLA7,2018-08-06,14:56:21,3313071.0,132,131,24,33.9263385530303,-117.85490348484846,High
RouteID_aa76ad4e-a9d4-40c5-a70e-82a85b160ada,DLA9,2018-08-18,14:43:41,4247527.0,163,162,26,33.63119988343559,-117.70761694478533,Medium
RouteID_aa865278-bb77-4f57-95cf-2c8086d1418f,DLA7,2018-07-25,16:00:00,3313071.0,164,163,25,34.030650457317066,-117.87413491463411,High
RouteID_aa8f4802-492b-4e9a-9e4f-a821bbddbe0d,DBO3,2018-08-02,12:15:00,4247527.0,188,187,35,42.3343850851064,-71.40953294680851,Medium
RouteID_aa975993-3df9-4726-bd40-1e907c8ba915,DLA9,2018-07-22,16:10:30,3313071.0,115,114,28,33.63918969565218,-117.8652364521739,High
RouteID_aaac8942-2864-42bd-af84-629939653c5f,DSE5,2018-08-14,14:00:00,4247527.0,183,182,15,47.23197385245902,-122.18839253551907,High
RouteID_aabd5c7a-1ab1-4f3b-8ceb-80f0296284b8,DBO3,2018-07-31,12:47:44,3313071.0,159,158,15,42.108579949685534,-71.67658064150945,High
RouteID_aac23a01-8ec0-4b1e-ba40-ce249b0d7068,DBO2,2018-08-03,13:44:35,3313071.0,123,122,23,42.35273860162601,-71.16947673170733,High
RouteID_aac5b390-fa8e-46aa-bf5f-998ae5c07c5f,DLA7,2018-08-03,16:00:00,3313071.0,151,150,20,34.152151344370864,-117.51058107947019,High
RouteID_aae3f5fb-5686-4f24-82b5-e5604d4bba4a,DLA7,2018-08-04,16:42:39,3313071.0,173,172,24,34.13790665317917,-117.66836754335263,Medium
RouteID_aae89042-f138-4373-bf5c-2e56944eb6ed,DCH3,2018-08-11,15:30:00,3313071.0,178,177,17,41.57799621910114,-88.24279413483141,Medium
RouteID_aaf4f571-1e57-4222-ac34-1b2d85318033,DBO2,2018-08-06,13:45:00,3313071.0,139,138,20,42.19477511510792,-70.93445892086332,Medium
RouteID_aafb424c-8b74-44b0-9e5b-fe784b92fb13,DLA9,2018-08-07,14:32:53,3313071.0,111,110,24,33.70039937837838,-117.74691127027026,High
RouteID_ab0a7f31-7a53-4d67-a703-34c52c547e5c,DLA7,2018-07-29,14:10:09,3313071.0,140,139,28,33.872620878571425,-117.99264632857137,Medium
RouteID_ab0baf2d-2c6f-45e9-89a7-6f20cc0e8f1d,DCH4,2018-07-27,15:00:00,4247527.0,163,162,18,42.06757198159512,-88.19503095705524,High
RouteID_ab0bb2dc-bb16-4d1b-b28a-573cfc4fb06f,DLA7,2018-08-14,15:37:19,3313071.0,149,148,22,33.88014448993288,-117.71439624161079,Medium
RouteID_ab0f3013-d73d-415a-b5c3-b1ff790c4458,DLA8,2018-07-24,16:16:42,3313071.0,123,122,21,34.01580158536586,-118.43135000813012,Medium
RouteID_ab1486c0-4aec-4557-b344-269b8a84a6fe,DLA3,2018-07-28,16:41:25,3313071.0,152,151,14,33.91859266447369,-118.07047361184203,High
RouteID_ab30cf52-63d1-4d4b-8a6a-5cd3eda0be93,DLA7,2018-08-15,15:04:47,3313071.0,135,134,19,34.113150207407415,-117.86594148888894,Medium
RouteID_ab418d95-108b-44a8-80e6-6a322cf2b9d8,DLA3,2018-07-20,15:30:00,3313071.0,103,102,25,34.11322229126215,-118.28425244660194,Medium
RouteID_ab556d1d-8537-46dd-921f-2a8423a6dabf,DSE5,2018-08-09,15:36:52,3313071.0,149,148,12,47.36319268456377,-122.19531685906031,Medium
RouteID_ab55cbe9-3fab-47ff-84d6-6fae4d6ad3e0,DLA7,2018-08-17,15:00:36,3313071.0,141,140,19,34.028386198581565,-117.80240789361706,High
RouteID_ab58e8fa-bb6e-40fb-ae16-924ddf6d4700,DSE2,2018-08-07,13:55:00,3313071.0,109,108,15,47.5672410642202,-122.31342404587157,Medium
RouteID_ab5a6947-06f4-4ea1-b4a4-ceaf94f1f3e2,DLA3,2018-08-07,16:37:07,3313071.0,168,167,14,33.980246124999994,-118.1928534523809,High
RouteID_ab5cec77-30ff-467c-a26a-6bd7ac3ac62f,DCH4,2018-08-06,14:00:44,4247527.0,141,140,14,42.43599233333334,-87.83124952482267,Medium
RouteID_ab60f535-8db9-4d4f-8532-3c5b64c8104c,DSE4,2018-08-24,15:03:01,3313071.0,186,185,24,47.90705846236557,-122.19593854301075,Medium
RouteID_ab632b5f-f121-4910-9994-d7dc3ccffeb4,DLA9,2018-08-09,16:00:00,3313071.0,116,115,22,33.6791746724138,-117.82976011206901,High
RouteID_ab670136-976b-4c2f-ace1-421919c5099a,DLA7,2018-08-16,14:21:33,3313071.0,160,159,23,33.78250617500002,-117.81393003125007,Medium
RouteID_ab68dc57-7121-4547-8d3b-6510db775a62,DSE5,2018-08-16,13:57:49,4247527.0,146,145,11,47.20453426027397,-122.22957189041091,Medium
RouteID_ab767adb-255e-4cfe-8791-aedffeccc5c4,DLA8,2018-07-30,16:12:36,3313071.0,143,142,28,34.06334797902098,-118.48301424475525,Medium
RouteID_ab8a0df8-f3cc-4523-a392-c0efcb40a91a,DCH3,2018-08-08,15:30:00,4247527.0,184,183,17,41.98421585326086,-88.20218076630435,Medium
RouteID_ab938705-4a38-4a90-85b0-e9f277098fed,DLA9,2018-07-29,14:36:00,4247527.0,125,124,28,33.62973557600001,-117.74427130400004,Medium
RouteID_ab991d03-ebe3-4a09-9743-5d2213698395,DLA5,2018-08-10,14:42:33,3313071.0,151,150,24,34.04938362913907,-117.27282705298016,High
RouteID_ab9b2244-ecf1-4ae3-beaa-53103cc16a3d,DCH4,2018-08-01,13:51:37,4247527.0,160,159,26,42.392724593750025,-87.99116503749998,High
RouteID_ab9e4142-7a2b-412c-8a81-30ea547568c3,DLA3,2018-07-27,16:01:31,3313071.0,67,66,16,34.10126613432835,-118.35349683582093,High
RouteID_ab9ffee3-d3cc-44f8-bb80-470e71e2fd57,DLA7,2018-08-09,16:17:17,3313071.0,159,158,24,34.09460403773584,-117.59657520125785,Medium
RouteID_aba9454b-abe3-429c-9dcb-fe5d325a8806,DAU1,2018-08-15,13:48:18,4247527.0,150,149,25,30.17898353999999,-97.93351132666666,Medium
RouteID_abab8462-a437-4705-9cdb-7077c604bbcb,DSE4,2018-08-16,15:00:46,3313071.0,221,220,25,47.90307542986428,-122.18866214479647,High
RouteID_abb754e8-464c-49e7-9eef-27082fb56a8f,DLA4,2018-08-13,16:41:07,3313071.0,192,191,15,34.27943010937497,-118.5458793333333,Medium
RouteID_abd916d7-bf9c-4e33-85e7-3d376b2ed501,DLA7,2018-07-26,15:58:45,3313071.0,132,131,18,33.99042185606062,-117.54897070454548,Medium
RouteID_abdda295-a77c-4175-ac51-7e9b98dae1fa,DLA8,2018-08-16,16:47:00,3313071.0,184,183,25,33.814254521739116,-118.3230935,High
RouteID_abddbc66-3bbe-4c98-9f25-e3259109c3cf,DLA7,2018-08-07,14:17:37,3313071.0,136,135,23,33.90211661764706,-117.90996360294125,High
RouteID_abdfea17-53f6-42b4-a214-d23da295e3e9,DSE5,2018-08-11,14:08:06,4247527.0,213,212,15,47.16870230046947,-122.25827137558683,Medium
RouteID_ac042ba4-414c-4be7-bceb-e1fcd4ea8248,DLA7,2018-08-06,14:34:39,3313071.0,136,135,20,33.93901877205883,-117.95941983088235,High
RouteID_ac04476f-201b-45ec-b8c2-21410355b711,DLA7,2018-07-26,16:19:21,3313071.0,165,164,21,34.1517994060606,-117.61501455151513,Medium
RouteID_ac29a4ff-5b20-45c2-b543-40e370d364be,DLA8,2018-07-22,15:55:46,3313071.0,180,179,29,34.06612995,-118.49527158333335,High
RouteID_ac2a5df6-1331-495a-a1fb-184842e71d1e,DLA7,2018-07-23,15:03:23,3313071.0,145,144,21,33.89400422758621,-117.82886705517235,Medium
RouteID_ac30fdb7-71d5-4e47-a374-ac20aad7595a,DLA7,2018-07-29,15:45:12,3313071.0,182,181,28,33.895874785714255,-117.52186079120882,High
RouteID_ac3d61ef-e105-44cb-a0a1-6d2b8c2cd52f,DAU1,2018-08-14,14:47:52,4247527.0,112,111,28,30.247398785714292,-97.74298135714282,Medium
RouteID_ac420f7f-a564-430b-a8fc-dac451158a75,DLA7,2018-08-02,15:02:30,3313071.0,139,138,25,33.85628471223022,-117.74027678417265,Medium
RouteID_ac5ca6d3-f1d8-46ee-9996-fb7dbc4378ee,DBO3,2018-08-09,11:50:56,4247527.0,128,127,24,42.351179359375,-71.2710106796875,Medium
RouteID_ac733380-9df5-491e-8b99-3b64039123a7,DCH4,2018-07-29,15:11:54,4247527.0,193,192,28,42.076089575129515,-88.01203561658026,Low
RouteID_ac7d83a3-7c3b-4a92-924a-32781027b946,DLA8,2018-08-03,14:36:24,3313071.0,155,154,16,33.837769916129034,-118.0839392451613,High
RouteID_ac81c4df-1e79-4c08-b6e7-cfa4cfc38cf2,DCH3,2018-07-30,14:57:10,4247527.0,154,153,19,41.783942980519484,-88.08535090259744,Medium
RouteID_ac838929-a378-4614-86e7-467e5f310571,DLA8,2018-08-16,16:15:00,3313071.0,167,166,21,33.87128104191618,-118.18883571856287,Medium
RouteID_ac93e804-ad8c-41ba-bc7e-0f20a42cfb1f,DLA4,2018-07-29,16:44:20,3313071.0,158,157,14,34.1939844177215,-118.52215425316453,Medium
RouteID_ac9757c9-9361-4d60-a584-2fc6f46fb398,DLA7,2018-07-22,16:00:00,3313071.0,169,168,21,34.08326405917162,-117.74150203550289,High
RouteID_ac99d772-6468-48a6-8efd-7a558a10d3a0,DLA9,2018-07-23,15:23:27,3313071.0,128,127,22,33.7700032578125,-118.11158593749992,High
RouteID_ac9c6b4e-3fdf-43b3-b3af-8754089360aa,DLA8,2018-07-31,16:53:10,3313071.0,158,157,19,33.842093632911386,-118.08400357594931,High
RouteID_aca3ef0a-d86d-44b4-be88-32e18d346a4f,DSE2,2018-08-11,15:31:11,3313071.0,95,94,20,47.63375241052631,-122.28297628421056,High
RouteID_aca8f2c4-92b6-4201-aaa0-1c616f462b13,DSE4,2018-08-22,15:24:44,3313071.0,175,174,18,48.054787320000024,-122.14364628571428,Medium
RouteID_acab06aa-0f46-4e59-9fe8-7441dcf49d1d,DSE4,2018-07-25,15:12:38,3313071.0,140,139,14,47.807512571428575,-122.0721060214286,Medium
RouteID_acab120e-025e-4288-84a3-8dd9212c5bde,DLA8,2018-08-05,17:57:16,3313071.0,152,151,26,33.880624539473686,-118.36254922368416,Low
RouteID_acad95d0-d87b-4e48-a761-906642d82109,DLA8,2018-08-16,15:14:52,3313071.0,83,82,19,34.0583363253012,-118.39237318072288,High
RouteID_acdc8626-043c-46c3-a54b-a1e0e42cfabd,DBO3,2018-08-07,12:15:00,3313071.0,165,164,25,42.391880436363614,-71.5246047272727,Medium
RouteID_ace28dd4-da5e-4010-a71b-a6506b41019d,DSE5,2018-08-15,15:10:55,4247527.0,122,121,7,47.247701704918015,-122.54138691803271,Medium
RouteID_acf23804-63a9-4b2a-aeaf-084baaf8c0d0,DCH1,2018-08-03,14:25:22,3313071.0,107,106,28,41.8829788224299,-87.7899269626168,High
RouteID_acf8c1e2-7668-4bd9-9acf-3284184fb14f,DSE4,2018-07-29,16:02:14,4247527.0,112,111,18,47.666551821428584,-122.28486319642859,Medium
RouteID_ad0952c4-114f-4f5c-81dc-e56e57542598,DSE4,2018-08-09,14:55:10,3313071.0,169,168,28,47.72927662721893,-122.19613041420116,High
RouteID_ad13e9f6-ec01-4884-b1b0-8bdc83026054,DLA9,2018-08-18,15:00:00,4247527.0,144,143,32,33.69554260416666,-117.74954618055555,High
RouteID_ad14a940-28f4-46e1-8b50-13d9a8638788,DLA7,2018-08-04,15:08:51,3313071.0,92,91,23,33.87974773913044,-117.86842343478258,Medium
RouteID_ad227a55-6862-44a9-bd83-d050cd1598de,DLA5,2018-08-03,15:11:21,3313071.0,173,172,17,34.0737887919075,-117.18178400578034,Medium
RouteID_ad3297ac-d934-4c08-bb50-13f1abac542b,DLA7,2018-07-28,15:05:21,3313071.0,162,161,25,34.10046281481481,-117.80060600617284,Medium
RouteID_ad3bdd09-a158-466e-8bac-59678583f70c,DLA7,2018-07-26,15:49:45,3313071.0,167,166,24,33.89407494610779,-117.53929670658682,Medium
RouteID_ad3db0f5-ff12-4359-8fd4-793379b404ff,DLA7,2018-08-01,15:02:32,3313071.0,149,148,22,33.83462502013425,-117.76355129530195,Medium
RouteID_ad42475e-564a-4266-8940-94dd7820f278,DLA5,2018-07-24,14:58:45,3313071.0,169,168,22,34.06831183431952,-117.13552526035508,High
RouteID_ad5a0862-c3f0-4ae7-956b-8c6113bb4d83,DSE5,2018-08-23,15:13:09,4247527.0,132,131,10,47.18987200000002,-122.45024630303031,Medium
RouteID_ad6b5292-8fc1-45d0-870b-74112d2315e0,DBO3,2018-08-17,11:36:22,4247527.0,129,128,16,41.85801639534881,-71.4775238217054,Medium
RouteID_ad6d42eb-1802-4f31-97d8-ac62ecef53bc,DLA9,2018-07-20,16:08:08,3313071.0,114,113,17,33.666639184210524,-117.9920793157895,High
RouteID_ad758605-97be-49c3-aaab-68c18586d78d,DBO3,2018-08-04,11:23:26,4247527.0,186,185,30,41.742209908602156,-71.32401562903227,Medium
RouteID_ad7d3348-b2f9-4cc4-aa5c-beb663f0b6e4,DLA7,2018-08-12,14:59:12,3313071.0,150,149,24,34.13950608666667,-117.84837644666663,Medium
RouteID_ad88899a-3bc7-4119-94c3-481e5aa99322,DLA7,2018-08-06,16:02:48,3313071.0,177,176,24,33.908861531073434,-117.58788029378535,Medium
RouteID_ad89f815-f4d1-4661-b391-4b3b49cdee15,DLA9,2018-08-22,14:19:06,3313071.0,139,138,22,33.734927194244605,-117.777164971223,High
RouteID_ad8a26f3-313f-4346-ad37-67a7eec07231,DAU1,2018-08-08,14:18:31,4247527.0,137,136,28,30.25670003649635,-97.77866074452552,Medium
RouteID_ad8d74d8-7b53-4c21-b53b-cce1d3a5d8ae,DLA8,2018-07-23,16:57:26,3313071.0,157,156,17,33.953132815286615,-118.31912029936302,Medium
RouteID_ad97008c-5527-454e-be14-69ffac32eeb0,DLA8,2018-07-25,16:18:28,3313071.0,105,104,23,34.029397914285724,-118.4973258190476,Medium
RouteID_ad97f1a6-f155-46b2-9214-c4db22ad364e,DLA8,2018-07-19,16:15:00,3313071.0,154,153,15,33.89359011038961,-118.11674125974021,Medium
RouteID_ad9ebd7e-9bde-472a-8bf8-0247a720a513,DLA9,2018-08-23,15:16:57,3313071.0,149,148,21,33.83209573825502,-118.04930519463086,Medium
RouteID_ad9efe94-f238-427d-a40a-d14fca409cf1,DCH4,2018-08-13,15:00:00,4247527.0,132,131,21,42.442820757575745,-88.04828941666669,High
RouteID_ada5622b-af65-4f2e-b3af-20bb65753c97,DLA9,2018-08-24,15:50:36,3313071.0,114,113,23,33.62443228070176,-117.94077205263156,Medium
RouteID_adb09350-7973-4ec4-9307-00a6db671121,DLA4,2018-08-02,13:45:00,3313071.0,132,131,13,34.17740751515153,-118.40326665909087,High
RouteID_adc1df56-de12-4ae6-9d96-a5d382208237,DSE2,2018-08-16,14:17:05,3313071.0,115,114,19,47.62728608695653,-122.30768970434781,High
RouteID_adc8740e-2980-432e-8384-8f95b94d4480,DLA7,2018-08-11,16:00:00,3313071.0,153,152,20,34.11527336601309,-117.54967726143792,Medium
RouteID_adc8cb22-85c8-4f84-bbf5-be01c0259492,DSE5,2018-08-24,13:43:29,3313071.0,166,165,14,47.469696216867455,-122.35215250602407,Medium
RouteID_adc8e30a-2a2e-4335-8411-5e338bb3352c,DSE5,2018-08-02,13:52:48,4247527.0,159,158,16,47.122500849056586,-122.33070761006296,Medium
RouteID_adcb0b73-4b3d-4584-bde0-df19246212a6,DSE5,2018-08-16,15:25:04,4247527.0,131,130,9,47.25242392366413,-122.48743302290076,High
RouteID_addb5967-be52-45cf-9dd8-92290cba7eff,DSE4,2018-07-31,15:10:01,4247527.0,100,99,14,47.68438557000001,-122.29364850000003,High
RouteID_ade213ff-4296-498d-92cc-6b7f9cb27206,DLA9,2018-07-22,15:30:59,3313071.0,112,111,15,33.78905740178572,-117.9206578035714,Medium
RouteID_adf6080e-0811-4f5b-affa-e5f693d58e99,DCH1,2018-08-15,13:49:29,3313071.0,165,164,20,41.79390075757576,-87.87839158787877,High
RouteID_ae0a4dde-8eb4-4a1a-be0b-be2221fa3f4d,DLA7,2018-08-08,14:28:11,3313071.0,128,127,21,33.83540717968751,-117.84591757031244,Medium
RouteID_ae0cbfc3-eef3-4355-833a-46282d7ff293,DLA7,2018-07-26,16:26:11,3313071.0,150,149,24,34.092646346666676,-117.61676223333329,Medium
RouteID_ae24272e-bb16-4933-813c-a166977664c5,DCH3,2018-08-11,15:30:00,3313071.0,175,174,18,41.78051388571428,-88.05721586285716,Medium
RouteID_ae280908-b8e6-4116-a611-e08105eb4539,DSE2,2018-08-25,15:06:58,4247527.0,117,116,18,47.57339899145298,-122.37980724786327,High
RouteID_ae4a638c-c64c-4d1e-bb45-7bb9dc02d988,DLA7,2018-07-20,16:00:00,3313071.0,182,181,22,34.12120306593405,-117.67956837362637,High
RouteID_ae563d27-1d0a-4018-b0de-d1f848666aac,DLA9,2018-07-21,14:34:05,4247527.0,173,172,21,33.6480646647399,-117.66699063583822,Medium
RouteID_ae61a612-e313-4867-aab2-462827e77146,DLA4,2018-07-20,14:02:56,3313071.0,114,113,16,34.14469709649124,-118.42770154385965,Medium
RouteID_ae6cf76f-4a16-4d83-a5e7-a51280e4a9f3,DLA9,2018-08-21,16:00:26,3313071.0,136,135,19,33.72675631617648,-117.85482804411765,Medium
RouteID_ae6eac32-403a-4c1a-8ccb-b8bdcaf25bad,DBO3,2018-07-24,12:15:00,4247527.0,187,186,27,42.28416633155082,-71.71725397326202,High
RouteID_ae7545f8-6535-4710-b6ea-30b4fb64cc02,DLA9,2018-08-15,15:00:00,4247527.0,130,129,21,33.67859476153845,-117.63700752307689,High
RouteID_ae7c078f-9775-4382-97b9-b82dc13228e9,DLA9,2018-08-01,13:47:09,3313071.0,98,97,22,33.54694926530612,-117.64766755102042,High
RouteID_ae83f221-8fb7-4445-9918-c553cc73afa0,DBO3,2018-08-10,11:30:00,4247527.0,95,94,18,42.41802747368419,-71.22736068421054,High
RouteID_ae8aaf40-e438-430c-8f47-6eb7cac2bba9,DLA4,2018-08-15,13:50:18,3313071.0,63,62,17,34.162934365079366,-118.38007971428571,High
RouteID_ae9052bc-3142-4f95-89a4-b0798701f8e3,DBO3,2018-07-20,12:21:08,3313071.0,177,176,15,42.417155169491515,-71.68481500564971,High
RouteID_ae94f641-842f-4926-ac0e-d7e92df94d7b,DLA7,2018-07-28,14:22:52,3313071.0,164,163,27,33.82263417073169,-117.81225304878038,Medium
RouteID_aead13ab-289d-4afa-af0d-80cfde2d50ab,DLA9,2018-08-26,14:25:12,3313071.0,157,156,29,33.72559513375799,-117.76803506369421,High
RouteID_aeae06f6-9d80-4050-8c27-fb82f69825b4,DCH4,2018-08-08,13:37:10,4247527.0,145,144,15,42.42117037241379,-87.84059257931034,Medium
RouteID_aebb3c46-444e-4ae5-a144-da7e8368bfbe,DLA3,2018-08-11,16:00:00,3313071.0,175,174,19,33.951140525714294,-118.10519239999994,High
RouteID_aebc863c-f43f-46cf-aba7-0b44b7cace15,DLA9,2018-08-03,13:55:54,3313071.0,158,157,23,33.568092721518994,-117.68666613924053,Medium
RouteID_aec7069d-b705-4140-9b17-c8deac267e5d,DSE4,2018-07-23,15:52:00,4247527.0,150,149,25,47.814997439999985,-122.35755844666673,Medium
RouteID_aec931a8-867e-4153-9966-360ea6a0cf1c,DLA7,2018-08-10,16:48:32,3313071.0,130,129,21,34.08590998461539,-117.71886340769234,High
RouteID_aee1994f-efe8-48cc-83dc-99642bea4fe3,DLA7,2018-07-31,15:37:26,3313071.0,143,142,18,34.154670167832165,-117.46769425874129,High
RouteID_aeec28bc-213f-4f03-aef0-a5d1be549960,DLA4,2018-07-20,14:13:13,3313071.0,112,111,13,34.17228455357142,-118.44700531249995,Medium
RouteID_aef159d2-fa28-4b79-8b92-e888525ff41b,DLA7,2018-07-26,16:00:00,3313071.0,132,131,30,34.00289090151516,-117.81266503030302,Medium
RouteID_aef41fd5-7618-4f22-9a32-d5a2f3444ea0,DLA7,2018-08-14,15:48:09,3313071.0,142,141,18,34.14667020422535,-117.45519866901407,High
RouteID_aefe7b14-f3d9-4430-86eb-fa6aab2ae578,DBO3,2018-07-23,13:10:43,4247527.0,220,219,35,42.225482731818175,-71.50240590909085,Medium
RouteID_af0161bf-8156-4a2f-aefb-64c5b995c55a,DLA7,2018-07-28,16:30:08,3313071.0,161,160,30,33.99224000621117,-117.82159511801241,High
RouteID_af04bedd-f319-43e2-980b-99136f1a7e31,DLA7,2018-08-04,15:02:16,3313071.0,143,142,25,33.85782211188815,-117.74180998601399,Medium
RouteID_af05f0fe-5be9-47e4-8280-c1c94d3e58b2,DSE2,2018-07-28,15:20:15,4247527.0,117,116,19,47.580299529914534,-122.30081726495722,High
RouteID_af07f0f4-3d99-488c-9093-dc3762eaeb42,DBO3,2018-08-08,11:25:08,4247527.0,132,131,17,42.39293036363635,-71.16666811363635,Medium
RouteID_af090e7e-737e-425f-8894-4380344c8b69,DSE4,2018-08-24,15:24:57,4247527.0,75,74,12,47.68091663999999,-122.31221097333332,High
RouteID_af0d8a42-6f71-40d8-8d5a-f024a3ddb6a9,DCH4,2018-08-01,15:23:08,4247527.0,172,171,25,42.1805597732558,-88.37451727906979,Medium
RouteID_af23c8a1-1008-4a79-955a-6834fc2bec75,DCH1,2018-08-13,14:10:41,3313071.0,169,168,19,41.847564834319535,-87.8878705443787,Medium
RouteID_af278499-0c78-478e-9506-0d5e0ddb1ce8,DLA7,2018-07-23,14:30:00,3313071.0,156,155,26,33.874493974358955,-117.938484025641,High
RouteID_af283be6-154a-4890-bf50-3ac4ca3befc7,DBO2,2018-08-03,13:45:00,4247527.0,160,159,22,42.18238888750001,-70.94523869999998,Medium
RouteID_af2e24db-b9bf-43d6-b663-a45f41c219d7,DLA4,2018-08-12,13:45:00,3313071.0,147,146,21,34.13685342176871,-118.3986438367348,High
RouteID_af2eeab1-d780-426d-8980-8fbd836d1291,DLA9,2018-08-08,13:40:37,3313071.0,113,112,17,33.41759315044248,-117.61130765486725,High
RouteID_af480955-6e35-447d-9506-96a6998e2fce,DSE5,2018-07-26,15:21:31,3313071.0,159,158,12,47.32366298113206,-122.372900899371,Medium
RouteID_af509b46-9e50-4636-a86b-503a28aeda94,DCH3,2018-08-08,15:30:00,3313071.0,186,185,20,41.920988016129016,-88.2735081989247,High
RouteID_af53d6f8-537b-4605-a089-9f66bccb7ca9,DCH3,2018-08-17,14:07:58,3313071.0,197,196,24,41.71135072588833,-88.25021623857866,Medium
RouteID_af5bc3c7-79aa-4573-8d6e-bd2f658efce2,DCH3,2018-08-15,15:30:00,4247527.0,193,192,22,42.00223662176166,-88.06694789119173,High
RouteID_af606085-d1f7-4b8b-b0cc-b0be39a150a4,DBO3,2018-08-07,12:26:33,4247527.0,162,161,24,42.25648798148148,-71.356308845679,Medium
RouteID_af67b685-d270-4624-b46e-2c6498dd5344,DBO2,2018-08-05,13:17:04,3313071.0,159,158,24,42.27480238364779,-71.12341380503145,Medium
RouteID_af6a312e-1c08-455d-9dfd-c9cbdee0fa24,DLA7,2018-08-10,14:45:21,3313071.0,171,170,22,33.91224147953216,-118.02532703508773,High
RouteID_af7975bd-6030-41a0-8575-1b3e2179a6a0,DBO2,2018-08-16,11:56:52,4247527.0,162,161,19,42.07957695061731,-70.95150424074076,Medium
RouteID_af9a9095-c2ec-4675-b337-975550751d34,DLA5,2018-07-24,15:10:12,3313071.0,185,184,22,34.13899952972973,-117.2813183945945,Medium
RouteID_afa40241-98c4-4604-858f-82066f6002a6,DLA5,2018-08-16,16:00:00,3313071.0,139,138,17,33.893487194244614,-117.46476605755394,Medium
RouteID_afabf63c-118e-4234-82f4-57789c1897ee,DLA8,2018-07-23,16:33:26,3313071.0,148,147,14,33.900009979729724,-118.18640512837841,High
RouteID_afc72e42-6745-4b16-938b-a4d2ab5a18e3,DSE5,2018-08-11,14:35:33,4247527.0,124,123,7,47.2098638548387,-122.53778158064515,Medium
RouteID_afcee5a0-423f-47d7-9f0b-4bd98b15cbb4,DSE5,2018-08-11,14:36:24,4247527.0,155,154,11,47.30796959354837,-122.41789675483878,Medium
RouteID_afd2b0cd-8682-4dd9-a503-c0f80757ebf4,DLA7,2018-08-02,15:30:38,3313071.0,139,138,26,33.900280812949624,-117.86648330215831,Medium
RouteID_afd461bc-1d35-4e47-b4ac-9d567ad67f5a,DCH3,2018-08-06,15:10:31,4247527.0,171,170,19,41.752576912280674,-88.18779485964912,High
RouteID_afda3c58-0de6-495f-90e8-8741641f3a00,DCH2,2018-08-13,14:56:40,3313071.0,195,194,23,41.99071567179487,-87.8151563282051,Medium
RouteID_afedac88-adc5-4afa-a255-76a60bd53f2d,DLA7,2018-08-09,14:55:20,3313071.0,148,147,24,33.89978592567567,-117.85649245945947,Medium
RouteID_afedc532-0295-4a28-9443-0ee4cec5d2b8,DCH4,2018-08-15,15:29:38,4247527.0,175,174,24,42.39375613142858,-87.99525027999995,High
RouteID_b002b8a2-4b52-45a6-9465-44bbd15dae4d,DLA8,2018-08-11,15:39:12,4247527.0,81,80,26,34.07154539506172,-118.3612826049383,High
RouteID_b0116bf4-3487-4b8b-a9a5-b00efcd81f84,DLA7,2018-07-25,16:36:46,3313071.0,152,151,22,34.11866614473682,-117.73121724999999,Medium
RouteID_b0247521-0be6-4623-b357-521b0a713037,DLA4,2018-08-05,15:43:59,3313071.0,85,84,9,34.120651870588226,-118.40556894117645,Medium
RouteID_b04752a4-9a5f-4b55-ac16-456c19c11d19,DSE5,2018-08-14,14:14:45,4247527.0,145,144,13,47.294033427586214,-122.28739397931035,High
RouteID_b048bb97-7172-4eb1-afc6-425cce41f252,DLA9,2018-08-26,16:14:30,3313071.0,150,149,23,33.74226123333333,-117.86685313333335,High
RouteID_b06c0b8c-05c0-408c-b3c9-2d4cbfb92227,DBO3,2018-08-04,12:15:00,4247527.0,153,152,29,42.30375078431372,-71.38566892810458,High
RouteID_b080c4a2-735a-419e-94d1-d14f5b752740,DLA9,2018-07-19,16:43:12,3313071.0,143,142,22,33.63990269930072,-117.81453079020979,Medium
RouteID_b083498a-8b0b-41c5-add5-ec1d0627b651,DCH1,2018-08-15,14:32:51,3313071.0,94,93,15,41.92967584042554,-87.71609309574471,High
RouteID_b0c2acb6-df6f-4172-bba4-ced7cb6a570f,DSE4,2018-08-22,14:52:46,3313071.0,161,160,24,47.73720199999999,-122.19706209937883,Medium
RouteID_b0ce27bb-ecea-4d12-a83c-bbcd02c70bb4,DLA9,2018-08-21,14:23:47,4247527.0,161,160,22,33.611698229813655,-117.6888875652174,High
RouteID_b0d85767-ecaf-4e46-8959-46a43c8c2014,DLA9,2018-08-10,16:05:02,3313071.0,140,139,35,33.622729257142865,-117.85132217857146,High
RouteID_b0df83a5-779a-40f4-b5ea-ad32299e99de,DBO2,2018-08-12,11:59:26,4247527.0,154,153,23,42.226278519480516,-70.97679446753247,Medium
RouteID_b0e380ba-de5b-4044-8d72-d4ae7698ee34,DLA7,2018-08-08,15:10:30,3313071.0,144,143,19,34.07272842361111,-117.72909943055558,Medium
RouteID_b0fec173-e782-4270-baaf-ec4568c93303,DAU1,2018-07-23,14:37:20,4247527.0,144,143,25,30.227744027777774,-97.79333929861106,High
RouteID_b10bcbd7-8abe-4a8a-be8a-5a920dd1e7bd,DLA3,2018-08-14,15:52:32,3313071.0,121,120,16,34.12259762809916,-118.32898554545451,Medium
RouteID_b1125f42-9db4-4838-ba5b-a76c915eeaa5,DAU1,2018-08-06,14:21:55,4247527.0,147,146,23,30.370540088435384,-97.98402097278912,High
RouteID_b128d67c-31cb-44ee-9dc9-5507d5ab5ebb,DBO3,2018-08-03,12:23:58,4247527.0,151,150,22,42.091249516556296,-71.26363601986759,Medium
RouteID_b12c01a4-9dc6-4cb9-b9e3-26186fd9c1be,DLA7,2018-08-15,15:26:27,3313071.0,146,145,20,34.153421054794514,-117.52727801369863,High
RouteID_b12e0798-7209-4cf5-926e-419c33840ab6,DLA7,2018-07-20,15:50:51,3313071.0,160,159,16,34.123408181250014,-117.44142096250002,Medium
RouteID_b1348a23-000f-48b4-ab04-1022331ee9d5,DLA8,2018-07-27,14:59:17,3313071.0,101,100,23,33.77369697029701,-118.17309037623768,Medium
RouteID_b14ab224-3c4b-4182-bba5-062a785e2a5d,DBO3,2018-08-15,12:31:57,4247527.0,194,193,21,42.17864605154637,-71.39670970618558,Medium
RouteID_b15301b4-67e1-4411-8816-60470e0dc071,DLA7,2018-07-30,14:46:27,3313071.0,142,141,19,33.78306014788731,-117.48896378169015,High
RouteID_b1546d45-1a18-478f-8900-e884cd665dc0,DSE5,2018-08-15,13:58:46,4247527.0,154,153,16,47.121409181818194,-122.32841681168833,Medium
RouteID_b159fccf-a099-4b8b-89bb-d917cb113d2f,DCH1,2018-07-21,13:47:03,3313071.0,180,179,18,41.800693538888865,-87.72664780000002,Medium
RouteID_b16371f9-c76f-4e11-94e2-ea81ce66a938,DBO1,2018-07-29,11:48:50,3313071.0,148,147,13,42.41805108108108,-71.06290845270273,High
RouteID_b17be13c-9671-4c4f-a74c-052520441f62,DLA5,2018-07-26,15:08:40,3313071.0,209,208,21,34.09900772248804,-117.353666492823,High
RouteID_b17c2093-608d-4d30-85fc-7386acf02f27,DLA7,2018-08-02,15:48:07,3313071.0,166,165,20,33.98087709638555,-117.57273068674702,Medium
RouteID_b17d218c-ead3-41ce-bd3b-b4e49d90ad2a,DLA8,2018-08-17,16:07:18,3313071.0,141,140,24,33.88204431205673,-118.363608,Medium
RouteID_b19f72dd-8273-4c9f-87c7-1fa39fc4089c,DCH4,2018-08-14,15:46:26,4247527.0,126,125,17,42.27774893650797,-87.88107395238094,High
RouteID_b1bbf614-23d7-4568-9017-2d9acfd05756,DLA5,2018-08-08,14:48:40,3313071.0,163,162,19,34.13000926380369,-117.19580196319015,Medium
RouteID_b1c5dfd6-459f-4977-aea7-3c48b4d865ff,DLA9,2018-08-17,14:26:19,4247527.0,109,108,20,33.68659236697246,-117.75367659633027,High
RouteID_b1d5349d-1a9c-4791-a652-80ccb71dbfd6,DSE5,2018-08-25,15:00:00,3313071.0,147,146,13,47.59091312925169,-121.98039807482992,High
RouteID_b1e0fa64-9d03-431f-8a50-26003fe670cd,DLA7,2018-07-25,15:08:33,3313071.0,164,163,24,34.14018850000001,-117.84765560365852,High
RouteID_b224bf19-3e25-46cc-9799-66ac2881fda0,DCH2,2018-08-07,13:47:42,3313071.0,157,156,25,42.06912740764332,-87.71043523566877,High
RouteID_b224c8d2-65a0-4f01-b004-d5dacaab1643,DLA4,2018-08-01,15:30:00,3313071.0,81,80,12,34.08221900000001,-118.39696156790122,High
RouteID_b231f324-df28-4722-94c2-65cc0bc633f5,DLA7,2018-07-27,15:19:27,3313071.0,148,147,18,33.90839447972972,-117.87360970270267,Medium
RouteID_b236029c-517a-43d6-bfa3-e3cc6c45e932,DSE5,2018-08-20,13:59:59,4247527.0,165,164,16,47.09231736363636,-122.31734196969697,High
RouteID_b23cd867-2bd1-4f5d-9962-a2c4347d3801,DLA7,2018-08-12,14:32:03,3313071.0,135,134,26,33.811500444444434,-117.84498235555553,Medium
RouteID_b24110e2-6b6c-49f7-9980-ceb5a54e3548,DSE5,2018-08-13,14:12:06,3313071.0,179,178,18,47.497941871508374,-122.23275439106142,Medium
RouteID_b2458a6c-0a7e-40c5-9645-24b4dc32e577,DSE5,2018-08-12,13:53:47,4247527.0,182,181,17,47.09534399999998,-122.27918390659342,High
RouteID_b2621a10-ff30-47fc-a516-fd87f9986f29,DBO2,2018-08-04,12:54:15,4247527.0,90,89,38,42.344760699999995,-71.11608835555558,High
RouteID_b262ae2c-7772-49d2-9e58-ef9cbdee7e71,DBO3,2018-08-10,11:18:58,4247527.0,155,154,23,41.978175516129035,-71.32347030967746,Medium
RouteID_b26c907b-a6fc-49e4-8897-ac75097362d6,DCH4,2018-07-31,14:06:54,4247527.0,145,144,16,42.470270034482745,-87.83582204137926,High
RouteID_b290fc65-b37a-4c7a-b5b4-1c0b8b5a3a52,DBO3,2018-07-31,11:28:41,4247527.0,134,133,25,42.39361988805972,-71.1976025597015,High
RouteID_b2991720-8e58-446a-852e-d83d2ebd58a3,DSE4,2018-08-21,15:30:16,4247527.0,157,156,22,47.810832968152894,-122.3467105541401,Medium
RouteID_b2a7ac1d-61e7-408b-bc20-44799268a7d6,DLA9,2018-07-19,16:00:41,3313071.0,123,122,23,33.662719747967465,-117.88658302439023,High
RouteID_b2ab781b-b693-4d4b-908e-2c798ab6966a,DLA7,2018-07-20,15:25:38,3313071.0,173,172,19,34.032476936416174,-117.73077986127167,Medium
RouteID_b2b7bd66-04ea-410a-9d84-a0f1601ccc42,DLA7,2018-08-05,14:49:59,3313071.0,155,154,25,33.873406838709684,-117.8375780516129,High
RouteID_b2c624c5-d50f-48a3-839c-cbd70a8bb83c,DLA8,2018-08-17,16:20:44,3313071.0,143,142,24,34.00603147552449,-118.44575155244759,High
RouteID_b2c725da-1a34-44fd-8d3a-9dd9ed9f0fd6,DBO1,2018-07-23,13:03:26,4247527.0,186,185,19,42.52105419354837,-71.19847060215051,Medium
RouteID_b2d43f60-0823-4c01-816d-94f1cd36fc77,DBO2,2018-07-24,12:01:50,4247527.0,113,112,12,42.32490907964603,-71.0834325575221,Medium
RouteID_b2d8f3d1-cb7e-43ee-8fca-3ebed6b86761,DBO3,2018-08-07,12:43:48,3313071.0,140,139,16,42.341466849999996,-71.85561202857143,Medium
RouteID_b2dcd3de-37b0-4e7e-8a7c-2762a3bf29d6,DBO3,2018-07-26,12:22:38,4247527.0,175,174,21,42.04530553714284,-71.1614465942857,High
RouteID_b2ee42b6-88ad-4fee-be20-e7a96ef65d7d,DAU1,2018-08-09,15:30:00,4247527.0,138,137,20,30.228970340579718,-97.79542883333329,Medium
RouteID_b2f0132a-4c06-40de-a14b-8367cc2a795a,DLA8,2018-07-20,15:13:09,3313071.0,141,140,17,33.81408158156029,-118.19774509219857,High
RouteID_b2f8cc0c-f2a2-4f89-a1f1-4a87d2dd3455,DCH3,2018-08-02,14:09:49,3313071.0,185,184,20,41.711149502702696,-88.25141095135135,Medium
RouteID_b3069773-a091-4fb1-a912-4eaeef3e07ea,DSE5,2018-08-09,15:15:16,3313071.0,148,147,16,47.545664013513516,-122.00118049999996,High
RouteID_b30899fa-f222-4dd5-a236-c51608478c15,DLA4,2018-08-13,15:08:32,3313071.0,184,183,15,34.178664820652195,-118.64519604347825,Medium
RouteID_b316a43d-0cea-4b0e-9e35-cfec97807141,DLA7,2018-08-14,16:00:00,3313071.0,156,155,23,34.128237782051286,-117.54308237179485,High
RouteID_b31ea4e5-c1b7-44a5-9dd5-9428f5fd2c16,DSE4,2018-08-06,15:51:07,4247527.0,84,83,11,47.668458952380945,-122.28832830952379,High
RouteID_b3259d3d-7128-4957-9585-504f8e7bbb8c,DLA3,2018-07-31,16:10:16,3313071.0,123,122,18,34.07951143902439,-118.26970524390242,High
RouteID_b326406f-7851-4605-9c0e-00c57be89d22,DBO3,2018-08-17,11:34:25,4247527.0,150,149,17,41.84995878666668,-71.44670329333333,Medium
RouteID_b333f88c-cf8d-4a51-b46f-2b5b6defbd8e,DCH4,2018-07-25,15:35:46,4247527.0,171,170,20,42.21270536842105,-88.34104822807015,High
RouteID_b335cea7-f338-4f94-8f9f-ffaabfe0b5a3,DAU1,2018-08-14,14:45:56,4247527.0,144,143,32,30.335288618055547,-97.73928925694455,Medium
RouteID_b339b7fd-e9fa-48c3-af3a-865bc21e215c,DLA7,2018-07-30,15:29:06,3313071.0,171,170,27,33.883491228070206,-117.76836399415205,Medium
RouteID_b352db3f-7310-4cfb-be98-9b84f053e352,DLA8,2018-08-14,14:58:45,4247527.0,124,123,23,33.827310491935485,-118.19188245161295,Medium
RouteID_b35c32e0-21e5-4e37-81d8-2c344da4e7a0,DLA7,2018-08-16,16:22:07,3313071.0,181,180,24,34.14143962983428,-117.66815667955797,Medium
RouteID_b35ef5a3-56e3-4509-bfcf-ab92a7becdb7,DBO3,2018-07-20,13:11:48,4247527.0,214,213,23,42.27111701869161,-71.51155185046733,Medium
RouteID_b362a4bd-61ec-4620-9bc9-5f0567fcc3a4,DLA8,2018-08-04,15:18:03,3313071.0,91,90,23,34.065331758241754,-118.43565563736261,Medium
RouteID_b368bf5b-531d-4e74-8b6f-b038c4869748,DSE5,2018-08-13,15:11:56,3313071.0,157,156,13,47.40852909554142,-122.20264257324834,Medium
RouteID_b3720d0d-9473-4e3b-ba17-833f92f28611,DLA4,2018-08-08,15:31:00,3313071.0,106,105,11,34.13954135849055,-118.66622973584913,Medium
RouteID_b387ef94-c466-428a-a629-cbd33b7f5982,DLA9,2018-08-06,15:14:25,3313071.0,148,147,23,33.77432565540542,-117.96864284459457,Medium
RouteID_b3892d64-a931-44ad-ba75-ddcfaf8976c7,DCH2,2018-08-12,12:31:37,3313071.0,200,199,22,41.906791489999996,-87.87597729499996,Medium
RouteID_b39a6f98-f513-48e8-8a13-671a0a47d95f,DLA7,2018-07-31,15:08:59,3313071.0,151,150,22,34.14222088079471,-117.8438626423841,Medium
RouteID_b3a6a4aa-16d3-41cc-8b7c-c0d995c162a8,DBO1,2018-07-25,13:20:12,4247527.0,169,168,21,42.43021292899409,-71.17353356804736,Low
RouteID_b3a8fe9c-d851-46b7-a556-ae6f5b2dd4f6,DCH4,2018-08-10,14:06:56,3313071.0,195,194,22,42.11245428717947,-87.96715479487179,High
RouteID_b3acc49f-fcc6-4d1d-b6b3-dcd8cbcfb9ba,DLA7,2018-07-26,15:41:20,3313071.0,142,141,19,34.175794401408446,-117.30812730985917,Medium
RouteID_b3b613f2-9ea4-48e5-9440-9af81f6f59a1,DCH4,2018-08-15,13:39:31,4247527.0,170,169,26,42.06773341764705,-87.81926851176472,Medium
RouteID_b3b8bf3d-325e-456f-99db-ddc3941489de,DLA3,2018-08-04,14:40:18,3313071.0,116,115,13,34.03722293103448,-118.17005433620689,High
RouteID_b3bd73d9-a6b6-4b59-91e6-b61c5d92eef9,DLA3,2018-07-24,15:01:34,3313071.0,162,161,15,33.96334770987652,-118.25450966049384,High
RouteID_b3d1ab17-8f7b-4a47-a728-51ebbe3883c9,DLA7,2018-07-24,15:38:39,3313071.0,143,142,18,34.17572351048951,-117.30638984615379,Medium
RouteID_b3d7c595-bb83-4e23-a4b2-7318b23429f5,DCH4,2018-07-27,15:14:30,4247527.0,175,174,23,42.193812268571435,-88.35472577142865,High
RouteID_b3dbfeac-c949-4761-90ca-ed8da25cca02,DLA7,2018-07-28,16:29:27,3313071.0,185,184,30,33.9749128108108,-117.71556368648653,High
RouteID_b3debc51-3e9c-442e-a1e8-564654cc83e1,DLA7,2018-07-28,15:49:51,3313071.0,164,163,23,33.893004329268265,-117.52208743902442,Medium
RouteID_b3eeb2f6-131f-4243-8fb4-057438d07870,DLA9,2018-08-22,15:02:29,3313071.0,154,153,17,33.75657220779222,-117.95461322077925,High
RouteID_b3f46cf2-5257-49ac-84bb-744a4a52d2b7,DCH2,2018-08-14,14:04:20,3313071.0,90,89,23,41.97152241111111,-87.68276716666666,High
RouteID_b3fb5fb0-4b06-4388-b19c-e3ba37671982,DLA9,2018-08-10,13:46:25,3313071.0,141,140,21,33.52869187943264,-117.68632429078014,High
RouteID_b404723a-b0af-4996-b375-2a0c280d4414,DLA8,2018-07-20,16:23:45,3313071.0,104,103,19,34.01590283653847,-118.47338294230772,Medium
RouteID_b41061a4-8478-4043-8141-987cfd0ffdbc,DCH4,2018-07-27,15:00:00,4247527.0,208,207,30,42.18454316346154,-87.97041069230767,Medium
RouteID_b4120d0c-d4ce-446d-b298-9191ec2e641e,DLA8,2018-08-10,16:42:45,3313071.0,140,139,18,33.76055014285713,-118.38901833571425,Medium
RouteID_b418845f-aade-40ef-8317-2247ad83e914,DBO3,2018-08-03,12:15:00,4247527.0,168,167,32,42.37844462500001,-71.43492951785713,Medium
RouteID_b4260354-182c-448d-9ba4-cae5fab37df2,DCH4,2018-07-24,14:05:45,3313071.0,185,184,24,42.11649766486486,-87.94121185945949,Medium
RouteID_b43c35ec-1442-47fd-abe5-874e5b5b8dd6,DCH1,2018-08-08,14:31:32,3313071.0,127,126,18,41.89289988976377,-87.81632496062994,High
RouteID_b43d03a6-0dbc-4e90-87e2-ba13c63d96c4,DSE4,2018-08-19,15:41:53,3313071.0,188,187,30,47.86835358510638,-122.30614710106379,Medium
RouteID_b43d0a1d-0e16-47d3-bb38-a541f7d4b541,DCH2,2018-08-05,14:01:56,3313071.0,110,109,20,41.979658836363626,-87.67104680909092,High
RouteID_b453f905-129a-40b2-8816-97fcfc8b7914,DBO2,2018-07-27,12:08:28,4247527.0,142,141,14,42.2728127676056,-70.86617333098589,Medium
RouteID_b458ba97-eda1-47ed-b212-aca366ff85bf,DCH4,2018-08-12,15:21:56,3313071.0,173,172,25,42.308419976878604,-87.93823873988441,Medium
RouteID_b45a2c95-4634-40f2-83bd-555c8770288e,DLA9,2018-08-16,16:08:19,3313071.0,144,143,27,33.675637256944455,-117.8098422638889,High
RouteID_b45d43d6-4137-4251-9140-d1be8fd3a2f1,DLA7,2018-08-04,15:09:26,3313071.0,139,138,27,33.87620065467627,-117.83317146043163,Medium
RouteID_b45f34d4-3128-47f7-9e40-95f17f4ddc81,DBO3,2018-08-05,12:45:22,4247527.0,146,145,30,42.284697041095896,-71.51994503424659,Medium
RouteID_b461278a-5ab7-4341-9287-38a2736898c5,DLA9,2018-08-20,14:25:24,3313071.0,151,150,29,33.726428,-117.76378441059605,High
RouteID_b480722d-6ad2-4a40-8afc-0242b6ca2055,DSE5,2018-08-07,15:27:38,3313071.0,179,178,13,47.37478868715084,-122.16780925698332,High
RouteID_b4c82eec-e977-4493-bc53-85b002f654ee,DCH1,2018-07-24,13:56:19,3313071.0,192,191,21,41.81196733333331,-87.8359891614583,Medium
RouteID_b4c9b4f2-3293-43d5-ae3b-b80f356da0eb,DCH4,2018-08-10,15:32:51,4247527.0,148,147,21,42.182598716216205,-88.37578375675673,Medium
RouteID_b4cd4229-6770-4edb-b7f0-ae0eb760e931,DAU1,2018-07-29,14:42:24,4247527.0,175,174,47,30.34883256000001,-97.72834138285715,High
RouteID_b4d140c5-f4c1-4b23-b030-2e6935d75fe3,DLA5,2018-08-10,15:49:25,3313071.0,153,152,18,33.92890070588236,-117.44187779738557,Medium
RouteID_b4e3992d-6211-415f-b416-94ec8810bcd9,DLA9,2018-08-16,14:23:48,4247527.0,107,106,17,33.66663653271028,-117.68274539252333,High
RouteID_b4f20224-2c50-40aa-b591-fa3c9f4d879c,DSE4,2018-08-26,14:54:26,3313071.0,148,147,28,47.73852282432435,-122.17107368918919,High
RouteID_b4f2f28d-224f-4d9a-b6d0-15305db25845,DLA4,2018-08-09,17:00:20,3313071.0,153,152,12,34.153701888888875,-118.54453041176475,Medium
RouteID_b4fde8a4-ef8e-4135-ae82-007663a0a189,DLA7,2018-07-21,15:10:17,3313071.0,126,125,21,33.868821650793656,-117.86735446825395,High
RouteID_b4fe359a-896c-4d0a-a5c5-32a72b35e19b,DSE2,2018-08-25,14:13:13,3313071.0,114,113,20,47.63397389473683,-122.2849694912281,High
RouteID_b5050307-8120-48f3-b3c9-b4fda083a649,DLA9,2018-08-18,14:23:37,4247527.0,130,129,30,33.69829271538461,-117.77084118461536,Medium
RouteID_b51ce290-1bc2-41d5-8998-5d1bbd62e9f7,DLA3,2018-08-07,14:43:41,3313071.0,53,52,16,34.085650301886794,-118.34914758490568,Medium
RouteID_b542c3ef-6f22-4497-90ac-65f4f02a999c,DLA5,2018-08-14,14:28:16,3313071.0,174,173,17,33.70954368965515,-117.17175449425285,High
RouteID_b543fe29-0f8d-4c47-ae65-01551dafb8f0,DCH3,2018-08-06,14:21:53,3313071.0,195,194,22,41.713630933333334,-88.16472512820513,Medium
RouteID_b54af6f5-5168-4353-bfef-7c50a1d4f866,DLA7,2018-08-12,14:20:53,3313071.0,106,105,23,33.91693911320755,-117.94674066037732,Medium
RouteID_b54ee14c-5eed-4a01-91c9-8d344d830638,DCH3,2018-07-25,15:10:07,3313071.0,172,171,21,41.80663920348838,-88.02574027325579,Medium
RouteID_b5717eb1-437d-4d3c-b271-6ad2380061c4,DLA8,2018-08-09,16:38:07,3313071.0,156,155,18,33.82712613461538,-118.26923253205129,Medium
RouteID_b5766d61-7ea8-49ba-a3fe-c99fec8d70e7,DLA9,2018-08-24,15:05:28,3313071.0,146,145,19,33.75590791095892,-117.95409544520544,Medium
RouteID_b5797303-ca99-47b8-bb8c-a9b41de4e734,DSE4,2018-08-15,15:19:30,4247527.0,130,129,15,47.66861168461537,-122.26759568461543,Medium
RouteID_b57a9e93-f29d-4d75-a49b-5baea7d5022b,DLA4,2018-07-24,14:06:07,3313071.0,118,117,11,34.17914958474575,-118.38103931355938,Medium
RouteID_b57d035b-6b7d-4b23-a166-b76c6bd5efb6,DLA7,2018-08-06,14:57:28,3313071.0,134,133,21,33.856401544776105,-117.74085466417911,Medium
RouteID_b57e4859-7bd3-4654-86a2-c441a4359dd1,DSE5,2018-08-12,13:38:17,3313071.0,170,169,14,47.50848907647058,-122.35302073529415,High
RouteID_b5814396-317d-4a37-be08-41c99abaffeb,DLA7,2018-08-14,17:13:22,3313071.0,154,153,19,34.14709281818184,-117.60962544805193,High
RouteID_b58690f1-e075-41fe-9ece-6207efa61d52,DLA7,2018-07-21,14:52:18,3313071.0,209,208,23,33.84433853110046,-117.54677954066985,High
RouteID_b58cd2c1-2da4-464c-a6e0-2fec31edaf0b,DLA4,2018-07-26,15:46:59,3313071.0,160,159,15,34.17463590625,-118.568477325,Medium
RouteID_b59292c0-11c8-4261-b99f-1bf152719e41,DLA4,2018-07-31,15:13:28,3313071.0,172,171,15,34.19191505232558,-118.62010017441857,Medium
RouteID_b5c048b4-164b-484c-bcd8-6e172022d649,DCH1,2018-08-12,15:00:00,3313071.0,135,134,29,41.95080922962963,-87.7155468148148,High
RouteID_b5dc1f6f-3c9b-4be7-9291-f079549caf48,DBO2,2018-08-02,13:45:00,4247527.0,81,80,15,42.33131734567901,-71.0545297654321,High
RouteID_b5df8dd4-29e8-49aa-a30c-8f523f3eecbb,DSE5,2018-08-08,15:33:05,3313071.0,153,152,12,47.364291673202594,-122.14934126797384,High
RouteID_b5e2d931-812e-42d6-a747-272b03f2a6fd,DLA8,2018-08-14,16:29:17,3313071.0,140,139,19,33.717856849999976,-118.29702592857143,High
RouteID_b5e772ce-0aba-4f8f-a312-5cd64a2b267b,DLA7,2018-08-02,14:30:00,3313071.0,134,133,22,33.90799270149254,-117.9254825298507,Medium
RouteID_b5f480ed-e8b1-490f-bc22-d5a5e90e6eeb,DBO2,2018-07-21,12:26:47,4247527.0,66,65,20,42.33158334848484,-71.10211556060608,Medium
RouteID_b5f53189-1a0d-4511-a4df-6c48c6e39009,DAU1,2018-08-11,15:34:21,4247527.0,137,136,27,30.521769080291968,-97.76984637226279,High
RouteID_b5f91cc1-aabb-49f4-8812-07d621d970dd,DLA8,2018-07-23,16:15:00,3313071.0,155,154,20,33.77492542580646,-118.3940044580645,Medium
RouteID_b5f973a9-5796-421a-865a-0914dd8f0d08,DCH4,2018-07-24,14:00:33,4247527.0,144,143,12,42.493078888888896,-88.12879917361114,High
RouteID_b602af6e-3657-4258-b55c-252adadfaf44,DSE4,2018-08-10,15:21:40,3313071.0,152,151,25,47.776822710526275,-122.23055867763158,High
RouteID_b604c2ec-4b47-42ab-ba6e-a67a0764f76c,DLA5,2018-08-14,15:19:03,3313071.0,168,167,18,34.07706115476191,-117.17571142857146,Medium
RouteID_b60a0d1c-09c4-4571-8dd9-df4b545618f4,DCH1,2018-08-15,13:35:44,3313071.0,160,159,14,41.7866209,-87.70520796250001,Medium
RouteID_b60fdabf-6ba0-4cdc-9517-4ef604207d23,DSE5,2018-08-17,13:38:40,3313071.0,173,172,13,47.490529508670534,-122.24715432369943,Medium
RouteID_b615257f-6503-48d5-b7f5-d1ae857dfb9a,DLA9,2018-08-23,15:54:50,3313071.0,153,152,22,33.68943143790851,-118.00068154248369,High
RouteID_b6275425-4eca-4139-b1bf-0d7e7424347f,DLA5,2018-08-17,15:56:44,3313071.0,124,123,15,33.98324245967744,-117.38072445161288,Medium
RouteID_b647991d-741b-45c8-b0ed-b67148940f1d,DLA8,2018-08-15,15:16:14,3313071.0,75,74,18,34.05819036,-118.39338214666665,High
RouteID_b6488aab-4a28-429a-982c-5bcbd7b9209c,DCH1,2018-07-21,14:59:19,3313071.0,67,66,15,41.91685059701493,-87.69903311940298,Medium
RouteID_b653323f-fbb5-44fc-a97b-1d3760e70f66,DAU1,2018-07-28,15:30:00,4247527.0,153,152,36,30.197629679738558,-97.82976921568623,High
RouteID_b6655a1f-a838-46d2-9d6a-8c48b1ebe11d,DSE4,2018-07-21,15:48:03,4247527.0,107,106,16,47.68853944859815,-122.32202540186913,High
RouteID_b66d7ec6-62ea-463d-8301-6a0b6e9baba2,DBO3,2018-07-31,12:04:39,3313071.0,173,172,30,42.35318398843932,-71.53386149710983,Medium
RouteID_b67445df-e2fb-4d90-94c6-88bd732bb16a,DLA7,2018-08-14,16:38:20,3313071.0,167,166,21,34.09781386826346,-117.59814567065867,Medium
RouteID_b67a4337-f1d6-42cf-8375-ae88e57e37fa,DAU1,2018-08-17,14:16:53,4247527.0,144,143,21,30.31985177777777,-97.98273871527779,High
RouteID_b67a7c3f-0ebc-40f1-83c6-68e94b1a9dd1,DLA9,2018-08-25,13:59:29,3313071.0,141,140,21,33.45587839716312,-117.6078042624113,Medium
RouteID_b6a5a10f-1290-4efe-81c3-99cc285ff041,DLA8,2018-08-07,15:13:04,3313071.0,193,192,22,33.87472021761657,-118.04431369430046,High
RouteID_b6b2c2ce-0693-41eb-b4eb-0ef949540c10,DSE5,2018-08-16,13:58:45,3313071.0,169,168,16,47.37593207100591,-122.30027636686391,Medium
RouteID_b6b40540-7334-45fd-959f-915aaa2fa239,DSE4,2018-08-04,15:37:41,4247527.0,118,117,17,47.69585427966102,-122.31447194067793,High
RouteID_b6baa899-c2bb-41a3-8d91-3e231d2b76e7,DCH2,2018-08-13,14:51:17,3313071.0,155,154,26,41.98880780000004,-87.77666923870964,Medium
RouteID_b6beefba-c7ae-4528-83a2-6e20b99d7cd7,DCH4,2018-07-31,15:23:39,4247527.0,171,170,22,42.162039029239764,-88.31606514035089,Medium
RouteID_b6ca934d-3854-4d52-8178-5c6a97229595,DSE4,2018-08-07,14:48:45,3313071.0,162,161,28,47.726010925925905,-122.2241416851852,Medium
RouteID_b6d21ee6-724f-43e3-9cb1-85553e0a9475,DLA7,2018-08-11,16:33:09,3313071.0,169,168,21,34.023190390532505,-117.60818597041428,Medium
RouteID_b6d92b61-6880-4886-8c16-6efd4cad31a2,DSE5,2018-08-04,14:30:00,4247527.0,120,119,6,47.21665854166669,-122.5451474083333,Medium
RouteID_b6ece0ab-a87e-412c-baad-7cc357dea295,DLA7,2018-07-25,15:12:53,3313071.0,177,176,21,34.13440603954804,-117.76032923728813,High
RouteID_b6f25e23-d167-4eff-be7f-559c14f19bfb,DLA5,2018-08-11,15:19:15,3313071.0,191,190,20,34.07600581675394,-117.17924690575913,High
RouteID_b6fb2144-cad8-455f-88a9-af0015bab342,DCH1,2018-07-28,14:45:00,3313071.0,179,178,19,41.688958966480484,-87.77495167039109,Medium
RouteID_b700a512-b253-4d09-bd3a-cb0ea7ea9088,DCH1,2018-08-06,14:33:34,4247527.0,196,195,21,41.797260142857134,-87.76595827040819,High
RouteID_b71ff827-2ba4-4406-8904-74503c15d092,DLA7,2018-08-01,15:02:39,3313071.0,141,140,17,34.13115256737589,-117.83014071631206,High
RouteID_b7238124-d2a8-4782-b784-caad87b5258c,DLA7,2018-07-31,16:00:00,3313071.0,138,137,20,34.13861482608695,-117.86110300000004,Medium
RouteID_b72969cb-17a6-4833-90d7-264ea0dda21a,DLA7,2018-08-07,14:36:47,3313071.0,161,160,26,33.849200999999994,-117.78415303105591,Medium
RouteID_b738fd5a-2f5e-45e8-8c2b-c71fb691d28c,DSE4,2018-08-22,14:46:36,3313071.0,151,150,21,47.67185130463573,-122.17377645033118,High
RouteID_b7424451-d925-4322-b113-5af79466f626,DLA3,2018-07-31,15:47:17,3313071.0,89,88,19,34.093176359550554,-118.2962286741573,Medium
RouteID_b744ea65-0fc7-451b-8ef4-9d2c72d00ba7,DBO1,2018-07-20,13:46:06,4247527.0,138,137,15,42.449583594202906,-71.072543673913,High
RouteID_b745828e-d999-4d89-af70-1f9ff66d318e,DBO3,2018-08-17,11:51:07,4247527.0,192,191,27,42.17722946354167,-71.39752015104166,High
RouteID_b747ad9e-58bb-4bb4-9cc1-d846de9c086b,DSE4,2018-07-27,15:31:16,4247527.0,114,113,12,47.6952233859649,-122.3130118157895,High
RouteID_b74e58b3-be67-47f7-b3bf-a3d1c074719d,DCH2,2018-07-31,13:45:15,4247527.0,179,178,23,41.93412962569833,-87.81614062569828,Medium
RouteID_b77ec0d1-76d0-4f9d-b2ec-5610fca57410,DCH1,2018-08-17,14:43:48,3313071.0,93,92,21,41.93073133333334,-87.70331116129032,High
RouteID_b7840c0c-4107-452d-897b-4b2bd968eed6,DLA7,2018-07-21,14:44:05,3313071.0,156,155,20,33.946002250000014,-117.9236115897436,Medium
RouteID_b78695ba-8acb-4cd3-8f2c-022c372d85e8,DBO3,2018-07-30,11:28:53,4247527.0,142,141,19,42.39425141549295,-71.16755649295774,High
RouteID_b7aec80d-8bdc-43d5-8742-10904c78e726,DLA7,2018-07-29,16:26:12,3313071.0,150,149,24,34.09342012666667,-117.61694738666668,Medium
RouteID_b7b307f5-3235-4967-b1b3-61be55eb5234,DLA7,2018-08-04,16:25:17,3313071.0,170,169,23,34.14075328235292,-117.62604018235295,Medium
RouteID_b7b62247-44b8-45aa-81a0-edbd95673b2a,DLA7,2018-07-25,16:00:00,3313071.0,155,154,23,34.14890990322582,-117.58256334193547,Medium
RouteID_b7b9ee03-a3b0-4df1-bb6d-579eed1f5c9c,DLA7,2018-07-31,14:43:15,3313071.0,166,165,23,33.944120433734945,-117.92308960843374,Medium
RouteID_b7be564a-3338-4bba-aa3b-149f3ffbb64d,DCH1,2018-07-22,13:29:10,3313071.0,81,80,28,41.90331523456791,-87.67655124691356,High
RouteID_b7c4299c-be13-4cb3-ae99-6822f6fa8ca4,DCH3,2018-08-12,14:01:26,3313071.0,184,183,18,41.72415819021737,-88.31396531521739,High
RouteID_b7d04667-48fb-4a8b-867d-6208f090bf88,DLA7,2018-08-15,16:00:00,3313071.0,180,179,19,33.90824810555556,-117.52178506666668,Medium
RouteID_b7d5c7a2-12d3-4545-a8ba-9824cb3045e6,DLA8,2018-08-15,16:16:12,3313071.0,120,119,20,34.00612805000001,-118.44299213333333,High
RouteID_b7e9b0ce-f2fa-4ae6-96db-5b9bbb2c301a,DLA7,2018-07-20,14:21:33,3313071.0,179,178,25,33.91401501675978,-117.97590728491618,High
RouteID_b7ed5dfd-253c-4077-87c4-85c0efce540a,DLA3,2018-07-22,14:39:23,3313071.0,99,98,21,34.087563030303045,-118.36438043434343,High
RouteID_b7f6b358-48f9-49e8-aa7c-87ee5a82a8a7,DSE4,2018-08-14,14:50:00,3313071.0,141,140,26,47.7661135106383,-122.24478467375884,Medium
RouteID_b8083b63-388d-4095-adf7-d0f9d943a1d5,DCH1,2018-08-05,14:53:40,3313071.0,95,94,30,41.91394644210527,-87.68540178947366,High
RouteID_b84132b5-928f-426d-a93f-c1f51fe8a2e8,DSE5,2018-07-19,15:34:06,3313071.0,147,146,14,47.44095237414965,-122.1235229591837,High
RouteID_b8551689-1e36-46d5-a873-16c18fa4fcb8,DLA8,2018-07-22,15:30:55,4247527.0,126,125,20,34.05177428571428,-118.3594469920635,High
RouteID_b856fe5d-9db3-49e6-b4ec-98958fd91c41,DLA8,2018-07-23,14:48:20,3313071.0,152,151,23,33.794389085526305,-118.13123444736846,Medium
RouteID_b859826a-8a31-49de-9d19-95eee56595fc,DSE4,2018-07-28,15:39:12,4247527.0,79,78,24,47.67134574683543,-122.30958329113915,High
RouteID_b867ec7a-2459-427a-9535-ac32e680ca77,DSE4,2018-08-25,16:07:22,3313071.0,158,157,23,47.86336353164556,-122.25744042405064,Low
RouteID_b8830cc4-9424-4fd9-aefe-b1d3d164c5a9,DLA7,2018-08-17,14:33:01,3313071.0,93,92,18,33.881252913978486,-117.95363259139785,High
RouteID_b8865c87-598c-407d-baff-a34e66406562,DLA7,2018-07-26,16:00:00,3313071.0,169,168,25,33.968959852070995,-117.56212778106497,High
RouteID_b8a6548b-2a95-410b-9f66-27fbe742fab6,DCH3,2018-07-27,13:11:08,4247527.0,197,196,19,42.0215551116751,-88.19007887309641,Medium
RouteID_b8aa0423-052a-4be3-84a4-b87eeb12fd5b,DCH4,2018-08-11,15:09:54,4247527.0,149,148,17,42.240590328859064,-88.15743167114094,Medium
RouteID_b8b4aff5-edef-4e56-8e25-c09cc6a4292b,DBO2,2018-08-02,12:56:02,3313071.0,161,160,13,42.295147031055905,-70.88761758385088,High
RouteID_b8d0ddcf-65a9-4996-86c9-c762dac66203,DBO3,2018-07-28,12:08:25,4247527.0,180,179,15,42.41774374444443,-71.67220866666669,High
RouteID_b8d1f8d6-7c43-4784-adef-8eb797eb0c60,DBO3,2018-07-28,12:58:35,4247527.0,167,166,30,42.435605299401196,-71.44429717365267,Medium
RouteID_b8d2812a-f88b-4b45-aeae-0d377ce109f6,DLA9,2018-08-15,16:00:00,3313071.0,141,140,19,33.77079107801421,-117.95825547517737,Medium
RouteID_b8d7669e-04f7-4546-8d0a-0026a772246e,DBO3,2018-08-16,11:46:16,4247527.0,189,188,24,42.180337931216954,-71.38381286243391,Medium
RouteID_b8e412d2-4825-42b1-95aa-4023a696e060,DSE2,2018-08-06,15:17:56,4247527.0,112,111,21,47.64149363392858,-122.36157701785714,High
RouteID_b8edb34c-9c22-4b82-ba12-3eb00affe7a7,DAU1,2018-08-01,13:21:06,4247527.0,176,175,26,30.18021554545455,-97.8344043636364,High
RouteID_b8efaa2a-47bd-43d7-9817-625ff3962e68,DLA4,2018-07-27,16:10:47,3313071.0,143,142,13,34.194404706293696,-118.54885468531465,Medium
RouteID_b8f7dfa5-9902-4d30-b52b-d8fb4a2e09c8,DSE4,2018-07-28,15:47:21,4247527.0,123,122,15,47.68378934959349,-122.27379743902445,High
RouteID_b8f8d953-3963-4b7d-8580-d90c1deb5258,DLA7,2018-08-10,14:56:52,3313071.0,107,106,23,33.883169523364494,-117.8705672242991,High
RouteID_b8fb9a2e-c997-4371-aa38-37f5b19dbc00,DCH1,2018-08-03,15:00:00,3313071.0,170,169,22,41.795319082352954,-87.89721495882357,High
RouteID_b9132974-754a-49da-8618-9a047743d6c2,DCH4,2018-07-23,15:36:24,4247527.0,153,152,27,42.040381810457504,-87.88629390849675,Medium
RouteID_b923d3f9-13fe-4f1e-a52b-84ba3161c25c,DLA8,2018-07-19,17:26:05,3313071.0,126,125,15,33.82251397619047,-118.35910696031753,High
RouteID_b92a1e1f-a850-48de-9f28-9f895921abb0,DSE5,2018-08-13,15:19:12,3313071.0,175,174,13,47.40146390285714,-122.18707634285715,Medium
RouteID_b9325966-394c-43b4-9d93-deccb1125569,DLA5,2018-08-10,15:14:35,3313071.0,160,159,20,33.979122231249995,-117.01042199374997,High
RouteID_b95043a3-7f3c-40b6-841e-67bef8866464,DSE4,2018-08-26,15:54:50,4247527.0,150,149,23,47.81648618666666,-122.26696966000006,Medium
RouteID_b954f517-a508-4755-8af8-49e9d45c5d12,DLA7,2018-08-17,14:55:09,3313071.0,149,148,24,33.9067534362416,-117.83388885906042,Medium
RouteID_b96aea42-0c1f-45d1-b593-97038bf1235e,DLA7,2018-07-26,15:04:02,3313071.0,174,173,23,33.86987301149426,-117.60087589080455,High
RouteID_b96d085c-9a67-45dc-bd54-26cca0df29d0,DSE4,2018-08-16,15:12:59,3313071.0,165,164,26,47.81136692121213,-122.24278908484845,High
RouteID_b97060ad-f303-40f7-a867-ba25f5c24f1c,DBO2,2018-07-28,13:45:00,4247527.0,77,76,20,42.31498832467531,-71.05224180519481,High
RouteID_b9713e55-1c18-49e1-86ca-6d0222c12cd2,DSE2,2018-08-01,14:15:31,3313071.0,72,71,13,47.59746404166668,-122.30984779166664,High
RouteID_b9784e79-1e18-4b97-b4da-702b4a2cd591,DBO3,2018-08-13,12:26:32,4247527.0,161,160,13,42.0704862173913,-71.46970251552791,Medium
RouteID_b97b8687-2b5f-4b64-97f1-d6a4c32cfbbc,DLA4,2018-08-13,14:04:28,3313071.0,81,80,14,34.153344530864196,-118.42739550617286,Medium
RouteID_b9825940-2bbf-4356-8d61-1d1339c9070c,DSE4,2018-07-29,15:53:52,4247527.0,103,102,30,47.66598542718446,-122.32292679611649,High
RouteID_b98cd3e9-f5fa-410e-b1c1-1e716aa24409,DSE5,2018-08-06,14:42:51,4247527.0,152,151,13,47.219093407894746,-122.44652500657894,High
RouteID_b9978b24-de05-4c80-8081-668e8ea4bf0f,DAU1,2018-07-30,13:51:30,4247527.0,152,151,33,30.285876552631546,-97.72427238157896,Medium
RouteID_b99b4645-4432-4004-9806-438dfb8e241a,DLA7,2018-08-05,14:56:02,3313071.0,170,169,25,34.12968748235295,-117.75781939999995,Medium
RouteID_b99b8570-38e5-4292-8e10-572913e990c9,DCH2,2018-07-31,12:32:25,3313071.0,196,195,22,41.943330510204035,-87.74800690816325,High
RouteID_b9b176d3-2812-4070-b2e1-b9ea3bf9ee74,DBO1,2018-08-02,11:39:57,3313071.0,83,82,9,42.368528831325285,-71.03653321686748,Medium
RouteID_b9b1f591-f3ae-4b9c-acc9-5489b92b14fc,DSE5,2018-08-04,14:23:45,4247527.0,181,180,13,47.21983655801107,-122.44522100552494,High
RouteID_b9b85979-3206-49ad-82f7-e99d64b3a2e0,DSE5,2018-07-28,13:52:18,4247527.0,164,163,14,47.144556536585355,-122.26522678048778,High
RouteID_b9bd35bd-444f-48fb-8345-5e8f74d241c6,DCH1,2018-08-12,14:51:15,4247527.0,214,213,25,41.72689434579437,-87.69256161682247,Medium
RouteID_b9dd468e-31fc-462a-8cc4-2956748f8136,DCH1,2018-08-04,14:23:59,3313071.0,115,114,13,41.92334026086958,-87.74594073913045,High
RouteID_b9df0b50-3d98-4515-bc04-f5df1cce05ce,DBO3,2018-08-14,12:47:32,3313071.0,141,140,31,42.252385397163124,-71.64628019858155,Medium
RouteID_b9f2a7ea-a444-4903-9089-7ffef65bd799,DCH3,2018-07-25,13:03:11,4247527.0,161,160,16,41.90068394409939,-88.12713042236021,High
RouteID_b9f811b7-ae6a-428c-b8c1-1ef4a7bb0157,DBO3,2018-08-10,12:08:42,4247527.0,153,152,21,42.052059843137265,-71.11663365359476,High
RouteID_ba19ad0f-b01c-4911-b8c3-d15f4cda71fc,DCH3,2018-08-05,13:05:46,4247527.0,179,178,20,42.011207770949724,-88.0878070223464,High
RouteID_ba3daea9-bdc4-444e-bc7d-ed1c4df07936,DSE4,2018-07-26,14:55:02,3313071.0,153,152,21,47.79880800653597,-122.29021239869283,High
RouteID_ba4d7dd2-cca9-441a-b87e-d92cf27e2bb4,DLA7,2018-08-02,15:02:10,3313071.0,138,137,26,33.83656071014494,-117.75870223913044,High
RouteID_ba4f3ea5-22ba-493b-97d9-4f0800fef0dc,DAU1,2018-07-25,15:24:17,4247527.0,173,172,34,30.363165369942195,-97.8437230115607,Medium
RouteID_ba566ae8-9fb1-4494-b014-14e349da45a2,DCH3,2018-07-29,12:43:45,3313071.0,188,187,16,41.60515653191489,-88.02488553191492,High
RouteID_ba6a41db-0c66-428e-8f58-f5fee7dfbc67,DLA9,2018-08-13,14:30:22,3313071.0,109,108,19,33.6832221559633,-117.65561737614676,Medium
RouteID_ba71e04e-710f-48c3-8908-e6e353733664,DBO2,2018-08-12,14:04:12,3313071.0,157,156,22,42.24775398726118,-71.14982715923573,High
RouteID_ba74586d-ab89-49f4-9409-29fccf23ba9d,DCH3,2018-08-14,14:51:14,4247527.0,179,178,19,41.74749106145252,-88.14760245251404,Medium
RouteID_ba83619f-debd-4d47-b643-ca8233edaa5e,DBO2,2018-07-27,12:08:31,4247527.0,62,61,19,42.33186666129031,-71.10380601612906,Medium
RouteID_ba86d0ac-5266-41c5-9403-c96b8cee0171,DSE4,2018-08-13,15:50:15,4247527.0,88,87,13,47.666108352272744,-122.28647088636362,High
RouteID_ba96d9a4-6bca-4d16-8da6-7850baf434d9,DLA7,2018-07-25,15:54:05,3313071.0,175,174,22,33.96967593142858,-117.56214736000005,Medium
RouteID_ba9a2070-348d-419f-90f6-b138823de2bf,DCH4,2018-07-31,15:10:23,4247527.0,128,127,25,42.080203664062495,-88.0411836484375,Medium
RouteID_ba9de4fb-805a-4fa6-9673-829ed298ffac,DBO2,2018-08-14,12:31:13,4247527.0,101,100,14,42.311776544554455,-71.06419462376236,Medium
RouteID_baa60580-5cef-4f7c-9e7d-6a8fee194051,DSE5,2018-08-26,15:21:28,4247527.0,129,128,10,47.288037325581385,-122.50557551937983,High
RouteID_bab4fb83-3be2-4dd9-adcd-cb40c3c1a3f8,DLA7,2018-08-03,16:38:48,3313071.0,188,187,20,34.07441107446809,-117.63752860106392,Medium
RouteID_bab88bc2-65ef-4020-8475-f6b0e0c4fb92,DBO2,2018-08-13,11:49:10,4247527.0,112,111,14,42.31163029464285,-71.06431018750003,High
RouteID_baced9aa-4264-4f0a-8992-47d7308268e5,DLA8,2018-07-27,17:54:18,3313071.0,93,92,20,33.887401215053764,-118.40980855913979,Medium
RouteID_bad44198-8c25-4709-900e-6e28d5593c39,DLA5,2018-08-10,15:18:19,3313071.0,166,165,18,34.03911562650601,-117.0340208072289,Medium
RouteID_bad72dc5-6429-4772-91ab-757da8b3a43e,DLA7,2018-08-17,14:27:30,3313071.0,167,166,19,33.844473832335325,-117.54980100598804,High
RouteID_bad7aac9-f29b-4afc-bff6-2a28dbf3618c,DLA8,2018-07-28,17:10:25,3313071.0,178,177,16,33.954354780898875,-118.32337540449441,High
RouteID_badfcb77-d3be-446d-9d99-8dbed1828484,DSE2,2018-08-01,15:16:00,4247527.0,119,118,17,47.6412176470588,-122.36190770588233,High
RouteID_bae504fc-e911-4e97-ba8d-afa4283ce38d,DCH1,2018-07-19,15:00:00,3313071.0,61,60,17,41.94398332786886,-87.66309037704914,Medium
RouteID_bae78799-204d-40c4-88b9-d016e5fee4e6,DLA9,2018-08-14,15:51:19,3313071.0,147,146,28,33.64339932653062,-117.78087489795918,High
RouteID_bb009f83-c785-4a87-9bad-5caa4cc69921,DBO3,2018-07-21,12:15:00,3313071.0,238,237,32,42.29635107142857,-71.7045505084034,Medium
RouteID_bb0343d0-48a3-4666-9765-9be5a6921113,DLA9,2018-07-28,13:45:25,3313071.0,163,162,24,33.44641007975459,-117.60803110429454,Medium
RouteID_bb07ab7a-2f2b-42a7-9361-e7c65f292b8b,DCH3,2018-08-01,13:12:03,4247527.0,182,181,19,41.98281715384614,-88.16450407692308,Medium
RouteID_bb0a05d6-68b7-49b1-9174-ec7a82b49d5d,DSE4,2018-08-16,15:34:02,3313071.0,175,174,22,47.91107512571429,-122.30630170285718,Medium
RouteID_bb265a5f-087b-462f-bc4e-1f7cc1c69571,DLA7,2018-08-03,15:04:43,3313071.0,136,135,21,33.884859433823536,-117.8298260588235,High
RouteID_bb37be8b-f065-4c79-bb2f-2f4b69b7c07c,DBO2,2018-07-21,13:56:53,3313071.0,182,181,25,42.27426398901099,-71.16945042857145,Medium
RouteID_bb4648b3-db69-407a-b293-fdc66d328e34,DLA4,2018-07-24,14:15:47,3313071.0,115,114,15,34.16235628695651,-118.4408356086956,Medium
RouteID_bb5a6479-69f4-463f-9c1c-c3ffe79637da,DBO3,2018-07-21,12:29:05,3313071.0,159,158,22,42.45378072955974,-71.35649920125785,High
RouteID_bb5b335c-317b-494e-b562-a914c4d7e794,DLA7,2018-08-17,14:12:07,3313071.0,121,120,18,33.83206445454545,-117.8961163884297,High
RouteID_bb5e3460-9867-4fc2-9a8d-99f3e13826a2,DLA7,2018-07-31,16:36:10,3313071.0,98,97,12,34.01553998979591,-117.5810887857143,Medium
RouteID_bb71ae90-02e0-4781-8f03-ed57c61794c5,DCH3,2018-08-16,14:30:33,3313071.0,205,204,23,41.714220317073185,-88.25955345853659,Medium
RouteID_bb72b94e-11a8-426e-a256-259a9f890d0b,DSE5,2018-08-09,13:55:41,4247527.0,156,155,14,47.28835957051282,-122.2842103782051,High
RouteID_bb7a1b55-94b2-42af-8c6b-60d6e050bd2a,DCH3,2018-08-04,13:38:09,4247527.0,191,190,20,42.01218168586388,-88.06570232460732,High
RouteID_bb7bcd58-b6e4-4721-a740-f6486d7cb1fe,DSE2,2018-08-19,14:25:34,3313071.0,136,135,22,47.61009466176472,-122.29314299999996,Medium
RouteID_bb82c206-af8f-4491-bd49-d84197702138,DLA7,2018-08-14,15:43:28,3313071.0,171,170,17,33.86865104678362,-117.57842157894741,Medium
RouteID_bb946c91-adb9-4017-9645-d22684a3c1f0,DSE5,2018-08-14,14:00:00,3313071.0,170,169,17,47.45859771764705,-122.35672523529418,Medium
RouteID_bb966aa9-4bd8-4a0b-b448-1ff25e6ca4ba,DSE5,2018-08-03,15:05:06,3313071.0,118,117,10,47.514091906779655,-122.07090538135594,Medium
RouteID_bb987f4e-80f7-415c-a73d-265f33c75cb8,DSE5,2018-08-19,13:40:53,3313071.0,167,166,14,47.33093853892211,-122.33245204790421,Medium
RouteID_bb99fee4-344f-46d9-94a2-8d243aeb6d99,DLA9,2018-08-04,15:57:34,3313071.0,196,195,21,33.73692965816329,-117.89715189285708,High
RouteID_bba92eef-e911-49a2-a432-25c04de712c1,DLA9,2018-08-17,15:12:11,3313071.0,165,164,20,33.79628070303032,-117.94912572727269,Medium
RouteID_bbadd6c2-8cbe-418f-86af-766f493f0641,DLA8,2018-08-15,16:15:00,3313071.0,118,117,25,34.02242435593219,-118.41722430508472,High
RouteID_bbb25783-0a9b-4ecd-a6fd-8f934336a2a6,DCH3,2018-08-06,15:15:16,3313071.0,149,148,17,41.73878574496643,-87.91109985234898,Medium
RouteID_bbc5596b-4a7c-45d7-a184-6457697a11a7,DCH2,2018-08-16,13:20:05,4247527.0,157,156,19,42.037361656050955,-87.6963692929937,Medium
RouteID_bbc5a237-a15f-4875-862c-def2697d401c,DBO3,2018-08-13,11:57:39,4247527.0,146,145,21,42.00468062328769,-71.14275271232877,Medium
RouteID_bbd19c5d-319d-4d73-aeff-a70e877f062b,DBO3,2018-08-06,12:15:00,4247527.0,146,145,23,42.2592409589041,-71.5234690753425,Medium
RouteID_bbd9c256-3093-41a2-9924-58e7abe53445,DLA9,2018-07-21,15:21:29,3313071.0,153,152,19,33.82094947712418,-118.04263167320265,Medium
RouteID_bbdef07a-cdfa-45d1-81c5-50024299d073,DSE4,2018-08-01,15:42:28,4247527.0,109,108,23,47.670116568807344,-122.31085113761466,High
RouteID_bbdff169-e586-4fb9-9f6b-d1f1f0ce7fb5,DLA3,2018-08-12,15:51:35,3313071.0,93,92,23,34.112370021505384,-118.31955220430103,High
RouteID_bbe10e4c-48c8-4a2d-9ad4-e808f2aa359b,DLA8,2018-08-09,16:34:54,3313071.0,139,138,25,33.76437216546764,-118.41046756834538,Medium
RouteID_bbe190c2-ff7a-436d-9230-a002271ee3e4,DLA9,2018-08-07,16:56:49,3313071.0,115,114,26,33.694381113043484,-117.81198404347823,High
RouteID_bbe38652-b154-46de-852e-c57ec678efa9,DBO3,2018-07-24,13:24:32,3313071.0,178,177,18,42.3149663707865,-71.75562242134832,High
RouteID_bbf1d669-a810-4dfc-8235-9b30424741ac,DSE5,2018-07-20,15:00:00,3313071.0,161,160,10,47.58953667701862,-122.03140113043482,Medium
RouteID_bbf26aac-01aa-4f46-a18e-3eef9bf1bdde,DLA9,2018-07-23,16:03:42,3313071.0,142,141,22,33.695872809859154,-117.9855749507043,Medium
RouteID_bbf79122-7caf-4b39-8de9-d2f3d1d5a203,DLA7,2018-07-28,15:08:25,3313071.0,89,88,20,33.87921394382022,-117.86851450561802,Medium
RouteID_bbfd1c18-5efa-448f-8934-68183c0a2129,DSE5,2018-08-08,14:24:49,4247527.0,145,144,11,47.256666524137934,-122.48857111034474,Medium
RouteID_bc0a758f-a028-4a73-88dd-c67dafdabf8d,DSE5,2018-07-23,16:08:04,3313071.0,159,158,16,47.360073396226404,-122.02454302515729,High
RouteID_bc0ff197-1c8c-4a39-ba62-39e48081f56f,DLA8,2018-07-22,15:46:33,4247527.0,81,80,21,34.06384366666666,-118.37408264197528,High
RouteID_bc1abca2-b71d-4f7d-acc4-c558535d9da7,DSE4,2018-08-22,14:51:48,3313071.0,144,143,25,47.73617356944444,-122.16789481944443,High
RouteID_bc27659b-2224-4407-aa82-a9eca12df07e,DCH1,2018-08-11,15:22:13,3313071.0,64,63,21,41.95226115624998,-87.66373637500001,High
RouteID_bc3a9d42-a0ad-438c-9c05-fe8b709461fb,DCH1,2018-08-02,14:19:43,3313071.0,192,191,17,41.78707075000002,-87.71760120833329,Medium
RouteID_bc47de6b-9fde-4739-b41c-33a8715534a0,DLA7,2018-07-30,14:30:00,3313071.0,163,162,27,33.940090503067466,-117.97841360122699,High
RouteID_bc60788e-81c5-4573-8462-c5499bfc38f9,DCH4,2018-08-11,15:04:29,4247527.0,181,180,22,42.044361856353596,-87.9271284751381,Medium
RouteID_bc63b0ab-f436-433b-ae89-e9a69af5ad17,DSE2,2018-08-23,14:11:38,3313071.0,110,109,16,47.61164237272729,-122.29673436363639,High
RouteID_bc65f90d-587f-4b29-ad18-f325b53c5510,DCH3,2018-07-20,15:19:19,3313071.0,161,160,17,41.7231075900621,-88.13942957142854,High
RouteID_bc663be2-8b68-49ef-9150-b318e1de3c24,DLA3,2018-08-10,15:09:50,3313071.0,93,92,21,34.07763478494624,-118.3122889032258,High
RouteID_bc66e426-5b1d-4562-9ea1-3c3c30222c47,DBO3,2018-08-05,13:10:30,4247527.0,187,186,34,42.27616212299464,-71.40617831550803,High
RouteID_bc7bf800-089a-4b98-b663-7624dab35a70,DLA8,2018-07-27,15:12:22,3313071.0,114,113,29,34.0225421491228,-118.41671261403509,High
RouteID_bc7d1703-a1f8-45de-9c78-0643151c9d7c,DLA9,2018-08-11,15:14:15,3313071.0,123,122,28,33.76478856910567,-118.1521956666667,High
RouteID_bc8ecfda-fbba-4b90-8c38-b47d5a568acc,DBO3,2018-07-31,12:17:17,4247527.0,171,170,25,42.12429909356726,-71.26142099999997,Medium
RouteID_bc9642d5-bdb8-4a8b-b62d-9b4fa08ae5f6,DBO3,2018-07-26,12:25:46,4247527.0,175,174,29,42.16587509714286,-71.30592782857146,Medium
RouteID_bc96d79d-57df-40b8-8335-e2194d4183a2,DLA7,2018-08-17,16:00:00,3313071.0,142,141,18,34.15321623239437,-117.46399509859152,High
RouteID_bc99e3cd-31c7-4b4a-851c-3dce24c56e84,DLA7,2018-07-28,15:06:37,3313071.0,144,143,29,33.909095097222206,-117.85676921527774,Medium
RouteID_bc9e3810-87c5-4195-8578-c77290683d73,DSE4,2018-08-06,15:07:26,3313071.0,172,171,32,47.812283872093026,-122.18209096511632,Medium
RouteID_bc9fbd69-5324-4a41-b008-86832dd8e02e,DSE5,2018-07-25,13:59:50,4247527.0,198,197,18,47.10158852525255,-122.26364476262629,High
RouteID_bcac0be6-69fc-4225-9e4b-a69c64019387,DLA9,2018-07-22,16:13:22,3313071.0,122,121,23,33.65971582786885,-117.8908300327868,High
RouteID_bcb1dd8c-6e7a-4f1c-8546-933131335d69,DSE4,2018-07-26,14:51:20,4247527.0,109,108,17,47.66777618348625,-122.3250090458716,Medium
RouteID_bcbd44fe-2a3c-4877-801a-f35b1234632f,DAU1,2018-07-29,13:43:21,4247527.0,161,160,35,30.19452354037268,-97.85853921739131,Medium
RouteID_bcc07fea-86d2-41e4-9a58-cfc78956dcc7,DLA7,2018-07-31,16:33:27,3313071.0,140,139,21,34.109160778571436,-117.66324749285715,Medium
RouteID_bccd12e9-1b8f-41fd-9580-70e22b563625,DLA7,2018-08-14,16:35:32,3313071.0,139,138,17,34.01446153237412,-117.58935126618704,Medium
RouteID_bcd39282-9086-47d9-9f04-21d930e0a292,DSE5,2018-08-25,15:35:00,4247527.0,116,115,11,47.26425946551726,-122.46352283620688,High
RouteID_bcd682f8-5087-4b35-8d7e-98e23c2496ac,DLA7,2018-08-06,14:43:03,3313071.0,156,155,23,33.89266660897436,-117.52396073076928,Medium
RouteID_bcd8fc96-c7dc-484a-b2e2-c1dd057ec75c,DBO3,2018-08-10,12:03:26,4247527.0,164,163,27,42.194721396341436,-71.29827582926832,Medium
RouteID_bcd9cdd4-e1d0-4389-a9c2-fc95f806c3c2,DSE4,2018-07-28,15:44:52,4247527.0,109,108,16,47.690672018348636,-122.32171072477058,High
RouteID_bcdecdc9-5580-4cd2-90d0-f06c1062692c,DLA7,2018-08-14,14:56:19,3313071.0,118,117,21,33.904789466101704,-117.87361928813564,High
RouteID_bce95da9-fc26-48aa-9053-e80621420a2d,DLA8,2018-08-09,16:15:58,3313071.0,175,174,17,33.85364271428572,-118.08487406857141,High
RouteID_bcfd0b23-9ed6-44f7-a91b-3aafd01f1eb8,DLA7,2018-07-21,15:11:20,3313071.0,161,160,21,33.88063319875775,-117.80296395652171,Medium
RouteID_bcfd3fa2-531c-41ec-9375-05a12d28f43a,DSE4,2018-07-25,16:24:23,4247527.0,115,114,17,47.69135166086958,-122.32203077391304,High
RouteID_bcfee66e-9c05-48b2-8f84-a7c59ae5c825,DCH2,2018-07-24,14:16:27,3313071.0,156,155,21,41.991057660256416,-87.70152503205124,High
RouteID_bd0ad720-8246-453c-80bf-ff2200c5fa5b,DLA9,2018-07-25,14:54:39,3313071.0,138,137,22,33.65269326086956,-117.62284707971018,High
RouteID_bd23c559-b6a5-4537-9d32-88db04ccec81,DLA3,2018-07-19,16:36:23,3313071.0,141,140,9,34.0255499503546,-118.19353408510635,Medium
RouteID_bd3efbfc-f69d-4310-88e4-2490ee337f76,DLA7,2018-08-03,16:38:53,3313071.0,142,141,18,34.15462212676058,-117.58165073943664,Medium
RouteID_bd47a557-a710-491e-a4ea-72b5318ae777,DLA7,2018-08-01,16:36:38,3313071.0,148,147,17,34.15512641891892,-117.57890104054046,Medium
RouteID_bd49677e-a9c9-4c20-81c5-46c1843cf41d,DCH2,2018-07-28,14:00:57,3313071.0,133,132,17,41.94910929323308,-87.7326307969925,Medium
RouteID_bd4bf668-d682-4910-b945-6fc474c4fc88,DSE4,2018-08-24,15:01:46,3313071.0,143,142,28,47.78061499300699,-122.17634314685317,Medium
RouteID_bd560acf-1310-4dad-abf2-8db8f697b18a,DLA8,2018-07-26,15:10:59,3313071.0,121,120,18,34.04599809090909,-118.39419481818183,Medium
RouteID_bd565001-36f7-426e-a08b-e641f348c7da,DLA7,2018-08-12,14:20:50,3313071.0,134,133,26,33.88053020149253,-117.90729483582082,High
RouteID_bd568907-0a28-469e-a685-3a249d0b5ada,DLA7,2018-08-16,14:51:49,3313071.0,193,192,25,33.84073791709845,-117.58472401554404,High
RouteID_bd605e7d-ecc1-4361-aaed-c65dfe2e773a,DSE5,2018-08-14,14:13:06,3313071.0,162,161,15,47.32780764197529,-122.27343841358024,Medium
RouteID_bd62789b-ca96-47af-8c2f-b41cc1f4287b,DLA7,2018-08-16,14:27:52,3313071.0,133,132,18,33.890423157894745,-117.9498261578947,Medium
RouteID_bd80c28f-cce8-4204-8014-5807c3bb544e,DSE2,2018-08-22,14:16:42,3313071.0,101,100,13,47.587090277227716,-122.29629994059407,High
RouteID_bd9cf801-7ad3-40ea-bfe6-168c66439283,DLA3,2018-08-04,15:30:00,3313071.0,67,66,19,34.09970346268656,-118.36652337313429,Medium
RouteID_bde6f14d-6311-4769-af26-72e4f503f64c,DLA4,2018-07-23,14:10:04,3313071.0,146,145,13,34.17616832191782,-118.37122299315074,High
RouteID_bdeec9b7-2e85-4a8b-ab6a-205ec492bee1,DLA7,2018-08-01,15:15:42,3313071.0,144,143,22,33.92630501388888,-117.85635755555556,High
RouteID_bdef36d1-a2db-4661-a1dc-615d30344a7a,DLA7,2018-07-25,14:57:16,3313071.0,156,155,25,33.90709158974361,-117.82824847435899,Medium
RouteID_be13a154-4d32-43f1-8a9e-482017411a98,DLA7,2018-07-31,14:29:47,3313071.0,151,150,21,33.84408852980132,-117.7970450728477,Medium
RouteID_be16c5b1-bc2e-4789-b582-e35152bb9344,DLA7,2018-08-07,16:37:56,3313071.0,147,146,24,34.09639971428575,-117.75572331292521,Medium
RouteID_be2af21a-5c14-4c93-96f3-7a1192aa2046,DLA7,2018-07-24,16:00:00,3313071.0,162,161,20,34.14029951851852,-117.60165323456789,Medium
RouteID_be323f02-11d3-4adf-bf88-a1828c611cb9,DBO2,2018-08-06,12:07:27,4247527.0,180,179,22,42.088555266666646,-70.95189487777779,Medium
RouteID_be357a21-409f-4fcb-b63b-851969a2e02d,DLA7,2018-08-07,16:40:49,3313071.0,167,166,22,34.09782434131736,-117.59723347305386,Medium
RouteID_be4a5318-30b0-4446-aed2-0660df6853e6,DBO3,2018-08-07,12:55:59,3313071.0,164,163,31,42.25663898170735,-71.64792315853656,Medium
RouteID_be504b86-1f07-4086-b94f-9d47d2f07ce9,DBO3,2018-08-10,12:18:32,4247527.0,172,171,21,42.330543546511606,-71.64941547674418,Medium
RouteID_be718da4-c17d-41f4-8d02-f5582cf2f2a4,DLA9,2018-08-23,15:00:00,3114853.25,112,111,21,33.521402098214274,-117.75666242857142,High
RouteID_be8af628-6f15-470f-b25d-64af9bb7ffed,DSE4,2018-08-08,15:12:18,3313071.0,172,171,22,47.86157886046512,-122.300070744186,Medium
RouteID_be95aa65-08d7-4cc0-a0f6-3ef10636105a,DCH1,2018-08-15,13:37:15,3313071.0,121,120,25,41.86834333057852,-87.68680523140496,Medium
RouteID_beaac1f8-8551-401b-b3f6-4f6eaf925f82,DLA7,2018-08-11,16:34:18,3313071.0,158,157,22,34.01167785443037,-117.74582529746836,Medium
RouteID_beb7f15e-94fc-4a8d-92f7-10f9fe14b191,DBO2,2018-08-02,13:42:52,3313071.0,124,123,19,42.35127282258063,-71.18944398387096,Medium
RouteID_bebb14b5-705b-431b-b208-867df76ed0fe,DAU1,2018-07-27,14:30:05,4247527.0,129,128,21,30.254528410852714,-97.84162625581394,High
RouteID_bebe48ca-d625-4cf3-bc7f-d82d8fb4f41a,DLA5,2018-08-12,14:28:07,3313071.0,194,193,25,34.08171925257731,-117.33042341752578,Medium
RouteID_bebf9984-ee82-4359-aa8f-c8dcb2260428,DCH4,2018-08-02,13:55:29,4247527.0,176,175,27,42.136350596590916,-87.84700381250002,Medium
RouteID_bec1f5a8-e640-4736-8c78-9f9775f319e8,DSE5,2018-07-21,15:00:00,3313071.0,146,145,11,47.3449994520548,-122.1223289383561,Medium
RouteID_becf5923-8b4b-40ad-b30b-9b3c5ba65578,DLA7,2018-07-24,14:27:19,3313071.0,152,151,24,33.90576844736841,-117.89535743421052,Medium
RouteID_bed13eaf-40dd-42aa-bde2-36a5fb821e2b,DSE5,2018-08-11,15:39:38,3313071.0,152,151,16,47.46597078289475,-122.16039782236844,Medium
RouteID_bed8315c-14cd-4a0f-ad3d-12223bf82120,DCH4,2018-08-11,15:02:54,4247527.0,163,162,28,42.07654580981595,-87.84682465030676,Medium
RouteID_bf03719f-b5bd-4648-9c2d-bf1121a08547,DLA7,2018-07-30,16:00:00,3313071.0,148,147,25,34.1508255,-117.57844857432428,Medium
RouteID_bf0bbf2a-46e8-46f2-b68b-1fa591f636e7,DLA9,2018-08-22,14:47:30,4247527.0,125,124,24,33.68900131999999,-117.74930739199995,High
RouteID_bf3d7b85-0224-4993-8751-214ddde9e541,DSE2,2018-08-24,14:30:00,3313071.0,103,102,18,47.60644809708735,-122.29230777669896,High
RouteID_bf43b960-31e2-4ee1-9025-fae52630e922,DLA3,2018-08-16,16:00:41,3313071.0,127,126,19,34.11771759055117,-118.37512533858265,Medium
RouteID_bf6a6ce1-3b91-4dd9-82c5-f7a367b7edc8,DBO2,2018-07-26,13:13:27,3313071.0,175,174,24,42.238578125714284,-71.09612429714281,Medium
RouteID_bf6e8979-291a-4574-849a-c39160910b22,DCH4,2018-07-28,14:43:21,4247527.0,178,177,27,42.3404801235955,-87.97986132022471,Medium
RouteID_bf773baa-ccea-4eff-bce7-53e9a47cd865,DCH2,2018-08-09,15:04:22,3313071.0,200,199,19,42.01652035000001,-87.87508040499999,Medium
RouteID_bf794e4b-8177-4020-abe3-53ff89e1815e,DSE2,2018-08-04,14:40:58,3313071.0,96,95,20,47.60337947916665,-122.30860086458334,High
RouteID_bf79a96e-49fc-49c1-bc08-e21a6d1c7b44,DLA7,2018-08-17,14:54:20,3313071.0,123,122,22,33.85653340650406,-117.74057156097561,Medium
RouteID_bf8130d0-72ca-4f7a-9cc2-9923a24203c0,DLA7,2018-08-04,15:00:58,3313071.0,134,133,20,33.91047064925374,-117.87338506716418,High
RouteID_bf98c9fc-b92e-49d3-9c1f-267af0ff69f3,DLA7,2018-07-25,15:33:24,3313071.0,176,175,20,34.11437290340911,-117.50491084659087,Medium
RouteID_bfaf1ebf-e556-43ba-8344-8976ff9f35c0,DLA7,2018-07-26,14:28:32,3313071.0,126,125,25,33.87412776190477,-117.9378456269841,Medium
RouteID_bfb962d0-05a1-4956-9058-5e71dc3e8d9f,DLA8,2018-08-14,16:15:00,3313071.0,164,163,23,33.78129714024388,-118.39240589634139,Low
RouteID_bfe19d1b-5d95-44f1-8750-c1d065bad027,DLA9,2018-07-25,13:49:13,3313071.0,159,158,22,33.535869433962255,-117.7205283144654,Low
RouteID_bfe4ee11-d28b-4289-a2aa-ea3709504c1e,DLA8,2018-08-11,14:59:28,4247527.0,184,183,14,33.912005070652185,-118.19564111413038,High
RouteID_bfe77e88-5d33-4276-bcb6-247a119b11ce,DLA3,2018-08-10,15:56:43,3313071.0,102,101,24,34.09485021568629,-118.29610403921565,Medium
RouteID_bfed049b-af16-4a81-99aa-28b1dedce5f3,DLA8,2018-08-04,15:34:18,3313071.0,135,134,21,34.03718819259262,-118.38994000000002,High
RouteID_c001a497-c4c2-4dc2-ad4f-eaccf717d112,DBO3,2018-07-26,13:04:37,4247527.0,183,182,37,42.28034225683059,-71.38546712021856,Medium
RouteID_c01480b7-ba76-462e-8c4a-0046edad9170,DBO3,2018-08-15,12:48:13,3313071.0,154,153,18,42.17806236363637,-71.5920568181818,High
RouteID_c024cb36-6980-4dc2-bd6e-939d211cb68b,DLA9,2018-07-30,15:12:38,3313071.0,154,153,24,33.73590884415585,-117.93107140909096,Medium
RouteID_c0302952-8e83-4755-8d56-66d984de4d84,DCH3,2018-08-11,14:12:47,3313071.0,188,187,21,41.72413747340428,-88.2170792765958,Medium
RouteID_c0333d25-a29b-4fcd-ad3b-4e02a3699db5,DCH3,2018-08-11,12:53:56,4247527.0,193,192,24,42.00595619170985,-88.0690070362694,High
RouteID_c04c10c8-c095-4ce3-8119-1b96016c4fbe,DAU1,2018-08-12,15:07:31,4247527.0,142,141,46,30.32284803521128,-97.74447708450708,Medium
RouteID_c0538d99-05d1-436b-b0aa-efe26603d606,DCH3,2018-07-24,15:30:00,3313071.0,199,198,22,41.88268482914573,-88.36220175879404,High
RouteID_c05428b8-c43f-4cb8-b86a-f609054bca5d,DLA8,2018-07-23,16:45:56,3313071.0,161,160,18,33.81302453416147,-118.2636407142857,Medium
RouteID_c0599e4f-4911-4efa-85f1-75ee9b060429,DCH1,2018-07-22,14:58:29,3313071.0,163,162,28,41.87423983435582,-87.79493549693255,High
RouteID_c07ba216-a0bb-44d7-8d86-680a29b8a2d6,DCH3,2018-07-23,13:41:34,3313071.0,195,194,22,41.80453733846154,-87.96040437435897,Medium
RouteID_c081aa9c-dae4-43b8-93d9-45f0bdefd93e,DSE4,2018-08-17,15:17:17,4247527.0,85,84,12,47.680370411764706,-122.31241242352934,High
RouteID_c08fcc23-2bb8-42bb-98ee-4641e514088f,DLA7,2018-08-02,14:28:17,3313071.0,144,143,25,33.90207529166666,-117.98725461111108,Medium
RouteID_c0b4b5ba-09f8-4e10-a441-8bfbd9d958c0,DLA7,2018-08-12,14:12:38,3313071.0,139,138,29,33.86218652517986,-117.8922451798561,High
RouteID_c0b7878e-2940-473f-b763-f7d5a33a2a1f,DCH1,2018-08-08,14:55:26,3313071.0,81,80,23,41.94141088888887,-87.6621227037037,High
RouteID_c0bb3974-f24a-4022-8d07-a75b59d7011b,DLA9,2018-08-14,15:12:04,3313071.0,131,130,17,33.81663149618321,-118.00160046564885,Medium
RouteID_c0bb49d9-1046-4364-94bc-f45b0ecef8cb,DSE5,2018-08-21,13:55:22,3313071.0,169,168,15,47.495254437869825,-122.25199702366862,Medium
RouteID_c0cbae27-8760-4343-add1-204df309516c,DSE4,2018-08-12,14:43:11,3313071.0,152,151,29,47.76579806578947,-122.24536198026314,Medium
RouteID_c0d2b032-e926-4d8e-a623-7e260f8079b3,DBO3,2018-08-17,12:49:20,3313071.0,164,163,26,42.16530202439027,-71.53991652439026,Medium
RouteID_c0ececde-1d42-4427-ae43-b7e8508a9f4c,DLA8,2018-07-26,16:36:49,3313071.0,179,178,20,33.81543918435755,-118.28475237988823,High
RouteID_c0ede790-fb33-4eff-9d26-2f8d9f02994d,DSE5,2018-08-18,15:08:16,4247527.0,159,158,14,47.296314025157216,-122.40435921383649,Medium
RouteID_c0f29a71-8ead-45cf-ad11-416fe214bbdd,DSE5,2018-08-07,14:22:59,4247527.0,150,149,10,47.22722078666668,-122.41184142666667,Medium
RouteID_c1473f92-cdf6-4e97-ae78-2ee4080ee32f,DLA9,2018-07-22,13:50:56,3313071.0,98,97,19,33.566791928571426,-117.6697347244898,Medium
RouteID_c147ef6e-ed35-47ec-a89d-d392e8ba2978,DSE4,2018-08-01,15:15:47,3313071.0,161,160,23,47.807607627329205,-122.17804059627322,High
RouteID_c149ec69-3df1-4fdf-b93e-4b452851a66e,DCH1,2018-07-27,14:04:20,3313071.0,181,180,15,41.66877518232045,-87.54545776795577,Medium
RouteID_c152aa10-770a-494a-bc26-c85731ea2baf,DLA7,2018-08-08,15:02:17,3313071.0,159,158,19,34.04540205031446,-117.77088744025158,Medium
RouteID_c15a6d87-23cd-418c-b83e-fbe5fdb498bd,DLA5,2018-07-30,15:20:26,3313071.0,183,182,26,34.028073748633865,-117.04621612568317,High
RouteID_c16cda48-a3e3-471c-a5d0-124db92659f3,DLA9,2018-08-11,14:02:32,3313071.0,158,157,24,33.580047645569636,-117.58621075316462,High
RouteID_c17236a3-d388-4ff5-8871-a1214c2c513e,DCH4,2018-08-07,15:59:52,4247527.0,178,177,23,42.090310252808976,-88.07736741011233,Medium
RouteID_c1758ba1-c17c-41e4-8e40-d41f8091f619,DSE4,2018-07-26,15:08:38,3313071.0,171,170,27,47.85476374269005,-122.2049753625731,High
RouteID_c1a05147-caca-4dd6-b6a1-0a786f33d843,DSE5,2018-08-05,14:54:03,4247527.0,128,127,7,47.219016648437524,-122.55434882812503,High
RouteID_c1a61597-7f5b-41eb-adf0-59145f866853,DLA9,2018-07-24,13:54:49,3313071.0,132,131,22,33.62031349242423,-117.61717635606058,High
RouteID_c1acca9b-61d4-4cd8-9165-063e172244d7,DBO3,2018-08-17,12:15:00,4247527.0,135,134,24,42.29806919259259,-71.56452648888887,Medium
RouteID_c1b2312c-7033-4e4a-b92e-55cb01cb9cec,DLA7,2018-08-10,15:11:15,3313071.0,148,147,21,33.890668033783776,-117.83145814189194,Medium
RouteID_c1c2246c-e2b1-47fa-91a4-870cf3ab9741,DSE4,2018-08-14,15:33:55,4247527.0,155,154,25,47.78816383225804,-122.25813486451615,High
RouteID_c1d47f73-895b-465d-8c4c-a3eeae4bfc87,DLA9,2018-08-14,16:08:42,3313071.0,124,123,22,33.676421024193544,-117.99687334677414,High
RouteID_c1d7e46f-9f83-46e3-abc6-33964a56f25a,DLA9,2018-08-18,15:56:05,3313071.0,132,131,28,33.637582795454534,-117.86784690151514,Medium
RouteID_c1ed1928-10dd-4f2f-95da-d341d06ae84b,DLA3,2018-08-11,16:00:00,3313071.0,91,90,17,34.07710221978022,-118.3129256263736,Low
RouteID_c2164e8d-3b83-4194-988c-8d2e90ddcfca,DLA7,2018-08-06,14:14:39,3313071.0,122,121,20,33.83191481967213,-117.8981041557377,Medium
RouteID_c21a80c8-3bf6-479e-88a3-a17981b1fb16,DSE4,2018-08-26,14:58:54,3313071.0,166,165,28,47.72797222891568,-122.19679492168682,High
RouteID_c221337e-9c0b-4003-b749-7171066cfed4,DLA9,2018-07-24,16:09:28,3313071.0,122,121,29,33.64563259836065,-117.83708928688523,High
RouteID_c22a2781-0d51-4c3c-93e9-38a232746e0d,DLA7,2018-08-08,16:00:00,3313071.0,185,184,23,33.963346805405415,-117.61288720540546,High
RouteID_c2352a55-d87a-4beb-8cce-394e6e717bd8,DLA7,2018-07-30,15:02:55,3313071.0,145,144,22,33.88790471034483,-117.83041344827579,Medium
RouteID_c24b572b-b38e-48db-a231-3058e99e8e11,DSE4,2018-08-20,15:01:19,3313071.0,192,191,31,47.86769402083333,-122.30724885937508,High
RouteID_c25ff0c9-1e39-48bd-b5d8-846106cfd1a1,DBO2,2018-07-24,11:30:29,4247527.0,159,158,26,42.22258836477989,-70.9155546666667,Medium
RouteID_c2656f74-0ff5-4d6e-b0de-f06e2dbe73cc,DLA5,2018-08-05,14:48:06,3313071.0,180,179,26,34.09222116111112,-117.2573203166667,Medium
RouteID_c2673b26-e324-4aa1-8fdc-8fd3906554be,DLA9,2018-08-21,15:12:53,3313071.0,137,136,16,33.82963663503649,-118.02451391970807,High
RouteID_c27933e4-53dd-4155-be5c-fd8316aa3620,DSE2,2018-08-21,14:10:20,3313071.0,104,103,15,47.611051076923076,-122.29019714423073,Medium
RouteID_c2793b09-0ef4-4664-9f33-e675e3962e4d,DLA8,2018-07-28,15:01:08,3313071.0,110,109,27,34.05966827272726,-118.43426987272724,High
RouteID_c281baf1-f559-4fa7-b338-76e40b6ef05d,DLA9,2018-08-22,14:15:38,4247527.0,165,164,27,33.7013288121212,-117.75872891515151,Low
RouteID_c28aa6e3-1a85-4128-b40c-9954ecadc2d9,DLA7,2018-08-15,14:57:27,3313071.0,163,162,19,33.870054993865054,-117.5983896871166,High
RouteID_c2b3f95d-e095-4adc-8685-ea1546dab813,DCH3,2018-07-23,15:30:00,3313071.0,180,179,23,41.8688495277778,-88.05987586111112,Medium
RouteID_c2b5350b-e571-4009-ad6b-21b60e158bce,DLA9,2018-08-06,14:02:25,3313071.0,125,124,20,33.57937976,-117.70651229600006,Medium
RouteID_c2b85119-97d1-4bf9-bd33-5e196523198d,DCH3,2018-08-08,15:30:00,3313071.0,193,192,21,41.83194011917098,-88.0789810259067,Medium
RouteID_c2b9f702-1766-4333-9168-a35700350c83,DLA7,2018-07-28,14:19:21,3313071.0,151,150,22,33.91274486754965,-117.9260659602649,Medium
RouteID_c2bd6325-5726-4f5b-a0b6-29dc860e1f2a,DSE5,2018-08-11,15:02:48,3313071.0,114,113,11,47.5187282982456,-122.0719745964912,High
RouteID_c2c2d65a-0ad2-4d03-8e6f-58c3e7dcfa24,DLA9,2018-08-18,15:52:31,3313071.0,114,113,23,33.661845236842105,-117.99213794736845,High
RouteID_c2cd2fa6-e9c3-4269-950f-7cd57429bd81,DLA7,2018-08-12,16:51:04,3313071.0,124,123,23,34.12410666935484,-117.52327162096779,Medium
RouteID_c2df7767-d879-45a9-a6e4-5d26992c1d20,DBO2,2018-07-28,13:26:46,3313071.0,188,187,29,42.27494794148936,-71.16310442021278,Medium
RouteID_c2fc0047-ae20-4c76-9eb3-e5b8f3e75cf0,DLA8,2018-07-21,18:03:38,3313071.0,129,128,18,33.851101472868216,-118.37498125581394,Medium
RouteID_c3069c8b-13c7-4e69-a25c-d15dd70e3b76,DLA9,2018-08-06,14:55:26,4247527.0,162,161,30,33.706943672839515,-117.74264870987658,High
RouteID_c315913d-98b6-4277-acba-974897e0e460,DCH3,2018-08-01,14:14:07,3313071.0,197,196,19,41.72270792893401,-88.40265947208123,High
RouteID_c31dc377-1a2c-4715-9c91-ffa7bacb7a7d,DCH3,2018-08-07,13:41:15,3313071.0,151,150,16,41.66764663576157,-87.96584023841062,Medium
RouteID_c32a45a9-014c-4647-8ba3-1c1e54125b61,DLA9,2018-08-23,15:59:28,3313071.0,130,129,24,33.66655363076924,-118.00779796153849,High
RouteID_c32e1490-5ac4-4292-bc73-2d0d0d87175f,DCH3,2018-07-22,15:17:03,3313071.0,174,173,18,41.857363166666644,-88.11728591954031,Low
RouteID_c3369ae9-627e-42da-81dd-6c6e99197266,DSE5,2018-08-16,15:21:28,3313071.0,154,153,13,47.45748750649351,-122.20333362337666,Medium
RouteID_c34c97b8-ee67-4057-8151-9ca77ec5d372,DCH2,2018-08-12,14:07:54,3313071.0,98,97,26,41.97750173469388,-87.66905155102042,High
RouteID_c3557b5e-df50-4fea-affd-cecc3db6b58f,DLA9,2018-08-18,14:29:22,3313071.0,165,164,24,33.73256688484849,-117.75628927272732,High
RouteID_c3602216-4d2d-4204-9b7f-c6c545714efe,DLA7,2018-08-02,15:12:40,3313071.0,160,159,29,33.86247789374998,-117.74059041249996,High
RouteID_c369ccaa-53f4-46de-ba18-5b673ec67e13,DLA5,2018-08-02,15:12:49,3313071.0,202,201,24,33.960892866336614,-116.97893665841588,Medium
RouteID_c36a041d-5696-4803-bfbf-d0c0c78b2056,DSE5,2018-08-24,15:09:09,4247527.0,129,128,9,47.25288648837209,-122.47332951937989,Medium
RouteID_c36c040b-43ec-41e3-aeb9-13c89132d697,DSE4,2018-08-11,15:04:46,3313071.0,166,165,23,47.88736117469877,-122.20774593373494,High
RouteID_c371820c-751e-49bf-8359-fd57af7658f6,DSE5,2018-08-08,13:58:58,4247527.0,181,180,13,47.22814551381218,-122.18529038121551,Medium
RouteID_c374064c-6676-4db8-a70b-8841d3b4f057,DLA3,2018-08-17,15:16:36,3313071.0,88,87,19,34.07789057954545,-118.31237028409095,High
RouteID_c3743956-ba37-4e6b-a537-c15a98f86142,DLA7,2018-08-16,16:33:55,3313071.0,143,142,22,33.99005884615385,-117.82822267132866,High
RouteID_c383fc71-1659-4a1e-8421-c8a440d9f0f3,DSE4,2018-08-17,15:30:28,4247527.0,107,106,14,47.69288069158875,-122.30091788785049,High
RouteID_c39273c4-59ed-4619-bc06-7ade297e4289,DSE4,2018-08-24,14:57:15,3313071.0,158,157,29,47.72697621518987,-122.2298841898734,High
RouteID_c398f21a-b659-4c0f-983e-5802982511a1,DCH4,2018-08-10,15:22:13,4247527.0,153,152,20,42.033582803921554,-88.05958709150329,High
RouteID_c39b1c64-1403-46db-ab40-16684cd80b7c,DLA7,2018-07-26,14:58:50,3313071.0,153,152,19,34.06943636601311,-117.66945686928095,Medium
RouteID_c39baa5c-d109-4717-b720-ede037a78435,DLA7,2018-07-21,16:19:37,3313071.0,170,169,20,34.15197611176471,-117.61965033529407,Medium
RouteID_c3a1dc96-b1e1-4127-9dcf-f172e32dfea3,DSE2,2018-08-08,14:01:36,3313071.0,120,119,16,47.61083895000001,-122.29130430000001,High
RouteID_c3a914c5-67ba-46b6-9086-927961da1ccf,DSE5,2018-08-14,13:58:42,4247527.0,142,141,13,47.101416140845096,-122.31411533802815,Medium
RouteID_c3b87033-b49c-4ead-92ed-39fcb8177c29,DCH4,2018-08-03,15:22:40,4247527.0,197,196,30,42.28513054314722,-88.03418843147207,Medium
RouteID_c3b8e1ad-31d5-4f02-ae85-05a164e0a94e,DCH3,2018-08-02,14:11:35,3313071.0,198,197,23,41.79030967171718,-88.2656700505051,Medium
RouteID_c3d7ed5a-9905-482b-b9fc-b8f2dcdc7ea5,DLA9,2018-08-05,15:52:09,3313071.0,195,194,29,33.755944738461565,-117.88761439999995,High
RouteID_c3f06587-ff3d-4f1f-95d6-9af89798d028,DLA5,2018-08-16,15:15:00,3313071.0,185,184,21,33.7288418,-117.2109033297297,High
RouteID_c3f0b68b-dc52-411b-85af-ce62e7250033,DSE4,2018-08-05,15:53:45,4247527.0,112,111,18,47.66730152678572,-122.2845863749999,Medium
RouteID_c4205c9e-b7ee-43f0-ab9b-15796298cd96,DLA9,2018-08-06,15:00:00,4247527.0,130,129,32,33.69618361538462,-117.74969569999992,Medium
RouteID_c428c63f-e834-4949-89c2-9738cdd1c81b,DLA4,2018-08-16,15:29:27,3313071.0,155,154,14,34.19822311612904,-118.66349212258072,High
RouteID_c43a5dfd-476a-4437-bea5-93a41495f922,DLA4,2018-08-12,16:14:21,3313071.0,98,97,8,34.14386591836736,-118.64743497959184,High
RouteID_c4414c09-9393-4e07-9fe0-091959741cb2,DLA3,2018-08-03,15:57:01,3313071.0,84,83,21,34.09926414285713,-118.35524022619046,High
RouteID_c4501947-432a-4b49-a68a-b14a9feb36b8,DBO3,2018-08-13,11:32:38,4247527.0,141,140,18,42.393018404255336,-71.16625668794327,Medium
RouteID_c46e4d35-72c2-4965-a257-3ebad86174af,DLA3,2018-08-05,14:06:51,3313071.0,135,134,15,34.045629600000005,-118.19101530370365,High
RouteID_c4762261-d28e-4832-8af4-297c6f730b02,DBO3,2018-08-01,12:15:00,4247527.0,175,174,29,42.32645940571429,-71.36317279428572,Medium
RouteID_c47eb967-9ec7-4efa-9d72-eb3c0f5f90f5,DBO1,2018-08-03,11:34:39,3313071.0,146,145,12,42.414686719178064,-71.05994575342464,Medium
RouteID_c4857c4c-a356-4e5e-964c-37ec4681afa7,DLA9,2018-07-28,15:56:57,3313071.0,146,145,28,33.66412806164382,-118.0010728219178,Medium
RouteID_c48f1517-7277-4ce2-a603-2d1a7197fefa,DSE4,2018-07-19,15:30:00,3313071.0,142,141,16,47.85783769718312,-122.26412813380276,Medium
RouteID_c49dc3e5-b3ee-401f-8693-15035f4a18da,DCH4,2018-08-09,14:08:10,3313071.0,198,197,20,42.273609191919206,-88.13111939393939,High
RouteID_c49ed088-4773-48a4-98aa-8d27c98f1d2e,DLA8,2018-08-05,14:33:24,3313071.0,161,160,20,33.78894158385093,-118.19372808074539,Low
RouteID_c4a600b2-fcbf-47c8-8cf3-d8da055d506e,DBO2,2018-07-25,14:28:46,3313071.0,79,78,17,42.34940202531646,-71.15215145569623,Medium
RouteID_c4aac70f-31c4-47d8-8183-b6fa88acb0d2,DLA8,2018-08-03,17:41:19,3313071.0,108,107,24,33.86701210185184,-118.39109579629628,High
RouteID_c4b29f6e-d532-4805-953e-62d505de6b78,DAU1,2018-08-04,15:30:00,4247527.0,103,102,31,30.25608232038834,-97.76103932038836,High
RouteID_c4b6bea5-bb47-4f95-b7ef-dc6227eb228e,DSE5,2018-08-16,15:04:37,3313071.0,146,145,13,47.43621105479453,-122.18459380136989,High
RouteID_c4bb4f69-20fa-482e-84c2-033d1a043ee9,DLA4,2018-07-25,15:45:00,3313071.0,167,166,11,34.267209514970034,-118.43678022754494,Medium
RouteID_c4c96d9f-6311-4fdf-bcf4-4bb346cf45fa,DLA7,2018-08-17,16:00:00,3313071.0,155,154,22,34.14156134838711,-117.84408988387098,Medium
RouteID_c4d06422-9e57-4c33-aa88-3af2a7a2e3d9,DLA9,2018-08-20,14:26:31,3313071.0,141,140,22,33.598258567375886,-117.69182675177305,Medium
RouteID_c4d52dd0-8c3a-4723-ad85-857b5e8564a3,DLA4,2018-08-09,16:52:06,3313071.0,161,160,14,34.26717473291924,-118.49284319875778,Medium
RouteID_c4d7c70b-409f-4820-9a46-6b230c37cb12,DSE4,2018-08-25,16:05:44,4247527.0,151,150,27,47.79849472185432,-122.2594288344371,Medium
RouteID_c4e607ee-e9a6-487f-bc79-2b4a5bf280e0,DCH3,2018-08-14,12:55:59,4247527.0,187,186,22,41.88307086096254,-87.97845801069518,High
RouteID_c4f752e2-767e-42a8-b36e-e6f0a91d37e9,DSE4,2018-08-15,15:02:25,3313071.0,164,163,25,47.857770743902456,-122.20440506707314,Medium
RouteID_c50435bb-564b-4afe-bd35-7816123b3afa,DLA4,2018-08-13,17:08:18,3313071.0,165,164,16,34.26164069696972,-118.48889436969702,Medium
RouteID_c5072e13-422d-4219-a2fa-5b1fffc6bb05,DLA9,2018-07-29,13:48:34,3313071.0,97,96,23,33.563700175257736,-117.63696855670106,High
RouteID_c529b748-1661-479d-ad2c-45c7e8051f78,DLA8,2018-08-17,14:57:32,3313071.0,134,133,24,33.77440616417912,-118.16196182089547,High
RouteID_c52ae3cb-43ab-468b-ad78-56357965eb37,DSE5,2018-08-09,14:24:12,4247527.0,159,158,12,47.20295028930821,-122.42258133333335,Medium
RouteID_c53e49b2-387c-41be-bffd-acd1c473fe50,DLA9,2018-07-22,15:13:32,3313071.0,112,111,20,33.79360917857144,-118.07750624107139,Medium
RouteID_c541777b-7f86-421d-8c34-94040d35c78e,DCH3,2018-07-30,15:06:10,3313071.0,186,185,22,41.77283426344087,-88.10173394623659,Medium
RouteID_c54aa8d4-5b3c-4326-ad3e-09b11f58975b,DLA7,2018-07-28,15:38:19,3313071.0,179,178,22,33.980508921787724,-117.5741692681564,High
RouteID_c54dd5c5-cff1-4cef-95da-8a682c422c67,DLA7,2018-08-06,14:56:27,3313071.0,124,123,22,33.87732295967742,-117.82859479032261,Medium
RouteID_c5531683-d706-4326-97b2-5257a38046ad,DCH4,2018-08-08,15:26:08,4247527.0,145,144,19,42.058340744827575,-88.09867502758617,Medium
RouteID_c554f04d-614c-4d69-b2d6-ccfe90865a16,DCH1,2018-08-08,12:03:26,3313071.0,109,108,13,41.81319355045871,-87.60656294495413,Medium
RouteID_c55ec7d4-442a-44f3-9208-2881244063d8,DLA4,2018-08-09,14:26:37,3313071.0,128,127,16,34.16062134374998,-118.39094897656247,High
RouteID_c57d1a3e-cc95-4531-8c16-397b015b284d,DCH2,2018-07-20,12:22:56,3313071.0,173,172,21,42.00377212716765,-88.04686812716761,High
RouteID_c57db90a-bf26-4897-acd2-23ef07678788,DLA8,2018-08-15,16:34:59,3313071.0,144,143,19,33.764544416666666,-118.32814167361114,Medium
RouteID_c57f0463-dfbb-40aa-8f4e-df3636c923f3,DLA9,2018-08-17,14:29:39,4247527.0,149,148,22,33.62887008724831,-117.7095605369128,High
RouteID_c58a0478-612b-46a7-9531-2802e3de5c90,DLA3,2018-07-27,15:30:00,3313071.0,168,167,25,34.11100570238094,-118.28563413690476,High
RouteID_c59b212c-70dc-42c7-b547-6c4b5697a2d8,DBO2,2018-08-09,13:45:00,4247527.0,162,161,19,42.12943769753087,-70.95181213580248,Medium
RouteID_c5b74521-e071-4a7c-a461-a378f462210b,DLA7,2018-07-25,16:00:00,3313071.0,157,156,22,34.11723175796179,-117.55756436942681,Medium
RouteID_c5c7a7fe-fb8b-4237-a58a-66e86908de64,DSE5,2018-07-26,14:28:52,4247527.0,126,125,9,47.20147673015873,-122.47807262698412,Medium
RouteID_c5e90dd1-8e0b-4c6c-8ecb-e5650cccdac8,DLA7,2018-08-10,16:36:42,3313071.0,162,161,21,33.997255549382714,-117.65900814814816,Medium
RouteID_c5ec503d-bc1f-4334-be7f-3d3f4a06f213,DLA4,2018-08-12,15:15:00,3313071.0,157,156,15,34.147686242038205,-118.62223305732478,Medium
RouteID_c5f99b42-0893-4456-9399-a7c7ca38843b,DLA7,2018-08-10,15:51:13,3313071.0,176,175,16,33.98172638068184,-117.57129644318188,High
RouteID_c601e532-03be-43fb-a57d-3aedbea8052b,DBO3,2018-08-13,12:37:20,3313071.0,155,154,14,42.099929632258075,-71.66731115483873,Medium
RouteID_c6058373-bb91-40de-a890-0d58a5762261,DBO3,2018-07-29,12:20:12,4247527.0,175,174,23,42.057907491428566,-71.2843257714286,Medium
RouteID_c61028bd-7475-4e31-b5cf-5c839114441c,DBO3,2018-08-12,12:53:33,4247527.0,158,157,33,42.318569746835436,-71.26139286075946,Medium
RouteID_c6262648-5526-4bb2-a043-a59c4ff7d437,DCH3,2018-07-29,14:18:29,3313071.0,194,193,24,41.83853062371133,-88.28732970103091,High
RouteID_c6290355-f417-4b2d-8581-d7ad152b62a5,DLA7,2018-08-05,15:00:38,3313071.0,141,140,24,33.900195212765965,-117.77284018439713,Medium
RouteID_c63995d7-c1d8-4e4b-be7e-eaa0523b1c99,DLA3,2018-07-29,15:30:00,3313071.0,125,124,34,34.11133376,-118.31583695999998,High
RouteID_c6464771-ed4a-4452-a840-5f2111578929,DSE5,2018-08-17,14:00:00,3313071.0,173,172,17,47.50014277456646,-122.36322786127161,Medium
RouteID_c652d0d2-1602-4c1c-aae2-88e82c41308e,DSE5,2018-08-05,14:28:11,4247527.0,110,109,11,47.24728480909092,-122.44970100000003,High
RouteID_c661ee26-a900-4c08-bbdc-0e74df54d941,DSE5,2018-08-07,15:00:00,3313071.0,128,127,11,47.58558947656252,-122.02025628124997,High
RouteID_c66d0a23-5af1-4845-a090-2e716f25a226,DLA8,2018-07-19,16:15:00,3313071.0,108,107,21,33.90047846296297,-118.41310881481486,High
RouteID_c67fb967-0c80-499f-b05d-c2fdbf9fa19e,DCH4,2018-08-13,14:43:14,4247527.0,177,176,26,42.10489492090395,-87.99377700564968,Medium
RouteID_c68ea0e5-374d-44c7-98c0-c2c75540700d,DLA9,2018-08-22,15:14:03,3313071.0,89,88,22,33.757904539325835,-118.13418292134834,Medium
RouteID_c6907999-2e87-4214-85e8-73fcb1e1c1e9,DLA8,2018-07-30,16:41:48,3313071.0,144,143,23,33.762855416666675,-118.38856265277776,Medium
RouteID_c69ea340-7174-4356-84b0-e924d9d6c890,DLA7,2018-07-23,14:31:23,3313071.0,142,141,20,33.908153781690125,-118.0010009084507,Medium
RouteID_c6a7de77-00f0-41af-b4e1-6e1b8744ce91,DSE5,2018-08-23,15:05:25,3313071.0,190,189,19,47.45210957894738,-122.13210321052634,Medium
RouteID_c6b5c654-3cfd-4551-b5f4-018c1df25883,DBO2,2018-08-16,13:45:00,3313071.0,134,133,23,42.35491248507462,-71.18607064925376,High
RouteID_c6c5ca37-ea99-48ef-a464-57384c658063,DBO2,2018-07-26,13:53:28,4247527.0,144,143,26,42.29921492361111,-71.18275713888887,Medium
RouteID_c6df957b-1e4a-4317-9fd9-2b73d4c3bfd2,DCH4,2018-08-03,13:28:22,4247527.0,159,158,24,42.20389028301888,-87.82322239622644,Medium
RouteID_c6e3ad2f-4304-47bc-b796-c51c87836d5c,DBO3,2018-08-17,11:58:24,4247527.0,128,127,12,42.07784722656251,-71.03373632812499,High
RouteID_c6ec3a66-7346-4f2a-95a8-fb0b9a77ce9a,DLA9,2018-08-10,16:05:56,3313071.0,142,141,26,33.669596978873244,-118.00569527464789,High
RouteID_c6f02cd8-7ee3-4f52-9881-b0cfa09334f1,DAU1,2018-08-15,14:10:02,4247527.0,141,140,26,30.255821021276596,-97.77970103546093,High
RouteID_c6f7ed9c-0c09-4b73-a84b-8a161e753d77,DAU1,2018-08-14,15:30:00,4247527.0,175,174,28,30.235785565714277,-97.89484241142863,Medium
RouteID_c705dc4f-315d-4ba5-b04d-c845e7ca4ea7,DCH1,2018-07-19,14:56:02,3313071.0,108,107,18,41.949667268518525,-87.69696066666666,High
RouteID_c7139ae4-dcf3-492e-a8e6-043d09093c2e,DLA7,2018-07-20,14:51:58,3313071.0,139,138,22,33.81891223741008,-117.84494996402879,Medium
RouteID_c71a3985-f65d-4d04-ae6c-95b59a997620,DLA8,2018-07-19,16:16:48,4247527.0,128,127,16,34.036214781249996,-118.38899257812497,High
RouteID_c71e698b-5ace-4275-b0be-b1069039004b,DLA8,2018-08-04,14:59:24,3313071.0,149,148,18,33.78796857718121,-118.1737941409396,High
RouteID_c723f76e-50da-4921-803a-7db3075cb473,DLA7,2018-08-17,15:03:00,3313071.0,135,134,21,33.89713391851852,-117.81750951111113,Medium
RouteID_c734ad9c-ca70-48d1-b2cd-e3f3defb532b,DLA9,2018-08-05,14:22:58,3313071.0,154,153,24,33.774780428571425,-117.84044998051942,High
RouteID_c73a16da-a41b-4a20-a433-9e756bd1a9a3,DLA7,2018-08-10,16:00:00,3313071.0,134,133,18,34.193245208955204,-117.35198244029851,High
RouteID_c73a3589-3b75-4f3a-8de7-e67825382102,DBO2,2018-07-25,13:09:41,3313071.0,158,157,23,42.25406246202531,-71.08793280379747,Medium
RouteID_c73f86ca-c0fe-4a99-89a8-49c115b7259e,DLA7,2018-07-23,14:24:46,3313071.0,174,173,29,33.801485913793115,-117.8319161896551,High
RouteID_c745c932-b541-421e-bc1f-19f50b5c8ef5,DLA7,2018-07-28,16:16:50,3313071.0,178,177,27,34.12260894943817,-117.62113235955057,Medium
RouteID_c75d9464-87e7-4232-963e-715c29f1383c,DCH3,2018-07-31,14:23:58,3313071.0,196,195,20,41.876498510204065,-88.3331023469388,Medium
RouteID_c76a7db5-858d-4d17-b377-f6adacb3c20d,DCH1,2018-08-06,15:14:00,3313071.0,138,137,17,41.73020246376814,-87.82513790579709,Medium
RouteID_c76b5b1c-ef24-41ff-bdb9-77cbd3422e61,DLA7,2018-07-31,16:37:48,3313071.0,149,148,21,34.095169738255024,-117.75387584563761,Medium
RouteID_c77e8ae7-30f7-42ba-8759-7d88ffcb94a5,DBO2,2018-08-14,13:45:00,3313071.0,146,145,23,42.161744205479465,-71.16236652054793,Medium
RouteID_c792a5cb-93e2-48aa-8cdb-4a6c61213032,DBO3,2018-08-16,12:15:00,4247527.0,154,153,27,42.25996575324675,-71.47098601298705,High
RouteID_c793687d-af8b-4784-af4a-57f3f622f74e,DSE4,2018-08-20,15:42:58,4247527.0,119,118,14,47.68533020168067,-122.27914304201677,High
RouteID_c79a2e9e-56f9-470d-bacf-ed38e0bfaea1,DSE4,2018-08-17,15:07:37,4247527.0,124,123,19,47.667349693548374,-122.3246603548387,High
RouteID_c79ad3ad-bf0a-413d-9b4c-5cc91d245235,DLA3,2018-08-05,16:57:04,3313071.0,173,172,17,33.92042070520232,-118.14160710982662,Medium
RouteID_c7a403bc-16ad-43a9-b746-daa3cc9cae4a,DBO3,2018-08-07,12:15:00,3313071.0,124,123,21,42.45592904838712,-71.33480152419354,Medium
RouteID_c7c3ba17-a4dc-47d3-a2ce-659649aa641e,DCH1,2018-07-28,13:35:59,3313071.0,183,182,24,41.90826156284152,-87.93211784699453,Medium
RouteID_c7ca73bf-65f6-4741-8993-41bcead68503,DLA9,2018-08-14,13:50:11,3313071.0,162,161,21,33.53809418518517,-117.72018861111107,Medium
RouteID_c7cc5a22-0301-4269-9b16-38e6f3daea40,DAU1,2018-07-24,14:56:19,4247527.0,110,109,19,30.23567183636364,-97.92943190909088,Medium
RouteID_c7cf1f99-7f38-4211-828c-5946dafcf21f,DBO2,2018-07-20,13:40:46,3313071.0,169,168,20,42.262828893491104,-70.97733767455622,High
RouteID_c7d5b73f-3e50-4ff1-a810-267ac6bb0070,DLA4,2018-08-16,14:24:30,3313071.0,115,114,15,34.17712013043479,-118.40222542608689,High
RouteID_c7e14fa5-cb07-4348-b2eb-48d3d33043c0,DAU1,2018-08-03,13:50:45,4247527.0,125,124,21,30.268706608000013,-97.68188596800002,Medium
RouteID_c7e5839d-0777-4a3b-94ff-1afc5dab54b3,DCH1,2018-08-12,14:34:40,3313071.0,127,126,32,41.881142125984276,-87.80679141732284,Medium
RouteID_c7f8a972-129d-42d5-960e-be027c164efd,DBO3,2018-07-21,13:21:20,3313071.0,155,154,15,42.168214193548394,-71.77258150967741,Low
RouteID_c8018cc3-5545-4126-a95d-f0512538edf5,DLA4,2018-07-30,14:21:45,3313071.0,122,121,17,34.1586050409836,-118.38990606557378,High
RouteID_c8027802-4672-4d10-82f5-b3b72873e1a3,DSE4,2018-08-17,14:54:38,3313071.0,154,153,30,47.68798386363639,-122.19395283116883,High
RouteID_c8118394-0f3c-4341-8efb-f5165747803e,DLA3,2018-07-21,16:09:33,3313071.0,68,67,17,34.061070955882364,-118.27821345588234,High
RouteID_c81405b6-efdb-4451-adcf-023a7cae04db,DCH3,2018-08-01,14:24:10,3313071.0,196,195,19,41.668327183673476,-88.21043037244898,Medium
RouteID_c8149850-7628-4c68-a9b5-f00de8f31b01,DSE5,2018-08-08,14:30:00,4247527.0,119,118,6,47.217494512605036,-122.55537334453784,Medium
RouteID_c81ab95e-f33a-43dd-be23-2a202f48382b,DLA7,2018-08-14,15:34:10,3313071.0,189,188,20,33.97396763492064,-117.58153048148154,High
RouteID_c821d2c3-d1aa-4cce-85a3-033a023c4645,DAU1,2018-08-15,15:30:00,4247527.0,130,129,27,30.252183276923073,-97.7711443846154,High
RouteID_c82aecb5-5fee-4474-908e-84d74ad2e6a8,DLA8,2018-08-16,16:42:48,3313071.0,172,171,25,33.77207381395349,-118.41258670930243,Medium
RouteID_c82b1c2f-552a-4106-adad-6f4faa0b8ebf,DLA9,2018-08-08,14:29:17,4247527.0,143,142,19,33.59404026573427,-117.69328966433564,High
RouteID_c8388489-f798-4104-a0f4-a422e542f914,DLA7,2018-08-12,14:04:04,3313071.0,150,149,24,33.90427484000001,-117.90913831333336,Medium
RouteID_c839ed1e-de8e-44fb-a286-f6990905157d,DBO3,2018-07-31,11:30:00,4247527.0,154,153,18,41.83959145454547,-71.36403049350656,Medium
RouteID_c85b6b2e-c595-4a41-8e41-c83a21a647b6,DLA7,2018-08-14,16:35:42,3313071.0,171,170,20,34.07402079532163,-117.64248363742688,Medium
RouteID_c86a9238-faa5-4384-b9a4-19ebb926c82c,DBO2,2018-08-05,11:51:40,4247527.0,195,194,22,42.085521005128214,-70.95333366666668,Medium
RouteID_c875bc1d-6fe0-40f3-b9bc-a73453249047,DLA3,2018-07-22,14:57:55,3313071.0,52,51,21,34.092373,-118.35833826923077,High
RouteID_c880eef5-320e-470f-9cd3-cc341eacbd14,DLA9,2018-08-19,14:28:11,4247527.0,169,168,23,33.64210815976331,-117.65627585207108,Medium
RouteID_c88494db-cbdd-4a35-8ecc-3ad9eb508097,DLA7,2018-08-08,14:57:13,3313071.0,161,160,26,33.88658675776398,-117.77469590062105,Medium
RouteID_c89e7353-3c12-4ac2-a08d-3ec34702ccd4,DLA7,2018-07-21,16:03:11,3313071.0,150,149,18,33.87123148666666,-117.5812249733333,High
RouteID_c8a64c12-a2de-4915-a39c-a410d7280791,DLA5,2018-08-02,15:13:17,3313071.0,154,153,19,34.03467942207791,-117.28490049350644,High
RouteID_c8a6bb25-32bd-424a-93eb-46e9261ae1e9,DAU1,2018-07-27,14:16:58,4247527.0,174,173,25,30.173200178160943,-97.98674815517246,High
RouteID_c8a94543-d538-476f-8a7a-38e62a3d94f3,DCH2,2018-07-24,15:15:00,3313071.0,71,70,22,41.97184261971831,-87.6819050422535,High
RouteID_c8ac3b01-f16f-41a3-bb07-571fd64c3fe0,DSE5,2018-08-22,15:25:11,4247527.0,160,159,12,47.2232563,-122.44207485000004,High
RouteID_c8ac89c1-0461-4e1e-b2ec-6fe429df7eb0,DBO3,2018-08-11,12:45:36,3313071.0,194,193,23,42.15335730927831,-71.54235924226799,Medium
RouteID_c8b0089c-dcfe-4c7e-9d43-34759c012724,DBO3,2018-08-03,12:53:15,4247527.0,193,192,31,42.3099145492228,-71.49166244559581,Medium
RouteID_c8b2614e-f239-4a71-ac99-561f4d880720,DAU1,2018-08-14,16:00:00,4247527.0,123,122,29,30.312064983739837,-97.72341950406508,High
RouteID_c8bddb70-6705-4941-a07e-925299111227,DLA7,2018-07-23,14:25:30,3313071.0,166,165,25,33.91079531927709,-118.0155778012048,Medium
RouteID_c8ceb52a-8e54-43e7-8cf4-d4b4c07b1d6f,DBO3,2018-08-15,11:30:00,4247527.0,162,161,21,42.424670438271605,-71.21173304938273,High
RouteID_c8dca96b-01ca-420b-9b76-4c66d2836b45,DLA8,2018-08-05,16:30:17,3313071.0,128,127,20,33.802210703125,-118.32470238281253,High
RouteID_c8df4f7d-8080-4ad6-8b9e-4859ae458a45,DAU1,2018-08-10,15:35:54,4247527.0,129,128,20,30.458012674418605,-97.7853156124031,Medium
RouteID_c8e3a58c-2137-4c31-831a-c2764193eddf,DBO2,2018-08-03,13:30:21,3313071.0,167,166,36,42.294679059880245,-71.2364923053892,Medium
RouteID_c8e6a5b0-2bc6-4d23-807f-ef27ddc2c85c,DLA9,2018-08-11,15:14:03,3313071.0,176,175,27,33.82297279545457,-117.94324364204545,Medium
RouteID_c8e84c5a-93f4-41c5-8f24-5a18f39327b2,DBO3,2018-07-20,13:06:23,4247527.0,173,172,26,42.32075535260115,-71.26913106936419,Medium
RouteID_c8ecde3b-a303-4858-bef5-65941227aa05,DSE5,2018-08-12,14:56:23,4247527.0,137,136,8,47.19901768613137,-122.48935113138688,High
RouteID_c8f17de6-1ae1-417f-a113-1e94733d2ee1,DSE5,2018-08-07,14:31:07,4247527.0,132,131,10,47.18143269696973,-122.44352752272727,Medium
RouteID_c8fd39ed-d7b6-4a06-b94d-dbbe281430b9,DLA7,2018-08-16,15:37:08,3313071.0,118,117,18,34.1147843898305,-117.55315611016943,High
RouteID_c8ffd5fd-3bd1-409e-9a4d-c7c930127ae9,DBO3,2018-07-30,11:52:56,3313071.0,177,176,26,42.355199220339,-71.54370260451981,Medium
RouteID_c9055a6b-0d16-40c1-96a7-b0b9d53f5e9e,DCH3,2018-08-09,15:30:00,3313071.0,193,192,21,41.882020000000004,-87.97715964248705,Medium
RouteID_c90ad0e8-4c8d-40a2-b9ea-7b9a1dc36781,DLA9,2018-07-24,15:18:37,3313071.0,149,148,24,33.727668630872465,-117.92982565771811,High
RouteID_c90bb31d-7413-4092-be45-4c711c7b36b9,DSE2,2018-07-30,15:03:08,3313071.0,51,50,21,47.621765176470596,-122.31828635294121,High
RouteID_c91485bf-fd08-41a4-821c-52c0cfdac40c,DCH2,2018-07-31,14:02:19,3313071.0,105,104,20,41.968159142857154,-87.7050258571429,High
RouteID_c914af86-20ee-411d-b158-536ab7343d2d,DLA9,2018-08-10,15:21:55,3313071.0,161,160,18,33.8518512173913,-118.01603588198765,Medium
RouteID_c91c698c-f263-400d-92a3-804df1817d0f,DSE5,2018-07-26,13:53:03,4247527.0,155,154,15,47.16982738064513,-122.18811754193544,Medium
RouteID_c9201af0-22c2-4b5a-a0db-8efc2c66ca53,DSE4,2018-08-18,14:53:27,3313071.0,191,190,26,47.86699392670156,-122.30727682722518,Medium
RouteID_c923ff8a-ceee-42dd-aea6-a9b2d57b788f,DSE4,2018-08-25,15:13:57,3313071.0,125,124,28,47.77405147200001,-122.17197113600002,Medium
RouteID_c94aa8b8-dbda-416f-8e2f-109105f18758,DCH2,2018-08-15,14:17:08,3313071.0,98,97,22,41.97287692857144,-87.69240682653061,Medium
RouteID_c9528efa-6f3c-443e-9e90-956e6751474a,DLA7,2018-08-11,15:45:03,3313071.0,156,155,21,33.89625395512823,-117.51917084615394,Medium
RouteID_c95bf250-0108-4c50-82c2-f227e06868f7,DCH1,2018-08-10,15:14:33,3313071.0,207,206,17,41.73461278743961,-87.69503800966189,Medium
RouteID_c973a5df-ac04-48dd-a5ed-1c1bac092dba,DAU1,2018-07-24,15:03:46,4247527.0,142,141,17,30.269587711267615,-97.61436152112677,High
RouteID_c979a9f2-4667-4141-bf71-10f33cce4102,DLA3,2018-08-12,14:29:13,3313071.0,67,66,17,34.08551079104477,-118.32388040298505,High
RouteID_c97fcf74-0a63-42ab-9567-b9bf76d92eb2,DSE5,2018-08-20,13:53:16,3313071.0,169,168,16,47.5068539408284,-122.34738298224852,High
RouteID_c999990f-ab6a-4e3a-aa09-406ddf2ec384,DCH3,2018-08-04,14:48:39,3313071.0,194,193,19,41.834659608247414,-88.06509088659796,High
RouteID_c9a04c93-66c1-4ed1-84b1-dda7418ac511,DCH1,2018-08-01,13:08:01,3313071.0,59,58,17,41.90760637288136,-87.64046854237284,High
RouteID_c9a0f20e-e26a-46c7-8c34-2e3067867f3e,DLA7,2018-08-16,15:15:43,3313071.0,147,146,23,33.873231306122456,-117.83880166666668,High
RouteID_c9a55fd0-d4f9-4998-b96a-26f5dfdd9d63,DLA9,2018-08-21,15:58:42,3313071.0,121,120,25,33.69474642975208,-117.8114229338843,High
RouteID_c9ad4f27-3043-476d-931e-3d048aec5b2a,DLA9,2018-08-17,13:47:20,3313071.0,144,143,21,33.63511171527777,-117.63281081250004,Medium
RouteID_c9b89be5-4ee4-400a-aa6e-bfe056251e10,DLA7,2018-08-17,16:35:12,3313071.0,164,163,22,33.99185303048778,-117.85111874999997,High
RouteID_c9c82e10-6e40-402d-8129-e93d15cccd54,DLA5,2018-08-12,15:59:23,3313071.0,170,169,26,33.94769951764706,-117.40601348823539,Medium
RouteID_c9cef3df-a449-4090-8608-429c0601b5b6,DCH4,2018-08-15,15:18:54,3313071.0,155,154,16,42.25223832903225,-88.18244274838705,Medium
RouteID_c9cf2fb8-9353-40f0-98cb-4d409e2e4b2f,DLA7,2018-08-11,14:31:19,3313071.0,144,143,22,33.912918708333315,-117.93199047222222,High
RouteID_c9d9c91d-9c63-4284-ab86-392d5841cd31,DSE2,2018-08-15,14:49:23,4247527.0,110,109,17,47.63380210909091,-122.36078399999995,High
RouteID_c9e851e3-5692-42be-b9b3-942fd677ee02,DBO2,2018-08-12,14:03:26,4247527.0,205,204,48,42.28523659024388,-71.2463990487805,High
RouteID_c9f8180c-b0f1-4f4f-b81d-c16f19719ffe,DBO2,2018-07-31,13:45:00,3313071.0,138,137,29,42.29671078985507,-71.23419779710144,Medium
RouteID_ca16f45f-4e97-49e6-9182-0d7d1cb59da8,DCH3,2018-08-17,12:53:13,4247527.0,192,191,20,41.947054249999965,-88.16403529166666,Medium
RouteID_ca1d3fd1-9c29-4e57-9fb7-021a548d6c5b,DBO2,2018-07-27,11:37:51,4247527.0,101,100,20,42.335049960396006,-71.03272232673268,High
RouteID_ca229dae-a3ce-4d3d-a6be-94b00b7a3021,DCH4,2018-08-10,14:11:00,3313071.0,154,153,24,42.1920699090909,-87.993793974026,High
RouteID_ca32e528-060a-4e0c-9c37-5e08d495186f,DSE5,2018-08-13,13:54:54,4247527.0,153,152,16,47.11938346405226,-122.3261338562092,Medium
RouteID_ca335703-725e-4f7c-b384-81c46e288cda,DCH4,2018-08-09,13:47:54,4247527.0,165,164,17,42.362702133333336,-88.07089376969698,High
RouteID_ca420555-7885-43e4-88fd-b273e483118a,DLA7,2018-08-05,14:24:00,3313071.0,166,165,28,33.826850674698804,-117.82389619879514,Medium
RouteID_ca47eb3f-3a33-4002-aeb1-4d2b0b5b0173,DLA7,2018-07-20,14:47:44,3313071.0,146,145,22,33.89084426027397,-117.94924406849317,Medium
RouteID_ca4857a3-f111-4113-b88e-5a54cf10748d,DLA9,2018-07-24,13:51:09,3313071.0,161,160,21,33.63495001863353,-117.63345968944107,Medium
RouteID_ca4902f8-a5d0-4994-8f30-f808984cd379,DAU1,2018-07-31,13:55:01,4247527.0,135,134,19,30.267981577777785,-97.61455322962968,Medium
RouteID_ca4ca1af-5583-46af-8e3d-df80731c41cf,DSE5,2018-08-10,14:31:07,4247527.0,129,128,13,47.26075170542634,-122.47202942635658,High
RouteID_ca57e37b-5c09-49c3-87ae-88cac345aff7,DLA7,2018-08-04,15:01:47,3313071.0,146,145,21,34.0581717739726,-117.75680971917808,High
RouteID_ca58d411-2496-4ef9-b89d-f8b3724c67fd,DLA9,2018-08-24,15:16:53,3313071.0,137,136,22,33.71236513868613,-117.93555505839419,Medium
RouteID_ca626676-88a4-4525-a45a-ed512638e687,DSE5,2018-08-24,15:25:06,4247527.0,115,114,7,47.243645539130455,-122.44994074782613,Medium
RouteID_ca67a5b5-127f-4aa5-886d-b08db65c73bb,DLA9,2018-08-16,14:23:41,4247527.0,152,151,27,33.694286190789455,-117.75047569078939,Medium
RouteID_ca694630-191b-4d98-96b2-c20abc67fdca,DCH1,2018-08-12,13:21:41,3313071.0,90,89,37,41.90998784444445,-87.66966908888891,High
RouteID_ca7c84a4-40b2-4b22-81b2-2bdd4592696b,DLA7,2018-08-10,14:36:47,3313071.0,171,170,23,33.85074168421053,-117.78230649122806,High
RouteID_ca7e60cc-519e-48d5-88a6-ba866cb20f77,DCH4,2018-07-30,13:44:59,4247527.0,188,187,32,42.177863393616995,-87.87547873404255,Medium
RouteID_ca800645-34ae-4e19-9a5b-99c02ebcb2ab,DCH2,2018-07-30,14:05:52,3313071.0,181,180,23,41.9705419005525,-87.75047858563536,High
RouteID_ca9c3072-5d62-46c5-bce9-e77dd6e6b650,DLA7,2018-08-15,15:07:13,3313071.0,147,146,23,34.118406183673464,-117.78418786394552,High
RouteID_caa0f191-3140-4c92-bee4-493cca3a28ce,DSE5,2018-08-24,14:41:04,3313071.0,113,112,10,47.54162696460173,-122.0817373893805,High
RouteID_caad9503-c10a-42c4-b27e-7838c236fafe,DLA8,2018-08-02,16:21:35,3313071.0,130,129,24,34.0092121076923,-118.43237449230766,High
RouteID_caafa80f-6386-46d6-8a12-38b0a31ba612,DBO1,2018-08-13,13:14:10,4247527.0,143,142,20,42.50294949650351,-71.2101795104895,Medium
RouteID_cab08b14-ae34-4627-b06e-bb638499b8b7,DLA8,2018-07-21,15:15:10,3313071.0,172,171,20,33.78731462790699,-118.10308479651165,High
RouteID_cab83bc1-f3b0-409d-9a19-43d65c4dfc9b,DCH3,2018-07-24,13:25:42,4247527.0,195,194,24,41.901180035897426,-88.01299656410255,Medium
RouteID_cac31fca-41f1-43fb-b4cf-1c1af9e3480b,DBO3,2018-08-13,13:08:51,3313071.0,150,149,27,42.163704593333335,-71.54171042000002,Medium
RouteID_cac3ae3c-69d9-403d-9d72-92d108aee229,DLA7,2018-08-14,14:26:10,3313071.0,161,160,21,33.803125788819855,-117.82484286956522,High
RouteID_cac565b8-6e36-49e9-ac22-d69559bc7460,DLA9,2018-08-02,14:25:14,4247527.0,159,158,24,33.59731966037735,-117.6911811257862,Medium
RouteID_cac6e99d-5a58-4800-bd63-4892de140a54,DLA9,2018-07-30,15:58:36,3313071.0,120,119,25,33.71354060833334,-118.03529480833339,High
RouteID_cad4b244-3600-4952-a219-f938de22601b,DLA5,2018-08-10,14:40:21,3313071.0,189,188,20,34.152352825396825,-117.24930762962958,Medium
RouteID_cadcbe46-50d9-4124-a9aa-b738dc6317b0,DAU1,2018-08-02,15:30:00,4247527.0,152,151,26,30.20541850000002,-97.8402527763158,Medium
RouteID_cadd6fc3-c1ea-4c0c-9b45-849ae631b324,DCH3,2018-08-13,14:08:22,3313071.0,196,195,19,41.67213212244896,-88.20295912244896,High
RouteID_cae13fa5-a5bc-4e8c-a455-b9a71fd18ee8,DLA8,2018-07-20,15:22:55,3313071.0,129,128,21,34.00631900775193,-118.40338471317834,High
RouteID_cae504dc-9e75-49bc-9fb3-45bbb1969973,DCH3,2018-08-10,15:30:00,3313071.0,191,190,20,41.725083371727706,-88.25693999999999,Medium
RouteID_caf1e02f-52a4-4d97-9efe-3c1a396d7c0d,DAU1,2018-08-06,14:40:24,4247527.0,130,129,18,30.43801426923077,-98.00227639230769,Medium
RouteID_cafcb29c-ff5b-4cf7-b7bb-03aecc310f62,DLA9,2018-07-30,14:33:42,4247527.0,138,137,26,33.64904348550724,-117.66871752898548,Medium
RouteID_cb0e306d-ecee-41a4-ba6e-942629fffd27,DBO2,2018-08-16,13:38:49,4247527.0,183,182,35,42.28156768852457,-71.24317665573771,Medium
RouteID_cb11a0ba-b0bf-429d-adf9-105789be8406,DLA9,2018-08-21,14:18:16,3313071.0,127,126,23,33.70227699212599,-117.76983481102363,High
RouteID_cb1711d7-8feb-4abe-9da0-24b886b92a10,DLA9,2018-08-13,15:13:28,3313071.0,141,140,26,33.76988493617022,-118.1144718014184,High
RouteID_cb180791-08d9-47b6-88cc-be94fb928b69,DLA7,2018-08-09,14:19:28,3313071.0,163,162,23,33.786267269938655,-117.81081925766874,High
RouteID_cb1f4643-070f-455f-9e9e-e524ddac7300,DBO2,2018-08-17,13:50:17,3313071.0,119,118,16,42.21568327731093,-71.16589307563024,Medium
RouteID_cb4078cb-2eeb-4571-ad05-7de8d395ab17,DBO3,2018-08-08,12:15:35,4247527.0,139,138,17,42.00538843165464,-71.1334470791367,Medium
RouteID_cb40e93e-ba72-4b59-b5bb-d1c2456b6de5,DLA8,2018-08-02,16:09:04,4247527.0,74,73,18,34.08040148648647,-118.3854925945946,High
RouteID_cb41e82e-c896-4076-bcb8-6c0c0f1c63ae,DLA9,2018-08-13,15:58:54,3313071.0,143,142,27,33.637586006993025,-117.87263540559441,Medium
RouteID_cb5354b2-6fa7-4299-8ebb-da6500e2044c,DSE5,2018-08-10,14:49:55,3313071.0,165,164,12,47.345768496969704,-122.32556184848482,Medium
RouteID_cb682826-8e88-4463-b8a6-b4206dff898d,DLA9,2018-08-26,14:28:34,3313071.0,122,121,18,33.684446377049184,-117.6723179590164,High
RouteID_cb6ea708-2817-41df-9d1f-67424b0cc229,DSE5,2018-07-29,14:51:14,3313071.0,172,171,16,47.31190310465115,-122.3653786802326,Medium
RouteID_cb70ef37-a11e-4c0b-9076-df5774150cc6,DSE5,2018-08-05,14:22:45,4247527.0,139,138,11,47.21880855395685,-122.4778322230216,High
RouteID_cb76415b-5ec7-44d9-81c6-686046fbb442,DSE5,2018-08-13,14:13:24,3313071.0,163,162,16,47.50832734355828,-122.3680523558283,Medium
RouteID_cb7f04ac-43ac-4ed9-8832-a95a614a17f1,DBO3,2018-08-05,12:15:00,3313071.0,189,188,21,42.09501848148148,-71.42997213756612,High
RouteID_cb812ff3-06a2-42ea-a114-b747c2824a66,DBO2,2018-08-15,13:45:00,4247527.0,74,73,18,42.33209067567566,-71.04569928378379,High
RouteID_cb8b2c27-9978-4b88-8106-13b865d5b862,DLA8,2018-07-24,16:43:39,3313071.0,104,103,14,33.79649257692307,-118.29974890384625,High
RouteID_cb94bd6f-5f09-4d95-bbed-7465f4a12805,DBO2,2018-07-25,13:07:28,3313071.0,171,170,21,42.262893432748534,-71.03439646783622,Medium
RouteID_cb9ff641-9fb7-44f6-a240-3e246e36d9bc,DCH1,2018-08-14,15:00:00,3313071.0,81,80,18,41.92261896296294,-87.68653375308645,High
RouteID_cbaccc68-2949-494f-80eb-740b0ffdb834,DLA4,2018-07-20,15:29:31,3313071.0,121,120,10,34.18679398347107,-118.65330344628097,High
RouteID_cbaee425-5e93-46db-936a-af0b899e8ce7,DBO3,2018-08-14,12:14:48,4247527.0,180,179,23,42.10742033888891,-71.34046106111114,Medium
RouteID_cbbc4281-0f09-4c3d-abf4-a630b83cbe3e,DLA9,2018-08-04,15:22:09,3313071.0,138,137,22,33.70939403623186,-118.0214166884058,Medium
RouteID_cbc69890-8d9d-45b2-927a-75ffb82ae25b,DLA8,2018-08-05,15:20:05,3313071.0,133,132,31,34.01160161654135,-118.43203721804508,High
RouteID_cbc8fc3b-2652-4e59-8b86-9f674381f6ed,DLA8,2018-08-11,16:18:44,3313071.0,114,113,17,34.08591626315792,-118.44837870175436,Medium
RouteID_cbe1f550-98e0-4c70-b5cc-463eb364811d,DBO3,2018-08-09,11:24:13,4247527.0,168,167,23,41.97181273809525,-71.3132498928571,Medium
RouteID_cbf0b8fe-57c1-4c99-b61a-06d467c544ee,DCH4,2018-08-15,13:45:29,4247527.0,139,138,17,42.170450863309355,-88.3205899208633,Medium
RouteID_cbf4f305-0787-4756-b59a-03f54c494d40,DCH3,2018-08-08,12:54:19,4247527.0,198,197,18,41.94684468181818,-88.16670412121209,Medium
RouteID_cbf7ceb6-f7ff-4307-b3f7-79d26d5b462d,DLA7,2018-08-08,14:21:22,3313071.0,150,149,21,33.93665809333333,-117.99629235333332,High
RouteID_cc0907fa-d932-49cc-aeeb-6e7a5372c6a7,DLA7,2018-08-01,14:32:29,3313071.0,160,159,21,33.80248789374999,-117.824515425,High
RouteID_cc0935e7-8c7d-43b0-9c61-efa89582f7f2,DCH2,2018-08-17,14:11:52,3313071.0,183,182,21,42.00638398360657,-87.76833420765024,Medium
RouteID_cc0d7c51-b6bd-47ab-a43b-360fe8038d7e,DCH2,2018-07-20,15:19:32,3313071.0,151,150,20,42.03233476158942,-87.72255339072849,High
RouteID_cc15f5e4-02fe-4270-aade-8a6c78a0f263,DBO3,2018-08-12,12:48:42,3313071.0,172,171,16,42.04901788372093,-71.47794449418599,Medium
RouteID_cc4898a6-b55f-4d81-b40f-3bfd70a46f5c,DBO3,2018-08-01,12:30:54,4247527.0,152,151,25,42.2385384868421,-71.49945766447372,Medium
RouteID_cc4bbe9b-5e4e-4d2d-a647-649a8d5b7fee,DLA9,2018-07-27,13:51:58,3313071.0,126,125,17,33.4201256031746,-117.61442283333336,High
RouteID_cc59680c-47fc-48ed-a7ee-fc883c096695,DCH4,2018-08-08,15:22:43,4247527.0,195,194,27,42.03498143589745,-88.12830445641032,High
RouteID_cc5d533e-cfe1-4103-83ef-a8a22e28fa58,DCH3,2018-08-05,12:54:58,4247527.0,196,195,18,42.02162719897958,-88.18990176530617,High
RouteID_cc6321cb-27ec-463d-85ed-e6e0e9b44644,DLA7,2018-07-24,16:00:00,3313071.0,156,155,22,34.03014468589743,-117.87743679487185,Medium
RouteID_cc65e2f6-9302-4bb1-84f1-14669639ef00,DLA7,2018-07-23,16:33:23,3313071.0,124,123,21,34.14686334677419,-117.58237133064515,Medium
RouteID_cc67ff6e-1383-455c-a8d6-449010888b5a,DLA5,2018-07-30,15:06:34,3313071.0,172,171,26,34.005079273255824,-117.0288018662791,Medium
RouteID_cc732133-8a9e-43d1-ac22-5f4cb72b48f5,DBO3,2018-07-23,13:02:36,4247527.0,208,207,28,42.21724671153845,-71.44091602403846,Medium
RouteID_cc7b356c-ce17-4724-bb3c-195c3fcc80fa,DLA8,2018-08-08,14:56:51,3313071.0,119,118,18,33.79064606722688,-118.15747913445377,Medium
RouteID_cc84c13f-cd1b-4b8d-b0e1-4179b24571eb,DSE4,2018-08-07,15:34:17,4247527.0,123,122,18,47.78922040650408,-122.33305878861793,Medium
RouteID_cc889e41-0fb9-4533-a6f0-58e70510595f,DLA8,2018-07-26,15:46:58,4247527.0,71,70,15,34.09315447887326,-118.38851990140846,High
RouteID_cc891591-696e-43d0-a623-1b054b5b83d6,DLA7,2018-07-25,15:06:52,3313071.0,164,163,24,33.92616967073172,-117.85036260365854,High
RouteID_cc891bcc-8a62-49ce-a999-a790db05965f,DCH3,2018-07-23,13:02:55,4247527.0,208,207,19,41.99964067788463,-88.16925986538459,Medium
RouteID_cc8a4f89-1a0e-4fca-a6e3-a662e5686f73,DSE4,2018-08-16,14:41:17,3313071.0,172,171,26,47.726703924418615,-122.17707222093021,High
RouteID_cc8ae1ad-5a96-48ca-a56d-6e162c15d5cc,DCH1,2018-08-06,15:50:47,3313071.0,73,72,26,41.9513482739726,-87.67315819178083,High
RouteID_cc9e46cd-1247-4610-812d-ce43f32ae8f3,DCH4,2018-08-05,15:17:09,4247527.0,193,192,28,42.04717830569947,-87.91644126424869,Medium
RouteID_cca2384e-555e-49de-ae11-f83ec059eff7,DLA7,2018-08-08,16:26:53,3313071.0,177,176,23,34.12792376271189,-117.54450970621465,Medium
RouteID_cca42123-f823-40a3-9d98-0db1409978be,DCH3,2018-07-24,12:56:20,3313071.0,200,199,21,41.63256815000002,-88.19690165499998,Medium
RouteID_cca4fdbf-9614-4ff5-805a-1143492a1930,DBO2,2018-08-06,14:16:18,4247527.0,124,123,24,42.356014798387115,-71.18740809677418,Medium
RouteID_cca8d2e4-46dd-4f85-bb4d-8222e2cd48a6,DLA7,2018-08-15,15:35:00,3313071.0,149,148,23,33.90540958389261,-118.02310799999998,Medium
RouteID_ccafc994-05f1-41fb-9400-82ba02f758e3,DSE5,2018-08-12,15:02:52,3313071.0,148,147,15,47.44138668243242,-122.20636502702696,High
RouteID_ccc0fdb0-5371-42b5-81e3-6c92fb11d8af,DLA8,2018-08-02,15:54:44,4247527.0,95,94,14,34.09618255789473,-118.38434365263163,Medium
RouteID_ccc6c8ae-5989-472d-89ae-befa04d27175,DCH4,2018-08-17,15:33:46,4247527.0,144,143,13,42.44389188888891,-87.86473084722223,Medium
RouteID_ccc91282-5a5b-48d2-828b-0f484892aa47,DLA4,2018-08-09,14:29:18,3313071.0,112,111,19,34.16028438392857,-118.3624756875,Medium
RouteID_ccecbad3-9994-4264-a877-5f2a5b8f2913,DLA9,2018-08-18,15:59:31,3313071.0,171,170,29,33.74077321637429,-118.04294987719298,Medium
RouteID_ccfe1fcf-7820-4017-9643-24ee8ded8aae,DLA9,2018-08-18,14:25:45,4247527.0,121,120,25,33.629593661157045,-117.74293016528927,High
RouteID_ccfe9791-ad14-4d41-9e4c-9bc218860f1b,DBO3,2018-08-09,12:15:00,4247527.0,141,140,21,42.3328924822695,-71.3556193404255,Medium
RouteID_cd0bb501-c044-41ea-8933-e33162e8ec22,DBO2,2018-08-15,14:22:02,4247527.0,190,189,38,42.28470406842106,-71.24775076315791,High
RouteID_cd20c6af-df8d-41a7-98f3-f536102e663a,DSE5,2018-08-24,14:55:25,4247527.0,129,128,10,47.21904083720933,-122.34848500000003,High
RouteID_cd23446b-4620-4a6b-9b96-45b218becad3,DSE5,2018-07-29,13:57:56,4247527.0,171,170,13,47.22140994152045,-122.18557426315786,Low
RouteID_cd2bff36-0649-4612-b3b8-74612ca315c8,DCH1,2018-08-04,14:25:23,3313071.0,137,136,28,41.89605606569343,-87.78015219708033,Medium
RouteID_cd3920d9-2049-4469-87c9-080e782364e0,DSE4,2018-08-14,15:37:19,4247527.0,96,95,27,47.67005030208333,-122.31092823958333,High
RouteID_cd3bb014-746f-4c73-9199-ee94c3b611f4,DBO3,2018-07-23,13:07:00,4247527.0,177,176,31,42.2546460282486,-71.51832344632766,High
RouteID_cd4aea41-0b99-4dc4-b1d0-0f5749ef547f,DLA4,2018-07-26,14:07:52,3313071.0,128,127,17,34.172477546874994,-118.43020060156259,Medium
RouteID_cd4bbf74-11ae-475a-8a0d-5f1e4af21014,DLA9,2018-08-06,15:15:33,3313071.0,156,155,26,33.75128416666668,-117.95138764743595,Medium
RouteID_cd52e603-c04f-4eec-92a6-455672880277,DLA8,2018-07-28,14:49:26,4247527.0,123,122,13,33.87743322764231,-118.15280098373985,Low
RouteID_cd66a2c5-764e-46cf-9ce4-4b1aaaf79f49,DSE5,2018-08-18,15:13:23,3313071.0,179,178,13,47.37499205027934,-122.16546900558657,High
RouteID_cd69750e-42f3-450c-a0b1-448219c3a34e,DLA7,2018-07-30,14:29:55,3313071.0,156,155,25,33.8967326025641,-118.00390874999998,Medium
RouteID_cd7fdac4-a028-47f9-8614-3b2047916ede,DCH2,2018-07-25,12:20:13,3313071.0,174,173,19,41.94042847701151,-87.80665881609195,Medium
RouteID_cd88634a-ad62-4cb6-b95b-033d16b97800,DCH2,2018-08-09,12:29:29,3313071.0,153,152,18,41.942827607843135,-87.7959587581699,Medium
RouteID_cdab8d1e-0f55-431e-bd94-3865ea1d1951,DSE5,2018-08-26,15:05:48,4247527.0,137,136,8,47.233036708029175,-122.53169876642323,Medium
RouteID_cdb893e6-5064-4b93-b41f-ace59b55e0b2,DSE5,2018-08-15,15:17:07,4247527.0,127,126,10,47.1987473149606,-122.38205980314962,Medium
RouteID_cdbd4583-3e55-46ce-82ce-4d4de1c264c0,DLA7,2018-08-06,15:06:49,3313071.0,148,147,27,33.87051199324323,-117.78900362162165,Medium
RouteID_cdc49843-17f2-432f-a73a-ef3886ac6d3b,DLA7,2018-08-12,16:34:30,3313071.0,159,158,26,34.10574832075473,-117.59065264779885,Medium
RouteID_cdd56416-994f-4a8e-a6be-b81c56faa869,DLA8,2018-07-19,17:10:48,3313071.0,67,66,14,34.07871817910447,-118.37291386567165,High
RouteID_cde2bd0e-90d4-4163-b5c1-0915f12946d4,DLA7,2018-08-16,14:42:39,3313071.0,155,154,25,33.84193852258063,-117.80083459354843,Medium
RouteID_cde9bf43-2323-4be8-b178-d128b1fac77d,DLA7,2018-08-05,14:30:36,3313071.0,162,161,29,33.899299271604924,-117.99045327777779,Medium
RouteID_cdf92fb3-0d54-412a-a1a7-5766e5a8c44e,DSE4,2018-08-04,15:14:06,3313071.0,129,128,25,47.84020860465117,-122.18278244961239,High
RouteID_cdff5f0b-1b4c-40bb-b7c6-a1c372d6e975,DBO3,2018-08-02,11:22:01,4247527.0,175,174,20,41.958473919999996,-71.22411362857143,High
RouteID_ce065a3d-1f24-4481-b48d-86b53d4d0b1c,DLA9,2018-08-13,15:17:06,3313071.0,154,153,23,33.78814935064936,-117.93461577272723,Medium
RouteID_ce0b6a08-e116-4a89-9975-60d754da59ae,DLA5,2018-08-05,15:15:04,3313071.0,146,145,18,34.016411547945204,-116.99484195890413,Medium
RouteID_ce140e5a-1140-443d-a27e-f01bc6bcca18,DCH3,2018-08-03,14:08:55,3313071.0,186,185,20,41.71129205913978,-88.25423938709679,Medium
RouteID_ce272849-5059-4a41-993c-c7f89e680b4d,DLA4,2018-07-20,15:15:00,3313071.0,142,141,12,34.20481897183099,-118.50228835211269,Medium
RouteID_ce352b9d-41a7-4510-83e1-db83de2706fe,DLA7,2018-08-03,14:31:30,3313071.0,148,147,18,33.91761866891892,-118.01007721621625,Medium
RouteID_ce3a881a-ef37-4736-a4fc-08c53db6a250,DLA9,2018-08-26,14:18:51,4247527.0,173,172,26,33.61292215606938,-117.69000297109824,Low
RouteID_ce436434-97ec-44dd-aab8-c31e233ca5dc,DLA7,2018-08-14,15:42:06,3313071.0,188,187,26,33.953725579787225,-117.5629267180852,Medium
RouteID_ce4b5569-b005-4641-b042-8adec4841124,DSE4,2018-08-11,15:28:05,4247527.0,128,127,16,47.692181093749994,-122.30051562500007,High
RouteID_ce73938a-95ee-4f49-8527-4ef96bfc6b97,DLA8,2018-08-11,17:21:46,3313071.0,121,120,20,34.053410636363644,-118.34577917355374,High
RouteID_ce8328fe-97db-4f14-84f1-21d5efbe512c,DLA7,2018-07-21,16:00:00,3313071.0,196,195,18,34.14991825000001,-117.40381520918368,Medium
RouteID_ce866d60-f819-4577-8214-5d8e5234ae99,DBO3,2018-07-28,11:28:02,4247527.0,146,145,28,42.36794637671231,-71.18812819863015,High
RouteID_ce898f0c-985e-4e67-8a02-03c595abbb83,DCH3,2018-08-16,13:24:36,4247527.0,198,197,22,42.01795271212119,-88.07850716666663,Medium
RouteID_ce8e30ce-5dba-41e2-bd34-f21150fcf818,DSE5,2018-08-18,15:03:30,3313071.0,131,130,12,47.43584558015269,-122.18541370229015,Medium
RouteID_ce9be28a-b6b0-4e9b-b290-09a1463aee7a,DLA7,2018-07-31,15:49:30,3313071.0,155,154,21,33.89399232258063,-117.53927045806451,High
RouteID_cebea719-08ac-4b4e-941f-c70f7dc572f0,DLA8,2018-08-03,16:44:49,3313071.0,161,160,20,33.79000450931677,-118.37405298136643,Medium
RouteID_cec09ae2-ca32-4be5-88a4-d55bf0d536fb,DCH4,2018-08-06,14:21:05,3313071.0,182,181,31,42.19473626373626,-87.97352454945056,Medium
RouteID_cec10d1f-63cb-44c9-8ac0-57a729196599,DLA9,2018-08-17,16:13:12,3313071.0,99,98,23,33.688171393939385,-117.81506995959596,High
RouteID_cec5cc45-ab0d-41da-a925-ee61d4521f38,DLA3,2018-08-16,15:30:00,3313071.0,114,113,21,34.10551163157895,-118.30148301754386,High
RouteID_cec75b39-c868-4f78-b615-a7ac47476d45,DLA9,2018-08-13,14:30:35,4247527.0,125,124,24,33.597401568,-117.69107777600001,Medium
RouteID_cec76f82-52e2-4fdb-909e-1162ba1cee01,DLA8,2018-07-21,15:06:11,3313071.0,81,80,18,34.052542370370375,-118.41153675308645,Medium
RouteID_cec88fc1-f497-4088-89ba-ba42fd70da96,DLA8,2018-08-09,16:34:08,3313071.0,79,78,22,33.962380949367095,-118.42210868354425,High
RouteID_cecdc640-a6e8-4e86-a34d-95ec93498a64,DLA7,2018-08-14,15:43:47,3313071.0,145,144,19,33.87371547586207,-117.53703934482765,High
RouteID_ceceba70-79e3-417f-b6fb-42e1eb69f1b0,DLA7,2018-08-17,14:29:36,3313071.0,143,142,22,33.82291058041956,-117.80925435664334,Medium
RouteID_ced871c7-c704-4c8d-b526-bc9f2a8af105,DLA9,2018-07-24,16:05:42,3313071.0,124,123,25,33.61901575806453,-117.9101085241935,Medium
RouteID_cef6ca61-66b1-40e6-8366-85b350d7fad5,DCH2,2018-08-06,14:03:01,3313071.0,143,142,20,41.949935069930085,-87.7362133286713,Medium
RouteID_cf0ca059-aedd-4b50-8d91-570f84f7f24d,DBO2,2018-08-03,14:15:43,3313071.0,144,143,25,42.33231874999999,-71.1942286875,High
RouteID_cf19c20a-93a3-4687-970e-af43b8ba09fc,DLA3,2018-07-27,16:00:00,3313071.0,85,84,19,34.07332245882352,-118.31628195294115,High
RouteID_cf7177d6-c74d-4cbf-8bf5-00d883e057ec,DLA9,2018-07-25,15:24:33,3313071.0,132,131,21,33.71550343181816,-118.05443021212119,Medium
RouteID_cf76a2bf-9021-4fa5-8568-cb81f2a8724a,DBO3,2018-07-24,13:10:33,3313071.0,180,179,22,42.15278466666665,-71.6160420055556,Medium
RouteID_cf80d2be-d16d-4978-a14f-f2e4f824cf4b,DSE5,2018-07-27,15:00:00,3313071.0,132,131,14,47.382664628787886,-122.03326244696977,Medium
RouteID_cf8c6eec-8a08-4b9a-9250-de0113ec1733,DLA7,2018-08-13,15:41:34,3313071.0,130,129,22,34.194060553846164,-117.35379616923079,Medium
RouteID_cfa071ae-942f-4a58-979c-21bf6aa47451,DCH1,2018-08-03,14:31:19,3313071.0,122,121,19,41.955081327868854,-87.71315714754101,High
RouteID_cfa2b03a-62d4-4bd8-844c-ac0bc7a6c374,DLA7,2018-07-25,14:26:41,3313071.0,150,149,25,33.865864913333326,-117.96404197333335,High
RouteID_cfa7e717-47cc-4065-ba82-4fcc001b2731,DCH2,2018-07-31,12:36:32,3313071.0,161,160,24,41.95731706832296,-87.75663803726707,Medium
RouteID_cfba7f0a-28d4-4d64-8b3a-6f6ec5891ff1,DLA9,2018-08-11,14:24:28,3313071.0,172,171,20,33.75840854651164,-117.79325288953486,Medium
RouteID_cfc266cd-48e9-4e05-a4ae-6654495c1b88,DBO2,2018-08-17,12:32:03,4247527.0,62,61,21,42.33893040322581,-71.07936270967741,High
RouteID_cfd4c198-959a-462f-bcb9-e7b3944483bd,DBO1,2018-08-10,12:45:00,4247527.0,104,103,18,42.376456557692286,-71.06126266346155,Medium
RouteID_cfe7b3c3-7691-4f4e-8744-c69851b9070a,DCH4,2018-08-13,13:49:04,4247527.0,148,147,18,42.20983836486488,-88.34518211486494,Medium
RouteID_cff17c7b-5c71-4ef5-97d6-8a8ac542e261,DLA7,2018-08-17,15:40:54,3313071.0,143,142,20,33.89253960139861,-117.53411060139861,Medium
RouteID_cffa2c8b-9a5f-4cfc-ba57-23e7dd894766,DCH3,2018-08-05,14:13:05,3313071.0,208,207,24,41.879243971153834,-88.32442161538464,High
RouteID_cffb1b8d-54fa-44f4-80d1-9a7d01b897dd,DLA7,2018-08-14,16:00:00,3313071.0,147,146,23,34.03749606802722,-117.77334728571428,Medium
RouteID_cffdffd7-4509-4d17-917d-3209b5fee798,DLA7,2018-07-26,16:04:58,3313071.0,186,185,26,34.1275394731183,-117.66292268279565,Medium
RouteID_d013ae5e-569f-4a70-9b32-5edd2aded496,DCH4,2018-08-15,15:29:00,4247527.0,183,182,28,42.368258153005456,-87.99364296174863,Medium
RouteID_d015d13a-c46f-4457-a870-e70d348fa3f0,DLA7,2018-08-10,14:24:44,3313071.0,145,144,18,33.9087887586207,-117.92396543448277,Medium
RouteID_d01e1e9f-bb7d-4d95-87f4-c63cfd2f3a0a,DLA9,2018-08-14,14:26:00,3313071.0,150,149,19,33.74664026666665,-117.80617191333332,Medium
RouteID_d0483a7f-5e6b-47b0-800f-81767378c34b,DAU1,2018-08-07,14:24:10,4247527.0,194,193,42,30.36908794329895,-97.89597196391759,Medium
RouteID_d04aacb5-b7ea-4ece-a83c-1e32c6969c10,DLA3,2018-07-20,16:00:00,3313071.0,149,148,13,33.93998445637583,-118.1516328657718,Medium
RouteID_d04d1db8-25aa-4ede-bfa9-f9fa0684190b,DLA9,2018-08-13,15:09:12,3313071.0,137,136,20,33.78104986861313,-117.92340472992701,Medium
RouteID_d04e3e8a-a83e-49aa-9325-ab3a0c52fbc5,DCH4,2018-07-23,15:01:48,4247527.0,199,198,26,42.05116882914573,-87.95190399497484,Medium
RouteID_d0564893-9b55-4400-8d2a-ad3dea883cbb,DLA8,2018-07-21,16:16:01,3313071.0,129,128,22,34.02165814728682,-118.44338528682171,High
RouteID_d05a825c-351e-41b2-8170-2b216acefe04,DBO3,2018-08-15,12:10:30,3313071.0,168,167,28,42.393918767857144,-71.5261317202381,Medium
RouteID_d06d0524-7d44-4c08-a8f8-425ebb689dc2,DSE4,2018-07-27,15:37:12,3313071.0,161,160,23,47.88987434782611,-122.16423890683232,High
RouteID_d071035d-60ba-4d3b-9e54-b62a08682aba,DBO3,2018-08-05,12:15:00,4247527.0,143,142,16,42.04606509790211,-71.02011688111887,Medium
RouteID_d07168fc-d449-4d2b-82e6-2e306d7eb240,DLA3,2018-08-06,16:19:41,3313071.0,104,103,17,34.11762215384615,-118.37414128846146,Medium
RouteID_d09cc969-5c54-4057-9c71-fa2267b90ea7,DLA7,2018-08-07,16:00:00,3313071.0,133,132,16,34.097984796992485,-117.83232772180455,Medium
RouteID_d0ac5274-5a70-41fb-a8ed-a87174714507,DLA9,2018-08-20,13:43:06,3313071.0,118,117,27,33.5392477881356,-117.6396055423728,High
RouteID_d0c3d02c-0b9e-4615-b831-424ff077b218,DLA9,2018-08-18,15:54:13,3313071.0,188,187,31,33.70103146276596,-117.96548944680855,High
RouteID_d0d68708-162e-4b2d-a94b-34afbbba601c,DCH4,2018-08-10,13:27:34,4247527.0,168,167,24,42.13689085714285,-87.84774842857139,Medium
RouteID_d0da14b8-a995-4b91-9428-40a98ecbe141,DLA8,2018-08-16,16:19:19,3313071.0,146,145,18,33.87494976027398,-118.1200337808219,Medium
RouteID_d0e3b72f-03f4-4574-a36c-ef0fdfb4ef8c,DCH2,2018-07-27,12:35:35,3313071.0,139,138,19,41.95780341007193,-87.79725807913668,High
RouteID_d0e95908-0df5-48f8-8e8f-af44a04e6ad3,DLA9,2018-08-23,15:58:54,3313071.0,144,143,23,33.724619527777776,-117.99394584722216,High
RouteID_d0f2534e-630d-4d87-bce3-12a9ecae2e01,DSE5,2018-08-11,15:02:36,3313071.0,130,129,17,47.545732346153855,-122.0009859769231,Low
RouteID_d0fb6f86-42ac-43a8-8142-4fb779e096e6,DLA5,2018-08-13,14:07:21,3313071.0,163,162,20,33.78360685276075,-117.01332231901833,Medium
RouteID_d10299e0-eb32-4185-8f4f-462db930f6d1,DSE5,2018-08-20,15:15:05,4247527.0,156,155,13,47.20290519871794,-122.4307404166666,High
RouteID_d103b06a-9132-4f16-b97c-95628fbd0d5b,DLA3,2018-07-29,16:02:50,3313071.0,141,140,31,34.07862634751772,-118.26535307092203,High
RouteID_d104342c-b0f8-41a1-aa4e-d0e1a06bdf84,DCH1,2018-07-22,13:55:41,3313071.0,169,168,13,41.78707291715975,-87.70062866863903,High
RouteID_d1198ec2-c27b-4dc3-abfb-9375e75a6524,DLA8,2018-08-11,16:15:00,3313071.0,73,72,22,33.98757619178082,-118.46657575342469,High
RouteID_d11f07c1-c7d2-4ed0-a252-421622407a48,DLA7,2018-08-03,15:22:08,3313071.0,143,142,22,33.906810475524466,-117.83687112587414,Medium
RouteID_d1256623-9724-4ab8-82d8-177e11cc342b,DLA9,2018-08-18,13:48:12,4247527.0,159,158,25,33.59175587421383,-117.6575957044025,Medium
RouteID_d12f1cc8-0fa3-45e1-9109-ff97e7718ad9,DLA8,2018-07-28,17:03:04,3313071.0,150,149,18,33.95544818666667,-118.36054528000008,High
RouteID_d1390cd0-5f7c-4127-9ba9-448d9d1a4ead,DCH2,2018-08-08,14:21:41,3313071.0,165,164,21,41.9869523878788,-87.7131249696969,High
RouteID_d1565e9f-c2a9-451e-8d0d-f2407dbdfaa8,DLA9,2018-08-24,15:08:15,3313071.0,137,136,18,33.76601756934308,-118.01948029197085,High
RouteID_d15b4c3f-319f-40da-a9e5-2e0fdc4b7fca,DLA8,2018-08-01,16:16:16,3313071.0,122,121,23,34.01536944262295,-118.43137347540986,Medium
RouteID_d1654375-aa99-49ee-b7d5-7addc3d7bef1,DBO3,2018-08-16,12:15:00,3313071.0,109,108,24,42.45310519266054,-71.36981786238533,Medium
RouteID_d1699916-72c6-4fad-afb9-31fc66d9fe36,DLA4,2018-07-27,16:01:20,3313071.0,189,188,13,34.193805994708974,-118.56673898941796,Medium
RouteID_d16b8f03-f9b1-4e03-ae08-d4d70246a8ab,DCH4,2018-08-06,14:20:45,3313071.0,174,173,20,42.133078442528756,-87.97809164367814,High
RouteID_d17455d2-48ca-4665-8886-2bbbbade4e23,DAU1,2018-08-03,15:30:00,4247527.0,90,89,19,30.250087500000003,-97.88446346666666,High
RouteID_d18303d8-ef00-4a5f-bbb3-9e9e3c29c591,DSE4,2018-08-24,15:15:34,3313071.0,154,153,26,47.78144768181818,-122.23218960389617,Medium
RouteID_d18407fd-f14d-44d0-ad83-be53fe07a4f0,DLA9,2018-08-11,16:05:18,3313071.0,125,124,25,33.638987408000006,-117.91542355200001,High
RouteID_d18eb1a6-617b-401b-ad57-ae5a190c364d,DSE4,2018-08-15,15:30:30,3313071.0,136,135,22,47.86259027941172,-122.29203208823529,Medium
RouteID_d19e76c1-a300-421b-bc46-09b945ed2bcb,DLA9,2018-08-11,15:54:44,3313071.0,126,125,24,33.6928063968254,-117.99190486507932,Medium
RouteID_d1a1e3c7-0761-4fbe-b129-f7be87467416,DBO2,2018-07-31,13:45:00,4247527.0,123,122,10,42.31360107317074,-71.07283254471547,Medium
RouteID_d1a8c3dd-fa67-455c-a68d-af2fd6aa5d91,DBO2,2018-08-08,13:14:21,3313071.0,154,153,28,42.29624622077922,-71.15939425974025,High
RouteID_d1b3a56f-c0e2-4ff5-b36b-18a935244010,DBO2,2018-08-09,13:06:00,3313071.0,138,137,21,42.28934779710145,-71.13209842753622,Medium
RouteID_d1b3e77d-9be1-4416-b890-e57fb05d5b16,DBO3,2018-08-13,12:50:43,4247527.0,122,121,27,42.42829241803277,-71.40409933606558,Medium
RouteID_d1c64543-cfd4-4b9a-824b-a41cff11ab10,DLA7,2018-08-03,16:00:00,3313071.0,164,163,16,34.14978089024391,-117.40567896341464,Medium
RouteID_d1cd2e93-d7fc-4e69-a4e8-a59e1c07347f,DLA9,2018-08-17,16:35:14,3313071.0,141,140,26,33.637867368794325,-117.87503990780135,High
RouteID_d1cf83ef-b7df-46ad-9258-5f19daf285ea,DAU1,2018-07-31,13:39:19,4247527.0,174,173,31,30.207816775862074,-97.81286819540223,Medium
RouteID_d1d4224e-8ebc-4b6e-b3f4-16a709a636d2,DBO1,2018-07-26,13:28:12,4247527.0,191,190,26,42.41914878534031,-71.18156978534029,High
RouteID_d1d42acb-6707-4ee7-94fe-a976f995dad8,DCH1,2018-08-08,14:32:59,3313071.0,142,141,21,41.86649646478871,-87.79762733098589,High
RouteID_d1d479bb-73b5-4723-9e79-cff3c0bcbe40,DSE5,2018-08-06,14:37:02,4247527.0,174,173,12,47.20901639655171,-122.41232675862068,Medium
RouteID_d1d655ef-0e97-4b9b-a055-19b1c70b0444,DBO2,2018-08-07,13:07:29,3313071.0,184,183,28,42.238416440217414,-71.09464794565223,High
RouteID_d1dbf5e3-f2f5-46ec-af5e-a1c78a25c9fe,DLA3,2018-07-25,15:30:00,3313071.0,112,111,26,34.08659325,-118.279342,High
RouteID_d1ddca11-3edd-4765-be86-f3c774511a33,DLA7,2018-07-31,16:00:00,3313071.0,161,160,22,33.89882740372672,-117.51989306832299,Medium
RouteID_d1e6458c-bc84-46c4-bb29-bb7e2ddb96aa,DLA7,2018-08-03,15:16:18,3313071.0,135,134,21,34.138142866666655,-117.85954236296298,Medium
RouteID_d1e7245b-5871-450d-9fa4-5ef24e0476c0,DLA7,2018-08-06,14:31:02,3313071.0,160,159,28,33.94208780625001,-117.92113414999999,Medium
RouteID_d208f5b0-e60e-4a7a-af1c-6cce62856747,DLA8,2018-07-21,16:41:27,3313071.0,176,175,19,33.82579977840909,-118.11739635227264,High
RouteID_d22b3e06-2717-4e4c-abf2-885b7d3b529a,DLA4,2018-08-14,13:45:00,3313071.0,111,110,14,34.15100641441441,-118.38780860360356,High
RouteID_d22c80b2-f4de-4ace-a42e-66d6e4156a27,DLA5,2018-08-13,14:52:57,3313071.0,140,139,21,34.14182617857144,-117.22442027142856,Medium
RouteID_d22d4958-f9e7-449e-a15f-6e18b72f8879,DCH1,2018-07-25,14:45:00,3313071.0,145,144,15,41.74554386896552,-87.58180286206901,Medium
RouteID_d2303422-aa18-44da-b671-35785760e751,DBO1,2018-07-30,13:52:27,4247527.0,134,133,16,42.494580089552244,-71.16378302238802,Medium
RouteID_d2358eca-def8-4571-8c78-8e8580878130,DCH1,2018-08-01,15:00:00,3313071.0,181,180,15,41.863531723756914,-87.86883952486187,Medium
RouteID_d245d6ab-351b-46d1-9bd1-54ee803c05ea,DLA9,2018-08-14,14:25:30,4247527.0,162,161,22,33.63426375925926,-117.68733190740737,High
RouteID_d24614be-e5e0-49b9-9248-c1560c346013,DLA9,2018-07-21,14:43:27,4247527.0,129,128,20,33.67069372868218,-117.755262255814,High
RouteID_d248666b-e521-4a81-b13f-31783190c4a7,DBO3,2018-08-07,11:26:14,4247527.0,163,162,26,41.969919748466246,-71.31172413496937,Medium
RouteID_d24e0551-e519-4c56-9bed-79d2ff3b009c,DCH3,2018-07-20,14:24:23,3313071.0,203,202,17,41.76340059605911,-88.2917850394089,High
RouteID_d25ac046-61ad-46a7-890c-3764464b74bf,DLA7,2018-08-12,15:01:49,3313071.0,132,131,22,34.072779409090934,-117.70641148484854,Medium
RouteID_d26125b3-c827-41de-bc42-d0e430ff8b27,DCH1,2018-08-04,15:00:00,3313071.0,55,54,26,41.946128636363625,-87.66873247272724,High
RouteID_d2785d55-dbcf-4489-9c81-a41afd905a80,DLA7,2018-07-26,15:06:56,3313071.0,156,155,26,34.139075878205134,-117.84701400000002,Medium
RouteID_d27eb16e-a387-4e1a-ad39-a4de398216fc,DLA8,2018-08-05,16:44:29,3313071.0,188,187,24,33.85703417553192,-118.06188147340426,High
RouteID_d286b951-2350-41a4-ac26-effe3bdc551a,DCH1,2018-08-10,14:26:51,3313071.0,151,150,22,41.865860907284734,-87.80153892715231,Medium
RouteID_d2964078-7295-4959-b4c9-d2003fa9b2bb,DCH2,2018-07-28,12:29:25,3313071.0,108,107,13,42.011209314814806,-87.97884768518514,Medium
RouteID_d2a97d70-b13f-44ab-bad5-73f13f683822,DAU1,2018-08-06,15:29:18,4247527.0,184,183,36,30.494193282608702,-97.73599838043474,High
RouteID_d2adf008-7db7-4b21-a949-3e6db7608e5d,DLA7,2018-08-02,15:14:36,3313071.0,135,134,19,34.07212666666666,-117.72957139999997,Medium
RouteID_d2c06359-497b-46b5-a5e7-1a69d779f0a9,DBO3,2018-07-27,13:05:08,4247527.0,169,168,33,42.404656171597644,-71.42185787573962,Medium
RouteID_d2cd5525-4b6a-445e-acef-574fd2a8ca77,DBO3,2018-08-13,11:39:23,4247527.0,138,137,21,41.84892253623188,-71.3937469275362,High
RouteID_d2de48e4-53c1-4509-91bc-3f43aa442852,DCH1,2018-07-24,13:12:56,3313071.0,146,145,16,41.734570431506846,-87.57643663013695,Medium
RouteID_d31a808e-1cab-4330-9461-6b38866dbb9f,DLA7,2018-07-25,16:23:12,3313071.0,153,152,22,34.08489811764704,-117.75733574509802,Medium
RouteID_d3228103-436c-4b44-a59c-97d61a5403f0,DCH1,2018-08-11,14:49:20,3313071.0,90,89,23,41.892830388888896,-87.80041494444443,High
RouteID_d33f7995-a1f5-48e0-9ad6-1978c1bbf4b0,DCH4,2018-07-26,14:27:49,3313071.0,119,118,11,42.073736495798336,-88.1427137478991,Medium
RouteID_d3525c93-e2af-41f2-a5f9-a9096653d0ee,DCH3,2018-07-24,13:32:21,4247527.0,188,187,21,41.992677308510615,-88.06556084042558,Medium
RouteID_d36a953d-aec1-42f4-b574-9832493af11f,DLA8,2018-07-26,16:14:01,3313071.0,137,136,23,34.008230386861314,-118.43198475912409,High
RouteID_d37018f0-a1ce-4039-adaa-e25236115c9c,DCH1,2018-07-31,14:46:12,3313071.0,106,105,17,41.909049264150944,-87.71556623584911,High
RouteID_d376150e-4f9d-4108-ad87-d63183679d36,DLA3,2018-07-29,16:10:25,3313071.0,102,101,32,34.106495431372544,-118.28371735294114,High
RouteID_d376e6ff-ba6f-4f3a-987e-90935c16226b,DAU1,2018-08-02,15:16:39,4247527.0,161,160,34,30.361133478260875,-97.8442655279503,Medium
RouteID_d3797f9e-853c-4938-9b15-af42a3f9f027,DLA8,2018-07-21,17:06:00,3313071.0,190,189,17,34.00202663684212,-118.34814416842103,Medium
RouteID_d3811bad-fee5-47fc-a6f1-390e67a57864,DLA9,2018-07-29,15:49:45,3313071.0,121,120,29,33.648551743801654,-117.92107787603302,Medium
RouteID_d390c85c-4088-4ce5-9a9f-8221b75bcbfb,DBO3,2018-08-03,12:09:43,4247527.0,187,186,24,42.16577482352941,-71.24653962566843,Medium
RouteID_d3b848d1-42e3-4ea6-93e8-25215afc58bd,DSE2,2018-07-29,15:11:01,4247527.0,130,129,19,47.571587923076926,-122.40315635384614,High
RouteID_d3b9c5a8-e496-41c2-94ef-f79bc3593500,DLA9,2018-08-07,15:39:56,3313071.0,196,195,19,33.73368480102042,-117.88565809693871,High
RouteID_d3c26f8b-9364-430f-9776-46b5b8014ee8,DBO3,2018-07-28,12:19:00,3313071.0,184,183,22,42.33869904891305,-71.64100988043484,Medium
RouteID_d3c4cb0a-2416-4011-b3aa-670b0cea5ce2,DLA3,2018-08-04,15:33:05,3313071.0,77,76,12,34.05911894805194,-118.26000115584418,Medium
RouteID_d3ccfe39-48dc-44c0-b943-2b15395e4ca9,DLA7,2018-08-01,15:59:29,3313071.0,190,189,27,33.96126112631579,-117.59725914736842,High
RouteID_d3dfbf2e-1a97-416c-b2de-f8165e24e30a,DLA5,2018-07-24,16:19:48,3313071.0,179,178,26,33.91615230167597,-117.4877095921788,Medium
RouteID_d3e3e3ba-38c4-4ea0-99ca-ba38ae87133c,DCH4,2018-07-31,14:16:55,4247527.0,148,147,15,42.37281720945948,-88.10182742567568,Medium
RouteID_d3e4f295-1c96-4127-ae3d-0d8ae221c647,DLA9,2018-07-30,13:43:37,3313071.0,115,114,24,33.54015979130433,-117.63091286086956,Medium
RouteID_d3e6f720-e316-41d2-a145-bb2323ecd2fd,DLA8,2018-07-24,16:15:25,3313071.0,137,136,25,34.04735719708028,-118.53580043795618,High
RouteID_d3f0d320-7684-4e94-a1af-266e5ff1eca0,DCH3,2018-07-25,15:30:00,3313071.0,188,187,17,41.63943698936174,-88.11382062765956,High
RouteID_d3f87589-084c-4b28-aa52-d355a5bb3132,DAU1,2018-08-15,13:31:42,4247527.0,171,170,25,30.348577695906428,-97.62438762573095,High
RouteID_d400f78e-e6ad-4f8f-b88a-af6a94fc8b4e,DSE4,2018-08-17,14:56:33,3313071.0,150,149,25,47.739574106666666,-122.16988243333331,High
RouteID_d405eb42-2950-49b1-b09b-0f15df295a36,DLA5,2018-07-25,15:00:45,3313071.0,140,139,20,34.04836612142856,-117.27735621428575,High
RouteID_d4137cf3-431c-424f-b58f-6d1766a771af,DSE4,2018-08-13,15:00:26,3313071.0,189,188,27,47.86374664550266,-122.1853403280423,High
RouteID_d414af0a-e6df-465f-a9c9-2f63b1cb3aee,DLA9,2018-07-23,14:37:22,4247527.0,131,130,21,33.66624680916031,-117.63527696183203,High
RouteID_d4164476-2287-49cf-8cc9-25551067ece4,DSE4,2018-08-15,14:55:04,3313071.0,168,167,26,47.77533869047621,-122.22894516071426,Medium
RouteID_d41b2f6c-9a35-4b62-b2ea-2c24c27ed875,DLA7,2018-07-29,15:50:23,3313071.0,170,169,25,33.9027212,-117.58238789411763,High
RouteID_d4301882-99f6-420e-8513-e9a5e41c7b10,DSE5,2018-07-21,15:24:16,3313071.0,98,97,13,47.54169671428571,-122.01194922448978,High
RouteID_d433608c-0e96-4507-89fb-e09a6d5a6449,DSE5,2018-08-15,14:35:55,3313071.0,140,139,13,47.36583208571431,-122.04747018571429,Medium
RouteID_d434cc88-3e71-4963-87a6-799c828abe9d,DBO3,2018-08-03,11:30:17,4247527.0,182,181,30,41.73945944505495,-71.32091356043958,Medium
RouteID_d43a62bc-af7c-48e1-91f4-7ef8b80d67fb,DBO3,2018-08-09,11:10:12,4247527.0,145,144,27,42.34763191034483,-71.23190033793104,High
RouteID_d43ed4cc-83ac-4c1d-9e33-a7036bd46c67,DLA5,2018-08-12,15:50:33,3313071.0,156,155,20,33.90732575,-117.48581913461544,Medium
RouteID_d44359ad-9e8d-46d1-bf15-d1c2f0542826,DBO3,2018-08-14,12:07:02,4247527.0,167,166,29,42.19010265269461,-71.29341126347306,Medium
RouteID_d45ea28d-d308-4918-b257-51bde4cb9407,DLA9,2018-08-20,16:00:00,3313071.0,121,120,26,33.67848191735537,-117.79037731404954,High
RouteID_d4762df5-32a6-4a99-adb9-67a6ca29deec,DLA7,2018-07-29,14:33:03,3313071.0,160,159,29,33.90613378125002,-117.90464709375003,Medium
RouteID_d481c820-59fc-4293-b92c-b8dba69f0597,DSE5,2018-07-25,15:28:52,3313071.0,144,143,11,47.322982055555556,-122.37163741666654,Medium
RouteID_d485d86b-cd12-447e-a975-dff3f9bc1e5b,DSE4,2018-08-22,15:15:33,3313071.0,179,178,23,47.87813519553072,-122.16334767039096,High
RouteID_d498ae50-f6fb-4d07-b6b0-c25490392b60,DCH4,2018-08-15,14:07:51,4247527.0,189,188,22,42.05018385185187,-87.95230592063491,Medium
RouteID_d49918a8-d755-4265-8771-c75e2813ffcc,DLA4,2018-07-22,13:45:00,3313071.0,93,92,17,34.136056301075264,-118.37678401075266,Medium
RouteID_d4a0a31c-f576-49fc-9194-e62531804169,DLA4,2018-08-01,14:03:48,3313071.0,123,122,16,34.1441100406504,-118.42591034959347,Medium
RouteID_d4b1399c-85ac-473d-b8de-2d6a36c742ca,DLA3,2018-07-26,16:03:58,3313071.0,120,119,20,34.086739574999996,-118.2579734666666,Medium
RouteID_d4b43de4-0f1e-4c0b-83bd-2350408380ec,DBO3,2018-08-06,12:15:00,3313071.0,112,111,20,42.45443247321428,-71.33715940178574,High
RouteID_d4b83d83-8c91-465b-be94-0524e15b5cb2,DCH3,2018-08-08,14:03:39,3313071.0,187,186,18,41.69976728342247,-88.20697755080216,Medium
RouteID_d4bf93e9-b902-4356-8f3c-e9ca7ed95d4f,DSE5,2018-08-12,15:01:45,4247527.0,106,105,8,47.25174632075471,-122.53177214150944,High
RouteID_d4dca435-2258-454b-8fdb-7da7e63c9fd7,DBO2,2018-07-30,11:32:57,4247527.0,184,183,28,42.15673812499999,-71.00717992391307,Medium
RouteID_d4e12cdc-063d-42b3-8b2f-76a6e362fd2c,DLA3,2018-07-26,15:57:41,3313071.0,156,155,26,34.101169724358975,-118.27688035256415,High
RouteID_d4e35d1a-d5cd-4d72-b4a0-d33c3c39a508,DLA8,2018-08-15,17:42:43,3313071.0,121,120,23,33.92627649586777,-118.41847285123966,High
RouteID_d4f29f26-b6a8-4d59-8bd7-3381a44fb7e7,DCH1,2018-08-15,13:28:42,3313071.0,164,163,16,41.878756225609735,-87.88977629268295,High
RouteID_d4f5b888-0b6f-4d9b-a2be-847fdaa37560,DLA4,2018-08-16,14:59:01,3313071.0,102,101,10,34.08383982352941,-118.40576613725486,Medium
RouteID_d4fd645b-f105-4be5-b237-f91e10cc3911,DLA8,2018-08-14,15:13:16,3313071.0,137,136,25,34.008185481751816,-118.4002803284672,Medium
RouteID_d50828c7-0b83-4a83-98a0-c6d7181e6336,DBO3,2018-07-24,12:15:00,4247527.0,220,219,18,41.91216832272728,-71.3801708454545,Medium
RouteID_d513a102-cc82-4d32-8939-b9cb0c3a31c7,DSE4,2018-08-03,15:23:34,4247527.0,85,84,13,47.670836505882356,-122.29966678823529,High
RouteID_d535e450-b8fc-494d-8c0a-a58cd2fc511e,DCH4,2018-08-14,13:43:20,4247527.0,134,133,15,42.22639700746269,-88.36706960447758,High
RouteID_d54aad09-2e64-4ae7-a378-cb447cb2e068,DLA9,2018-08-04,14:39:54,3313071.0,175,174,23,33.64142297142855,-117.65752265714283,Medium
RouteID_d54efb27-1db9-4a1a-a9c0-b879fffb523b,DLA8,2018-08-16,15:04:46,3313071.0,126,125,23,33.791230587301584,-118.15592474603169,High
RouteID_d551669e-f8cd-4bfa-87cd-396213c77854,DLA3,2018-08-03,15:30:00,3313071.0,122,121,25,34.11937643442624,-118.36561731967218,Medium
RouteID_d55575e3-66ad-45e7-a45d-0345aa77e18b,DLA9,2018-07-21,14:31:23,3313071.0,171,170,20,33.767664842105276,-117.82681013450292,High
RouteID_d57564e1-41e0-485d-9d3e-aaec84f49807,DBO2,2018-08-09,13:28:48,3313071.0,157,156,25,42.20570922929936,-71.20097715923569,High
RouteID_d581217b-4e2d-4c71-a5b1-a636dd7d2671,DCH4,2018-08-16,14:16:16,4247527.0,144,143,21,42.05705509027776,-88.10284095833327,High
RouteID_d5813d54-bbe9-48ce-a1d9-c7fa9ec77990,DLA7,2018-07-31,15:51:15,3313071.0,159,158,23,33.94072552830188,-117.674108,High
RouteID_d582ecf0-7758-4067-818e-d0216f024b39,DLA7,2018-08-14,14:23:10,3313071.0,134,133,20,33.818682589552225,-117.84364729104477,Medium
RouteID_d58d6fad-722f-4918-8dfe-856edbe87e1c,DAU1,2018-07-29,14:47:30,4247527.0,145,144,36,30.303436213793123,-97.71560390344824,High
RouteID_d590d67c-a64b-4eff-88c6-9c7d51cf0c4d,DCH3,2018-08-10,14:05:46,3313071.0,192,191,20,41.861227125000006,-88.31070970833333,Medium
RouteID_d59b0d07-c175-4128-9e67-487667c2c194,DCH3,2018-08-16,12:59:32,4247527.0,194,193,20,41.96229116494846,-88.1975010618557,Medium
RouteID_d5a8a0d8-dfa6-43d6-bcc8-609498516b63,DLA9,2018-08-22,15:09:33,3313071.0,138,137,19,33.78300013768115,-117.99105206521743,High
RouteID_d5a97d5a-a3cd-43b4-b355-17a41a7f315f,DLA4,2018-08-11,14:25:58,3313071.0,92,91,15,34.148613478260856,-118.37200000000004,High
RouteID_d5b8cd4a-fdfe-4904-ae35-a489990cae69,DBO2,2018-08-13,12:41:07,4247527.0,117,116,28,42.33222811111112,-71.03941755555556,High
RouteID_d5b903a4-8c0f-4901-913e-53ecaebf52f5,DLA9,2018-08-22,16:26:11,3313071.0,136,135,21,33.611370669117626,-117.85495755882353,High
RouteID_d5b97d80-d3bc-441c-b848-c551bfec0368,DLA9,2018-08-06,16:01:26,3313071.0,116,115,25,33.66131108620689,-117.90683212068964,Medium
RouteID_d5c9fc76-7d4f-45b8-8ad5-8790565ac07e,DLA9,2018-07-24,16:21:40,3313071.0,108,107,23,33.64868645370371,-117.77523702777782,High
RouteID_d5cb6c4f-9822-4aba-9fff-f10efebfcc5f,DBO1,2018-08-10,13:44:48,4247527.0,107,106,18,42.38216010280376,-71.10250899065421,High
RouteID_d5cb817f-2298-4748-89fd-23a17d2a76ea,DLA7,2018-07-24,15:07:40,3313071.0,170,169,24,33.92614581176471,-117.8504300352942,High
RouteID_d5d65cf3-4a4d-40df-8976-2c8933c220dc,DBO3,2018-08-17,12:01:04,4247527.0,152,151,19,42.12226538815789,-71.12231421052633,Medium
RouteID_d5e20010-6d78-472f-9e19-f347223852ae,DSE5,2018-08-14,15:28:53,4247527.0,117,116,10,47.30884740170941,-122.4152445897436,Medium
RouteID_d5e64234-683c-426b-9ddb-faa11427e523,DSE5,2018-08-23,13:56:29,3313071.0,189,188,15,47.49322581481479,-122.33031252380947,Medium
RouteID_d5f328d5-8017-4fdd-aa63-783642765cc3,DLA8,2018-08-01,15:57:13,3313071.0,79,78,23,33.98484092405062,-118.46390124050632,Medium
RouteID_d5f32ade-687a-4130-9d37-001cd31975b4,DLA8,2018-08-12,17:13:09,3313071.0,162,161,17,33.97048314197531,-118.33069190123457,High
RouteID_d5ff239e-bc57-431d-882c-e66323902c63,DLA9,2018-08-25,15:51:51,3313071.0,184,183,21,33.736145972826094,-117.89515095108698,High
RouteID_d6192137-6ba2-4baf-bb6f-e53a18acea66,DLA7,2018-07-23,14:12:44,3313071.0,152,151,21,33.83034757236841,-117.89852117105265,High
RouteID_d61ca0a7-23f8-4e6c-8b42-cad4ada5bd0c,DCH4,2018-08-10,13:27:00,4247527.0,173,172,22,42.07866778034682,-87.78067651445083,Medium
RouteID_d61d0b30-09f8-4bf9-9555-fc225d579176,DBO3,2018-08-09,12:12:23,3313071.0,165,164,29,42.38108299393939,-71.44594220606064,Medium
RouteID_d6369ca9-e5a4-48d3-ac2c-f8293da01f84,DLA9,2018-08-17,13:51:25,4247527.0,98,97,21,33.53811064285714,-117.64334277551018,High
RouteID_d63823cc-4c77-4abe-a68e-7da5556eb1ee,DSE4,2018-07-31,15:42:56,4247527.0,110,109,13,47.676395627272726,-122.29354546363638,High
RouteID_d64d7182-928c-429b-8523-ccb7f67e6c2a,DLA7,2018-07-27,15:03:23,3313071.0,171,170,22,33.87425897660819,-117.63352880701748,Low
RouteID_d65fd4f5-0ac1-4d83-b81f-eace712bb6d0,DLA9,2018-08-25,16:00:00,3313071.0,173,172,24,33.84310427167632,-117.99577806358371,High
RouteID_d6618ff1-be70-41cf-b3a8-4d5aa72e396b,DLA7,2018-08-07,14:30:16,3313071.0,149,148,26,33.7948280067114,-117.77029302684568,Medium
RouteID_d6708857-b718-489a-bce7-8ed2683b50f6,DLA7,2018-07-21,15:27:42,3313071.0,143,142,25,34.106258580419556,-117.81909662237766,Medium
RouteID_d6718a27-cdee-4c93-9630-e5cadd22d50a,DSE5,2018-08-10,15:38:33,3313071.0,172,171,17,47.44841907558138,-122.14745005813957,High
RouteID_d674933c-cfcb-4236-9f2d-45785f636ea9,DCH3,2018-08-13,14:12:31,3313071.0,173,172,21,41.816554219653206,-88.26195043930632,Medium
RouteID_d678ffa8-633c-4e13-a915-f19149b8ef1b,DLA8,2018-08-01,15:26:21,3313071.0,159,158,24,34.03958228930817,-118.41540992452825,High
RouteID_d69be4d8-306e-4f4a-a0b3-6e6f980467af,DCH4,2018-07-31,15:26:59,4247527.0,159,158,22,42.05842927672957,-88.10987933962264,Medium
RouteID_d69d964b-4932-4265-a29b-347ab098cfc3,DLA7,2018-07-20,16:00:00,3313071.0,181,180,21,34.1401881325967,-117.65052850828728,High
RouteID_d6b02255-bf1a-4b66-8faf-d98c8fe46efa,DLA7,2018-08-12,14:58:46,3313071.0,166,165,28,33.86940974096385,-117.79335649397585,High
RouteID_d6bc0daa-3c35-47d2-b87e-f72231d63921,DLA8,2018-07-31,16:36:47,3313071.0,110,109,17,33.76406955454545,-118.31212933636367,High
RouteID_d6da6836-a28f-40e2-8d9d-aff70bf87ac3,DBO3,2018-07-28,13:15:42,4247527.0,123,122,20,42.48551472357725,-71.39881165040654,Medium
RouteID_d6e030a2-318e-41a7-ad04-468efa9b4699,DCH4,2018-08-01,13:48:55,4247527.0,164,163,22,42.08446286585366,-87.78664048780485,Medium
RouteID_d6e947cd-eb60-423e-bb08-2602c2f5f79e,DLA9,2018-08-11,14:24:16,4247527.0,188,187,25,33.62433968617022,-117.65972898936177,High
RouteID_d6f1f50a-9965-466d-98fb-10c82b84639f,DBO3,2018-08-09,12:05:33,3313071.0,147,146,23,42.493194462585016,-71.4780527346939,Medium
RouteID_d6f21fd7-12a4-4c50-8648-ab14659b7dbe,DBO2,2018-07-23,13:37:42,3313071.0,159,158,29,42.25159408805034,-71.08027646540877,Medium
RouteID_d6f2913b-61a1-4705-8180-71c6bc452105,DCH4,2018-08-08,15:31:23,4247527.0,156,155,22,42.0611296602564,-87.83471032692306,Medium
RouteID_d6fa45f7-403b-4e18-8734-c774b722985c,DAU1,2018-08-08,14:15:21,4247527.0,136,135,24,30.202467514705898,-97.74095461029412,Medium
RouteID_d6ff5f52-939d-4ca1-85ee-d28a19a8c225,DLA7,2018-08-17,14:28:08,3313071.0,144,143,24,33.79066142361111,-117.77474533333333,High
RouteID_d7042a6c-f3fa-47ad-8fe3-f1de7e2828dd,DLA4,2018-08-15,14:13:23,3313071.0,138,137,19,34.14546636231882,-118.43324870289858,Medium
RouteID_d7099f5b-5b0d-4339-bb98-8d260e8e2293,DCH4,2018-07-28,13:59:28,4247527.0,167,166,24,42.09701198203593,-87.94309656287429,Medium
RouteID_d70b1269-825c-416f-9976-d5ec8a534f1f,DLA9,2018-08-13,14:30:20,4247527.0,140,139,24,33.597799500000015,-117.74403994999999,High
RouteID_d71536fc-a945-4a52-8c7d-b726e48ad84f,DLA3,2018-08-05,15:59:43,3313071.0,125,124,26,34.10462463199999,-118.275382104,High
RouteID_d71d65ed-6a2b-4849-b5d1-f085a0eebe03,DBO3,2018-08-01,12:15:00,4247527.0,152,151,26,42.459443993421026,-71.43088543421047,Medium
RouteID_d727d1a7-4e30-4dd6-9b9c-118bd9149966,DLA3,2018-08-07,15:48:03,3313071.0,109,108,14,34.12133271559631,-118.3255711651376,High
RouteID_d728984a-1954-4d3d-b9ef-e241e36d3a15,DCH3,2018-08-02,15:15:30,4247527.0,198,197,22,41.7258296212121,-88.11502595454546,Low
RouteID_d73e07a2-4a0a-4457-aea5-96114e36e318,DSE4,2018-07-27,15:46:45,4247527.0,97,96,16,47.666997639175264,-122.32464786597937,High
RouteID_d7572dab-4386-4a2a-83bc-25dab12f13f5,DBO3,2018-08-06,12:54:29,4247527.0,181,180,28,42.25766397790055,-71.47504479558015,Medium
RouteID_d76bcbb7-a3a9-4653-812c-6ab99b70a0a5,DLA7,2018-07-24,14:59:18,3313071.0,157,156,22,33.87714958598725,-117.64120856687897,Medium
RouteID_d77822a2-ac0f-4c1e-971a-b385e965c105,DLA9,2018-07-31,16:00:48,3313071.0,180,179,20,33.718189283333345,-117.8971303,High
RouteID_d79263ec-054c-43cf-a287-ff4b87e61093,DLA7,2018-08-14,15:02:39,3313071.0,176,175,22,33.85613343181819,-117.601399125,Medium
RouteID_d79e0b93-8e9d-4aea-afc8-521bc456b000,DCH1,2018-08-07,13:33:09,3313071.0,199,198,19,41.8846593668342,-87.90624369849245,Medium
RouteID_d7a3c805-a90f-4f46-9e65-9197abde9cbe,DLA9,2018-07-31,13:47:21,3313071.0,138,137,20,33.579686891304355,-117.70653704347824,High
RouteID_d7ab5546-da80-474b-8958-1aa6df1b8bf9,DLA9,2018-07-23,16:00:00,3313071.0,190,189,23,33.732940147368446,-117.88384107368425,Medium
RouteID_d7c8f6a2-cba5-4d3c-a6c6-e91fdb60d139,DSE4,2018-08-22,15:30:00,3313071.0,169,168,22,47.8616607337278,-122.2941138106509,Medium
RouteID_d7ca2537-faa8-455f-a784-4a456d6413b3,DLA7,2018-08-07,14:30:00,3313071.0,114,113,20,33.91708771052632,-117.95046679824556,High
RouteID_d7cbf5a9-f660-46ef-a1a4-01b036d4d339,DCH1,2018-08-07,13:30:20,3313071.0,105,104,23,41.899385247619065,-87.69028291428572,High
RouteID_d7da6cff-327c-46da-8a0f-2312d3b23eac,DAU1,2018-07-27,14:13:33,4247527.0,154,153,27,30.205196051948064,-97.97818183116875,Medium
RouteID_d7e94328-68bd-4d1e-a37c-c8a352cdcb83,DLA3,2018-07-21,16:11:04,3313071.0,117,116,11,34.0548855042735,-118.19417920512817,High
RouteID_d7ef74b7-5749-47ab-a195-43b4276af89f,DBO2,2018-08-08,14:12:19,3313071.0,179,178,27,42.30162612290499,-71.18353250837984,Medium
RouteID_d7f40e15-ed6a-4969-bb7f-872b95aa6966,DCH3,2018-08-14,14:08:13,3313071.0,198,197,20,41.89989090909089,-88.32490909090912,High
RouteID_d7f6e353-8774-44ce-a4c2-4ff88b164269,DCH3,2018-07-22,12:50:20,3313071.0,154,153,19,41.78413824025972,-87.94173124025974,Medium
RouteID_d7f96640-3b4f-45fa-98ec-c6c73f613297,DSE4,2018-08-24,15:30:00,3313071.0,162,161,24,47.83978696913578,-122.1518632407407,Medium
RouteID_d809f9f0-d67d-434a-b2e2-b834ee593bd4,DBO3,2018-08-14,12:15:00,4247527.0,140,139,22,42.049629621428586,-71.11190301428572,High
RouteID_d8126110-322c-4482-942e-8b10e03b83b6,DSE2,2018-08-16,14:43:31,4247527.0,100,99,16,47.63464787000002,-122.35954055999996,High
RouteID_d81e33a9-fbad-4f58-87a2-d03190f178a0,DLA7,2018-08-12,15:40:02,3313071.0,137,136,26,34.042921744525536,-117.72118690510948,Medium
RouteID_d82b3847-8996-4ba2-a44b-fef5d25723f6,DLA8,2018-08-04,15:02:16,3313071.0,144,143,31,34.02809029861109,-118.3866285902778,High
RouteID_d83a3818-9c2f-451a-b207-fd91339db98b,DSE2,2018-08-14,14:10:02,3313071.0,104,103,16,47.59351374999999,-122.29423980769228,High
RouteID_d85ecd2b-e6a1-4abf-8f70-4c4346e946c4,DLA9,2018-07-29,13:56:53,3313071.0,160,159,30,33.57666149999999,-117.58772752499995,High
RouteID_d8600708-64d5-434a-bb6e-e381e9c5fc93,DLA9,2018-08-05,14:00:13,3313071.0,147,146,23,33.648262197278896,-117.62867906802721,Low
RouteID_d86192cc-bed0-4be9-8e09-fe3d9cffeaf3,DCH4,2018-07-24,13:38:41,4247527.0,181,180,25,42.338569817679534,-87.99413729281767,High
RouteID_d86cc53b-5e07-4f98-888f-0dfaff734d80,DSE4,2018-08-26,15:48:53,4247527.0,85,84,31,47.66505863529412,-122.3182385411765,High
RouteID_d87cabbe-3de5-46ed-9f91-801c2f409456,DLA9,2018-08-20,16:00:33,3313071.0,193,192,30,33.69917590673575,-117.96947547668402,High
RouteID_d87ce9d3-656b-4bec-a2f3-77f4996b5078,DLA8,2018-08-05,15:14:18,3313071.0,108,107,30,34.02075597222221,-118.4147103981482,High
RouteID_d88f1198-8ac1-448b-85c4-e2fc66fc5621,DCH4,2018-07-31,14:04:56,4247527.0,144,143,21,42.35601442361108,-87.91625804166665,Medium
RouteID_d8929a48-2a8b-43d0-afb9-f8d1e7537a81,DAU1,2018-08-02,13:45:10,4247527.0,168,167,28,30.212991785714273,-97.80586876190479,Medium
RouteID_d896ed72-28ef-4132-a815-d6e45a5c349f,DLA7,2018-08-12,14:08:20,3313071.0,152,151,19,33.914415032894716,-118.00400001973685,Medium
RouteID_d8a9cc1b-4bf4-47f6-8fcf-08a663b37616,DSE5,2018-08-17,14:30:00,4247527.0,132,131,9,47.181131931818186,-122.4279166060606,Medium
RouteID_d8abd1d5-55a0-4019-9efa-ec4e58952056,DLA7,2018-07-22,15:13:45,3313071.0,181,180,28,34.111728370165736,-117.79915143646403,High
RouteID_d8b1b98c-d1d4-4c74-8bd6-968a69763c05,DBO3,2018-08-12,11:42:23,4247527.0,151,150,33,42.34517781456953,-71.2671726423841,Medium
RouteID_d8b3eb21-61eb-41fb-9eda-aed9fe92472d,DLA7,2018-08-05,16:36:57,3313071.0,165,164,25,34.13838723636364,-117.6275284060606,Medium
RouteID_d8c3adf5-eb76-4b8d-b841-8698b369d1e8,DLA7,2018-08-04,14:34:11,3313071.0,134,133,26,33.81093926119403,-117.84282241791044,Medium
RouteID_d8cee0a2-06ee-4e7e-901c-e091cb74f7e6,DCH3,2018-08-08,15:30:00,3313071.0,175,174,19,41.69464499428574,-88.10240833142855,Medium
RouteID_d8e0ef4b-7f8e-4582-b1d5-a2e410fbcf21,DLA7,2018-07-26,14:50:30,3313071.0,175,174,23,33.77393957142858,-117.49377595999998,Medium
RouteID_d8f00f0d-da28-405a-92eb-33cea1e4e6d8,DSE4,2018-08-23,15:17:34,3313071.0,206,205,23,47.90626128640778,-122.18978912135918,Medium
RouteID_d8fccd31-2fe9-4586-a142-f51359fc3eae,DLA4,2018-07-21,13:58:57,3313071.0,128,127,18,34.146684062499986,-118.38163633593749,High
RouteID_d90205e6-8163-43b6-9bc2-274f0e104b16,DLA7,2018-07-27,15:41:34,3313071.0,156,155,23,34.14560166025639,-117.50679968589738,Medium
RouteID_d903cb08-b145-4ee2-bb09-3d5e102c0f21,DSE5,2018-07-29,14:31:33,4247527.0,122,121,7,47.20957902459015,-122.53908561475411,Medium
RouteID_d90f2a0c-eb34-42fc-8b39-6c3f246a3ebc,DLA7,2018-08-06,14:15:01,3313071.0,134,133,19,33.8578513880597,-117.9619798358209,High
RouteID_d9187d64-1774-49f8-9427-770fe9980f96,DCH4,2018-08-13,13:40:29,4247527.0,154,153,20,42.16352257142855,-88.26939168181818,High
RouteID_d933d55b-1988-421b-861e-073d1b0c5974,DCH1,2018-08-15,13:43:23,3313071.0,89,88,27,41.89365998876406,-87.6794734157304,High
RouteID_d94269fa-c101-4d7d-bc83-2387ec8e0395,DLA3,2018-07-27,16:00:57,3313071.0,95,94,19,34.12826048421054,-118.3496977263158,Medium
RouteID_d94b8b00-76fd-438f-8410-62ed673a2baf,DBO3,2018-08-10,12:11:32,4247527.0,177,176,21,42.10493188700562,-71.17951040112996,Medium
RouteID_d9520aaa-436e-4026-8aea-a4048824ddb7,DBO1,2018-08-17,12:11:25,4247527.0,41,40,15,42.36072948780487,-71.06603563414635,High
RouteID_d95d29eb-f576-4dbe-a98f-d23f251dff61,DLA8,2018-08-16,15:14:38,3313071.0,129,128,27,34.03548751937983,-118.40447495348837,High
RouteID_d95fc3b5-9fbd-4a65-afb8-aaa5fbf426cb,DLA9,2018-08-19,13:41:30,3114853.25,125,124,21,33.49322134400001,-117.73254438400005,High
RouteID_d96b885a-bab3-43fc-a0f9-dd6f7547bd7b,DLA5,2018-08-14,15:48:58,3313071.0,162,161,16,33.943445179012336,-117.21192474074068,Medium
RouteID_d98874fe-e47d-4121-ac7f-588ca9eb9b6a,DCH3,2018-07-27,15:30:00,3313071.0,195,194,16,41.61875495384616,-88.14998617948714,Medium
RouteID_d98ceac1-91b5-458f-b82c-f336da91d6c4,DCH2,2018-08-05,14:07:57,3313071.0,90,89,18,41.97136202222222,-87.69755909999999,High
RouteID_d98eee2b-a976-41ce-b119-7063bf5e3fef,DCH3,2018-07-31,15:30:00,3313071.0,167,166,14,41.56068769461077,-88.22764274850299,Medium
RouteID_d9964659-eae1-4cd8-a518-8d3151651290,DAU1,2018-07-31,15:30:00,4247527.0,108,107,19,30.245683638888885,-97.77203312962963,High
RouteID_d9bc3a3b-ae58-47e5-891d-5d686c10bd12,DBO3,2018-08-08,12:37:48,4247527.0,162,161,25,42.2728781728395,-71.43315693209878,Medium
RouteID_d9c68012-00f1-4711-abbe-7a1ebf1c3899,DSE5,2018-08-20,15:04:01,3313071.0,150,149,13,47.36441925999999,-122.19503352000007,Medium
RouteID_d9c75e0c-afd4-433e-a50e-31755028bcef,DSE5,2018-08-13,13:52:24,3313071.0,149,148,15,47.38339017449665,-122.293773442953,High
RouteID_d9d2f83b-24b8-483c-9f2b-6ee848dd4f93,DCH3,2018-07-25,15:11:41,3313071.0,201,200,20,41.7197693482587,-88.15120054228855,Medium
RouteID_d9d90181-59b8-41ba-bafe-3d8db22bc53a,DLA7,2018-08-11,16:09:49,3313071.0,176,175,22,34.105789744318194,-117.59895403977266,Medium
RouteID_d9dd3ff1-cefb-46ce-bd9c-5552856d1191,DSE4,2018-08-20,14:54:28,3313071.0,140,139,28,47.67050443571427,-122.17486569285713,Medium
RouteID_d9e8d1a2-f9f7-412f-a7de-db5c98c6829a,DSE5,2018-08-20,13:58:43,4247527.0,154,153,14,47.290148798701296,-122.2867366493506,High
RouteID_da0dfec9-0486-488c-a5f1-b790e26ef4b4,DCH3,2018-07-26,15:28:31,4247527.0,189,188,21,41.76227246560847,-88.09916757142854,Medium
RouteID_da19be13-1be3-47a5-9946-b1185577728a,DLA5,2018-08-15,15:08:55,3313071.0,153,152,19,33.98011701960784,-117.01111992810456,Medium
RouteID_da1c0234-7292-46d8-b2f7-9f1c95a59665,DLA3,2018-08-09,15:16:38,3313071.0,146,145,13,34.008988321917805,-118.26316061643837,Medium
RouteID_da3597bd-3f24-44a4-a646-90d5034b4b25,DSE5,2018-08-17,14:31:39,3313071.0,101,100,13,47.54793447524751,-122.01468218811878,High
RouteID_da383c58-b812-42c8-b880-c3d89a19f1c7,DCH3,2018-08-16,14:15:37,3313071.0,202,201,27,41.869874792079216,-88.35677920297037,High
RouteID_da443d65-6b04-4442-8b68-81dbf810b0f6,DSE4,2018-08-06,15:04:37,3313071.0,181,180,27,47.82726391160218,-122.23863047513805,Medium
RouteID_da4a704f-2dd9-4ac7-b440-bf5304886537,DLA7,2018-08-02,14:24:24,3313071.0,123,122,24,33.87949313008129,-117.98467021138211,High
RouteID_da4ab185-e137-4a8f-8a06-c234bb6156b3,DLA9,2018-08-24,13:39:09,3313071.0,142,141,21,33.64044271126761,-117.63324920422534,High
RouteID_da4b54de-6cd5-4908-92f1-d50d97703984,DBO2,2018-08-06,12:01:34,4247527.0,167,166,18,42.28748192814375,-70.883041251497,High
RouteID_da4fc0fe-f8df-46ea-af9f-7bd62afa0d14,DLA9,2018-08-25,15:12:24,3313071.0,167,166,22,33.79318751497005,-117.9593340538922,Medium
RouteID_da64c368-3990-4013-bdfb-8523599f8619,DSE5,2018-08-26,14:00:00,4247527.0,183,182,17,47.09252706557377,-122.31696712021859,High
RouteID_da6d4d2d-82ce-43c9-813b-89858ec61ce6,DLA9,2018-07-31,15:12:48,3313071.0,148,147,18,33.75164520945944,-117.92845068243244,Medium
RouteID_da732463-3ae6-4f43-80e8-ffb70cd62acb,DBO3,2018-08-15,12:15:00,4247527.0,137,136,20,41.93614596350366,-71.29309610948913,Medium
RouteID_da782367-0c28-47e1-a4fb-cf07a06a5a63,DCH2,2018-08-05,12:33:27,3313071.0,180,179,23,41.96262547222223,-87.82385078333333,High
RouteID_da7f859f-7685-48b3-a1f5-d916b297f4c3,DLA9,2018-08-14,16:02:55,3313071.0,136,135,20,33.71972477941176,-118.0523438382353,Medium
RouteID_da806f65-7536-4097-95a1-458a5e33dc7c,DLA8,2018-07-25,15:43:33,3313071.0,103,102,20,34.01792541747574,-118.46500199029128,High
RouteID_da8894e9-dd88-4ba6-9922-d0f31082af81,DBO3,2018-08-12,11:30:00,4247527.0,169,168,34,42.345116538461525,-71.22067324260357,High
RouteID_da90b76c-6986-4197-81fa-0e33aa51dd44,DLA7,2018-08-14,15:39:13,3313071.0,153,152,16,34.15292360784315,-117.50931150326798,High
RouteID_dab18af0-38b9-4f39-99e9-f017cf8868bf,DSE4,2018-08-06,15:50:31,4247527.0,129,128,15,47.68290048062013,-122.29567855038756,High
RouteID_dac2b250-2abc-4280-8346-5856a43d6cff,DAU1,2018-07-31,15:06:08,4247527.0,174,173,33,30.453176005747135,-97.8030210229885,Medium
RouteID_dac328b4-1514-421d-a585-849695efdd8f,DLA4,2018-07-29,14:26:32,3313071.0,160,159,17,34.162065625,-118.42531791249999,High
RouteID_dac87cd3-6aa2-4c29-9f43-504111d2fd4a,DCH4,2018-08-01,14:18:20,3313071.0,187,186,22,42.141961775401064,-88.0293529465241,High
RouteID_dad88dc7-ada2-432f-89c7-9cc35f6b91af,DBO3,2018-08-03,11:36:28,4247527.0,176,175,31,42.30932992045454,-71.33932431818182,Medium
RouteID_dad9772a-943e-456f-a8f7-b72bc213e73a,DLA9,2018-08-09,13:46:53,3313071.0,128,127,21,33.5479535703125,-117.69707155468745,Medium
RouteID_dae0189c-596e-4530-80f8-2ad493bfc75d,DBO3,2018-08-11,12:56:39,3313071.0,179,178,19,42.08665487709497,-71.50565635195527,Medium
RouteID_daee82cd-4157-4a4e-8dea-01f6d0a3d96f,DAU1,2018-08-12,14:17:46,4247527.0,140,139,37,30.34675278571428,-97.7119664714286,Low
RouteID_daff925a-eab7-41a7-8f04-63ecbb4268fa,DLA9,2018-07-20,15:30:01,3313071.0,77,76,20,33.7528728051948,-118.11982298701301,High
RouteID_db17c3df-45c8-40d6-883a-bf2759460a51,DLA7,2018-07-20,14:45:36,3313071.0,169,168,24,33.83873168047338,-117.80630172781065,Medium
RouteID_db1b7529-4f70-4229-b009-24a3b1ae6101,DBO3,2018-08-13,12:10:09,4247527.0,142,141,24,42.08270878873239,-71.25627566197187,Medium
RouteID_db1e5b20-fa52-4b06-be0d-357d60835d53,DLA7,2018-08-15,16:32:47,3313071.0,166,165,24,34.100659945783114,-117.59741352409632,Medium
RouteID_db2fabad-18fe-4b98-a91d-dc5a0d515ad0,DLA9,2018-08-24,15:13:15,3313071.0,106,105,26,33.7605566509434,-118.13999966981139,High
RouteID_db33e978-c952-4922-8d57-6831ed284142,DBO1,2018-08-11,11:39:33,3313071.0,171,170,13,42.43508090643276,-71.05971717543855,Medium
RouteID_db3c0395-e7bd-43fc-9ec1-7fe9a4e8cc30,DLA9,2018-08-16,16:10:30,3313071.0,143,142,29,33.61889972027972,-117.84217946153846,High
RouteID_db41fa0f-9915-45ad-8b12-63e8d5371f2d,DBO3,2018-08-15,11:58:58,4247527.0,166,165,25,42.128395421686754,-71.34820453614459,High
RouteID_db4e70ab-5532-4a0e-bebe-5f99992bae9a,DSE5,2018-07-30,15:29:16,3313071.0,130,129,15,47.384100107692326,-122.03592491538465,Medium
RouteID_db67fcf2-0ac1-4a1d-9a5e-047eeee6e761,DLA7,2018-08-04,15:04:16,3313071.0,147,146,29,34.107965387755094,-117.7955276462585,Medium
RouteID_db858db0-3208-4cc8-8b33-6db5411b8bfc,DLA5,2018-08-15,14:44:36,3313071.0,174,173,22,34.12008413793102,-117.20359278735633,Medium
RouteID_db94c498-fe6a-4751-b4f3-5fc59dca72b6,DBO2,2018-08-07,13:45:00,3313071.0,138,137,23,42.254790173913065,-71.04262292028984,Medium
RouteID_db9637f4-72d5-4d84-ac1e-f38fdb825694,DCH4,2018-08-13,16:28:08,4247527.0,160,159,26,42.36951496875001,-87.99057205624997,Medium
RouteID_db99d833-d7a8-4b5a-8cb3-2181d1320875,DSE5,2018-08-01,14:40:44,4247527.0,171,170,14,47.20281612865499,-122.42916599415207,Medium
RouteID_dba04c2b-6ae4-4ff9-a99a-b82bc13b5170,DLA9,2018-08-18,13:54:19,3114853.25,108,107,25,33.56540146296296,-117.80488087037033,Medium
RouteID_dbb1908a-7840-46ae-8503-fd49c9bbf533,DLA5,2018-08-09,15:24:54,3313071.0,176,175,25,34.044042647727274,-117.15161436931812,Medium
RouteID_dbb8a2d1-88c1-4c19-8dc5-f507077279d6,DCH4,2018-07-30,15:36:14,4247527.0,151,150,21,42.076299496688755,-87.84308507947024,Medium
RouteID_dbd619f1-891a-4a52-a459-e8293307548a,DSE4,2018-08-06,15:00:59,3313071.0,200,199,27,47.86709715999999,-122.30768990499999,High
RouteID_dbdcf93a-39b5-4eee-abf2-0a4f940bb36f,DLA7,2018-08-11,16:32:59,3313071.0,158,157,19,34.015563499999985,-117.69077301898733,Medium
RouteID_dbe2660e-1ffc-43aa-82dc-f891e2d6a92e,DBO1,2018-07-27,12:25:02,4247527.0,178,177,23,42.42956779213484,-71.15922568539328,High
RouteID_dbe401b2-a7b9-43e2-9ef6-59aca8d47f56,DCH3,2018-07-28,13:42:44,4247527.0,197,196,17,41.936645766497456,-88.0074714416243,Medium
RouteID_dbe424be-22c9-4e3a-9f26-ac6ae0f89347,DLA7,2018-08-08,14:28:28,3313071.0,181,180,26,33.97764241436463,-117.88662263535915,High
RouteID_dbf1d461-10ae-41f8-9a6c-34f9e2935f2f,DLA9,2018-08-15,15:18:30,3313071.0,122,121,17,33.82127240163934,-118.00422968852455,Medium
RouteID_dbfbf1b9-fb0d-40eb-9523-a23f0f0c0c3d,DAU1,2018-08-04,14:44:59,4247527.0,140,139,21,30.374791221428566,-97.93693821428572,Low
RouteID_dc081f14-4cea-46e4-a940-8022ea78554b,DLA9,2018-08-17,16:01:11,3313071.0,121,120,21,33.67756401652892,-117.99557849586778,High
RouteID_dc11a62b-cc43-483f-9caf-1bd2252a00b2,DCH2,2018-08-12,12:34:22,4247527.0,150,149,20,41.919682060000014,-87.79704118666665,High
RouteID_dc146d54-fc10-4714-ba38-ed35a61a6ab2,DLA7,2018-08-05,14:30:09,3313071.0,154,153,27,33.834280597402596,-117.85705003246753,Medium
RouteID_dc486a1c-3bf5-4465-9b5a-7f8eb47f63e6,DLA3,2018-08-11,15:05:07,3313071.0,105,104,19,34.079928123809516,-118.33206440952381,High
RouteID_dc4ad6e5-ab22-4c35-a1da-2de14f93f7e8,DLA7,2018-07-31,14:57:13,3313071.0,182,181,23,33.85501082967033,-117.5702498901099,Medium
RouteID_dc53c3cb-27bc-4677-98cc-153fccb04bb8,DBO2,2018-08-16,12:59:35,3313071.0,108,107,19,42.28990869444445,-71.0224626203704,High
RouteID_dc5599de-cf77-4a6f-8cd3-e40d20894d3c,DBO3,2018-07-30,12:09:35,3313071.0,123,122,19,42.495782813008134,-71.40762844715442,Medium
RouteID_dc589046-e853-482d-be1e-7ac86745a444,DLA4,2018-08-05,14:36:52,3313071.0,123,122,11,34.19473454471544,-118.41820604878046,Medium
RouteID_dc58c5d0-40e6-4337-9d04-23568bd250fb,DBO3,2018-08-14,12:19:26,4247527.0,172,171,22,42.0995904476744,-71.17513734302327,Medium
RouteID_dc591c50-1e38-46c2-9a01-e4bc9dcfe60f,DLA9,2018-07-23,15:19:47,3313071.0,181,180,23,33.83816816574588,-118.00602554143649,Medium
RouteID_dc5c25b8-2a4d-463a-9f8b-678896fc9508,DLA7,2018-08-09,14:32:00,3313071.0,139,138,21,33.85288078417267,-117.76936778417266,Medium
RouteID_dc6a9304-e1c3-4979-8c05-a60b5bac57a8,DCH4,2018-08-16,15:28:23,3313071.0,183,182,24,42.197844114754076,-87.9721854754098,Medium
RouteID_dc733acb-6074-4397-8bb6-a3f4c341e489,DBO2,2018-07-20,11:46:36,4247527.0,103,102,13,42.331931718446576,-71.03313188349513,High
RouteID_dc8feeb0-c5a9-45e1-816b-1741b19d7763,DLA7,2018-08-15,15:42:51,3313071.0,195,194,24,33.965547241025625,-117.57944584102573,High
RouteID_dc928e92-3410-4362-af11-4a0a82b3ff66,DCH4,2018-08-10,13:32:59,4247527.0,178,177,22,42.390926505617976,-88.0396289325843,High
RouteID_dc9f3edf-1228-405a-8b38-7d9d65ca20ad,DSE5,2018-08-21,15:11:04,4247527.0,130,129,11,47.287070038461536,-122.50164350769234,Medium
RouteID_dca1d635-6d3a-4ab9-84c7-d5b066c1fb46,DBO3,2018-07-20,13:20:39,4247527.0,225,224,26,42.21481226222222,-71.50585585777777,Medium
RouteID_dca22d8e-3431-4b6b-9ba5-bf5fb8d9232a,DSE4,2018-07-25,15:09:58,3313071.0,171,170,27,47.86288248538013,-122.2589029883041,Medium
RouteID_dcbf2267-dfc3-4fec-be71-327f550ae3da,DBO3,2018-07-31,12:15:00,4247527.0,176,175,21,41.927845312500004,-71.31178078977271,Medium
RouteID_dcc55074-9c8d-440f-b7c1-9be9f114f253,DCH4,2018-08-08,15:34:30,4247527.0,169,168,21,42.175370295858,-88.35386955621304,Medium
RouteID_dcc7bbe4-831f-4347-a868-90070aebb44b,DCH3,2018-08-07,15:11:31,3313071.0,173,172,19,41.8770352947977,-88.02322898265899,High
RouteID_dce262a0-50c6-4a8a-8ce5-1db55a8cd024,DSE5,2018-07-25,14:00:17,4247527.0,206,205,18,47.24377558252426,-122.19995239320383,Medium
RouteID_dcfe1d88-3ca9-4ddb-8533-8f4ee8621873,DCH4,2018-08-01,14:11:11,3313071.0,157,156,16,42.26761877707007,-88.20958214012742,Medium
RouteID_dd195c27-a3f3-4217-9430-e6e4defff15e,DLA7,2018-07-20,16:04:17,3313071.0,172,171,23,33.97598455813953,-117.72149782558135,High
RouteID_dd2465b5-e7b7-4e1f-a4a6-72eaac0a085b,DLA9,2018-08-24,13:32:18,3313071.0,160,159,22,33.592492775,-117.64518907499999,Medium
RouteID_dd2afc42-60dc-4373-bbd6-f9a6cd63a29c,DCH1,2018-07-28,14:34:23,3313071.0,112,111,13,41.9195871875,-87.72821074999997,Medium
RouteID_dd2f1f03-96e3-4db8-b169-9604a7126b35,DLA9,2018-07-21,14:45:54,4247527.0,90,89,18,33.68468672222222,-117.75927266666665,High
RouteID_dd2fcfb1-2689-467d-95ea-89101ef7785a,DCH3,2018-07-25,14:12:37,3313071.0,186,185,20,41.718881543010774,-88.4005990591398,High
RouteID_dd3a06a7-dfad-4946-bdca-09c528c0d9c5,DSE5,2018-08-18,13:41:13,3313071.0,188,187,14,47.508610388297896,-122.36181052659573,High
RouteID_dd532d2f-650a-4e8f-8c1e-a343abc06a5b,DCH3,2018-08-04,14:22:10,3313071.0,185,184,18,41.89765968108109,-88.3237120162162,Medium
RouteID_dd5e7d77-e7d7-4e5c-b288-b3cdafcbf15e,DSE4,2018-08-17,15:11:58,3313071.0,170,169,27,47.79928552352941,-122.23510889411766,High
RouteID_dd98d4f4-f0c1-4d0f-84ff-6bcfc58c55af,DSE4,2018-07-24,16:21:27,4247527.0,116,115,18,47.69053185344829,-122.3216833275862,High
RouteID_dd9b57db-bfcd-4fbd-93d7-fac82e80d109,DLA4,2018-08-02,13:45:00,3313071.0,115,114,16,34.14655294782608,-118.38263799130436,High
RouteID_dda061af-9a9b-4445-a285-acf36dbea6e0,DBO3,2018-08-15,12:36:26,4247527.0,177,176,34,42.33375417514122,-71.41170172881355,Medium
RouteID_ddba4eda-0f2a-4496-9bab-00123cf72f35,DLA5,2018-08-07,16:00:25,3313071.0,162,161,21,33.91438360493827,-117.3717933209877,Medium
RouteID_ddc2e4a5-3a06-4767-ae9c-6339ab2c8e86,DLA9,2018-08-16,15:59:08,3313071.0,119,118,21,33.72100156302522,-118.05502764705881,Medium
RouteID_ddcf974e-c0d8-425f-9a84-901ca515e82b,DSE4,2018-08-24,15:30:56,3313071.0,140,139,22,47.88634962857142,-122.21212972142852,High
RouteID_ddd409e4-cc8e-43ba-8b32-05f9b9ea238d,DLA7,2018-08-01,16:00:00,3313071.0,152,151,18,34.15485118421052,-117.4664501842105,High
RouteID_ddd9a35c-53bd-4602-b244-cfb96e0e8a2d,DCH3,2018-08-01,13:07:39,3313071.0,168,167,16,41.57708650595238,-88.00177728571433,High
RouteID_ddd9ec2d-127b-46aa-bfe0-c019ab52c9bc,DLA7,2018-07-26,15:02:49,3313071.0,134,133,25,34.140132022388066,-117.86875349253731,Medium
RouteID_ddf2e162-f50d-44cc-af6f-2c47547c10ef,DCH2,2018-08-17,12:29:10,3313071.0,184,183,21,41.94230738586957,-87.74729349999998,High
RouteID_ddfc86e9-a609-4189-8a75-6fb69d09e4f8,DCH4,2018-07-30,14:17:53,4247527.0,181,180,23,42.06945659668508,-87.91911660220994,Medium
RouteID_de017d23-e70b-439f-957d-e552075d01d5,DSE4,2018-08-04,15:29:38,4247527.0,165,164,25,47.79732884848486,-122.25719669696969,Medium
RouteID_de034404-fd8d-4ab3-a01f-6cd98e7f4736,DBO2,2018-08-13,12:36:51,4247527.0,106,105,27,42.3122325943396,-71.10904788679247,High
RouteID_de038106-e2a8-4a0b-9a70-550a8024178d,DSE5,2018-08-22,15:24:58,4247527.0,140,139,10,47.18346512142859,-122.44916507142861,Medium
RouteID_de03fdb2-67e7-47d7-94f9-2a33311ba004,DCH4,2018-07-24,15:56:26,4247527.0,181,180,19,42.04576945856351,-87.95731708839777,Medium
RouteID_de0acce6-9d0a-463d-8990-f6472d90ea13,DCH1,2018-08-14,14:58:07,3313071.0,190,189,20,41.738267768421046,-87.79100658421054,Medium
RouteID_de12ecd0-b05b-42ff-8a32-c079cb33f0a6,DAU1,2018-08-08,15:30:00,4247527.0,100,99,14,30.193313790000015,-97.70695267000002,Medium
RouteID_de18747c-e596-4585-9c19-b8fa305e1757,DSE5,2018-07-27,15:27:12,3313071.0,208,207,18,47.29550960096156,-122.36624037500009,High
RouteID_de1984ee-19c6-4320-9a80-383de34e51a5,DLA7,2018-07-26,16:24:52,3313071.0,164,163,26,34.113720042682935,-117.75631831097566,Medium
RouteID_de1995aa-4c01-4f7a-93a9-78911f35df12,DLA7,2018-08-13,14:34:30,3313071.0,135,134,21,33.86562337037038,-117.96894986666672,High
RouteID_de45d589-c1a3-40c8-9618-f2fec5f58556,DLA3,2018-08-09,15:53:53,3313071.0,151,150,30,34.101332456953656,-118.27748041059611,High
RouteID_de45e783-d4ab-4750-a671-f1b34d23bffe,DCH4,2018-07-27,15:00:00,4247527.0,183,182,24,42.277005180327855,-87.84398986885243,Medium
RouteID_de4e7693-b0a7-4ae0-9264-20448c4b1fcb,DLA7,2018-08-03,16:00:00,3313071.0,132,131,20,34.10114440151516,-117.6669395530303,High
RouteID_de5c90fd-e4e2-4fe6-b6f6-93f2c7d31716,DSE5,2018-08-10,15:02:34,3313071.0,154,153,12,47.36441367532466,-122.04622786363639,Medium
RouteID_de610bbd-71ff-44dd-bf29-1672234bda63,DBO3,2018-08-10,11:22:22,4247527.0,152,151,23,42.45418175,-71.24352800657897,Medium
RouteID_de660dd9-e9d5-42b0-9288-75c7df0f3949,DCH1,2018-08-16,15:01:34,3313071.0,129,128,13,41.80676018604652,-87.67994370542628,Medium
RouteID_de6943c3-bef2-4423-9fdf-2aa05817e0fe,DSE4,2018-08-13,16:02:13,4247527.0,105,104,12,47.69454679047617,-122.29931418095238,High
RouteID_de6b24e2-00d7-49cf-9c6d-76de884d0eb2,DLA3,2018-07-22,15:30:27,3313071.0,142,141,11,34.002196915492966,-118.29322865492948,High
RouteID_de76f33a-9569-4f0a-9edc-d1439bec64e5,DSE4,2018-08-16,15:19:50,4247527.0,148,147,14,47.69699787162164,-122.28494692567565,High
RouteID_de7e166c-d765-4ed9-a0c1-ab69affef2af,DLA4,2018-07-21,13:45:00,3313071.0,131,130,11,34.18379815267174,-118.4341199236642,High
RouteID_de7f692c-5ded-4a3f-a07a-fc7bfcca29d4,DSE2,2018-08-07,14:08:32,3313071.0,123,122,20,47.60864419512195,-122.29183366666666,High
RouteID_de81d838-4286-4f12-84d3-ff1e790276c6,DCH3,2018-08-06,15:30:00,3313071.0,160,159,18,41.64619386874999,-88.2274068,High
RouteID_de87085a-6751-46b0-b139-4c3694b2b945,DLA8,2018-08-14,16:26:14,3313071.0,134,133,18,33.786990776119396,-118.30827355970152,Low
RouteID_dea5cfe4-d47c-4891-bc51-338ffe126143,DLA9,2018-07-20,16:10:58,3313071.0,148,147,21,33.67238538513514,-118.00316126351346,High
RouteID_deb986b1-e2de-44bf-a9f6-dbb1258ee124,DCH4,2018-08-03,13:31:47,4247527.0,180,179,26,42.19391081666668,-87.89753512222221,Medium
RouteID_debe7647-dc94-46b5-927b-a1777c7c18f4,DLA9,2018-08-07,15:18:08,3313071.0,170,169,26,33.74460360588235,-117.98080307058821,High
RouteID_decb70c4-91dc-4ded-a08c-ecb6b231d9f1,DBO3,2018-08-16,12:03:53,4247527.0,184,183,20,42.12026748369566,-71.39653464130436,Low
RouteID_decf8ed4-f574-4348-a750-f6bd095c23a6,DBO2,2018-08-05,14:33:08,4247527.0,180,179,30,42.18623298333334,-71.21733867777772,High
RouteID_dee579e3-c717-4668-a822-0c856cb9e340,DLA5,2018-07-20,15:20:48,3313071.0,189,188,20,33.962230746031736,-116.97036674074072,High
RouteID_deefc343-c754-4031-add8-2c0665c4cbd0,DLA4,2018-08-11,13:52:52,3313071.0,134,133,18,34.16500588805969,-118.42084258955227,Medium
RouteID_df14a9ca-430f-4344-a6d5-4afefa3e978a,DLA8,2018-08-01,16:13:40,3313071.0,81,80,23,34.037288580246916,-118.45514502469133,High
RouteID_df182f6a-5c3d-4c21-ac08-73135ffad47a,DSE5,2018-08-09,14:52:57,4247527.0,141,140,12,47.19197132624111,-122.44819873049643,Medium
RouteID_df19ef64-8b99-44ac-98bf-1b0f1625c288,DBO3,2018-08-06,12:15:00,4247527.0,182,181,22,41.76432793406596,-71.34955949450548,Medium
RouteID_df1c5651-c05c-4d42-bb95-e2bd5e7d1f67,DCH1,2018-07-27,15:26:45,3313071.0,150,149,27,41.873829673333304,-87.79607950666667,High
RouteID_df1ef6d2-3faf-44c0-9c52-b5a61180687f,DSE4,2018-07-27,15:08:01,3313071.0,173,172,28,47.856557924855494,-122.24158039306357,Medium
RouteID_df23aa6d-a40d-4405-bea7-94c5ea344c9c,DLA7,2018-08-15,15:09:18,3313071.0,135,134,25,33.87329523703705,-117.84070811851846,Medium
RouteID_df257c36-f569-4d8b-9725-d5c0d2e46ba2,DAU1,2018-08-13,15:30:00,4247527.0,172,171,30,30.212721296511635,-97.80630105813955,Medium
RouteID_df3737d3-c43b-4147-9772-1054b774e6ca,DLA9,2018-08-11,15:57:58,3313071.0,154,153,28,33.60125901298702,-117.82438904545447,Medium
RouteID_df379372-5387-4fa7-8928-eeae15d55db6,DLA8,2018-07-19,16:33:12,3313071.0,61,60,16,34.034013229508204,-118.46374039344263,High
RouteID_df426646-69fa-4bf8-8160-86dd53824eaf,DAU1,2018-07-28,15:25:01,4247527.0,161,160,33,30.465632639751544,-97.80875491304346,High
RouteID_df47b245-ea09-4887-a7a9-3bcb60a4aa1f,DSE4,2018-08-04,15:26:59,4247527.0,146,145,19,47.66391154109587,-122.27352328082195,Medium
RouteID_df4ad82f-afeb-4924-96b6-c317305cead6,DCH4,2018-08-13,15:50:17,4247527.0,147,146,18,42.41276827891156,-88.04977406122448,High
RouteID_df63c727-39c5-4250-a0fa-eea933e7af1a,DLA8,2018-08-03,15:06:28,3313071.0,145,144,19,33.79022349655172,-118.1703505517241,Medium
RouteID_df641ea1-3ace-4327-81f8-0d593c761f9a,DCH3,2018-07-23,13:05:13,4247527.0,194,193,18,41.96552326288662,-88.19632439175257,High
RouteID_df8170fa-2d78-4edd-ba06-d49e6bee4622,DSE2,2018-08-01,14:08:16,3313071.0,121,120,21,47.62985043801653,-122.30730497520665,High
RouteID_df900362-61f7-4b69-bf92-3980991ee4c8,DLA7,2018-07-20,15:23:28,3313071.0,152,151,21,34.07941728289472,-117.8242944868422,High
RouteID_df92f8fd-4f86-4d93-894f-1326bea4fb93,DBO3,2018-08-12,12:46:15,4247527.0,200,199,29,42.225839465,-71.43694798999998,Medium
RouteID_df995069-b112-4b40-801b-f8104078c94d,DBO3,2018-08-15,12:46:10,3313071.0,161,160,15,42.04236852173914,-71.53156890683229,High
RouteID_dfa61ecc-a611-4fb6-8b0b-adfeac602509,DCH2,2018-08-10,14:56:27,3313071.0,164,163,23,41.999738097560964,-87.82654791463415,Medium
RouteID_dfaac97b-424c-4787-8651-825ed11f070d,DSE4,2018-08-21,14:51:10,3313071.0,134,133,21,47.71109648507461,-122.2309430671642,High
RouteID_dfadd370-619a-46bd-9b1f-0d0c359b1a87,DSE5,2018-08-04,14:40:56,4247527.0,95,94,13,47.24853896842107,-122.44772555789473,High
RouteID_dfc6169e-457b-41e6-9978-09da5d7cd73f,DCH1,2018-07-31,15:00:00,4247527.0,88,87,20,41.95647493181818,-87.67926293181816,Medium
RouteID_dfd157d3-f2d5-4bc2-915b-01acb4baf9a2,DSE4,2018-07-29,15:30:00,3313071.0,137,136,22,47.75588918248173,-122.05896182481749,Medium
RouteID_dfd8bfd6-9207-4ac6-bdb6-a197f73aac48,DLA4,2018-07-20,14:15:19,3313071.0,127,126,14,34.16158081102363,-118.39430015748025,High
RouteID_dfed7b53-a9a6-4d4e-8efb-28cef0e860b4,DLA7,2018-07-20,16:54:06,3313071.0,172,171,23,34.131740773255814,-117.53322611627905,Medium
RouteID_dffe2aea-0e18-4d75-ad7a-a3fea6ba9d1c,DBO3,2018-08-02,11:28:26,4247527.0,157,156,24,42.37596257324838,-71.19737373248407,High
RouteID_e006060c-894b-4463-9802-e98e13c1a91c,DCH2,2018-07-20,14:09:54,3313071.0,116,115,17,41.947858862068955,-87.73168035344827,Medium
RouteID_e016cc9a-858f-4b9b-aefe-19b794931935,DLA3,2018-08-14,15:30:00,3313071.0,127,126,18,34.117605299212585,-118.37630228346458,Medium
RouteID_e025d335-2d29-4a05-8490-89397af81f20,DLA9,2018-07-20,15:31:29,3313071.0,153,152,21,33.79357494117645,-118.07815820915032,High
RouteID_e02d4edc-b5dd-471d-9508-66f4b71852af,DBO2,2018-08-15,13:37:16,3313071.0,159,158,22,42.26280664150942,-70.97906415723268,High
RouteID_e03342be-a6f5-4b64-b91c-30d0fc477c15,DBO3,2018-08-15,12:01:53,4247527.0,160,159,21,42.05320184999999,-71.26679618750005,Medium
RouteID_e046a562-eed5-4f77-aac9-f2045e53c1f0,DCH3,2018-08-06,15:30:00,4247527.0,186,185,19,41.961933387096764,-88.19970791935484,High
RouteID_e04d4d25-226a-4f29-b587-521337d1336e,DCH1,2018-08-04,15:00:00,3313071.0,169,168,23,41.8195841183432,-87.82539978106512,High
RouteID_e05bb6f1-c349-4905-aef9-2d2209ad2997,DSE5,2018-08-16,14:06:04,4247527.0,154,153,13,47.29686733116883,-122.28774058441554,High
RouteID_e07ba9b7-5815-4e55-970e-3fec231b0c42,DAU1,2018-08-13,14:57:44,4247527.0,156,155,36,30.34320162820514,-97.74259545512822,High
RouteID_e0899330-23af-4657-a36d-b4b6e76518ac,DLA7,2018-08-17,15:09:31,3313071.0,178,177,24,33.884392370786514,-117.84016255617973,High
RouteID_e0af3a95-34ff-430c-8343-e505be6579b3,DCH2,2018-08-08,14:11:21,3313071.0,157,156,25,41.97255852866242,-87.75231877707003,Medium
RouteID_e0b5d521-b877-4765-9fcf-2375873d73c6,DBO2,2018-07-31,11:38:22,4247527.0,165,164,27,42.24717361212122,-70.90478270909091,Medium
RouteID_e0bc1e77-ec56-43ab-ae65-7920f42d6853,DSE4,2018-08-13,14:59:40,3313071.0,166,165,24,47.86425609638553,-122.13379592168664,High
RouteID_e0d69e89-00ec-42a1-ba4b-6a8e6f157175,DLA4,2018-08-10,15:15:00,3313071.0,179,178,16,34.143493184357524,-118.62564076536302,High
RouteID_e0dacee3-dad3-4195-95f1-88d4ce8f4fcd,DSE4,2018-08-16,15:00:40,3313071.0,194,193,28,47.88844895876288,-122.16237394845372,High
RouteID_e0efee22-3f62-4b52-94e6-497d9cf40cbe,DBO2,2018-08-01,13:53:14,4247527.0,189,188,35,42.289585582010574,-71.2485483015873,High
RouteID_e0f2904c-4648-4acd-8221-a54c4f51d209,DCH1,2018-07-24,14:44:58,3313071.0,78,77,20,41.916781230769224,-87.69827665384618,Medium
RouteID_e0f7b95e-6be1-4560-b57e-5019a79b7992,DLA9,2018-08-23,13:42:37,3313071.0,159,158,18,33.467936792452825,-117.63464477987418,High
RouteID_e10ccb00-cf56-4667-b6a6-8be3a5569d3d,DLA8,2018-08-15,16:39:56,3313071.0,164,163,24,33.78323950609757,-118.37378262195122,Medium
RouteID_e10eda4d-8e4c-4e13-b9d1-bc712ed13ca3,DLA4,2018-08-05,17:04:49,3313071.0,177,176,12,34.234014627118654,-118.48484483050846,Medium
RouteID_e11800a7-c2be-49ef-a979-9730c8c7ec95,DCH1,2018-07-26,15:00:00,3313071.0,70,69,20,41.9548061142857,-87.66537802857142,High
RouteID_e1265986-0d54-4398-abad-5552e64b52d7,DCH3,2018-07-22,14:24:03,3313071.0,201,200,20,41.846195880597016,-88.34086368159211,High
RouteID_e12d50d5-a09c-4635-b34e-fd06465f7803,DCH3,2018-08-09,14:07:27,3313071.0,187,186,20,41.71806833689839,-88.40004040106956,Medium
RouteID_e1323fee-d501-4c30-9b79-dbd7cf142f19,DLA7,2018-07-22,14:57:24,3313071.0,171,170,26,33.83826864327487,-117.7603329005848,High
RouteID_e13f5fd9-6bfa-499f-9468-83acf749fd9f,DLA4,2018-07-24,17:04:07,3313071.0,175,174,15,34.29079661714286,-118.45948961142858,Medium
RouteID_e141ff77-c107-41f7-9be3-02b1b5e5f2b4,DLA7,2018-07-31,14:33:34,3313071.0,146,145,17,33.84493951369861,-117.90975630136984,Medium
RouteID_e15e10a9-020e-4cfb-b327-7fb7a6cb89c3,DCH4,2018-08-07,14:24:25,3313071.0,186,185,17,42.273516354838705,-88.17392672043015,High
RouteID_e164e0c7-979e-4645-83df-ea3f213578de,DLA3,2018-08-14,16:39:35,3313071.0,167,166,15,33.891426497006,-118.09496186227538,High
RouteID_e17a91e3-f7af-4a94-824a-2d68e3679620,DBO2,2018-07-21,12:14:15,4247527.0,69,68,21,42.33528679710144,-71.07858791304346,Medium
RouteID_e17b363d-c2d7-45fd-9829-2c631a335174,DSE4,2018-07-20,15:59:32,4247527.0,122,121,11,47.677903893442654,-122.28296274590161,High
RouteID_e17e9721-b1ec-47d7-823c-42e1f47a2d8e,DLA9,2018-07-21,16:06:42,3313071.0,147,146,25,33.62239414285717,-117.91465519047622,Medium
RouteID_e181241a-5b91-4181-9fb9-5d38ca124708,DLA7,2018-07-24,14:36:12,3313071.0,153,152,23,33.90488090196078,-117.98256601960786,Medium
RouteID_e18f4d42-a31f-4b0f-b056-ecb8dae9b311,DLA3,2018-08-09,16:08:12,3313071.0,121,120,23,34.08534079338841,-118.2507631570248,High
RouteID_e19a479a-b889-463e-b03f-28b4ac51d64b,DLA7,2018-07-20,16:00:00,3313071.0,136,135,20,34.09718682352942,-117.6583677426471,Medium
RouteID_e1a3dee5-446d-4d2c-a75e-3d3b7a5454a9,DSE4,2018-08-06,15:05:12,3313071.0,193,192,33,47.86091632642487,-122.13275052849748,Medium
RouteID_e1a4bf8a-a54b-41b4-bf38-266cc87a9990,DAU1,2018-08-05,14:09:23,4247527.0,209,208,44,30.190955545454543,-97.9024940430621,High
RouteID_e1b509f1-465c-4788-9735-3c20f8ba399a,DSE4,2018-07-31,14:47:52,3313071.0,156,155,26,47.861588903846126,-122.25990374358972,Medium
RouteID_e1b57320-4115-43c8-8387-6b8e77b04d82,DLA7,2018-07-29,16:26:45,3313071.0,187,186,29,34.13170070053477,-117.7653455882353,Medium
RouteID_e1b7ff9f-6b8a-41ec-80a1-3f855368663d,DLA9,2018-08-21,15:57:58,3313071.0,126,125,19,33.72109883333333,-118.04045894444445,Medium
RouteID_e1b827ff-76b1-4788-9f41-527e481461de,DSE4,2018-08-10,15:32:56,4247527.0,134,133,16,47.69230348507462,-122.30106020895523,High
RouteID_e1c24ffd-ca8e-4666-a8ae-25e9893ecba0,DLA4,2018-08-12,13:45:00,3313071.0,145,144,13,34.17979424827586,-118.407533737931,High
RouteID_e1fcf551-00f4-4401-b4cb-5e264cea6561,DBO3,2018-07-29,12:15:00,4247527.0,159,158,20,41.772150616352185,-71.28404772955975,High
RouteID_e20571c7-de1a-47f1-98e7-fded3e542bf7,DLA9,2018-08-08,15:43:59,3313071.0,192,191,20,33.73383113020834,-117.8901947916667,High
RouteID_e21c2f8c-2953-4ef6-a1ad-0755a60c0650,DLA5,2018-08-14,15:03:55,3313071.0,167,166,20,34.03288004191615,-117.09208854491014,Medium
RouteID_e2270532-cf43-45c6-a3af-78abd5cdbcc2,DLA4,2018-08-06,13:53:41,3313071.0,65,64,15,34.160354215384615,-118.37668080000002,Medium
RouteID_e22f1fd4-7e3c-4f62-bb40-518c5ccb043c,DBO1,2018-08-14,11:26:14,3313071.0,189,188,20,42.534201682539695,-71.0830973068783,Medium
RouteID_e231cb26-0bc0-49e5-ac1f-22309c742634,DSE4,2018-07-25,15:37:52,4247527.0,161,160,22,47.84151121118013,-122.32178437267082,Medium
RouteID_e245c849-5520-4b34-a4fe-55ef8237cc59,DLA3,2018-08-12,15:53:04,3313071.0,123,122,22,34.08630156097561,-118.25071589430894,High
RouteID_e246533a-8167-4c0d-8c80-783847125b1b,DLA4,2018-08-02,14:32:42,3313071.0,161,160,16,34.194691590062114,-118.38987704968947,High
RouteID_e246bf45-97e8-4c00-b5f1-a2c75c13836c,DSE4,2018-08-23,15:01:56,3313071.0,153,152,26,47.67942070588238,-122.16972176470588,Medium
RouteID_e25e5d52-4584-483e-9239-622fb87eae9c,DCH4,2018-08-01,15:18:58,4247527.0,161,160,22,42.20936214285713,-88.34352157142858,Medium
RouteID_e262c552-2540-48d7-a3ee-0987fdc4c991,DCH4,2018-08-16,14:06:10,4247527.0,206,205,29,42.10461068446601,-88.06198785436898,Medium
RouteID_e2646e59-35ad-45fe-9883-d1a9e35926a4,DCH1,2018-08-16,15:31:28,3313071.0,75,74,24,41.94852570666666,-87.66392955999996,High
RouteID_e26aa0ff-5016-47e6-8972-d880796090a1,DCH3,2018-08-14,14:05:07,3313071.0,206,205,19,41.73855377669904,-88.37147100970863,High
RouteID_e26e5a82-a9b7-4913-8150-a256ac05d4c6,DCH4,2018-07-20,14:24:53,3313071.0,187,186,20,42.180209251336905,-88.32144613903748,High
RouteID_e26f3ca3-44b7-42e1-adb1-fc337ba1b998,DSE5,2018-08-23,13:55:02,4247527.0,153,152,15,47.09881013071894,-122.31644703921572,Medium
RouteID_e2716c28-8167-45fe-9785-aa69265959e3,DLA9,2018-08-16,16:36:15,3313071.0,180,179,20,33.73968042777778,-117.89867337222216,High
RouteID_e27888ff-a616-4600-a711-41b2fc0eacbe,DBO2,2018-08-13,13:57:30,3313071.0,150,149,28,42.19709059333333,-71.22378354000003,Medium
RouteID_e2868017-ad4e-4764-b865-a3b01abc896e,DLA8,2018-08-09,16:42:23,3313071.0,160,159,19,33.870293943749985,-118.05713415625003,High
RouteID_e286d357-5931-40cd-b81e-38c814a894d2,DSE4,2018-07-24,15:46:33,3313071.0,190,189,25,48.0598634473684,-122.14760879999993,High
RouteID_e28d8503-65be-4295-8450-a7f71e042199,DLA7,2018-08-09,15:02:29,3313071.0,134,133,20,34.101847365671624,-117.81959526119405,High
RouteID_e2b0a3cf-b7fa-45f7-beb3-1ea6b0fdc233,DSE4,2018-08-13,15:06:22,3313071.0,175,174,25,47.874378354285724,-122.17423994857144,Medium
RouteID_e2b14929-8b2e-4f0b-a922-1612cfc99f8b,DSE4,2018-08-02,15:41:20,4247527.0,105,104,12,47.69637322857145,-122.31319989523811,High
RouteID_e2b2ca7d-fe54-412f-9082-21fce716f2f2,DCH3,2018-07-28,15:04:30,4247527.0,205,204,21,41.72594340487804,-88.11881684878051,High
RouteID_e2bb05f8-edc8-4f93-b51d-e1b8f9675120,DSE5,2018-07-26,14:18:52,4247527.0,160,159,13,47.2189425125,-122.44573747500002,High
RouteID_e2bd952c-cc95-4d08-891e-69dafca6ecc5,DBO3,2018-08-17,12:13:26,4247527.0,165,164,22,42.08591830909091,-71.38323626666667,Medium
RouteID_e2c23ab3-c60d-4b24-b7d0-d525bc173050,DSE5,2018-08-24,13:45:48,4247527.0,197,196,15,47.23205691370557,-122.1890375583756,Medium
RouteID_e2c2565c-60f8-431c-bfc0-ba7f6fd99cbe,DBO3,2018-08-07,12:20:19,4247527.0,140,139,16,42.54132167142857,-71.50646770714287,Medium
RouteID_e2c29205-89d3-491b-aa50-53b046d13d46,DBO2,2018-08-01,11:46:07,4247527.0,193,192,19,42.078487471502584,-70.99976500000002,Medium
RouteID_e2c75c94-6652-4ca6-a0e5-9645180e313a,DLA9,2018-08-17,13:45:56,3313071.0,145,144,21,33.52942868965517,-117.68560768275862,High
RouteID_e2d25345-b0cf-4a96-a9ab-49f978b3becb,DCH1,2018-07-27,15:17:45,3313071.0,102,101,25,41.882810039215684,-87.7897342254902,High
RouteID_e2e7f059-0e44-498f-82f0-526513ed7287,DCH4,2018-07-27,14:50:51,4247527.0,174,173,24,42.35079932758621,-87.96234704597698,Medium
RouteID_e2e88910-6f84-4ee4-9738-949b5ca2f779,DSE2,2018-08-21,14:10:14,3313071.0,88,87,17,47.60097596590908,-122.30791173863632,High
RouteID_e2ec348d-929b-40be-b077-1cad34108feb,DCH2,2018-07-28,12:30:41,3313071.0,223,222,20,41.92542517040356,-87.87006717488788,Medium
RouteID_e2f77e22-6a0a-473b-85f8-244a41a3516b,DBO2,2018-08-16,12:54:16,3313071.0,150,149,19,42.26349509333334,-70.97069442666671,Medium
RouteID_e2fc78e5-dc90-4cf1-b753-c4b560569861,DLA3,2018-08-14,16:31:03,3313071.0,147,146,17,33.95315243537416,-118.1378763333334,Medium
RouteID_e3000b91-7483-447c-8813-4fdf2cd4e9b7,DSE5,2018-08-22,14:03:11,4247527.0,172,171,12,47.26657775000001,-122.29198284302325,Medium
RouteID_e3018a84-0c6f-40c2-916c-857455e1ad90,DSE5,2018-08-21,13:29:01,3313071.0,179,178,14,47.50876809497206,-122.35496354189947,High
RouteID_e30738cd-b3cd-4917-9353-3bad5eb5ff5d,DCH4,2018-07-28,13:30:41,4247527.0,193,192,36,42.10508440932646,-87.82266015025913,High
RouteID_e30a0c2c-98e9-4a8c-839c-c642ef54a66d,DLA7,2018-08-17,16:00:00,3313071.0,179,178,25,34.00322544134078,-117.7569936033519,High
RouteID_e319940d-9028-4730-8e41-59dea15784d7,DBO3,2018-07-21,11:40:30,4247527.0,208,207,29,42.30982807692309,-71.3337760048077,High
RouteID_e31bb251-e74b-4593-bd6c-4e05826ef907,DLA3,2018-07-25,16:55:47,3313071.0,163,162,13,33.94033550920245,-118.08248703680975,High
RouteID_e3493357-edb0-4430-b22e-6190806c27e6,DLA7,2018-07-20,14:35:18,3313071.0,158,157,23,33.89209683544303,-118.00101955063296,Medium
RouteID_e3577103-83b2-4bcc-9e48-2d6ae006cbbc,DCH1,2018-08-06,14:00:33,3313071.0,81,80,26,41.80418913580246,-87.59964445679012,Medium
RouteID_e37b3785-ce08-46bc-a104-70067c50d73a,DCH3,2018-07-23,15:21:08,4247527.0,175,174,16,41.764444399999995,-88.04187333714283,Medium
RouteID_e382a75f-f186-4185-bec5-057a73058c22,DBO3,2018-07-30,11:27:07,4247527.0,185,184,26,42.08142692432431,-71.20025463783782,Low
RouteID_e38739f8-cb45-4668-910d-fcd69cd36bea,DSE5,2018-08-02,14:35:06,4247527.0,120,119,9,47.25747396666666,-122.4574287166667,High
RouteID_e39ea4ce-c0bd-4661-a34a-ec77218270e1,DSE5,2018-07-30,15:04:04,3313071.0,108,107,14,47.54291581481479,-122.00413168518514,High
RouteID_e3bb3edf-8a03-4aa6-9ea7-ba76ac7bb91d,DLA8,2018-07-31,16:37:31,3313071.0,115,114,19,34.10439886086956,-118.4660671652174,Medium
RouteID_e3d097f0-523f-45b5-8328-95688a3b2d4a,DSE5,2018-08-17,13:58:35,4247527.0,174,173,16,47.10852458620687,-122.25813500000004,High
RouteID_e3da7987-322a-4cdc-94d3-ffe315967053,DCH4,2018-08-09,14:06:00,3313071.0,184,183,24,42.120957717391306,-87.9738488152174,Medium
RouteID_e3dca79e-172a-4b9e-9422-0b82ca1f2c10,DSE4,2018-08-17,14:51:27,3313071.0,165,164,25,47.793277321212116,-122.17970624242426,Medium
RouteID_e3e018a7-7ce0-4a47-b139-0c648c20c761,DAU1,2018-08-12,15:34:17,4247527.0,167,166,27,30.48575656287427,-97.69053388622757,Medium
RouteID_e3efa8b7-2d07-4939-83d9-ecf170cec990,DLA7,2018-08-16,16:28:07,3313071.0,160,159,21,34.13512273749999,-117.53364748750005,Medium
RouteID_e3f9b868-fbf8-4452-a8b6-04272d6db22d,DLA8,2018-07-27,16:18:39,4247527.0,93,92,21,34.07719183870967,-118.36396113978495,Medium
RouteID_e3fc167b-bf1d-4a53-af7c-33a062e59d74,DSE5,2018-08-24,14:39:31,3313071.0,154,153,10,47.34084735714286,-122.08515141558446,Medium
RouteID_e400f054-bade-431c-9f32-a8c638e11b80,DBO3,2018-08-04,12:01:33,4247527.0,171,170,22,42.05509329239766,-71.20408588304093,Medium
RouteID_e422c1e5-5aeb-4ffa-ab50-59820be3c5bb,DLA5,2018-08-09,16:00:00,3313071.0,154,153,20,33.917746902597386,-117.48828194155841,Medium
RouteID_e431316a-d4d4-4715-a71c-17c3fdd31f64,DBO3,2018-08-14,13:01:14,3313071.0,166,165,19,42.1647223433735,-71.65825940963855,High
RouteID_e43a8a73-be7f-47bc-b77d-a7f8ea48c4b8,DSE5,2018-07-25,15:00:00,3313071.0,171,170,18,47.35409258479533,-122.03102836257307,High
RouteID_e43b957e-1c5a-47d7-b6b3-71e50a192915,DCH3,2018-08-06,13:39:07,3313071.0,163,162,18,41.63328746012268,-88.18524999386501,Medium
RouteID_e43dbb45-d698-410c-b794-59d6397a3dc3,DBO2,2018-07-31,13:36:11,3313071.0,144,143,21,42.25700203472224,-71.15704396527781,Medium
RouteID_e449f854-ef05-44ee-b66b-737cc4a6ea63,DLA3,2018-07-28,16:04:01,3313071.0,141,140,31,34.100057191489384,-118.2790053049646,High
RouteID_e44ac5b6-e650-4ad7-9c66-e79576d34af7,DLA3,2018-07-22,14:57:47,3313071.0,93,92,24,34.08625145161291,-118.34741869892474,High
RouteID_e4504921-b74a-41c0-bf2b-0db5abdec688,DLA9,2018-07-28,15:18:10,3313071.0,148,147,23,33.78070647297297,-118.07797283108107,Medium
RouteID_e4632c8b-5daf-4d0f-a0c2-17bd6675adcd,DBO3,2018-07-29,13:24:50,4247527.0,197,196,40,42.29068460406093,-71.31871511675125,Medium
RouteID_e473ab71-febe-4978-a40b-10f5671888b2,DBO3,2018-08-17,12:37:06,4247527.0,128,127,25,42.381714679687484,-71.41547881249998,Medium
RouteID_e47430bc-65a1-4be5-8032-df625b3aa08b,DLA3,2018-07-22,14:41:35,3313071.0,141,140,24,34.088410950354614,-118.28585533333333,High
RouteID_e4867c28-125a-4fe6-9c78-f2c909321eed,DLA8,2018-07-22,15:08:15,3313071.0,72,71,29,34.017389236111086,-118.4023665972222,Medium
RouteID_e4982061-58e3-4566-8c41-5dd667086e3a,DCH3,2018-07-26,13:07:34,4247527.0,193,192,18,41.93633101036267,-88.16999055958549,Medium
RouteID_e49a2fe0-75af-4e38-b31b-2e302fe75669,DLA8,2018-08-15,16:34:50,3313071.0,181,180,18,33.853938055248626,-118.08457964640888,Medium
RouteID_e49f8a9f-46ab-4461-b461-d2a2c0399969,DBO3,2018-08-06,12:31:20,3313071.0,151,150,18,42.542814642384094,-71.47380443708609,Medium
RouteID_e4b07a1f-18c8-4be6-b4c2-7cc69750250b,DLA9,2018-08-22,14:19:06,4247527.0,151,150,19,33.596325423841066,-117.6891458874172,High
RouteID_e4bf9524-79c1-462c-a1ee-ce530d288ade,DLA8,2018-08-14,16:15:00,3313071.0,148,147,17,33.875729493243256,-118.12029025000002,High
RouteID_e4d411df-7909-4937-a925-d4a26f5246c6,DSE4,2018-07-21,15:37:13,4247527.0,152,151,13,47.677067598684225,-122.28144107894734,High
RouteID_e4d7a72f-6179-4377-8030-181d857e2f19,DLA7,2018-08-10,15:06:08,3313071.0,142,141,25,33.880050443661965,-117.7129810633803,Medium
RouteID_e4e0fdb2-adcc-414e-9eac-923a468d3710,DLA9,2018-08-24,16:00:00,3313071.0,131,130,22,33.65530433587786,-117.97151029770997,Medium
RouteID_e4e3ada4-e114-4551-b76e-53ed2acf4aaf,DBO3,2018-08-14,12:43:25,3313071.0,132,131,12,42.15800384848485,-71.7597058712121,Medium
RouteID_e4e6d03f-c581-4c55-a569-ccf3261dc519,DLA8,2018-08-11,16:23:49,3313071.0,174,173,23,33.81237255172413,-118.32058024137928,High
RouteID_e4ec246f-ada3-463f-9827-2eb024582b38,DLA3,2018-07-27,15:30:00,3313071.0,63,62,21,34.08626114285715,-118.34100814285712,Medium
RouteID_e4ec2f98-f2c1-473d-88e1-c2962a89dc42,DLA7,2018-08-12,16:27:29,3313071.0,175,174,28,33.98774262285716,-117.84347976000001,High
RouteID_e4f2a3a2-5bec-43a3-af14-4283d5229847,DBO2,2018-08-11,13:57:11,3313071.0,138,137,28,42.1609002246377,-71.1202225362319,Medium
RouteID_e4f60dc4-86c9-4918-9fd3-e63b03ff87c1,DLA9,2018-08-17,15:51:07,3313071.0,110,109,21,33.61273344545454,-117.89329479999996,High
RouteID_e51078ff-b1e1-4894-85f4-c40f7e5621ca,DBO3,2018-08-13,11:30:00,4247527.0,153,152,23,41.83969487581699,-71.36703294117649,High
RouteID_e5371102-1269-4302-8479-8eea3ed88694,DLA4,2018-08-13,15:31:01,3313071.0,158,157,13,34.20320934177214,-118.615132107595,High
RouteID_e545c3ac-acd9-477c-a995-2490564f1649,DLA9,2018-08-25,15:57:10,3313071.0,156,155,28,33.63743746153846,-117.8737187820513,High
RouteID_e5473e30-ba2a-45da-a91c-2d18f1f620c7,DLA5,2018-08-10,15:24:36,3313071.0,180,179,21,34.07277856666667,-117.16491298888883,Low
RouteID_e547749f-f01a-4eda-aa2e-86e97da68440,DCH4,2018-08-15,13:40:36,4247527.0,162,161,21,42.199593123456786,-88.38159505555554,Medium
RouteID_e54fb5e6-023b-4fee-a88d-591cc0a17268,DCH3,2018-08-03,13:05:03,4247527.0,173,172,19,41.88902651445083,-88.01242189017343,Medium
RouteID_e55ef2d8-f806-4c87-a3a1-b62a3b79d51b,DSE2,2018-07-25,14:53:48,4247527.0,110,109,16,47.63475545454544,-122.35985011818178,High
RouteID_e5647cab-17ca-4e3c-b517-098339a939fd,DCH2,2018-08-10,12:30:29,3313071.0,161,160,18,41.91485010559006,-87.88266039751551,Medium
RouteID_e5804ac5-fbb9-46e8-ba58-3b77d08a2575,DLA9,2018-08-10,14:33:40,4247527.0,128,127,26,33.6911953515625,-117.7462556875,High
RouteID_e591d351-e929-4e76-afae-36fa6b0134f2,DLA8,2018-08-05,17:15:48,3313071.0,124,123,21,34.052960532258076,-118.33875648387092,High
RouteID_e59479d1-089a-434f-a597-dad05c35473d,DBO2,2018-08-09,12:10:19,4247527.0,103,102,19,42.33580029126213,-71.03677688349514,High
RouteID_e5b0299c-1a6f-49aa-8f39-d766a621e759,DLA7,2018-07-30,15:37:42,3313071.0,145,144,21,34.11691309655174,-117.56050955172415,Medium
RouteID_e5d497ff-d703-4028-94d1-8123c4f64c0a,DBO2,2018-08-03,12:01:09,4247527.0,84,83,21,42.33628423809523,-71.0392313452381,High
RouteID_e5df9458-6dbd-4126-8fce-306d49d377f1,DLA9,2018-07-21,13:58:37,3313071.0,140,139,18,33.41742259285714,-117.61160780714287,High
RouteID_e5f29812-338d-472f-8888-5c315403b493,DBO2,2018-07-21,13:45:00,4247527.0,91,90,34,42.34474469230771,-71.11645345054946,High
RouteID_e5f30169-3e58-409c-bd39-25cfccfb2066,DSE2,2018-07-24,14:48:43,4247527.0,111,110,16,47.591896000000006,-122.29513967567571,High
RouteID_e602feb4-e785-4589-bbdc-695813eacc3d,DSE4,2018-08-19,15:00:44,3313071.0,172,171,31,47.72910030813954,-122.21432169767442,High
RouteID_e6116172-3f7a-48d1-9d6a-fd7d5c53cfeb,DLA8,2018-08-13,17:15:47,3313071.0,145,144,22,34.04103575172414,-118.33730233793106,Medium
RouteID_e62f4182-ec81-417d-82b0-3dac5ca38d4f,DLA7,2018-07-23,15:00:13,3313071.0,166,165,24,33.88338125903614,-117.83514200602411,High
RouteID_e62f605b-2610-4e8a-add6-1c8c98f3c654,DSE4,2018-08-17,14:55:15,3313071.0,161,160,27,47.73761813664596,-122.19832167701864,High
RouteID_e633de32-f3fe-42c7-8f9f-d9188d59fd27,DCH4,2018-07-23,14:08:12,3313071.0,170,169,21,42.280700570588266,-87.92234264705884,Medium
RouteID_e63677d8-be76-4b0c-984d-ced681a9f03f,DBO3,2018-08-03,12:42:01,4247527.0,176,175,28,42.19503292613635,-71.30402980113632,Medium
RouteID_e65d8e24-8f01-47d0-8045-f70b9799e21c,DLA9,2018-07-31,14:29:36,4247527.0,119,118,27,33.68924400840335,-117.75083563865552,High
RouteID_e6687a05-2453-4edc-b86c-7558ab6d93f6,DSE4,2018-07-25,15:10:55,4247527.0,105,104,15,47.67326860000001,-122.32467729523815,High
RouteID_15c93521-26e8-42ed-8057-82b9fb200335,DSE4,2018-08-14,15:03:10,3313071.0,170,169,27,47.811124282352914,-122.18681370588237,High
RouteID_15cf8aed-1e75-4350-bc52-bf452f278e79,DBO3,2018-08-03,11:30:00,4247527.0,142,141,23,42.350148647887345,-71.26265626760566,Medium
RouteID_15d4339c-36dd-4cf0-9f05-1c9c7b294e41,DLA7,2018-07-25,14:22:27,3313071.0,186,185,22,33.828504602150545,-117.8797510430108,High
RouteID_15f10a74-f88a-472c-9b93-f5e624e73356,DLA7,2018-07-27,14:24:00,3313071.0,166,165,26,33.94000654819276,-117.97826870481924,Medium
RouteID_15f87564-c14d-49bd-bb5a-32a6daaefb43,DLA8,2018-07-20,15:06:27,3313071.0,161,160,18,33.79518756521739,-118.12190811801246,High
RouteID_15fc5304-a804-415f-bd0f-a5a15c28cc63,DBO3,2018-08-14,13:14:29,3313071.0,157,156,14,42.16664968789809,-71.70472635668789,Medium
RouteID_16050de1-d05e-4381-8190-3d23f3eaf62a,DAU1,2018-08-12,13:55:58,4247527.0,147,146,43,30.277163020408164,-97.80000520408164,Medium
RouteID_16328208-4ba3-482e-997f-ceec7bdb8978,DLA4,2018-08-12,16:06:03,3313071.0,90,89,12,34.15829491111113,-118.69485692222224,Medium
RouteID_1632d41d-dfb0-428b-9501-8de2fa5ebd39,DBO2,2018-08-09,13:45:00,4247527.0,134,133,33,42.32343556716419,-71.14695642537312,Medium
RouteID_1643b492-7007-427c-99c0-20f271cd6e7f,DLA5,2018-08-12,14:59:07,3313071.0,183,182,26,34.127820666666665,-117.18857278688527,High
RouteID_164548bc-fda0-46ab-902a-9c8bd82061ba,DLA3,2018-07-23,15:30:00,3313071.0,98,97,24,34.115985581632664,-118.3225223469388,High
RouteID_16546f71-6b36-48a4-93e4-c972f183bffb,DBO3,2018-08-16,12:02:06,3313071.0,162,161,23,42.3263582839506,-71.70775700617283,Medium
RouteID_165d03b0-d4fa-40c8-9192-058064e7bcec,DBO2,2018-08-11,12:43:44,4247527.0,159,158,17,42.13598954088052,-70.94790643396227,Medium
RouteID_168613ad-a0f2-45f8-92d4-3b49af746dfc,DLA5,2018-08-08,15:51:01,3313071.0,175,174,23,33.94737118285713,-117.27917618857136,Medium
RouteID_168bfe56-6dee-4032-ba12-e0f50dadc3c4,DSE4,2018-08-12,15:10:43,3313071.0,147,146,26,47.84516953741499,-122.24488763945573,High
RouteID_16929b31-9c1f-44cf-aba7-4c44c06a1c98,DCH1,2018-07-27,15:00:00,3313071.0,82,81,25,41.899347085365854,-87.67646851219514,High
RouteID_169bd094-1974-422a-9e98-37a7a5f5b1da,DSE4,2018-08-20,15:30:47,4247527.0,124,123,15,47.67187391129033,-122.26640694354835,High
RouteID_16ca0e17-092c-400b-aabb-8a5f261f913b,DSE4,2018-08-23,15:41:18,4247527.0,114,113,14,47.69372486842106,-122.32012586842103,High
RouteID_16cdd6a4-ae80-4c66-96d5-b7153e5b0dd6,DLA8,2018-08-03,16:25:24,3313071.0,108,107,24,33.98883712962964,-118.43413565740742,High
RouteID_16d09eb9-d328-47b6-ae81-9dc0f19737ba,DLA7,2018-07-20,14:32:14,3313071.0,148,147,23,33.831161304054056,-117.89652447297306,High
RouteID_16d37884-8a1a-4f7d-acdf-a2598afde59e,DBO3,2018-07-31,11:30:01,4247527.0,168,167,24,42.454438821428575,-71.24311288095237,Medium
RouteID_16dbef50-3fcf-402e-9568-8f660bc548e1,DSE4,2018-08-11,15:04:14,3313071.0,175,174,27,47.84262417714283,-122.15871134285717,High
RouteID_16dc89b1-56eb-44f9-89d6-fcd5cf8776ca,DBO3,2018-07-29,13:10:44,3313071.0,174,173,18,42.12895764942531,-71.6608053448276,Medium
RouteID_16de3bf9-7afc-4e9c-ba57-8c7ecf6e1ec1,DCH3,2018-08-08,15:30:00,4247527.0,172,171,19,41.97440138953488,-88.10623291860465,Medium
RouteID_16dfbb94-ac9e-46bd-afe8-0b49cea540fd,DCH3,2018-07-23,15:17:26,4247527.0,201,200,20,41.7706541641791,-88.01044048756215,Medium
RouteID_16e834da-af7a-4a7d-be9d-48ca7ec8dd20,DLA7,2018-08-03,14:24:54,3313071.0,160,159,24,33.94270978750001,-117.92276691250004,Medium
RouteID_16f85b56-ccb8-4d20-ab98-f1f792efb985,DLA5,2018-08-03,15:14:34,3313071.0,149,148,22,34.03638802684562,-117.1572793825504,High
RouteID_17004243-c9a9-4329-9c53-5a231ee82387,DLA8,2018-07-27,17:44:36,3313071.0,104,103,18,33.872207307692314,-118.40236368269225,High
RouteID_170e50d6-1449-4453-8d18-8505d8de86b0,DBO3,2018-08-10,12:39:47,3313071.0,157,156,18,42.17816985987262,-71.69923197452226,Medium
RouteID_170f3c8e-036c-4069-84f4-87ff6b169f6a,DLA7,2018-08-17,15:06:13,3313071.0,131,130,19,33.88624012977099,-117.80578681679394,Medium
RouteID_17101589-dd43-4a1c-89ad-9e5918ff0649,DLA8,2018-07-22,17:24:38,3313071.0,109,108,10,33.91453940366973,-118.26092169724774,High
RouteID_172946e2-411d-4253-b9e0-5c2feb65d941,DLA7,2018-08-11,14:40:45,3313071.0,153,152,21,33.93678013071896,-117.99427646405233,Medium
RouteID_172d8147-eea6-4491-aaf5-4421716047db,DSE5,2018-07-26,13:56:05,4247527.0,197,196,21,47.244587238578674,-122.20207232994917,High
RouteID_1731105e-af6f-4474-9ace-f379932eb8de,DLA3,2018-08-14,14:19:00,3313071.0,143,142,14,34.035280223776226,-118.16723465734268,Medium
RouteID_1776d3ec-9753-48c7-9112-ef987b550413,DLA8,2018-07-24,16:11:03,3313071.0,165,164,23,34.06885635757576,-118.49226415151514,Medium
RouteID_17778105-3f00-4941-8532-6b37c9eb462a,DSE4,2018-07-26,15:44:27,4247527.0,165,164,26,47.797168509090895,-122.23402287878795,High
RouteID_177a98cf-c64d-4db2-a651-18ffe228b2bc,DLA7,2018-08-12,14:53:28,3313071.0,125,124,25,33.898195832,-117.874533848,High
RouteID_17817d17-59c2-4e07-acf4-1e2dd7ae877c,DLA9,2018-08-10,13:52:27,3313071.0,114,113,26,33.53916328070177,-117.64328471929831,Medium
RouteID_17890409-6249-4e49-96e2-d42ed10444aa,DLA7,2018-08-15,14:54:42,3313071.0,138,137,18,33.911484586956526,-117.87372558695648,High
RouteID_178c40d6-2b6f-4782-b589-532a86d7a916,DLA8,2018-07-31,17:40:13,3313071.0,93,92,20,33.89581678494624,-118.41387561290323,High
RouteID_178dc71f-33fd-44d5-a0d2-2927099bc95e,DLA9,2018-07-24,15:22:57,3313071.0,103,102,25,33.76137188349514,-118.14382694174756,High
RouteID_179181f0-41a6-49cd-a263-c72efd0b0b3b,DCH4,2018-08-08,15:24:36,4247527.0,163,162,23,42.18544356441717,-88.05880138036811,Medium
RouteID_1791c044-3576-4538-84db-d89545325d2a,DCH3,2018-08-16,14:17:54,3313071.0,201,200,23,41.726898517412955,-88.39334595024874,Medium
RouteID_17b12dec-014b-4a61-8330-526280948c63,DBO3,2018-07-30,11:27:23,4247527.0,181,180,25,42.373061707182295,-71.2109142154696,High
RouteID_17cd3b89-2e12-4948-809f-ae8198625c79,DLA9,2018-08-04,13:43:20,3313071.0,140,139,25,33.57962445000002,-117.73939413571425,Low
RouteID_17db4590-a007-4d2c-b4fe-59415bd05fe7,DCH4,2018-08-15,13:39:34,4247527.0,156,155,18,42.19582557692308,-88.13385293589744,High
RouteID_17e55a35-4a28-418d-bc6d-fd16384b05c2,DSE4,2018-08-08,15:04:14,3313071.0,156,155,18,47.88971199999999,-122.31136395512819,Medium
RouteID_1811c85b-eb2e-47dc-a634-27229ecd64fa,DBO3,2018-07-28,13:02:55,3313071.0,156,155,33,42.25586489102564,-71.64237145512824,High
RouteID_18287249-5c89-480a-9a74-88feee5dba54,DSE5,2018-08-07,13:58:25,4247527.0,120,119,10,47.28488499166668,-122.24678485833337,High
RouteID_1836de35-8b23-47ab-ab79-a684c4f06c2d,DSE5,2018-08-01,15:23:02,3313071.0,169,168,17,47.44645257988169,-122.14125680473364,High
RouteID_183b6cb9-1323-4271-8a4e-7d9682f35e90,DLA7,2018-08-02,16:26:18,3313071.0,167,166,22,34.14669504191615,-117.66607164670661,Medium
RouteID_183ef02c-8b0b-4f43-82f2-3edf8d2a4fad,DCH1,2018-08-03,15:00:00,3313071.0,180,179,17,41.88305338888889,-87.8964341666667,Medium
RouteID_183f1b60-7bb1-4f6e-8315-c845ed8015fd,DCH4,2018-08-16,15:44:36,4247527.0,177,176,21,42.39562884745763,-88.07751505084747,High
RouteID_18417e60-4e7e-4a88-baf7-b77adc028398,DBO3,2018-08-09,12:20:22,4247527.0,154,153,19,42.02773557792208,-71.16212070129868,Medium
RouteID_184199be-9527-42dd-9505-c82ea9748f66,DBO3,2018-07-30,13:21:07,3313071.0,175,174,30,42.20148570857142,-71.64728270857141,High
RouteID_184da9b1-0f34-4051-8018-19064a4059fc,DCH3,2018-07-23,15:28:39,3313071.0,172,171,20,41.78174818604652,-88.13687797093023,Medium
RouteID_18548b3f-3176-47b5-8e85-4b94ae99c4fe,DCH1,2018-07-28,14:41:20,3313071.0,189,188,23,41.82643582010582,-87.80229189417987,High
RouteID_18576aea-80d7-4d89-b7c6-1ccba447b855,DCH2,2018-07-28,12:25:27,3313071.0,199,198,19,41.993884678391964,-88.00206654773866,Medium
RouteID_18591a6d-7ebb-4b15-a21a-c476cdcd4bc8,DLA9,2018-08-16,16:22:36,3313071.0,187,186,19,33.7178877433155,-117.87607099465247,Medium
RouteID_186b93fa-f09c-45a5-9798-32fc7429319f,DLA4,2018-07-24,14:04:59,3313071.0,162,161,17,34.194703740740756,-118.38814829629634,Medium
RouteID_18718710-5655-42bd-a749-6d5089202b55,DLA7,2018-08-10,14:27:43,3313071.0,154,153,22,33.79501774675326,-117.80112040909094,High
RouteID_187caca1-1b53-4bbc-aab3-9bc8addf5470,DCH2,2018-07-25,14:12:19,3313071.0,179,178,23,42.00235038547486,-87.76846426256982,Medium
RouteID_187db59e-f029-4466-b4ad-f8a820e73144,DCH2,2018-08-07,12:29:19,3313071.0,176,175,22,41.94490482386365,-87.80561082954536,Medium
RouteID_18b10593-b310-4526-8754-1f639db0e738,DCH4,2018-08-02,15:35:01,4247527.0,171,170,18,42.159397859649125,-88.27357377192985,Medium
RouteID_18b43472-5001-470c-b7b1-71816392c68f,DSE4,2018-08-02,15:31:57,3313071.0,160,159,20,47.94928474375002,-122.27179925624998,Medium
RouteID_18b8f86a-3a1b-437d-91cd-565449f2b527,DSE5,2018-07-25,15:26:40,3313071.0,160,159,14,47.40839814374998,-122.20315643125,Medium
RouteID_18bc79d0-cf46-4acc-accb-dde9810fb9da,DSE4,2018-08-22,14:59:56,3313071.0,166,165,22,47.82444687349399,-122.23656829518072,Medium
RouteID_18bde751-16b3-4394-a137-ad9c99039e43,DLA7,2018-07-24,15:52:34,3313071.0,161,160,19,34.19588229813666,-117.35488207453409,High
RouteID_18cdb5c9-0e9e-4dec-a774-e6052381c803,DLA9,2018-08-17,14:30:46,4247527.0,146,145,26,33.59762857534247,-117.74170071917807,High
RouteID_18d7a0ff-40bb-4191-8c6f-80132647c1a2,DLA4,2018-07-24,15:56:34,3313071.0,132,131,15,34.155555151515145,-118.50102346969699,Medium
RouteID_18e6c0ec-208a-47a5-bd09-17ab80adc5c7,DLA9,2018-08-05,14:22:28,3313071.0,193,192,25,33.755567963730535,-117.79514307253883,Medium
RouteID_18fc2ae5-5ba2-4764-89f9-d6091577a9b9,DCH4,2018-08-08,13:46:13,4247527.0,157,156,23,42.44179712738855,-88.04653743312102,Medium
RouteID_1906e6c0-320f-4cd9-925e-bf13633d4967,DSE5,2018-08-11,15:11:08,3313071.0,184,183,16,47.328157608695626,-122.27446367391309,Medium
RouteID_1908c62c-ec25-42a6-b35f-1d62ecece635,DLA8,2018-08-01,16:19:28,3313071.0,85,84,21,34.05099531764706,-118.42428708235292,High
RouteID_1913e086-cf9d-468f-8c1e-2c9f749d359a,DLA5,2018-07-25,15:10:03,3313071.0,131,130,19,34.051745167938925,-117.18603624427479,Medium
RouteID_1920a6ac-6a01-4350-8751-007fc5cb043e,DLA7,2018-08-09,16:07:42,3313071.0,121,120,17,34.138328768595045,-117.58612976033059,Medium
RouteID_192b99c5-28e2-4f51-9dd7-e572d95b0e6b,DLA7,2018-07-24,15:07:51,3313071.0,159,158,24,34.141166635220124,-117.84489433962261,Medium
RouteID_192ee707-ba17-49dc-aeb5-63950a3068df,DLA7,2018-07-23,16:00:00,3313071.0,177,176,23,34.08532084180792,-117.62593886440676,High
RouteID_19426f26-c2b3-4bce-b12d-87e59abc629b,DCH3,2018-08-17,12:53:49,3313071.0,166,165,15,41.58583524096387,-88.19267565662652,Medium
RouteID_195225a7-822c-4304-9493-b24700e33c9c,DCH4,2018-07-29,13:54:52,4247527.0,196,195,34,42.36659053571429,-87.98951397959185,Medium
RouteID_195c1c1b-dd95-4792-a061-d001edeafdf4,DBO2,2018-08-09,12:07:16,3313071.0,175,174,23,42.09395376571429,-70.95862413714288,Medium
RouteID_19698ca8-5565-4bad-a1a6-0c257f4da0f8,DSE2,2018-07-27,14:30:00,3313071.0,96,95,18,47.59653519791669,-122.29138378124999,High
RouteID_1977bcd7-9028-43ad-881c-7f3a279f30ea,DSE5,2018-08-21,15:21:04,4247527.0,119,118,9,47.268649512605066,-122.52065121008405,Medium
RouteID_1978b59e-63bf-4965-99e6-2885c88b2d00,DSE4,2018-08-24,15:31:56,3313071.0,154,153,24,47.90683390909091,-122.30766899350647,High
RouteID_197f4fd2-40e2-412b-a6ee-8fc494539116,DLA7,2018-08-14,15:56:06,3313071.0,149,148,21,34.1530072214765,-117.58167444295297,High
RouteID_19809838-8a26-4996-89ba-48f96d9483ae,DSE2,2018-08-07,14:30:00,3313071.0,86,85,19,47.62309738372092,-122.3076851627907,High
RouteID_19820ca8-bc6c-4bed-9b91-92d62a2c2489,DSE4,2018-08-24,15:30:00,3313071.0,167,166,26,48.08637864670658,-122.14649034730542,Medium
RouteID_1988c40b-64ec-45fc-95b5-31880886891f,DBO3,2018-08-04,12:47:36,4247527.0,154,153,26,42.28396127272726,-71.50987076623379,Medium
RouteID_199e3588-2dbd-4e1a-915c-1cb2259cbc3e,DLA7,2018-08-11,16:19:45,3313071.0,165,164,24,34.11936539393938,-117.71283952121212,High
RouteID_19a4e9c4-52ea-4b74-be25-ea206a349fb7,DAU1,2018-08-06,14:27:29,4247527.0,179,178,34,30.16861211173184,-97.83367006145245,Medium
RouteID_19ca211b-955d-4fe9-a547-77b58cbb8f29,DLA7,2018-08-09,14:54:04,3313071.0,147,146,23,33.86517192517007,-117.74236213605442,High
RouteID_19d4cd53-f164-4f06-b6ea-628cbd187254,DLA3,2018-07-21,14:40:05,3313071.0,65,64,19,34.08813326153846,-118.34150179999999,High
RouteID_19d801b0-910b-46bb-ad04-7af6eb38d258,DSE4,2018-08-03,15:52:57,4247527.0,116,115,15,47.69202126724139,-122.3012733362069,Medium
RouteID_19db8fb3-607f-49a0-82ae-99815d5f99bd,DAU1,2018-08-06,15:30:00,4247527.0,194,193,36,30.18570153092784,-97.98460848453607,High
RouteID_19df4318-f091-49de-af4f-2d37a7a7be63,DAU1,2018-07-29,15:32:31,4247527.0,152,151,37,30.42451099342103,-97.76411668421056,High
RouteID_19e1c1d3-5abc-4ed6-a6f0-62e5fa2b7655,DAU1,2018-08-07,15:30:00,4247527.0,111,110,22,30.237589360360364,-97.76521176576581,High
RouteID_19f58c98-a014-44a0-89a0-000c0442610c,DLA7,2018-08-12,16:00:00,3313071.0,162,161,23,34.0237700617284,-117.6742282777778,Medium
RouteID_19fda6ef-a2e5-4c95-8dfd-73fb9af8e0be,DAU1,2018-07-25,14:34:28,4247527.0,143,142,30,30.279649657342656,-97.79843723076925,Medium
RouteID_1a004cf9-631a-46db-8be5-0906d0e99152,DLA7,2018-08-02,14:16:08,3313071.0,140,139,21,33.84771485000001,-117.88964502142858,Medium
RouteID_1a02d09f-2690-4564-87fc-b6d36045e5ba,DLA4,2018-08-09,14:32:56,3313071.0,70,69,13,34.15008084285714,-118.37446924285716,High
RouteID_1a1c58bc-db53-45b1-b742-7ac3396550e3,DBO3,2018-08-02,12:01:26,4247527.0,146,145,17,42.121267246575336,-71.09383997945207,Medium
RouteID_1a279ac2-41aa-4a5e-85de-061f3475896c,DAU1,2018-07-23,15:36:07,4247527.0,189,188,37,30.386667878306874,-97.69589808994714,Medium
RouteID_1a2bfa66-0a93-4e55-a261-0e341b6f05b6,DLA5,2018-08-07,16:00:58,3313071.0,181,180,22,33.95767893370166,-117.41946533701658,High
RouteID_1a48f1f3-d2a2-4431-a078-18f832745700,DLA4,2018-08-06,16:36:32,3313071.0,173,172,13,34.23546082080926,-118.48645615028903,Medium
RouteID_1a4903de-1a85-4bca-921a-f746c68fbf7a,DCH4,2018-08-14,14:06:53,4247527.0,150,149,18,42.067970813333325,-88.19861205333333,High
RouteID_1a4e2edf-3fde-409f-8bf6-f01ff98d5afa,DLA7,2018-08-09,16:07:13,3313071.0,158,157,22,34.12439552531647,-117.61049600632904,Medium
RouteID_1a6e1961-680a-4b15-8758-33328d2704b1,DCH4,2018-07-24,14:07:12,3313071.0,183,182,21,42.0960598360656,-87.94122882513665,Medium
RouteID_1a6fb97c-0be1-475a-bbf6-766a0e1b7e63,DLA8,2018-07-27,17:30:30,3313071.0,183,182,14,33.94754552459016,-118.30912761202191,High
RouteID_1a820acb-b9e5-41ee-958b-7da046bf5a9f,DLA4,2018-08-14,15:31:00,3313071.0,105,104,9,34.14356016190477,-118.64958098095234,Medium
RouteID_1a8ac95b-7221-4fc1-b675-87d2f8ea22d2,DLA7,2018-07-20,15:57:16,3313071.0,173,172,18,33.97407125433525,-117.58222754335257,High
RouteID_1a94ce0a-8057-4932-a90b-0999038e84a1,DSE2,2018-08-08,15:06:06,4247527.0,116,115,17,47.64193681034483,-122.36194126724139,High
RouteID_1a9f234d-bdc8-43eb-b24e-089a7118af96,DCH2,2018-07-25,14:20:07,3313071.0,168,167,20,41.99386126190476,-87.73391930357144,High
RouteID_1aa6f111-735e-4c56-9aad-65f08c4aed70,DLA8,2018-08-01,15:04:52,3313071.0,133,132,21,34.036521676691756,-118.38936475187971,High
RouteID_1ab691cd-3e3b-4511-9c5e-6b85469b0d0e,DLA7,2018-07-26,16:00:00,3313071.0,178,177,24,34.0708374550562,-117.64410881460674,Medium
RouteID_1ad14451-bf0f-4a44-9b28-a95e4bf4420e,DLA7,2018-08-07,16:31:14,3313071.0,174,173,25,34.01484106896552,-117.79560073563218,Medium
RouteID_1adcd5b6-0ad8-4349-8acb-6fa7b4e04fbf,DLA7,2018-08-03,15:39:46,3313071.0,178,177,22,33.90747798314606,-117.5207272977528,High
RouteID_1b1bc75f-7da5-41a4-bb8d-1b9986545455,DSE4,2018-08-03,15:39:15,4247527.0,126,125,15,47.6926763174603,-122.32037919047617,High
RouteID_1b1c9d7f-5648-43fc-926d-c72a027a282b,DBO3,2018-08-16,12:05:11,4247527.0,147,146,22,41.9371858435374,-71.29566072789112,Medium
RouteID_1b26a139-64ea-4781-945e-727762ab66e9,DAU1,2018-07-28,15:23:52,4247527.0,188,187,48,30.525360771276606,-97.70097998936173,Medium
RouteID_1b2e2d9f-9681-4e2f-b2e0-8a419f779123,DBO3,2018-08-06,12:15:00,4247527.0,167,166,24,42.16135592215569,-71.23614658083831,Medium
RouteID_1b30cea6-7dbc-4120-8c40-1c603e7149ac,DBO2,2018-07-26,12:49:04,3313071.0,101,100,22,42.34653874257425,-71.15319384158414,Medium
RouteID_1b39513c-8631-4955-8fb7-126ab6cfa3bb,DBO3,2018-08-06,12:54:54,4247527.0,182,181,37,42.28160575274727,-71.34488570329673,Medium
RouteID_1b3dc840-1ac3-440c-a759-1358d1197eb8,DLA9,2018-08-18,15:45:08,3313071.0,104,103,27,33.659814115384606,-117.89241834615385,Medium
RouteID_1b43bdc9-459e-4319-981c-af3f19b4bcf5,DSE2,2018-08-17,14:23:09,3313071.0,60,59,16,47.62256385,-122.31585445000003,High
RouteID_1b50ac13-dc08-4d83-a150-ba6f31d29531,DSE4,2018-08-15,16:04:44,4247527.0,126,125,15,47.68525753968254,-122.27805473809524,Medium
RouteID_1b518807-a450-499d-8a69-263a2bbc778b,DSE4,2018-08-26,15:39:50,4247527.0,106,105,16,47.66684278301886,-122.28426303773583,Medium
RouteID_1b51b13d-7396-4dee-ac38-2d4b0b0e3c63,DLA9,2018-08-13,15:00:00,3313071.0,134,133,19,33.49708333582089,-117.71207380597015,High
RouteID_1b53d10f-79ec-4e35-bb9a-bd0707d01002,DLA9,2018-08-23,16:07:11,3313071.0,160,159,26,33.64839805624999,-117.90122113750007,High
RouteID_1b6506c9-bdb0-4a5f-a563-7460431b723c,DLA7,2018-07-24,16:31:47,3313071.0,150,149,18,34.095908586666674,-117.62119486666667,High
RouteID_1b74928a-a484-4726-a525-f970849cf164,DLA7,2018-08-05,14:26:17,3313071.0,150,149,27,33.84293261333335,-117.83988005999997,Medium
RouteID_1b76b670-184e-4565-872c-5d9f29442fd5,DLA8,2018-08-02,15:00:25,3313071.0,122,121,25,33.772503639344265,-118.15800862295082,High
RouteID_1b77ba33-65ce-4eea-b8dd-a5c6ed63ea59,DLA3,2018-07-26,15:50:43,3313071.0,126,125,30,34.108225984126996,-118.31323953968254,High
RouteID_1b797698-3bf4-435b-b5b2-b5ee3befef5a,DSE5,2018-08-12,15:12:20,3313071.0,123,122,16,47.4753397886179,-122.17869086178862,Medium
RouteID_1b831b48-5ba3-4f1b-b994-992a9305259a,DLA3,2018-08-13,16:00:00,3313071.0,143,142,13,33.98044763636365,-118.19440472027975,Medium
RouteID_1b9177d7-bdef-4b64-97d4-b07badecf8a0,DLA3,2018-07-21,14:43:43,3313071.0,128,127,21,34.086107640624995,-118.28374733593748,Low
RouteID_1b9d3708-e98c-4f60-a474-4b24a3814fb8,DSE2,2018-08-19,14:31:03,3313071.0,75,74,23,47.62139714666668,-122.31450362666665,High
RouteID_1bbea6ae-dbc1-405d-b922-0e9cb3681f25,DSE5,2018-08-21,13:48:57,3313071.0,203,202,19,47.350099645320185,-122.27390883743838,Medium
RouteID_1bc5771b-4d0f-4b2d-99c7-0bad1a189e2a,DCH4,2018-08-17,13:57:05,4247527.0,146,145,24,42.08319721917809,-88.05779744520544,Medium
RouteID_1bcf3f03-bb29-4cef-a5b5-d48ba2edbc4d,DLA8,2018-07-25,16:35:54,3313071.0,130,129,17,34.11509476153845,-118.47398759230772,High
RouteID_1bd61f8c-b017-4b0d-ad40-f0dd96ca7824,DLA7,2018-07-26,16:00:00,3313071.0,152,151,23,34.139355539473684,-117.59440769078951,Medium
RouteID_1bddb94a-e8eb-4f48-ab36-907649bf707b,DLA8,2018-08-01,16:43:50,3313071.0,153,152,17,33.789215699346386,-118.31449543790848,High
RouteID_1be05be5-4fd0-4338-8959-f55f90168d35,DLA3,2018-08-15,15:30:00,3313071.0,82,81,17,34.118649097560976,-118.32457187804876,Medium
RouteID_1bfbbc25-b21c-46ea-9d2e-0b50b414e15f,DCH3,2018-07-31,13:23:57,4247527.0,169,168,18,41.937608011834314,-88.07442843786984,High
RouteID_1c045cf9-85a3-4800-9955-dd09a955d4a6,DLA7,2018-08-16,16:35:56,3313071.0,151,150,24,34.12153021854305,-117.62059580794705,Medium
RouteID_1c06cf4d-9283-4bc3-9d85-1c647e4ad0b1,DLA9,2018-08-15,14:00:12,3313071.0,160,159,23,33.62571523124999,-117.65967623750002,Medium
RouteID_1c1779ec-f46f-4ece-a647-da835f52ec85,DLA5,2018-08-01,16:12:35,3313071.0,185,184,22,34.036304102702694,-117.15677242702702,High
RouteID_1c4f16b6-cf1f-4a87-a82d-8705980cad11,DLA7,2018-08-15,15:42:48,3313071.0,125,124,21,34.19291321600001,-117.352917264,Medium
RouteID_1c573c3b-a152-4d97-be0f-524cc851337d,DLA9,2018-08-11,15:54:36,3313071.0,177,176,26,33.65561279661017,-117.96097681920908,High
RouteID_1c730123-1d5a-4720-987a-13a6e6c8d8a6,DLA7,2018-08-11,16:05:36,3313071.0,185,184,22,34.143257616216204,-117.65171677297292,Medium
RouteID_1c7775d9-bddf-498a-9a34-ce0ed33936ac,DLA7,2018-08-11,17:44:31,3313071.0,158,157,24,33.892324234177224,-117.77096215822783,High
RouteID_1c9a58b8-a25b-4b4c-9d90-cfbd5e64f7b6,DSE5,2018-08-17,14:02:15,4247527.0,116,115,6,47.28560502586207,-122.17153196551727,High
RouteID_1ca0098f-00f2-422d-ac71-ec425382e47c,DLA4,2018-07-20,15:27:54,3313071.0,137,136,11,34.22481848175181,-118.83628753284671,Medium
RouteID_1cbd09cc-61a3-4299-8220-a911afacbc74,DSE5,2018-08-07,15:01:02,3313071.0,182,181,18,47.434180230769215,-122.33897962087906,Medium
RouteID_1ccdcb04-9058-44b0-9bca-00b8f237d096,DSE5,2018-08-21,13:56:48,4247527.0,155,154,15,47.14713996774194,-122.26238114193552,Medium
RouteID_1cd900c1-dda3-4fbd-87d6-8d4293eb7ba7,DLA9,2018-08-18,15:05:51,3313071.0,148,147,26,33.823309520270264,-117.94958257432437,Medium
RouteID_1cdff6d0-ddfa-4b3e-a57a-983da651c5c3,DLA9,2018-08-07,14:24:43,3313071.0,120,119,22,33.65816823333333,-117.64045464999995,High
RouteID_1cef8c8c-cc49-4d87-8b62-a777b4189d1c,DLA7,2018-08-11,15:33:21,3313071.0,166,165,17,34.11554099999997,-117.46925077710844,Medium
RouteID_1cf58ace-5e38-4a8e-a10e-9548030d3445,DCH1,2018-08-16,14:26:14,3313071.0,183,182,17,41.78726424590167,-87.71750475956283,Medium
RouteID_1cfa272e-cb3d-4ea4-9cac-dc6dc356d7f0,DLA7,2018-07-27,16:00:00,3313071.0,197,196,27,33.94432811167514,-117.59894064467005,Medium
RouteID_1d25e26b-3dc3-49e7-9997-2e528cd0b234,DSE4,2018-07-30,15:48:29,4247527.0,107,106,13,47.67334341121495,-122.28005126168223,High
RouteID_1d2a0c4e-f475-41e4-a159-474e3ef3fc18,DLA7,2018-07-23,16:00:00,3313071.0,169,168,25,34.13171227218935,-117.76210518934909,High
RouteID_1d2aa8bd-29b6-459b-a0ee-8fc93c9e27f9,DSE4,2018-08-04,15:39:23,4247527.0,100,99,32,47.66908132999998,-122.31284764,High
RouteID_1d2c080b-ab50-4789-91ab-a094091b9124,DLA9,2018-08-06,15:15:36,3313071.0,153,152,23,33.73601720261438,-117.9580067973856,High
RouteID_1d32a11d-cbb8-4273-a18a-5b0b37c5d259,DLA9,2018-08-18,16:11:26,3313071.0,131,130,28,33.676260580152665,-117.78331183969466,High
RouteID_1d46b6e7-a26b-4a92-b6f5-30f768ecba63,DSE5,2018-08-13,14:00:00,4247527.0,154,153,15,47.09901959740261,-122.31681468181826,Medium
RouteID_1d50d79d-5b85-4811-be2b-0656ad68e1ef,DCH4,2018-07-30,15:59:16,4247527.0,140,139,25,42.05747729285715,-88.0993873071429,High
RouteID_1d600c35-25f3-47da-af06-d979d32bdab5,DAU1,2018-08-10,14:35:47,4247527.0,143,142,36,30.31997887412588,-97.74568341958043,High
RouteID_1d6a4033-59f4-4930-bbcc-ce4245b001bc,DLA7,2018-08-09,14:30:00,3313071.0,151,150,24,33.8762459602649,-117.9399514768212,High
RouteID_1d916cbe-36b2-49af-8025-e086007be433,DLA7,2018-08-17,16:31:15,3313071.0,155,154,25,34.00389474193548,-117.73743811612904,Medium
RouteID_1d917b81-56cf-40b4-acc5-32c12b3c5954,DBO3,2018-07-23,12:46:45,4247527.0,170,169,34,42.312288488235296,-71.31437145882352,Medium
RouteID_1d9debe1-294a-4bda-80a6-d2aef1c7911a,DSE4,2018-07-30,15:00:37,3313071.0,167,166,27,47.71867800598804,-122.23421893413177,Medium
RouteID_1dc8b0f4-66fa-4251-b56c-17a225588c0b,DLA3,2018-08-14,15:06:51,3313071.0,58,57,12,34.09568531034483,-118.34715286206902,High
RouteID_1dd875ff-da1c-4707-b6dc-892447100d76,DLA7,2018-07-24,16:00:00,3313071.0,177,176,19,34.15842162146894,-117.41850235028245,High
RouteID_1dda72a4-d8ed-4d6f-9218-bd1b62822a2e,DCH3,2018-08-17,12:51:20,4247527.0,190,189,19,41.912412531578944,-88.0726278,Medium
RouteID_1de260a1-709e-4983-973d-6ad3b8be1807,DLA8,2018-08-05,17:08:43,3313071.0,161,160,21,34.041635714285704,-118.33668568322973,Medium
RouteID_1de3bb54-6762-4c39-803d-2416f9facd9a,DLA9,2018-07-22,14:30:07,3313071.0,135,134,27,33.738206770370375,-117.79430017037039,High
RouteID_1de9b155-f021-47b8-912d-fb5d6fc28c05,DLA7,2018-08-16,15:07:05,3313071.0,147,146,19,34.13461810204079,-117.83421727210883,Medium
RouteID_1df23b11-f266-439c-bd6d-58fb47700d19,DLA7,2018-08-17,14:58:40,3313071.0,148,147,22,34.10750855405405,-117.79385883783783,Medium
RouteID_1e0a7f96-96fc-4877-9544-16a224eddcb7,DLA7,2018-08-02,14:42:40,3313071.0,142,141,25,33.84603949999999,-117.78849320422533,Medium
RouteID_1e10e389-0caf-47d4-a448-d332c78c6dfa,DLA9,2018-07-20,16:13:29,3313071.0,125,124,24,33.67795149600001,-117.826694096,High
RouteID_1e29d69b-f9d4-4385-a84a-272337bcacae,DLA7,2018-07-27,15:43:22,3313071.0,177,176,24,34.17220289265538,-117.42835144067799,High
RouteID_1e2d4976-9091-4f47-be98-beb73f038079,DLA7,2018-07-21,14:27:13,3313071.0,146,145,18,33.82838930136988,-117.89607384931507,Medium
RouteID_1e2fe8f9-a129-44c1-96a1-0582a859fe9e,DLA8,2018-07-28,15:01:28,3313071.0,86,85,25,34.01840577906977,-118.41245110465115,High
RouteID_1e32c066-28f4-4e7d-a2b8-7d3bf5dbca80,DBO3,2018-08-03,12:15:00,4247527.0,166,165,21,41.918133957831316,-71.30951803012047,Medium
RouteID_1e3c7d27-aad4-4440-b1f5-529a2a0b09a6,DLA8,2018-07-27,16:25:42,3313071.0,127,126,14,33.79065044881889,-118.30323196062993,High
RouteID_1e46b24c-0893-46f4-9caa-9f6ab4ce433b,DLA9,2018-08-16,15:17:28,3313071.0,125,124,17,33.81799633600001,-118.00063250400001,Medium
RouteID_1e4f9774-6d7e-4117-acb7-a67d5ce38351,DLA7,2018-08-07,16:00:00,3313071.0,143,142,20,34.02339041958043,-117.54713946153844,Medium
RouteID_1e59fe32-ef5b-4126-8487-6f519c3ef5fc,DLA4,2018-07-20,16:53:08,3313071.0,135,134,9,34.26007614814814,-118.48467282962964,Medium
RouteID_1e5e41a6-607e-4cd2-8fa5-e9ff71291486,DLA5,2018-08-09,14:39:03,3313071.0,162,161,21,34.11557566666667,-117.22537425925927,Medium
RouteID_1e67087d-5472-4f38-9f5b-9851c77e886f,DBO2,2018-07-27,13:14:43,3313071.0,164,163,12,42.27187169512193,-71.10668825609756,High
RouteID_1e6ec409-8ea3-4b4c-a25b-7a6b43f02d31,DCH4,2018-08-14,13:37:06,4247527.0,168,167,17,42.27085058333333,-88.16769058333335,Medium
RouteID_1e927229-921e-400a-9945-563ce684e5f2,DLA7,2018-07-23,15:18:49,3313071.0,156,155,26,33.87917228846154,-117.68416941025643,Medium
RouteID_1e94a22b-adcc-419a-92cf-633b1ccb6cc2,DBO3,2018-07-29,12:34:32,4247527.0,102,101,9,42.24985026470588,-71.81103218627455,Medium
RouteID_1e973c83-dd32-4626-80e9-df51e737369f,DBO2,2018-08-10,13:00:52,4247527.0,109,108,23,42.34945109174312,-71.15337770642203,Medium
RouteID_1e991fd4-ab43-4c56-89e5-98cdc6546b22,DBO2,2018-08-03,13:20:22,3313071.0,177,176,20,42.263123141242936,-71.12434782485869,Medium
RouteID_1eb0403a-36b0-403e-ab48-58971290b3cc,DCH4,2018-08-12,14:00:32,4247527.0,179,178,26,42.06195825698323,-87.9786994189944,Medium
RouteID_1ebfb135-24f3-4f47-a7e2-3677af697b48,DCH4,2018-08-07,15:49:12,4247527.0,184,183,32,42.109787869565196,-88.0404910597826,High
RouteID_1ec9500d-bfa3-42a2-b384-72fe09c0606e,DBO2,2018-08-05,14:11:32,4247527.0,164,163,32,42.21095629878049,-71.2325305609756,Medium
RouteID_1ecf0717-d72a-40b6-ac12-109f19d64e6d,DCH4,2018-08-05,15:03:57,4247527.0,192,191,31,42.064554776041675,-87.99115994791667,High
RouteID_1ed04d3b-212a-44ed-8650-70342e92cbdb,DCH4,2018-08-10,14:14:11,3313071.0,138,137,15,42.14456185507247,-88.0179725362319,Medium
RouteID_1ed090bd-c952-4c53-a1e7-2ec137403e30,DSE5,2018-08-06,14:23:07,4247527.0,149,148,10,47.181313201342284,-122.44497055033551,Medium
RouteID_1ed3ac03-71d8-4ce2-88cd-34d74caaf408,DSE4,2018-08-09,15:30:56,3313071.0,181,180,26,47.893095049723755,-122.20510306077344,High
RouteID_1ed77193-681d-49c9-b80b-0e4e7d869f7c,DSE2,2018-08-18,17:16:53,4247527.0,83,82,17,47.636594951807226,-122.37082537349399,Medium
RouteID_1edb725a-b5a6-43e9-b869-4889b6590b86,DCH3,2018-07-30,14:17:23,3313071.0,194,193,18,41.691277603092786,-88.2178519381443,Medium
RouteID_1eed4233-a441-4b03-bf72-01704addecf4,DBO2,2018-08-17,12:13:07,4247527.0,160,159,22,42.176195768749984,-70.94834403125004,Medium
RouteID_1f001637-c8f0-455c-9af7-b762d9bf7c4b,DLA4,2018-07-23,15:27:16,3313071.0,172,171,16,34.2413516627907,-118.7976887151163,High
RouteID_1f0fe1f6-4a53-4d9b-a82f-27a285319ad6,DLA9,2018-08-23,16:01:21,3313071.0,149,148,23,33.69790275167787,-117.98329226845641,Medium
RouteID_1f2fbcc9-a5fc-48c7-8b05-499b99270fbe,DSE5,2018-08-22,15:19:52,3313071.0,171,170,12,47.360284210526295,-122.18677633333324,Medium
RouteID_1f3637cf-a90a-4d2a-88be-0754b9ab6c8a,DLA9,2018-08-26,15:00:00,3114853.25,106,105,24,33.53401090566038,-117.76936662264154,Medium
RouteID_1f387e67-ca90-45e7-a476-b123cd371570,DLA7,2018-08-04,16:00:00,3313071.0,147,146,23,33.965808802721085,-117.74077631972797,Medium
RouteID_1f421293-d24b-437e-886d-f976e2b269ff,DLA3,2018-07-23,16:00:00,3313071.0,160,159,17,33.95371074999999,-118.11440909375003,Medium
RouteID_1f592c48-8646-4194-b6a3-d5fd027e11b5,DLA7,2018-08-07,15:19:50,3313071.0,156,155,25,33.92576906410255,-117.8512589935898,Medium
RouteID_1f5a2cf1-c0c2-4b49-aefd-36180307a928,DLA5,2018-08-08,14:27:26,3313071.0,187,186,18,34.10683894652407,-117.35466937433154,High
RouteID_1f6c4c20-fcf5-42cc-84b3-18b63ccfc15a,DCH3,2018-08-16,14:08:09,3313071.0,201,200,24,41.70089795522389,-88.20550969651738,Medium
RouteID_1f70b9e7-0b4d-43b0-9cc5-b006f0deb68a,DCH4,2018-07-23,14:10:37,3313071.0,188,187,25,42.125230659574456,-87.94941226595742,High
RouteID_1f7ab2c9-901b-4965-805d-8a657a5cc202,DBO2,2018-08-13,13:30:27,3313071.0,118,117,22,42.154914923728796,-71.1527055508475,Medium
RouteID_1f7efc30-c2a1-4f42-89d6-c65228170bd4,DLA9,2018-08-18,16:00:37,3313071.0,163,162,36,33.63089264417177,-117.90328744171778,Medium
RouteID_1f87e385-ec61-4c65-a9b2-8aab131a6068,DSE5,2018-08-23,14:07:42,3313071.0,165,164,17,47.4401074787879,-122.33790198181823,Medium
RouteID_1f9c0f09-90f0-432f-9d9d-4c8a682d9253,DBO2,2018-07-31,12:05:13,4247527.0,94,93,24,42.3171559361702,-71.1113369574468,High
RouteID_1fbe679c-4bdb-4fc7-85a7-feb9c1b225d9,DBO3,2018-08-11,12:23:03,4247527.0,145,144,15,42.06332120689656,-71.03127166896556,Medium
RouteID_1fdb54c4-b0aa-4392-b70d-b74ec73cc188,DCH2,2018-08-04,12:40:18,3313071.0,186,185,18,42.00360311290323,-87.99378484408601,Medium
RouteID_1fe9118b-8457-4638-baca-3e8852b3b88b,DBO3,2018-08-11,11:29:07,4247527.0,110,109,19,42.41651988181817,-71.22825653636362,High
RouteID_20135dab-fa42-4ec3-a0e8-5332a30be610,DSE4,2018-08-17,14:52:44,3313071.0,172,171,25,47.77587797093024,-122.22916237790697,Medium
RouteID_201a299b-092d-4e00-9270-c5da718ff50d,DAU1,2018-08-15,15:30:00,4247527.0,142,141,23,30.372034464788733,-97.97948605633802,Medium
RouteID_201ce14f-4c8c-483a-822b-3eee01cd5293,DSE4,2018-08-03,15:30:22,4247527.0,109,108,13,47.69563765137614,-122.31294854128437,High
RouteID_202840e0-5faa-4f86-a4d9-0b947872ff05,DLA7,2018-08-13,15:52:58,3313071.0,184,183,23,33.90949733152174,-117.58901796195657,Medium
RouteID_202911f2-98e1-45e2-ada8-1e670b3f5729,DLA7,2018-07-24,15:38:38,3313071.0,143,142,20,34.117158706293715,-117.52998175524476,High
RouteID_2045eef9-56f8-4aa9-94c1-a508624af0d7,DSE4,2018-07-31,15:03:53,3313071.0,172,171,22,47.840480947674415,-122.15175911046511,High
RouteID_2056a5f3-6701-4105-9ca3-0ab051db6f7d,DLA9,2018-08-17,16:15:25,3313071.0,135,134,33,33.642556725925914,-117.8366439111111,Medium
RouteID_205a07b4-2a36-4af5-95a3-7e115f8df8f1,DLA7,2018-08-17,15:09:10,3313071.0,140,139,20,33.8775434642857,-117.66050732857146,High
RouteID_20630d1a-2ecb-4b41-8c96-1e29e4d7b7d9,DBO2,2018-08-01,13:56:39,4247527.0,172,171,29,42.28195004651162,-71.23330735465116,High
RouteID_206a30bd-2467-47df-a1e1-bf22565781a7,DLA9,2018-08-24,16:18:00,3313071.0,139,138,24,33.68306288489209,-117.78930052517988,High
RouteID_207f7cd8-125d-48fa-a7f4-a7ef369b3631,DLA7,2018-08-05,15:42:47,3313071.0,164,163,23,33.9382125121951,-117.67254615243904,High
RouteID_208540e3-8cfe-4332-a23e-6100b3969851,DLA7,2018-08-02,15:06:03,3313071.0,128,127,22,33.91198009375002,-117.84926709375002,High
RouteID_20895b86-624b-4865-8f2c-70257d399cca,DLA7,2018-07-31,14:52:02,3313071.0,138,137,25,33.87392661594202,-117.83529884782607,High
RouteID_20919dc7-de48-4086-a637-bd51354a99b4,DLA4,2018-08-13,13:45:00,3313071.0,122,121,17,34.16983721311474,-118.42392869672132,Medium
RouteID_2096c85e-9c21-4ae7-a9a1-16ebba0ce7e2,DCH2,2018-08-16,13:16:12,4247527.0,173,172,23,42.0685040751445,-87.7095483410405,Medium
RouteID_20a66e8d-4f4b-461f-88d0-c02c7e9a49de,DLA8,2018-08-12,16:16:09,3313071.0,134,133,26,33.992063835820886,-118.4230021940298,High
RouteID_20a8a68b-62ad-4e65-802d-c3c293bd03d3,DCH4,2018-08-16,15:42:44,4247527.0,155,154,26,42.33849772258068,-87.99913576774193,Medium
RouteID_20b0d07d-4aa8-458f-b1b4-f2c90604b7df,DSE2,2018-08-19,14:18:44,3313071.0,111,110,20,47.59780037837838,-122.29215858558554,Medium
RouteID_20bd13a2-34ca-470d-9103-5cd4cbc09d70,DLA9,2018-08-05,15:56:41,3313071.0,157,156,28,33.65537168152865,-117.90193774522288,High
RouteID_20c5ae7f-6d83-402c-9832-b3483ff5e2e4,DSE4,2018-08-18,14:47:31,3313071.0,178,177,30,47.741613258427,-122.24254309550555,High
RouteID_20d4fd40-d06c-42d7-a9f8-8dcf3347abb7,DCH4,2018-08-14,16:06:45,4247527.0,153,152,18,42.391698679738575,-87.8529141895425,High
RouteID_20e05455-9fd9-46a2-a16d-74fbd4a9e32e,DLA9,2018-08-24,14:15:47,3313071.0,165,164,23,33.64096418787878,-117.65782512727277,Medium
RouteID_20e08fff-80cf-4da8-8453-829af405e0fb,DLA9,2018-08-05,15:46:34,3313071.0,123,122,26,33.65047850406505,-117.91396907317075,Medium
RouteID_20f35763-5c79-4bc8-aa2b-dfcc3a119b95,DBO2,2018-07-25,14:16:30,3313071.0,144,143,22,42.263761944444425,-71.26529296527777,Medium
RouteID_2100cf2c-7bfc-401f-99aa-8a0ce098fa38,DLA3,2018-07-24,15:28:38,3313071.0,88,87,15,34.08275710227272,-118.30783487500003,High
RouteID_2112d837-cf95-464d-bea4-7656648007b5,DSE2,2018-07-30,15:08:52,3313071.0,108,107,19,47.62613998148149,-122.3004608981481,High
RouteID_211c3ad8-e644-4b1c-a0ae-023884b5a3e7,DBO3,2018-07-23,12:17:50,4247527.0,188,187,31,42.06365545744683,-71.25539802127662,Medium
RouteID_2126194e-6cb7-4082-8e62-64246a31467b,DCH1,2018-08-02,15:08:58,3313071.0,154,153,15,41.6904530714286,-87.66043261688313,Medium
RouteID_21270ccf-e916-4bda-8c22-89c5302935cd,DCH4,2018-08-03,14:00:43,3313071.0,160,159,23,42.04453401249999,-88.09680404375,High
RouteID_21308567-3e57-449f-b3a2-2dcf70c6e02b,DLA7,2018-08-14,14:55:40,3313071.0,178,177,25,33.883379674157304,-117.78721652247192,Medium
RouteID_213b7b40-4955-4e26-9c08-b8e14153db46,DLA7,2018-08-17,15:07:09,3313071.0,139,138,24,33.904733129496414,-117.86264719424459,Medium
RouteID_21423d1f-54d6-4d1d-8078-0cc2a6f5b3b6,DLA7,2018-07-26,14:32:46,3313071.0,128,127,25,33.89770073437497,-117.88945955468749,Medium
RouteID_21662e0b-fe90-4d80-aee5-835c4ef6c3ac,DAU1,2018-08-08,14:55:39,4247527.0,131,130,27,30.355622870229013,-97.79675887786263,High
RouteID_21796b50-b19a-4d08-933b-96fd3faab328,DLA7,2018-08-02,15:02:04,3313071.0,149,148,19,34.045994979865796,-117.76769508724828,Medium
RouteID_218aac84-ff19-48cf-8713-f2fc51c2a7da,DSE4,2018-08-07,15:35:12,4247527.0,110,109,12,47.67444743636366,-122.29404826363628,High
RouteID_219766f7-4cbc-4a00-8b91-e4e571ddafd6,DLA4,2018-08-14,16:07:18,3313071.0,173,172,15,34.171560641618484,-118.56712307514448,High
RouteID_21a0b6cb-4d86-4a14-9fe0-cc16cbb12aae,DBO2,2018-08-03,12:45:19,4247527.0,108,107,23,42.348802092592614,-71.15358684259262,Medium
RouteID_21a6e229-c311-48bb-bf9e-705955da53af,DBO2,2018-07-31,12:01:35,4247527.0,139,138,24,42.19555262589926,-70.8863796402878,Medium
RouteID_21b2e20d-838f-436a-b34e-f50c0dd4230f,DSE5,2018-08-01,14:02:30,4247527.0,192,191,14,47.254577895833336,-122.18883150520833,Medium
RouteID_21b5259d-26d9-40b6-b660-8a8c5f1d0b10,DBO2,2018-08-13,13:52:49,3313071.0,187,186,32,42.307677181818185,-71.18985741711228,Medium
RouteID_21bbc501-c1c3-4684-b1a9-5e262b2aa533,DLA4,2018-07-25,16:57:04,3313071.0,155,154,9,34.290209058064505,-118.43922933548389,Medium
RouteID_21c6b91e-4f21-4418-bacf-31d4c2123a61,DSE4,2018-08-07,15:14:00,3313071.0,200,199,28,47.855461100000014,-122.20503421999997,Medium
RouteID_21c7c569-c6fc-4630-bfcc-ba285bb4bed4,DLA7,2018-07-28,15:12:10,3313071.0,144,143,23,33.90923597222222,-117.87339756250003,High
RouteID_21df2f3f-c077-42f1-8f2b-1917e91bf7ae,DLA9,2018-08-07,15:44:44,3313071.0,169,168,29,33.640598781065094,-117.78754556804732,High
RouteID_21e13e3e-ea4a-4556-8b7f-3ddd7c20b1a9,DCH2,2018-08-14,14:07:22,3313071.0,155,154,22,42.01155007096774,-87.69403345806448,High
RouteID_21e21674-08e5-49de-8b6d-1935bd1a0bfd,DLA8,2018-07-25,16:23:33,3313071.0,141,140,18,33.96974268794325,-118.3988061702128,High
RouteID_21fc036b-f84b-4819-b4c5-d9c375736b8d,DCH2,2018-08-05,12:31:41,4247527.0,181,180,19,41.99832407734807,-87.99757529834257,High
RouteID_21fd4b83-47a1-4f46-856d-99c3620aead4,DBO3,2018-08-07,12:23:13,4247527.0,193,192,21,42.114723352331616,-71.38944195336788,Medium
RouteID_2208bc69-eeda-4c45-8aa0-d411f161ec82,DBO2,2018-07-22,12:28:28,4247527.0,110,109,24,42.31435540000001,-71.05309908181816,High
RouteID_221006e8-0192-41a8-bbc2-8cd5e93cb414,DLA9,2018-07-23,14:39:26,4247527.0,146,145,29,33.65492559589041,-117.68788494520545,High
RouteID_22108821-b296-4945-8abd-80a4f6f8416b,DLA4,2018-08-16,17:01:06,3313071.0,142,141,11,34.297105232394365,-118.41968948591548,Medium
RouteID_221415f7-0b8c-418a-8df4-72b5d55f805f,DBO3,2018-08-04,11:30:00,4247527.0,163,162,25,42.341091717791436,-71.2277503558282,Medium
RouteID_2229bf31-ca99-42de-92ad-f68ca87aa938,DCH4,2018-08-17,14:03:56,4247527.0,182,181,21,42.049740576923085,-87.95185043956049,Medium
RouteID_222aa34d-c09a-4066-b7d1-0b6248a628d8,DBO3,2018-08-08,12:49:28,3313071.0,179,178,24,42.165275391061435,-71.54097582122905,Medium
RouteID_22444069-c6d3-465c-92ab-9bc14bc88128,DLA3,2018-07-31,15:57:15,3313071.0,119,118,16,34.122698747899165,-118.35128558823538,Medium
RouteID_224443a4-e6e6-45b5-b387-c9c8e8d282ab,DAU1,2018-08-06,14:56:36,4247527.0,182,181,35,30.224949115384604,-97.86392482417585,Medium
RouteID_224cff48-e27f-4ed2-93be-9bd1ee4e23ae,DSE5,2018-08-26,15:05:22,4247527.0,197,196,15,47.28953634517764,-122.3857825380712,Medium
RouteID_2253198e-12b5-40a7-87a2-5a1f82c69664,DAU1,2018-07-29,14:45:01,4247527.0,158,157,37,30.412913658227854,-97.73737994303795,Medium
RouteID_22769bd8-d76a-48d9-91d4-f55623723031,DLA9,2018-07-23,13:50:59,3313071.0,164,163,25,33.468208097560975,-117.6326192743903,Medium
RouteID_2280583f-ff5f-40ba-8ce4-b7456bac42e6,DBO2,2018-07-31,13:32:48,3313071.0,180,179,33,42.27134879444442,-71.22736810555556,Medium
RouteID_2281501d-eb67-4e77-b4b5-493b48303b85,DLA7,2018-08-14,15:05:01,3313071.0,142,141,22,34.029390894366195,-117.80216267605631,Medium
RouteID_228eecc6-2e73-4007-b820-ab95e25fcb10,DSE5,2018-08-25,15:36:03,4247527.0,148,147,12,47.25912657432433,-122.489043,High
RouteID_229fb2a8-22ea-45ce-8d6b-8baad17e68d6,DSE4,2018-08-02,15:51:11,4247527.0,151,150,15,47.691035337748374,-122.30101805298018,Medium
RouteID_22cad670-8cd8-4474-99b8-46d028105cbe,DLA5,2018-07-21,15:45:45,3313071.0,142,141,18,33.90937045774649,-117.48488331690149,High
RouteID_23164f7e-7f7a-488b-ada2-14bb6438244f,DLA4,2018-07-26,15:22:07,3313071.0,175,174,15,34.191711999999995,-118.62104384000011,Medium
RouteID_231a5734-7e28-417a-920b-8e9d6a92f3f2,DAU1,2018-08-05,13:47:45,4247527.0,166,165,43,30.3045384879518,-97.76349532530121,High
RouteID_23296b6f-3aaa-41e7-ae8b-784d5a5b2f42,DSE5,2018-08-19,15:13:58,3313071.0,167,166,14,47.43182521556884,-122.17121882035926,High
RouteID_234eb5ab-bcc6-4c30-9d2c-5c30bac9c8c8,DCH1,2018-08-10,14:58:57,3313071.0,90,89,20,41.956310833333326,-87.67952587777779,Medium
RouteID_2352d8dd-8b8f-45d3-817b-97c3168b92eb,DLA9,2018-08-15,16:00:10,3313071.0,166,165,22,33.763000927710834,-117.98913558433735,Medium
RouteID_235d19db-3c94-4c84-9c5a-eb68d02db745,DLA8,2018-07-27,16:15:00,3313071.0,153,152,19,33.795652261437894,-118.34227596078432,High
RouteID_23701972-4472-417b-b765-f179365dcda4,DLA9,2018-08-13,15:06:07,3313071.0,140,139,20,33.76678567857142,-117.90234974999998,High
RouteID_2373a90f-1bb6-495f-a6d9-4703d25eabb0,DLA9,2018-08-04,14:25:15,3313071.0,153,152,24,33.77436843137255,-117.84057204575166,High
RouteID_2375850b-a32f-4980-ae9b-d5f78ed8234a,DBO2,2018-08-16,12:55:22,3313071.0,128,127,12,42.28247086718752,-71.09133546875007,Medium
RouteID_23815967-90b3-440f-8a88-983526aa2399,DBO3,2018-07-25,12:15:40,4247527.0,183,182,14,42.416339459016406,-71.68590153551914,Medium
RouteID_238f97ca-a9ce-49fb-a2e4-de9aec626872,DLA7,2018-08-03,14:26:04,3313071.0,120,119,18,33.938084100000005,-117.90505544999998,High
RouteID_2390320a-51ef-4b0b-a3a4-841069ae96f7,DCH4,2018-08-15,15:25:31,4247527.0,145,144,20,42.42074388275863,-87.90681115862076,Medium
RouteID_2399e86e-3ba0-4b23-86a9-cd40c0cb9827,DLA3,2018-08-12,15:01:44,3313071.0,73,72,16,34.05243589041094,-118.29751353424658,Medium
RouteID_23a4db78-e602-4a3b-9c93-c7096870bff1,DSE5,2018-08-22,15:37:52,4247527.0,115,114,9,47.23440089565217,-122.41362274782607,High
RouteID_23aeb7ee-1a27-4c91-a7e8-79469a3553b0,DBO2,2018-07-24,13:45:00,3313071.0,124,123,21,42.328190491935494,-71.22052719354842,Medium
RouteID_23c8d774-db49-4261-822c-544ade30587d,DSE5,2018-08-23,14:28:55,4247527.0,159,158,15,47.29912253459117,-122.28917239622639,High
RouteID_23e678b0-6142-4dc4-9738-0c5662c2b0f9,DSE2,2018-08-04,14:59:20,4247527.0,125,124,21,47.635462271999984,-122.357273064,High
RouteID_23e7cc10-ea67-4afe-93cd-b5efbd44a50f,DLA8,2018-07-28,16:15:00,3313071.0,104,103,24,33.88645522115385,-118.40693651923077,Low
RouteID_23eadc26-b151-45a4-ab63-2ce89356fe34,DLA9,2018-07-26,14:29:00,4247527.0,146,145,25,33.60002504109588,-117.72998764383561,High
RouteID_23f737be-6f72-41f1-9045-a0ab0e93e641,DSE5,2018-08-09,14:44:49,4247527.0,126,125,8,47.248633738095236,-122.45384866666669,High
RouteID_23f8540b-c32c-40a9-81f7-dc5d00a61853,DLA7,2018-08-03,15:16:11,3313071.0,140,139,21,33.90604281428571,-117.82995802857147,High
RouteID_23fc49d1-fefb-46de-a389-6defe188f030,DSE5,2018-07-25,15:37:20,3313071.0,199,198,19,47.45576294472362,-122.17030617085433,Medium
RouteID_2409ba0e-b05c-4ab4-a520-39362139d469,DBO3,2018-08-05,12:15:00,4247527.0,188,187,25,41.973809914893614,-71.352511574468,Medium
RouteID_240a0e5b-a0d8-4319-9227-ef188892de74,DLA7,2018-07-19,15:08:02,3313071.0,144,143,21,34.0893054861111,-117.81646905555554,High
RouteID_24304711-8032-4b9d-965f-f27faa7ea0f4,DAU1,2018-08-11,13:49:33,4247527.0,188,187,38,30.17948888297872,-97.98514685106379,Medium
RouteID_2432a106-e369-4f96-8486-d7aa017afd5a,DBO2,2018-07-21,14:28:06,3313071.0,127,126,22,42.28942262992127,-71.13243504724407,Medium
RouteID_243542e7-6800-42a9-8cd1-c22e2ff92388,DLA9,2018-07-31,14:35:37,4247527.0,184,183,25,33.61205229891304,-117.69091747826093,Medium
RouteID_2438aa1b-bbc0-490e-8ecf-ae4fcf444217,DCH4,2018-07-28,13:30:29,4247527.0,193,192,29,42.06897231606218,-87.80404238341967,Medium
RouteID_243a58dd-f744-4760-bcd1-b77e8cfb669d,DLA9,2018-08-26,16:00:00,3313071.0,179,178,29,33.78662255307263,-117.8506443910615,High
RouteID_2441a8a6-182d-4c56-8076-601bdfa7a28a,DLA9,2018-08-24,15:54:43,3313071.0,143,142,25,33.667360167832186,-118.00722319580417,High
RouteID_2446e4f5-7bbf-4d7c-a9d6-e6ee67ce9025,DLA9,2018-08-06,15:13:43,3313071.0,158,157,23,33.81612446202533,-117.96667189240513,Medium
RouteID_2453faf2-7901-441e-ae16-14c5539a1b87,DSE2,2018-07-29,15:02:15,4247527.0,111,110,22,47.643216234234245,-122.36054754954952,High
RouteID_245cb9b3-10a1-40fe-be1f-031a5b62bb36,DSE4,2018-08-05,15:07:04,3313071.0,163,162,27,47.843614779141106,-122.09980200613501,Medium
RouteID_245f1b63-99ed-42f4-8a28-9dc712889120,DLA3,2018-07-21,17:25:44,3313071.0,190,189,13,33.91700824210527,-118.15607739473693,High
RouteID_246a39ad-d8dd-4776-9ce3-d664dd97e7a9,DBO3,2018-08-07,12:32:47,4247527.0,165,164,27,42.27399021212122,-71.4353284242424,Medium
RouteID_2471d71e-05dc-4421-9d98-94765d41654d,DSE5,2018-08-24,14:00:14,4247527.0,202,201,15,47.170522099009915,-122.2596986138614,Medium
RouteID_2476440f-21bf-4005-afe5-ae1de9e49f3a,DLA8,2018-07-23,16:34:07,3313071.0,127,126,22,34.009661944881884,-118.43329492913391,High
RouteID_247b6b14-6812-47fd-846a-2b4fc01ee499,DLA7,2018-07-28,16:00:00,3313071.0,190,189,20,34.1517245368421,-117.40808819473685,Medium
RouteID_2482fcde-d5be-4cef-82eb-cb5244d9add6,DBO2,2018-07-27,14:35:42,3313071.0,132,131,17,42.17950924242426,-71.11284128030303,Medium
RouteID_249aad09-fa3e-4414-b300-487618c92353,DSE5,2018-08-02,14:00:00,4247527.0,174,173,16,47.10433197126439,-122.31242531034479,Medium
RouteID_24ad2458-3a01-4adf-852e-421b81dc340e,DSE4,2018-08-12,15:02:27,3313071.0,196,195,33,47.81796953571424,-122.22620338265298,Medium
RouteID_24ae40ec-b8f5-4399-8bba-035a7227a5b3,DLA9,2018-07-28,14:30:43,4247527.0,124,123,23,33.630128193548394,-117.74396616935483,High
RouteID_24afe5b8-9923-491a-bfc1-b5285abaf694,DLA8,2018-08-16,14:54:56,3313071.0,141,140,14,33.87498835460994,-118.14324251063827,Medium
RouteID_24bca012-b8fe-4529-810d-d2681966a9a0,DSE2,2018-07-27,14:17:27,3313071.0,104,103,17,47.63473991346154,-122.28406034615386,High
RouteID_24c0d967-65c1-4796-bd78-58aa4f5a4fbf,DCH3,2018-07-29,14:54:20,4247527.0,194,193,22,41.76830979381445,-88.16774796391755,Medium
RouteID_24d38b1c-3d4c-4327-b01b-fdee627ee779,DBO3,2018-07-22,11:32:55,4247527.0,111,110,22,42.36439677477476,-71.2424287747748,High
RouteID_24e0df13-8cdd-4b3e-bb2d-ef647e24e315,DCH3,2018-08-07,13:36:36,3313071.0,188,187,20,41.69688579787234,-88.10086581914898,Medium
RouteID_24e45617-1c72-440c-8858-87b46ff16908,DLA9,2018-07-27,15:13:23,3313071.0,163,162,22,33.76261842331287,-117.98978631288347,Medium
RouteID_24fb5e01-316c-4bcd-a146-19c47d26ee47,DSE4,2018-07-26,15:47:41,4247527.0,98,97,24,47.67004864285713,-122.31050192857145,High
RouteID_24fde177-b328-4bdc-951d-8adf46fe5885,DLA8,2018-08-04,16:32:10,3313071.0,53,52,22,34.03573390566038,-118.46235028301889,High
RouteID_25141480-1e16-4288-b5cb-a03a227f2dd1,DBO3,2018-07-27,13:15:35,3313071.0,150,149,20,42.25045787999999,-71.76558237999998,Medium
RouteID_25282738-a3a5-426c-913e-afaf757cb3b8,DCH1,2018-08-12,14:30:13,3313071.0,83,82,24,41.88629269879517,-87.79945624096388,High
RouteID_252e3640-9a9e-4979-aa9d-37346d872352,DLA8,2018-07-20,16:15:00,3313071.0,135,134,13,33.86939555555553,-118.07735151851851,High
RouteID_252ed1b5-8878-453f-b5d0-ac36ef3beb12,DCH3,2018-08-14,14:07:20,3313071.0,182,181,21,41.898083994505505,-88.2839656703297,Medium
RouteID_253bed9c-9358-4c36-a85f-5186bd20b70e,DCH2,2018-07-26,12:28:25,3313071.0,187,186,18,41.954692534759346,-87.95824327272726,Medium
RouteID_254c845f-d944-4ebc-ac96-3995d7c819c9,DCH4,2018-07-27,15:18:58,4247527.0,157,156,22,42.20860129299364,-88.38125902547772,Medium
RouteID_25513a0b-fd0f-4cea-aff9-b164dced9638,DLA8,2018-08-01,16:29:09,3313071.0,147,146,17,33.88770965986393,-118.12096919727888,Medium
RouteID_25530363-f3d9-46e6-a338-c15e19d73d00,DLA3,2018-08-05,15:44:07,3313071.0,141,140,31,34.09188527659573,-118.28497319858155,High
RouteID_25587c48-577e-4e4a-9a93-70f5193938ca,DBO3,2018-07-28,12:15:00,4247527.0,154,153,35,42.29875764285716,-71.38641010389611,High
RouteID_25630c26-a8b1-4843-afed-23c74a22b908,DCH1,2018-08-05,14:55:13,4247527.0,144,143,38,41.9361584722222,-87.67888415972223,Medium
RouteID_2564c0ae-34c2-4a7d-b2b8-bf72e58bb454,DLA9,2018-08-21,15:09:15,3313071.0,169,168,21,33.81769049112427,-117.96813766272182,High
RouteID_256a555c-5049-41fc-990a-e0d4cc180a1b,DLA7,2018-08-01,15:15:23,3313071.0,155,154,24,33.8978132967742,-117.79004318709677,Medium
RouteID_256a9398-835a-4325-87d5-993ab9031958,DBO3,2018-07-27,13:05:56,3313071.0,84,83,8,42.25814547619046,-71.80003139285716,Medium
RouteID_256fe43c-7ce7-42dd-aa69-4c0da72cd9a5,DLA3,2018-07-28,15:15:19,3313071.0,84,83,37,34.03227266666667,-118.28215257142864,High
RouteID_25788548-0fb9-4135-81e9-eb32356cbd37,DLA7,2018-07-27,16:40:15,3313071.0,198,197,23,34.10477936868687,-117.59910456565648,Medium
RouteID_258c7095-bc44-474c-8eca-569398ad5584,DBO3,2018-08-10,12:15:00,4247527.0,160,159,26,42.303935825,-71.45189942499998,Medium
RouteID_259368c2-15b0-4b15-91d4-61c16fd3b649,DLA3,2018-08-11,15:02:33,3313071.0,128,127,10,33.9751256328125,-118.27357910156249,Medium
RouteID_259cb4d0-8a23-44b8-b866-e91bce0aac88,DCH3,2018-08-13,14:40:58,4247527.0,155,154,20,41.753106238709684,-88.20851978709676,Medium
RouteID_25a52897-99bd-4c68-b0a2-19657b5296c7,DLA7,2018-07-22,16:00:00,3313071.0,183,182,22,34.031055060109274,-117.87628721311474,Medium
RouteID_25a68524-2145-4c72-acfc-ceac64b58221,DLA3,2018-07-25,15:30:00,3313071.0,126,125,23,34.07837657142858,-118.26694700793648,High
RouteID_25ab3560-17f1-4952-bb47-0238602d8e5e,DLA7,2018-07-31,14:35:03,3313071.0,151,150,19,33.82693245033115,-117.80967351655632,Medium
RouteID_25c561ec-1d61-405a-b748-c815198ce87c,DLA7,2018-08-06,15:09:22,3313071.0,139,138,22,34.137620597122314,-117.84786215107916,Medium
RouteID_25f9290d-f84b-4024-adef-8dcee0803120,DCH4,2018-08-14,13:41:33,4247527.0,161,160,20,42.15571963354038,-88.1048018944099,Medium
RouteID_25ff6914-caaa-453a-8f1e-7ff12b86845a,DLA8,2018-08-14,16:08:29,4247527.0,71,70,21,34.073891577464785,-118.35821156338027,High
RouteID_26102b64-9659-4cc0-ba7e-26b039f8e74e,DLA9,2018-08-17,13:49:48,3313071.0,153,152,21,33.4576019738562,-117.62594068627453,High
RouteID_26107a4c-255a-44e5-a07c-38bd019c5e38,DLA9,2018-08-17,15:15:55,3313071.0,145,144,19,33.84115198620691,-118.02926080000006,Medium
RouteID_261881f3-9a40-41c2-9ad6-b39b026be2ea,DLA8,2018-07-25,14:51:06,3313071.0,129,128,15,33.780670170542635,-118.17858441860464,High
RouteID_263b3a26-f295-4887-bf1f-bd576bf8f4a0,DLA3,2018-08-05,15:03:41,3313071.0,157,156,13,33.968632560509555,-118.24949358598734,High
RouteID_263d06d8-5d33-4805-b015-24035935f09c,DLA3,2018-08-07,15:53:31,3313071.0,133,132,28,34.097114533834585,-118.28254979699246,High
RouteID_2650e048-a128-456f-bfc1-bda2c15caa58,DCH4,2018-08-07,14:38:06,3313071.0,187,186,24,42.1749765935829,-87.95219871122991,High
RouteID_265a19a9-f84e-43de-971a-60135e7a2b0c,DCH4,2018-08-13,14:07:54,4247527.0,194,193,25,42.10620795360824,-88.11751767010308,Medium
RouteID_2665b4e7-2866-4883-b1b1-dec927ebca68,DBO3,2018-08-16,11:29:06,4247527.0,155,154,33,42.346678012903205,-71.23828955483867,High
RouteID_266a5226-2fa6-4393-a1a8-0344c68f608f,DLA7,2018-08-07,14:14:00,3313071.0,129,128,21,33.878256356589155,-117.90640893023252,High
RouteID_2677b6d6-e48c-45ab-8ba0-6b05df8d9347,DLA7,2018-07-31,15:05:01,3313071.0,153,152,22,33.901055013071876,-117.85508469281042,High
RouteID_267c2f73-ca2e-408f-8709-a31ad15d1e02,DBO3,2018-08-09,12:41:00,4247527.0,148,147,21,42.30337154729732,-71.41646291216216,Medium
RouteID_26858633-d33e-4cd0-a9ee-afed9e2a6f08,DSE5,2018-08-21,13:18:59,3313071.0,170,169,13,47.348841311764716,-122.32579877058822,Medium
RouteID_2686bf9e-c4c7-4e24-8f60-e3964000a999,DLA9,2018-08-16,15:13:06,3313071.0,80,79,21,33.749238987499986,-118.10612262499998,Medium
RouteID_268eff3d-26e0-45d4-89dc-7e7c9ef621f6,DCH4,2018-08-16,13:26:43,4247527.0,162,161,22,42.1718478888889,-88.36577709259265,Medium
RouteID_2692a8bb-9c37-4fb3-99a2-7b3bfba022ec,DLA7,2018-07-29,15:45:35,3313071.0,192,191,33,33.95179733333332,-117.5840744739583,High
RouteID_26982664-0e33-4ac8-97e0-d1bac514c109,DSE5,2018-08-17,14:05:57,4247527.0,152,151,13,47.291670072368426,-122.28797640789469,High
RouteID_26bb5fb7-7e66-412c-8e16-7044981e803d,DBO3,2018-08-08,12:15:00,4247527.0,153,152,21,42.48658033986927,-71.4792504640522,Medium
RouteID_26c48705-41ac-4738-8ecb-fa4cf515f23c,DLA7,2018-08-10,16:22:47,3313071.0,144,143,27,34.11920152083334,-117.72801151388882,Medium
RouteID_26c7f6c7-9fe6-4fd8-af4d-9727f9cf8b7e,DBO3,2018-08-11,11:22:29,4247527.0,133,132,23,42.371284112781964,-71.25714269924813,High
RouteID_26e0204c-6a2f-48cc-8a20-c4245529f432,DCH4,2018-07-29,15:14:57,4247527.0,160,159,26,42.185834568749996,-88.35337056874997,Medium
RouteID_26e5842c-21ee-4205-b6b9-42ece3779e00,DLA9,2018-08-26,16:01:45,3313071.0,169,168,25,33.654395278106506,-117.96783490532542,Medium
RouteID_26e8b143-7eb9-4636-8fb9-7698e28038d4,DCH2,2018-07-20,15:09:22,3313071.0,180,179,19,41.97641502222223,-87.81946680000001,High
RouteID_26f49757-25e2-4b80-bfbf-369e9dd72596,DSE4,2018-08-24,15:33:53,4247527.0,156,155,23,47.78664157692309,-122.25746626923072,High
RouteID_26f77562-2448-4590-8be2-3c71efcfecc7,DLA7,2018-07-31,16:00:00,3313071.0,143,142,23,34.04013566433568,-117.860237006993,Medium
RouteID_27239d73-421c-471c-9d51-f97ead3ef44c,DLA5,2018-08-17,15:15:00,3313071.0,160,159,17,33.7244854875,-117.0138435625,Medium
RouteID_272e2b3f-dc0e-40c7-b5cb-97da39aca7f3,DLA8,2018-07-24,16:04:16,3313071.0,101,100,22,34.03592963366337,-118.507864980198,High
RouteID_273f019d-055f-4660-9585-ba7f4356afbc,DLA7,2018-08-08,14:19:13,3313071.0,138,137,19,33.90547976086957,-117.8945948043478,High
RouteID_27457d8b-d66e-4520-beaa-3154429be0af,DLA7,2018-07-21,15:52:39,3313071.0,161,160,18,34.19634354037266,-117.35498783850933,High
RouteID_2747ad67-4e73-4c09-a2c9-a10fa86de44c,DLA8,2018-08-02,16:52:33,3313071.0,150,149,16,33.723340286666684,-118.31630233333333,High
RouteID_274d6324-eb53-4367-8bf1-e1cd2e9542a2,DCH3,2018-07-27,14:55:08,3313071.0,192,191,20,41.76310547916672,-88.09652298437504,Medium
RouteID_2782d7fe-fb2c-4dae-bf2f-f4b9374c7cd0,DCH2,2018-08-04,14:02:37,3313071.0,144,143,18,41.98549159722224,-87.69920532638888,High
RouteID_27852611-48c9-4437-8813-c792bb3ba4c5,DLA9,2018-08-05,16:10:15,3313071.0,126,125,25,33.66208146825396,-117.9923120873016,High
RouteID_2789a213-5b36-4b29-83b0-a37661c7d74b,DLA4,2018-08-15,14:29:45,3313071.0,104,103,15,34.15103703846154,-118.40482498076925,High
RouteID_279efe04-6c1b-4642-a50b-c7d01cc7c281,DSE4,2018-08-21,15:11:37,4247527.0,142,141,13,47.69736722535212,-122.28521697183099,Medium
RouteID_27a13394-ad93-421b-847b-1f876bb72551,DCH4,2018-07-26,15:14:59,4247527.0,148,147,18,42.0580513716216,-88.09986206081082,High
RouteID_27ab27a3-8730-41b1-a2ae-7103e41c5648,DBO2,2018-08-05,13:45:00,4247527.0,135,134,39,42.3314948962963,-71.12683628148147,Medium
RouteID_27cd5f71-c3fc-4867-9161-89157bba7829,DLA9,2018-08-15,15:28:41,3313071.0,141,140,20,33.80948888652482,-118.02477128368795,Medium
RouteID_27e7a3e3-8200-4625-9413-73d5ae9e75d5,DLA7,2018-07-23,14:23:45,3313071.0,144,143,26,33.79301488888887,-117.77003843750003,Medium
RouteID_27f4dd50-fb11-4183-95e1-677b9c4013a7,DLA3,2018-08-05,16:00:28,3313071.0,86,85,20,34.098739639534884,-118.3561558255814,High
RouteID_28044da1-d2cd-43b8-ae84-9611bdcdd4f9,DSE4,2018-08-05,15:30:00,3313071.0,172,171,31,47.81702065116278,-122.22316209302325,High
RouteID_280ce5c1-9aec-481a-a318-9171b0283ec7,DLA9,2018-08-17,15:52:33,3313071.0,139,138,21,33.659418719424444,-117.89078351079135,High
RouteID_281913a8-6047-4d53-9001-f1414a5ca5bb,DLA9,2018-08-05,14:32:42,3313071.0,184,183,28,33.59536395652176,-117.69513288043471,High
RouteID_281bd997-0081-482e-82bf-c7b977a75fc3,DLA9,2018-08-18,15:50:35,3313071.0,167,166,34,33.77661303592815,-117.87329010179633,High
RouteID_282054c9-5995-44ff-a8e5-d6e765ce536a,DCH1,2018-08-09,14:04:31,3313071.0,174,173,13,41.786297,-87.70543246551725,Medium
RouteID_2834378b-e535-4050-8e7e-2f130c503d04,DSE5,2018-08-16,14:01:24,4247527.0,155,154,15,47.127215438709676,-122.33058963225804,Medium
RouteID_283728b0-d218-4850-ad6b-f0cd49dfee10,DCH4,2018-08-09,14:07:39,3313071.0,199,198,27,42.18392901005028,-87.97032483919602,Medium
RouteID_2838e580-84d0-414b-b931-acbc9159af6f,DCH2,2018-07-20,14:09:37,3313071.0,132,131,17,41.98313059090909,-87.7193562348485,Medium
RouteID_2839fd0d-8644-4f18-a484-5de540e74ca4,DSE5,2018-08-24,13:48:49,4247527.0,165,164,15,47.09072410909092,-122.29826675151519,High
RouteID_2840ae21-5153-4723-a7ea-4fbf673d0e32,DLA7,2018-08-08,15:05:10,3313071.0,122,121,19,33.908285672131136,-117.85597492622958,Medium
RouteID_28504ffe-d16e-4e9b-bf85-08f5900cc2ef,DCH3,2018-07-25,14:14:45,3313071.0,196,195,21,41.67787989285717,-88.2240243214286,Medium
RouteID_28589b3c-03fb-4507-84b0-f555ff5d3668,DSE5,2018-07-27,13:58:35,4247527.0,174,173,15,47.13168732183907,-122.32939482183905,Low
RouteID_2859fe5b-2154-4b0d-97d1-1dae8046e5a9,DLA9,2018-08-08,14:31:03,4247527.0,155,154,30,33.697760535483866,-117.75512010322578,High
RouteID_285e625d-bc90-4c58-aa34-b2ea3e5d7dbc,DCH4,2018-08-05,15:11:17,4247527.0,160,159,24,42.16612194375001,-88.26316350000005,Medium
RouteID_286b7da2-196a-4ff1-9c2a-168cc6c7846a,DLA4,2018-07-26,14:07:27,3313071.0,147,146,16,34.19457482312925,-118.39030848299318,High
RouteID_286cab0d-d16c-4704-95ea-54694260f7c1,DLA8,2018-07-30,16:35:29,3313071.0,146,145,23,33.79158782191782,-118.37740989041092,Medium
RouteID_28704a32-2025-49c6-8a0d-694dba171b5b,DLA3,2018-07-26,15:30:00,3313071.0,109,108,23,34.09281251376147,-118.2856862844036,High
RouteID_2872b642-b7c0-4a84-8309-30eb57dfb2a9,DBO2,2018-08-11,13:58:11,3313071.0,162,161,34,42.195640703703724,-71.22309182098763,Medium
RouteID_28841b3e-445e-4fbe-a232-61b2f8bd4bb4,DLA7,2018-08-10,15:11:41,3313071.0,134,133,22,33.85503744776121,-117.74122808955225,Medium
RouteID_28889373-ef6c-4afd-9033-0d12bb53ab7c,DAU1,2018-08-14,13:55:56,4247527.0,138,137,26,30.295977673913033,-97.70516519565214,High
RouteID_28910b4b-2c09-47ac-9bc4-958bd945ddf2,DCH4,2018-08-14,15:49:06,4247527.0,132,131,12,42.47457302272726,-87.86144942424241,High
RouteID_289592b0-5a6b-49ed-ba11-fd8cc809cbf6,DSE5,2018-08-02,14:32:58,4247527.0,161,160,13,47.21840900621117,-122.44598027950315,High
RouteID_2898b093-0ad9-42fc-861a-0eb4b83b0aae,DSE4,2018-08-24,15:30:00,3313071.0,151,150,20,47.94226437086094,-122.20626483443712,Medium
RouteID_289f1d66-3b9c-4b33-b2cf-aec8c61ed4c8,DLA8,2018-07-20,15:06:28,3313071.0,150,149,16,33.78259054666667,-118.19101187999996,High
RouteID_28b8c8d6-e3fb-4e42-82d9-fbca52be6548,DCH1,2018-08-10,14:31:34,3313071.0,157,156,26,41.8996226624204,-87.78267648407642,High
RouteID_28d67c66-d08b-4649-8606-d62eed956a64,DBO3,2018-08-08,12:39:16,4247527.0,180,179,30,42.27830262777778,-71.34268772777777,Medium
RouteID_28d7153b-88cf-4d62-bdab-f4f592ce1633,DBO1,2018-07-25,13:25:45,4247527.0,199,198,24,42.54046355276381,-71.1042828090452,High
RouteID_28dcb8b9-9444-4a04-882d-89671af4ebb3,DBO3,2018-08-10,12:38:16,3313071.0,159,158,15,42.08958032075471,-71.4749565408805,Medium
RouteID_28ec2660-8391-4df1-a040-3945cb182366,DCH4,2018-07-31,14:12:54,3313071.0,176,175,24,42.12003478977271,-87.94333707386359,Medium
RouteID_28f520bc-5d78-48b2-bfa6-1e7a92060418,DAU1,2018-07-25,15:19:30,4247527.0,163,162,26,30.42297455214723,-97.68623090184052,Medium
RouteID_2903c494-95a4-4f61-95fd-d06bd8b9e489,DBO3,2018-08-15,11:20:58,4247527.0,154,153,25,41.93932516233765,-71.38112665584416,Medium
RouteID_2908fe3f-1221-42bd-a710-49d639c8ccaf,DCH4,2018-08-09,15:16:26,4247527.0,192,191,29,42.066847583333335,-87.9576910677083,High
RouteID_2916af17-f6fe-4ddd-8da9-61028e615a76,DBO2,2018-07-24,13:09:19,3313071.0,136,135,22,42.22251648529408,-71.01779303676467,Medium
RouteID_295a03aa-b57c-49d0-83dc-b2b53be5395f,DSE5,2018-08-11,15:07:57,3313071.0,177,176,14,47.35111310169491,-122.32447962146885,Medium
RouteID_296423bc-0a6d-4c0b-a174-ca312d3eec90,DSE5,2018-08-09,13:58:23,4247527.0,157,156,15,47.13134582802548,-122.33155836942679,Low
RouteID_297051bd-e585-4ce2-a9d3-db791afda2a0,DLA7,2018-08-03,15:00:44,3313071.0,152,151,20,33.87092695394739,-117.59929387500001,Medium
RouteID_29917fb0-1683-4389-93a9-cd2818e18661,DLA9,2018-07-24,16:09:30,3313071.0,104,103,20,33.68392572115384,-117.7992219038461,High
RouteID_29965a6e-db89-4ecb-a264-93446766664d,DAU1,2018-07-23,15:05:20,4247527.0,180,179,32,30.42414873333333,-97.71840240000002,High
RouteID_29b8a0f0-7b87-44a8-9af8-07858bc540ed,DBO3,2018-08-16,12:37:37,4247527.0,140,139,15,42.54962500714284,-71.49054759285714,Medium
RouteID_29c3da5b-1028-4cfe-a50a-bfd9a3903663,DCH4,2018-08-14,15:59:15,3313071.0,187,186,20,42.15396540106951,-87.94637389304815,Medium
RouteID_29ccfbd6-9f94-4a83-b6c0-ee4401205524,DSE5,2018-08-07,14:39:02,4247527.0,163,162,13,47.276227257668715,-122.36285183435577,Medium
RouteID_29cdfe57-93a2-433d-8cdc-d26ae8e41ea5,DLA4,2018-08-15,15:06:28,3313071.0,181,180,16,34.28902906629832,-118.74313087292812,Medium
RouteID_29d2c0c3-8485-4c3f-bb66-e53141f033a6,DLA9,2018-07-25,15:26:18,3313071.0,146,145,23,33.76942485616437,-118.11301082191778,High
RouteID_29dc4397-6d33-4ee2-b5a2-9c2a40f9cb9d,DLA5,2018-08-14,16:01:00,3313071.0,147,146,17,33.91711692517005,-117.48848319727891,Medium
RouteID_29e0f502-b585-4ed8-82a3-e851e3e373a4,DLA9,2018-08-09,14:25:42,3313071.0,128,127,19,33.77362609375002,-117.83731007031248,High
RouteID_29fc33e3-6797-4a74-b81b-bbdc27ea876a,DCH4,2018-07-24,15:24:07,4247527.0,167,166,22,42.06931920958081,-88.20722451497006,Medium
RouteID_2a01ff7e-eba0-4635-94d2-d29c7ba1814b,DCH1,2018-08-15,13:52:31,3313071.0,154,153,26,41.82543985064935,-87.64188190909093,Medium
RouteID_2a07cb21-7891-47c8-8ac4-fff22341e072,DLA7,2018-08-07,16:24:12,3313071.0,112,111,26,34.09357225892857,-117.70314822321426,Medium
RouteID_2a0c2032-6756-4924-8c33-1b7de78e90af,DLA7,2018-07-26,15:38:52,3313071.0,133,132,24,34.12170733834587,-117.52441690977449,Medium
RouteID_2a152fdc-4693-47d7-8c8a-ec8948e3d457,DSE4,2018-08-07,15:17:37,3313071.0,144,143,21,47.814499854166684,-122.2708068888889,Medium
RouteID_2a1cf8ff-c7c6-4cf1-9cd5-f6e755cfa42f,DLA4,2018-07-24,14:20:00,3313071.0,115,114,18,34.16124146086956,-118.36221216521741,High
RouteID_2a3c3182-75fb-49c1-8408-7309fc4e54d6,DCH3,2018-08-09,15:06:03,4247527.0,205,204,21,41.72603855609754,-88.11727187317072,Low
RouteID_2a3c968f-3d2e-45b4-aa76-cb1f184028e8,DBO3,2018-07-26,11:53:30,4247527.0,179,178,21,42.08063365921789,-71.3888821284916,Medium
RouteID_2a4643c6-209e-4506-8f50-f1f35e067fd1,DSE5,2018-08-22,15:10:00,3313071.0,142,141,12,47.442725014084495,-122.18905986619724,Medium
RouteID_2a47a964-83e9-492b-a938-57f2f56174d0,DCH1,2018-08-04,14:20:57,3313071.0,99,98,21,41.91647643434343,-87.69821407070707,High
RouteID_2a4b476d-0482-4569-8998-febb509aeae1,DCH3,2018-08-03,13:09:52,4247527.0,186,185,17,41.933766553763434,-88.14279768279566,High
RouteID_2a4bf2a2-524b-4c25-b1aa-7352e271a73d,DSE4,2018-08-23,15:49:30,4247527.0,100,99,11,47.6762983,-122.29276446999998,High
RouteID_2a4d67bb-7a38-4a46-8cb7-a314e53f8c30,DCH4,2018-08-16,13:31:47,4247527.0,126,125,15,42.09067490476189,-88.30134945238096,High
RouteID_2a5047f9-89c2-4b3e-ba1a-fe13e307086b,DBO3,2018-08-11,11:30:13,4247527.0,138,137,23,42.45396297826084,-71.2437672826087,Medium
RouteID_2a516e4b-d76f-41c2-8a4d-4bef43dee009,DSE4,2018-08-16,15:08:03,3313071.0,152,151,24,47.77648371052634,-122.1747745921053,Medium
RouteID_2a557de5-2e64-42e1-b63a-19e83d02c766,DLA3,2018-08-09,15:15:45,3313071.0,95,94,18,34.08112674736843,-118.30788433684211,Medium
RouteID_2a58ebbc-9f25-4389-bcc3-96c14515b07e,DSE5,2018-08-11,15:39:14,3313071.0,175,174,18,47.45744612571429,-122.1739417428572,High
RouteID_2a68954f-aeb1-4351-94a3-2237f19f1ac9,DLA7,2018-08-09,16:25:02,3313071.0,147,146,20,34.120980748299324,-117.69268187755102,High
RouteID_2a6cf9f5-f3c8-47c6-9020-20e2f87e2642,DCH4,2018-08-17,15:33:33,3313071.0,204,203,28,42.15389288235295,-87.95483361274516,Medium
RouteID_2a725e0e-2294-4fd3-85d1-f9530d041185,DCH3,2018-08-14,15:30:00,4247527.0,184,183,18,41.949058429347836,-88.08283274999998,High
RouteID_2a769750-b77d-48a2-ac37-0996bf4c7ee9,DBO3,2018-08-12,12:15:00,4247527.0,136,135,19,42.03757202941176,-71.05029019117649,High
RouteID_2a8ca95a-19c2-4f43-a2aa-8ccc01db4745,DSE4,2018-08-08,15:25:45,4247527.0,83,82,15,47.66999312048192,-122.2998278554217,High
RouteID_2a8dcbe6-bc22-4975-9d4e-b789a5e2449d,DSE4,2018-07-25,15:33:09,4247527.0,102,101,25,47.67015096078429,-122.31223422549012,High
RouteID_2a92ffd3-7eb0-4b1b-a101-ad6ef76782e0,DLA7,2018-07-29,14:33:16,3313071.0,115,114,17,33.93846546086956,-117.90545059130429,Medium
RouteID_2a957ed6-9364-41c8-b4f1-c6a9c8683c1b,DLA4,2018-08-16,15:15:00,3313071.0,146,145,13,34.18140202054795,-118.52130744520552,High
RouteID_2a9698ca-20e3-4fe4-87da-b221990bd14d,DLA3,2018-07-25,16:52:44,3313071.0,154,153,14,33.96200072727274,-118.20485365584418,Medium
RouteID_2aa52b16-af1e-4071-a9f8-ea2a327aae64,DCH3,2018-07-21,14:19:25,3313071.0,184,183,21,41.895069277173924,-88.3299378097826,High
RouteID_2aa72e48-3ca8-43e3-8fb5-b1a625f920c0,DSE2,2018-08-03,15:13:33,4247527.0,100,99,19,47.639873399999985,-122.36117434999993,High
RouteID_2aae8f86-6d8b-49cc-bbe3-8b1c4f267335,DLA4,2018-08-17,14:05:24,3313071.0,116,115,14,34.1463095862069,-118.44060623275863,Medium
RouteID_2ab987ec-cfee-451a-8609-7970c57c6829,DLA9,2018-08-23,15:49:46,3313071.0,103,102,17,33.65018046601942,-117.91086247572812,Medium
RouteID_2abe9f9e-820b-4bbf-91df-28eb3937007e,DCH3,2018-08-15,14:08:05,3313071.0,177,176,18,41.758673751412445,-88.38367058192084,High
RouteID_2ac18e73-d6c5-4560-a8a5-40800377c223,DCH4,2018-07-31,14:08:25,3313071.0,178,177,23,42.208820898876404,-88.10600027528092,Medium
RouteID_2ac24699-eee5-4f52-9a18-969cb9591b49,DSE5,2018-07-20,15:19:35,3313071.0,186,185,15,47.33589534408602,-122.27973379569886,High
RouteID_2acac103-196f-4d27-9571-9b68faf4cb12,DSE5,2018-07-31,14:12:49,4247527.0,126,125,9,47.293865936507935,-122.51596493650794,High
RouteID_2acf257f-7eb7-4fe0-8c19-cdb2b86dd3cc,DSE2,2018-08-19,15:12:23,4247527.0,129,128,24,47.57820033333333,-122.38227527131788,High
RouteID_2ad4d673-65bc-4947-b11d-2c9cda109b45,DSE4,2018-08-15,15:47:27,4247527.0,89,88,27,47.669794393258435,-122.30809516853928,Low
RouteID_2ae1d073-0d05-4c69-8f4a-2c86ce6c6a27,DSE4,2018-07-31,15:08:18,3313071.0,179,178,26,47.87105667597764,-122.18852357541898,High
RouteID_2ae3daec-a9d9-45ff-895e-1d8ac879a51a,DLA7,2018-08-15,14:29:44,3313071.0,128,127,21,33.868327054687484,-117.90006678125003,Medium
RouteID_2aee9c1c-561b-4141-873c-10760377ed8f,DBO3,2018-07-26,12:15:00,4247527.0,163,162,36,42.312593625766894,-71.3184146196319,Medium
RouteID_2b033896-28d9-443b-ad1f-a9eafda0fa8b,DLA7,2018-07-26,15:00:39,3313071.0,155,154,23,34.0317548129032,-117.72395129677415,Medium
RouteID_2b066fae-9bd4-4dfb-8d31-ade73671bc50,DAU1,2018-07-21,15:39:25,4247527.0,186,185,28,30.3640810645161,-97.77060432258068,High
RouteID_2b1615e2-8fdd-4de2-86c5-5b56f663d539,DLA7,2018-08-04,16:32:00,3313071.0,163,162,22,34.0709795398773,-117.6454272883436,Medium
RouteID_2b163113-f628-4811-8f86-cf25e5fb2542,DSE4,2018-08-15,15:30:31,3313071.0,160,159,22,48.07266374374998,-122.13219688125,Medium
RouteID_2b185eb8-39d1-4f3f-8444-0018ddc61f88,DLA4,2018-07-28,13:58:06,3313071.0,131,130,21,34.143884480916036,-118.41492417557255,High
RouteID_2b1e310d-4fe0-4832-aea6-001d7db0e5e6,DLA7,2018-07-27,14:36:30,3313071.0,133,132,23,33.9042135263158,-117.89264639849623,High
RouteID_2b201195-be17-4f94-ad28-f8ed91e861a8,DLA7,2018-08-12,15:16:27,3313071.0,122,121,21,34.16809264754097,-117.32444810655747,Medium
RouteID_2b242e5d-aedf-400e-8cf8-f9ac000c1f29,DCH1,2018-08-16,14:50:10,3313071.0,158,157,11,41.63106534810124,-87.59210956962029,High
RouteID_2b24f987-ffe7-4823-947e-b0c8cfbb1824,DSE5,2018-08-01,15:16:00,3313071.0,182,181,18,47.43933727472526,-122.33809522527476,Medium
RouteID_2b35e0c0-df09-49b4-89f1-b4ff99ab90a4,DSE4,2018-08-25,15:23:03,3313071.0,137,136,23,47.76835170072995,-122.20298414598535,Medium
RouteID_2b3ceb65-97c1-4326-9af9-42ace2676b49,DCH1,2018-08-11,15:02:42,3313071.0,148,147,23,41.897890006756754,-87.81524933783784,Medium
RouteID_2b52633e-6b57-431f-9213-c8614105b120,DLA7,2018-08-08,14:25:55,3313071.0,122,121,26,33.84284593442624,-117.95557085245905,High
RouteID_2b58ad84-acbe-49b6-a76a-5b53438571fb,DLA7,2018-08-04,14:19:10,3313071.0,155,154,27,33.82880473548385,-117.87801101290317,High
RouteID_2b654a90-82cd-457b-aa02-80093faece3a,DLA7,2018-08-01,15:07:03,3313071.0,158,157,21,34.11104184810126,-117.7700546455696,Medium
RouteID_2b8421af-896b-4673-9655-5d0fdae06a2c,DCH3,2018-07-25,13:04:22,4247527.0,199,198,19,41.94770975376887,-88.16436568341706,Medium
RouteID_2b8d0784-bd3c-4632-918e-bd0f51c0ace1,DLA8,2018-07-23,16:57:09,3313071.0,130,129,19,33.86220613076922,-118.05723083076926,Medium
RouteID_2b8df66d-fcd4-438e-931c-3b84b36a5c6b,DLA9,2018-07-20,14:37:26,4247527.0,133,132,20,33.66939367669174,-117.68080873684212,Medium
RouteID_e669cae4-1bb3-42c4-a031-49bb2c656195,DCH2,2018-07-24,15:00:06,3313071.0,186,185,23,41.97744005913978,-87.78425289247312,High
RouteID_e68006d4-764f-43a0-ad3b-e4f73c5499d9,DLA7,2018-08-15,15:06:48,3313071.0,136,135,21,34.13440785294118,-117.84924514705877,Medium
RouteID_e681a281-5df7-4db5-a386-a43f4da6f693,DSE5,2018-08-21,15:38:16,4247527.0,136,135,11,47.19475303676474,-122.39378397058826,Medium
RouteID_e68ca597-3ca4-4783-ae4f-50fc5048d8ca,DLA7,2018-08-02,14:30:00,3313071.0,166,165,24,33.942061168674684,-117.9235870481928,Medium
RouteID_e69bc85a-9117-42b8-9cdd-a5685eae676a,DLA9,2018-08-15,15:30:06,3313071.0,183,182,23,33.792246786885244,-117.95850742622956,Medium
RouteID_e6ac298a-4b9f-4cd3-80aa-6cff0e61c403,DBO2,2018-08-11,11:43:08,4247527.0,72,71,28,42.33580675,-71.08035056944443,Medium
RouteID_e6b2af46-4a18-426d-9c87-513478543840,DLA9,2018-08-24,14:23:36,3313071.0,150,149,21,33.72364139333333,-117.76307986666669,High
RouteID_e6b5dbe1-763e-4c23-8bb4-1807b1c589de,DLA8,2018-07-28,16:35:59,3313071.0,168,167,20,33.77573433333331,-118.39389325595242,Medium
RouteID_e6c5c204-e654-48fa-b7bd-4a911794c14a,DLA7,2018-08-08,14:28:07,3313071.0,148,147,24,33.90055620945945,-117.98868883108112,Medium
RouteID_e6cfb7a6-f59c-4ac1-af63-3d5b32a05824,DLA7,2018-07-27,14:24:20,3313071.0,117,116,21,33.88001242735044,-117.90314969230762,High
RouteID_e6daa979-9489-4f77-a685-8d7ad26ab53e,DBO2,2018-08-08,13:45:00,4247527.0,171,170,18,42.09717388888892,-70.97528387134503,High
RouteID_e6de8d28-7a55-4ae2-b189-3a199a52bb56,DLA9,2018-08-21,14:23:42,4247527.0,156,155,26,33.70024897435899,-117.72427425641028,High
RouteID_e6ecd159-1bc9-4521-835c-a34ad21b0c21,DLA7,2018-08-02,16:07:54,3313071.0,173,172,26,33.95894802312138,-117.57963030057813,High
RouteID_e6ee20e7-85f8-441f-b9f4-93fb6d51732f,DLA7,2018-07-31,16:37:26,3313071.0,167,166,23,34.01526202994009,-117.86572563473045,Medium
RouteID_e6effddb-f582-4e0a-a677-6b6d11765e07,DBO1,2018-08-11,12:45:00,3313071.0,95,94,10,42.36907751578946,-71.03671113684211,Medium
RouteID_e6f02459-424d-40e3-927e-b1aceb1a96a7,DSE5,2018-08-22,15:17:10,4247527.0,140,139,10,47.255545507142855,-122.48890442857139,High
RouteID_e6f61db0-872e-4b44-9c91-11d929e7e489,DLA7,2018-08-17,14:46:48,3313071.0,137,136,21,33.903080306569336,-117.78270535766423,Medium
RouteID_e6fce453-ea05-418d-ad5f-0f4970e15181,DCH3,2018-07-20,14:25:14,3313071.0,175,174,19,41.861225588571436,-88.13646246285715,High
RouteID_e6fdc3e4-5b0f-41cd-a45e-948f2f091a97,DBO2,2018-07-22,12:25:23,4247527.0,176,175,30,42.198097607954544,-70.99117631250003,Medium
RouteID_e707099e-21be-409f-a9aa-cacefc46ac6d,DLA3,2018-08-15,15:56:39,3313071.0,129,128,21,34.08727162790695,-118.25592765891473,Medium
RouteID_e714d7f3-fed1-454f-b7b2-0d901bc28d47,DLA7,2018-08-15,16:00:00,3313071.0,145,144,22,34.107768427586215,-117.7937288896552,Medium
RouteID_e716a63a-4973-415c-9bdb-abd2fb52c38f,DLA8,2018-07-22,15:05:10,3313071.0,79,78,25,34.06245120253164,-118.38150464556959,High
RouteID_e71e3c25-0652-4647-9eb1-1a8218de6619,DLA4,2018-08-11,14:21:59,3313071.0,87,86,14,34.16705404597701,-118.39834143678162,High
RouteID_e71f3bad-1b3f-48fb-a98b-ae7c305b8a79,DCH2,2018-07-21,14:09:29,3313071.0,155,154,19,41.98561359354841,-87.71591885806454,High
RouteID_e7324182-f702-4bbe-a7bb-c6a58a3fd3bf,DLA8,2018-08-10,16:56:38,3313071.0,137,136,19,33.71879467153285,-118.29437739416053,Medium
RouteID_e7389f9b-8528-47ab-8e92-b970be768fde,DBO3,2018-07-30,12:21:28,4247527.0,153,152,16,42.12889412418301,-71.12111039869279,Medium
RouteID_e73d811b-b182-4baa-8fd4-47066acccab3,DLA8,2018-07-23,16:26:49,3313071.0,82,81,22,34.02400225609755,-118.43328547560976,High
RouteID_e73f48a7-010b-4238-86e0-43b7676a51fd,DAU1,2018-07-27,14:04:17,4247527.0,124,123,28,30.290118645161293,-97.76838308870971,Medium
RouteID_e7407307-44d1-493f-9ff0-0d9614dd31a7,DLA9,2018-07-29,13:48:15,3313071.0,156,155,27,33.63904953205131,-117.61834439102563,High
RouteID_e76d12b8-901b-45b8-9ad6-dc62f984105e,DSE4,2018-07-31,15:00:25,3313071.0,162,161,26,47.725560006172856,-122.1971063209877,High
RouteID_e76d133d-6d81-42e5-9f91-9c455b2ed429,DSE2,2018-07-19,14:30:00,3313071.0,59,58,18,47.6192803898305,-122.30859794915254,Medium
RouteID_e7737d96-c89e-4619-9e3b-54fc2984ccae,DLA3,2018-07-24,14:33:46,3313071.0,65,64,17,34.0881228,-118.34048792307696,High
RouteID_e77b696c-867e-439a-9591-62250e7c8951,DCH1,2018-07-26,13:33:55,3313071.0,189,188,19,41.78693697354498,-87.72148064550264,High
RouteID_e787596d-c3f4-4292-aea7-9ceb4470845a,DBO2,2018-07-22,13:45:00,4247527.0,83,82,23,42.33528092771086,-71.0735733253012,High
RouteID_e7924324-784d-4859-b120-1774fa09902a,DLA3,2018-07-27,16:00:00,3313071.0,134,133,13,34.002369694029866,-118.24812351492535,High
RouteID_e7954802-951d-4343-9660-e80da1a9a581,DSE4,2018-08-04,15:28:16,3313071.0,160,159,24,47.892448887500024,-122.31185555000002,Medium
RouteID_e79ea922-61bd-4e76-89d4-e889be0a10be,DSE4,2018-08-23,15:24:15,3313071.0,172,171,21,48.05572125581394,-122.1269870581394,High
RouteID_e79ef17f-5d49-4ab7-88cb-52bb8d7d831a,DBO2,2018-07-23,11:35:51,4247527.0,181,180,27,42.160460552486185,-71.01061380110498,Medium
RouteID_e7a76140-2d08-4e54-95b4-625bbeca549a,DAU1,2018-08-09,15:08:53,4247527.0,174,173,37,30.369852724137935,-97.89295861494257,High
RouteID_e7b34225-9d3d-45d0-b6d1-9c207e513191,DSE5,2018-08-04,14:20:54,4247527.0,143,142,11,47.268786356643346,-122.51700809790215,Medium
RouteID_e7bc4983-219c-4b28-a26a-1bc21ee6636d,DLA9,2018-08-08,13:57:06,3313071.0,134,133,23,33.654219880597,-117.61805750746277,High
RouteID_e7bceef0-724d-4ca6-b4be-c36361b132f2,DLA8,2018-07-23,16:15:00,3313071.0,141,140,22,34.07086517021277,-118.49446545390076,High
RouteID_e7c60ed0-023d-42c5-a5ca-d173665b78a3,DLA8,2018-08-10,16:41:36,3313071.0,148,147,22,33.7758869527027,-118.39308164189185,Medium
RouteID_e7cbb355-9cc1-4d41-b0ee-4084fac5df55,DAU1,2018-08-15,13:27:40,4247527.0,105,104,39,30.29636567619048,-97.73096861904763,Medium
RouteID_e7d90bca-f04a-4502-bfb0-5914071b4712,DLA9,2018-08-08,16:00:50,3313071.0,140,139,21,33.67888301428572,-118.01420687857146,High
RouteID_e7ebc223-b8b8-4bc0-8bc6-8871ff93b2a6,DBO3,2018-07-31,13:00:47,4247527.0,200,199,28,42.23814246,-71.43731823000002,High
RouteID_e82411da-f7c8-46ae-8da6-ba84981edc80,DLA4,2018-07-20,14:09:05,3313071.0,126,125,11,34.17763333333334,-118.3763813015873,Medium
RouteID_e824c330-2910-4d27-b3ec-3973e2d2fa32,DLA7,2018-08-15,14:31:04,3313071.0,166,165,22,33.94004045180723,-117.92117602409635,Medium
RouteID_e8344812-c989-4853-9620-8e0913229dbe,DLA9,2018-08-25,15:04:40,3313071.0,166,165,20,33.76261074096385,-117.99084169879518,High
RouteID_e84068de-6423-4fe2-8dc1-9b000d5aeb24,DSE4,2018-08-18,15:28:56,4247527.0,118,117,13,47.671734288135596,-122.2828099915254,High
RouteID_e843e921-b8ad-4ee1-ab52-f08f24bc957e,DLA5,2018-07-25,16:07:29,3313071.0,196,195,20,33.93623291326531,-117.49425785204086,Medium
RouteID_e8458ee8-5eba-4706-87c7-e0461d765203,DCH3,2018-08-10,15:30:00,3313071.0,174,173,18,41.59128016666665,-88.23636865517241,Medium
RouteID_e8543ce8-6172-4afe-9962-ac0bba9e5462,DLA9,2018-08-24,15:08:16,3313071.0,153,152,20,33.73600566013071,-117.93030345098032,Medium
RouteID_e868a1d9-f982-4d53-93cf-d48dc4ecc953,DBO1,2018-08-15,12:57:14,4247527.0,178,177,23,42.413808617977516,-71.16601729213484,High
RouteID_e88e7a93-4221-43cb-8c8b-dbb8c3acaa71,DAU1,2018-07-30,15:29:07,4247527.0,178,177,27,30.50210851685392,-97.63630070224715,High
RouteID_e89b8787-3b05-4c16-8c2b-89747355b151,DAU1,2018-07-22,15:30:00,4247527.0,158,157,27,30.184981708860747,-97.79447398734176,Medium
RouteID_e89fb87d-9e11-46b7-9f4a-51b337cf7639,DLA7,2018-08-17,16:27:09,3313071.0,146,145,20,34.15270276712329,-117.58199844520546,High
RouteID_e8a498a9-6fe6-4946-a956-212aa2ad48d3,DSE5,2018-08-23,15:03:50,3313071.0,185,184,16,47.45489451351352,-122.1727646540541,High
RouteID_e8bc8642-a1e2-4758-b127-fb29aff67fad,DLA9,2018-08-10,15:14:29,3313071.0,166,165,21,33.805792560240945,-117.95809612650605,High
RouteID_e8dfdca8-6178-408b-adde-2d02e5349787,DLA7,2018-08-15,14:27:16,3313071.0,137,136,19,33.8629647591241,-117.97025757664234,High
RouteID_e8f41130-fa8c-4093-964c-76988c12988d,DSE5,2018-08-15,15:04:58,4247527.0,177,176,12,47.29215220338983,-122.39101897175138,Medium
RouteID_e8fadfda-0160-40d7-8a89-7bedbe0502e5,DLA3,2018-07-31,16:32:38,3313071.0,144,143,17,33.98920974305557,-118.20233101388885,High
RouteID_e903f176-6bb8-4bf9-9cba-7f45dcf93614,DBO3,2018-07-26,12:17:04,4247527.0,155,154,22,42.13339429677419,-71.17455653548387,High
RouteID_e90fe5e6-76b2-47f6-83c6-874543fe7dc6,DLA8,2018-07-26,15:12:17,3313071.0,84,83,21,34.02407473809524,-118.41770507142857,Medium
RouteID_e933a4e4-dbe2-4cdc-85e4-b6d99bd04f3a,DCH3,2018-08-16,12:59:15,4247527.0,178,177,23,41.99269529213484,-88.21935928089886,High
RouteID_e9384028-2356-4ee6-b0c7-330c4847b64a,DBO2,2018-08-01,13:45:00,4247527.0,88,87,32,42.3445542159091,-71.11443273863638,Medium
RouteID_e94aa49e-6566-454c-880f-c778502ca92a,DCH4,2018-07-22,15:20:21,4247527.0,159,158,26,42.07979150314466,-88.05050399371062,Medium
RouteID_e961d38f-49f1-4bb2-b2c2-e985da51f6a4,DCH2,2018-07-20,12:30:02,3313071.0,168,167,18,41.944384315476206,-87.87325902976193,Medium
RouteID_e9648a7e-a8f8-4f10-a49a-014f07641e6c,DCH3,2018-07-31,13:00:36,3313071.0,169,168,17,41.56591614792899,-88.25355905325438,Low
RouteID_e9665690-5c00-480d-bb07-81aec9e55c7e,DCH2,2018-07-28,14:46:30,3313071.0,151,150,19,41.98706653642383,-87.70056143046358,Medium
RouteID_e96d63c6-3c4f-4e31-afa4-11798289e762,DLA9,2018-08-24,13:38:20,3313071.0,91,90,11,33.503170461538446,-117.7155477582418,Medium
RouteID_e97b9afc-7b6d-4139-8d09-be696884e30c,DLA8,2018-07-22,14:53:12,3313071.0,144,143,24,33.77500238194443,-118.13160457638884,High
RouteID_e987e6c1-7595-4ecf-8373-243c80645d1f,DLA7,2018-08-08,15:09:19,3313071.0,133,132,13,34.07363249624059,-117.69488359398501,High
RouteID_e9939a49-8f0d-439f-80d9-1840dc1376ca,DBO3,2018-08-12,13:00:29,3313071.0,166,165,21,42.22457471686746,-71.68318143373493,Medium
RouteID_e99be157-67ab-486c-9a9e-4b7c1334ec3a,DLA4,2018-08-14,13:45:00,3313071.0,94,93,16,34.164833819148924,-118.3806650851064,High
RouteID_e99e1c5f-4c66-4673-a1f7-923fb2b1a6c9,DCH4,2018-08-14,15:50:04,4247527.0,146,145,20,42.440060979452035,-88.04766308219182,High
RouteID_e9ab98e0-e0f8-4ef3-af3d-e4f6b6761a21,DCH1,2018-07-31,14:44:50,3313071.0,156,155,24,41.87293758333332,-87.80138990384614,Medium
RouteID_e9aba334-43f9-4afd-891c-5b6f5343a9a3,DBO2,2018-08-17,13:45:00,3313071.0,127,126,12,42.29802486614177,-71.06652748031495,High
RouteID_e9b374a0-5506-40e2-84fa-aeab6b50640b,DSE4,2018-08-11,14:51:24,3313071.0,176,175,24,47.86946686931817,-122.30966206818181,Medium
RouteID_e9be73c7-a682-40b1-953a-7505bfd78004,DCH4,2018-08-14,15:43:51,4247527.0,137,136,14,42.48435494890512,-88.09609340875909,Medium
RouteID_e9c65713-b13e-42e3-82b0-2e8a86c658f2,DCH4,2018-07-26,15:26:56,4247527.0,158,157,19,42.05856129113925,-87.99321996835445,Medium
RouteID_e9d020c5-ec92-4f99-b435-4001fcc7c4cf,DLA3,2018-08-05,15:55:27,3313071.0,113,112,21,34.129792911504424,-118.34830620353982,Medium
RouteID_e9d3238e-808f-4fc2-bc6c-a08d019a0cbb,DBO2,2018-07-23,13:09:08,3313071.0,139,138,10,42.28326910071944,-71.09014297122303,High
RouteID_e9de5a97-feb0-406f-8e5e-b2d46307f639,DLA3,2018-08-04,15:12:42,3313071.0,172,171,14,33.96792566279071,-118.24973873255813,High
RouteID_e9efcb1a-a601-4596-8717-6fd8252157ae,DLA7,2018-07-23,16:55:53,3313071.0,159,158,25,34.145293018867946,-117.62301194968546,Medium
RouteID_ea0a88b0-e8f9-4833-b69e-87392b4eadbc,DBO3,2018-08-14,12:15:00,4247527.0,165,164,28,42.065009490909084,-71.24966973939394,Medium
RouteID_ea157aa5-eb7b-4d17-8229-0b6f207511ab,DLA7,2018-08-02,15:55:04,3313071.0,165,164,27,33.95973074545455,-117.59659809090907,Medium
RouteID_ea1a1912-8bf9-489b-bdba-f1b6daf22df4,DCH4,2018-08-01,15:27:23,4247527.0,201,200,26,42.03493348756218,-88.1284942039801,High
RouteID_ea1eb6e0-b4d7-4605-a7db-fc10117a74ad,DLA7,2018-08-06,16:04:47,3313071.0,189,188,29,33.963156830687836,-117.56404598941798,Medium
RouteID_ea265dca-1634-4aaf-ab52-64ccac1a1222,DLA7,2018-07-20,15:57:26,3313071.0,182,181,23,33.93387785714287,-117.5431214450549,Medium
RouteID_ea421f5c-0f26-48ba-b6e1-5d31a9c7efa0,DCH4,2018-08-01,15:32:47,4247527.0,118,117,20,42.04675055084746,-88.08386817796611,High
RouteID_ea4c4af8-5a0a-4fd5-9058-115e05a87ef5,DCH4,2018-08-14,14:10:46,4247527.0,191,190,24,42.07150601047121,-87.98239438743455,High
RouteID_ea6f8789-581b-46e1-8d03-eed786cb348f,DSE4,2018-07-29,15:05:56,3313071.0,162,161,27,47.666829172839506,-122.18587538271602,Medium
RouteID_ea7f0758-beef-4955-847a-aab2cc624135,DSE4,2018-08-03,14:46:29,3313071.0,156,155,29,47.690004358974356,-122.1714376153846,High
RouteID_ea97278c-f9f8-4b43-a4b1-a2905df67205,DLA5,2018-08-16,14:34:59,3313071.0,178,177,20,34.14928023595509,-117.29638112359554,Medium
RouteID_ea993870-5cc6-4243-9197-71e0f778c500,DBO3,2018-07-31,12:54:16,4247527.0,145,144,24,42.424427055172416,-71.40173248275856,Medium
RouteID_eaab142c-4410-4223-9343-d6297a656cca,DCH3,2018-08-17,14:04:10,3313071.0,205,204,24,41.82521929756096,-88.21098454146343,Medium
RouteID_eaaf24a5-e837-4de3-aa40-47249042355e,DLA9,2018-08-18,15:50:42,3313071.0,158,157,26,33.68345846202532,-117.9265613354431,Medium
RouteID_eab2f503-0f54-4571-bb4a-402b71472c0c,DLA7,2018-08-16,16:00:00,3313071.0,163,162,23,33.96948127607362,-117.56399716564415,High
RouteID_eac3b24f-8261-4f2e-8cf4-79ccd10ba60b,DCH4,2018-08-16,15:39:30,4247527.0,177,176,26,42.36921159887005,-87.99210933898307,Medium
RouteID_eac78ecc-822e-421f-9a28-e5635b4badf1,DSE5,2018-08-23,13:53:26,4247527.0,137,136,12,47.266042927007284,-122.24452768613142,High
RouteID_ead27e69-9ff4-4c33-b8e0-53123bc6cde0,DCH2,2018-08-16,14:52:18,3313071.0,155,154,16,41.97632378064517,-87.79869685806453,Medium
RouteID_ead7418a-29a8-4444-9c54-82d43f3e1f1e,DLA7,2018-08-03,16:00:00,3313071.0,189,188,24,34.17636074603175,-117.42344011111106,High
RouteID_eadb5681-af80-4df1-ac4f-1efe88dc5fea,DLA9,2018-08-11,16:15:07,3313071.0,149,148,27,33.662836865771816,-117.99437565771814,High
RouteID_eadf4376-7eea-4913-8e2a-afbf9389ca5e,DAU1,2018-07-31,13:48:29,4247527.0,157,156,27,30.36975898726115,-97.98381712101907,Medium
RouteID_eaeedca9-3db6-4a84-9388-3cd2a3e2238f,DLA5,2018-08-14,16:05:05,3313071.0,136,135,16,33.98398065441175,-117.38081716911763,Medium
RouteID_eaf9b098-b434-4d2b-8d5a-f943c0accdaf,DBO3,2018-08-02,12:15:00,4247527.0,158,157,27,42.460143791139245,-71.45744144303801,Medium
RouteID_eaffb2c8-c18e-4c97-a03c-90a231690f0a,DSE4,2018-08-04,15:14:20,3313071.0,190,189,31,47.83731864736839,-122.20539602105264,Medium
RouteID_eb092c67-431e-4a2d-8739-1fa47e39dde4,DLA8,2018-08-01,16:49:04,3313071.0,143,142,15,33.728267552447555,-118.32618452447555,High
RouteID_eb0bcb5e-f0f2-4238-80d8-3702c62b9515,DSE5,2018-08-02,14:33:04,4247527.0,150,149,11,47.19433431999999,-122.39196979333332,Medium
RouteID_eb151ad3-0a85-42db-98ed-152ff4e0089e,DBO3,2018-08-03,12:16:42,4247527.0,200,199,25,42.11701590000001,-71.38970681499995,Medium
RouteID_eb266843-1320-45e3-94fc-784a027a6bf8,DSE4,2018-07-20,15:30:57,4247527.0,88,87,18,47.66325554545453,-122.32357467045458,High
RouteID_eb2b18af-1b7c-41e5-8b6e-fc868e7378ff,DLA9,2018-08-13,16:06:23,3313071.0,87,86,29,33.63281790804598,-117.82486577011493,High
RouteID_eb2db975-d570-4ce1-aad8-6e02862fab29,DSE2,2018-07-24,14:39:46,3313071.0,78,77,21,47.622186230769245,-122.31478401282052,High
RouteID_eb2fd7d2-7145-40e0-8a80-5c49b8d4aee2,DLA4,2018-08-02,16:33:59,3313071.0,179,178,16,34.144133318435756,-118.624894094972,Medium
RouteID_eb3aa480-000d-477d-8ea9-b87106b41d9c,DLA7,2018-08-10,14:46:55,3313071.0,148,147,24,33.841176506756746,-117.84467223648642,Medium
RouteID_eb3d89a9-698e-448b-9f27-c65201a297da,DCH4,2018-08-13,14:05:52,4247527.0,189,188,26,42.094025111111115,-88.05591193121694,Medium
RouteID_eb3e7d62-d30a-4f4b-8800-d4771833f2c8,DLA7,2018-07-24,16:00:00,3313071.0,148,147,19,33.88694166891891,-117.83051770945944,Medium
RouteID_eb435ecd-dec0-4e5d-b09e-c55cf7d1cf64,DLA9,2018-08-16,15:54:16,3313071.0,102,101,15,33.65796415686274,-117.98978115686275,High
RouteID_eb48f9eb-fbee-4f49-b911-1e7d2b7ae8ca,DBO2,2018-08-17,13:58:55,3313071.0,152,151,20,42.15913703947367,-71.14447591447367,Medium
RouteID_eb4a8294-7713-4fc6-86b2-41ca1c8d23a5,DBO3,2018-07-23,13:00:56,3313071.0,176,175,16,42.10410451136364,-71.66933330681819,Medium
RouteID_eb58295e-a367-43e1-827f-f6467cf010ac,DLA7,2018-08-02,15:32:31,3313071.0,170,169,17,34.14743282352942,-117.36756197058826,Medium
RouteID_eb5d4acd-28aa-479c-93d0-0973eee3172e,DAU1,2018-08-16,14:03:31,4247527.0,172,171,24,30.180912662790718,-97.8203671860465,Medium
RouteID_eb6451f7-4848-4e2f-9df7-d8622fe4d5ad,DCH4,2018-08-10,14:08:22,3313071.0,151,150,21,42.11061135761589,-87.9340983311258,Medium
RouteID_eb678a83-c001-4396-84dd-386d7e0da2b3,DLA8,2018-07-28,16:41:54,3313071.0,122,121,22,33.991257729508206,-118.42257536065577,High
RouteID_eb7a98e5-b5b5-4a22-83ef-7d301ea7d732,DLA7,2018-07-25,14:06:28,3313071.0,138,137,23,33.89583568840579,-117.91474378985505,Medium
RouteID_eb8a9209-39dd-464d-83d3-1eac3c8f182b,DSE4,2018-08-01,14:50:53,3313071.0,141,140,26,47.76628921276594,-122.24457780141846,Medium
RouteID_eb8decd7-0825-4776-a323-c2f9f957bfba,DCH4,2018-08-03,13:31:56,4247527.0,161,160,24,42.048640565217404,-87.95299467080743,Medium
RouteID_ebae27c5-a8c9-42fb-9d99-ed7298fefc1a,DLA7,2018-07-22,15:03:39,3313071.0,146,145,21,34.03185447260275,-117.79482857534246,Low
RouteID_ebaf925e-12d7-4845-ace6-7af1f9fc37ff,DCH4,2018-08-15,13:39:24,4247527.0,155,154,18,42.20396285806453,-88.26706143870965,High
RouteID_ebc10f14-664d-480b-ad3f-eb56fb11e1fa,DCH2,2018-07-19,15:13:20,3313071.0,157,156,20,42.00616541401274,-87.81001512738855,Medium
RouteID_ebc395df-337a-42ba-881c-fd7bd67adc45,DLA8,2018-08-01,16:16:24,3313071.0,101,100,20,33.99846401980197,-118.4168359108912,Medium
RouteID_ebd1aebd-24d9-4b4b-973d-9f7388b15291,DAU1,2018-07-26,15:26:56,4247527.0,131,130,23,30.338687229007615,-97.86705819083973,Medium
RouteID_ebe8eea0-4224-498c-af67-66775c1de29c,DCH4,2018-07-23,14:09:32,3313071.0,192,191,22,42.191069067708334,-88.07783119791664,Medium
RouteID_ebf6a791-c48f-4ad2-a30c-cbe12bc24f5e,DLA3,2018-07-25,15:14:05,3313071.0,136,135,11,33.99613569117645,-118.27894325735298,Medium
RouteID_ec0c9cd9-ddbc-48e5-b394-7e0b6d73f877,DSE2,2018-08-05,14:50:20,3313071.0,90,89,19,47.59988488888889,-122.30797577777784,High
RouteID_ec27f767-b382-4b10-986f-dbcee9759a03,DCH4,2018-08-07,15:00:00,4247527.0,175,174,16,42.44601467999999,-87.8665048228571,High
RouteID_ec2fa948-456a-41b7-9232-13068e793267,DBO1,2018-07-25,12:15:01,3313071.0,173,172,17,42.374180387283246,-70.9842711849711,High
RouteID_ec3f0258-111a-4e83-9ac1-50be64caa5f7,DBO3,2018-08-07,12:10:19,4247527.0,134,133,17,41.81109120895523,-71.36507188059704,Medium
RouteID_ec4e9869-72a7-4939-b100-2cb48b2f9852,DSE5,2018-08-10,13:52:13,4247527.0,122,121,9,47.27425927868853,-122.3069423114754,Medium
RouteID_ec5308eb-e52f-429f-b9f3-fecaab91a23d,DSE4,2018-08-16,14:49:44,3313071.0,138,137,26,47.69364247826088,-122.20679347101448,High
RouteID_ec593c47-5eff-41f0-8083-3ca1969a111c,DLA7,2018-08-04,16:00:15,3313071.0,142,141,19,33.97016947887324,-117.55722597887328,High
RouteID_ec64bea5-a3de-4d77-b843-36281fa72877,DLA9,2018-07-31,15:11:27,3313071.0,151,150,18,33.75559147019868,-117.95723742384105,High
RouteID_ec7e9c0a-6214-4a70-a173-0b7c7784b658,DLA9,2018-08-11,15:59:03,3313071.0,199,198,31,33.690175150753745,-117.95432682914574,Medium
RouteID_ec8e7465-8146-4027-b1c1-69dcf2d90051,DLA7,2018-08-15,14:29:11,3313071.0,152,151,23,33.83834237499999,-117.8067418026316,Medium
RouteID_ec8f9dd7-cb2d-4d5b-8d3b-e0166fc254c0,DAU1,2018-08-15,14:35:26,4247527.0,158,157,26,30.36391048101266,-97.76797686708863,High
RouteID_ec94d820-ab66-4cb4-81cf-9829c9f03db6,DLA7,2018-08-09,15:46:52,3313071.0,180,179,21,33.90562123888887,-117.5873740944444,Medium
RouteID_eca6987b-6276-47a1-828f-2c5222575b4c,DLA7,2018-08-13,14:44:57,3313071.0,171,170,24,33.84514312280699,-117.54756388304095,High
RouteID_ecba5cbe-9a5c-4335-abcc-86b25d820084,DLA8,2018-07-24,17:46:05,3313071.0,93,92,21,33.89455361290322,-118.4131820322581,High
RouteID_ecbf9878-a258-4aa1-a360-0321678debc2,DLA7,2018-08-17,16:31:28,3313071.0,150,149,21,33.98004219333334,-117.81842451333335,Medium
RouteID_eccc1032-2a8c-4a2d-a791-40fe4b829b2e,DBO3,2018-08-03,12:53:25,4247527.0,166,165,27,42.25701325301205,-71.47559395783138,Medium
RouteID_eccf6230-bad1-4b2d-940d-a44ab6af9cd5,DCH4,2018-07-31,14:09:09,4247527.0,152,151,20,42.43162573684213,-88.03671939473685,Medium
RouteID_ecd28024-0cf4-4913-9dc4-5fb9d8b40cfb,DLA7,2018-08-08,14:59:49,3313071.0,154,153,22,33.899647415584404,-117.78801470129869,Medium
RouteID_ecdc62a9-694a-4a8a-a6d6-ca42d97bb7fd,DAU1,2018-07-27,14:55:10,4247527.0,151,150,22,30.256357589403965,-97.60158052980135,High
RouteID_ecdf03d9-51a5-411b-b4dd-25ec300453ad,DLA7,2018-07-26,15:04:40,3313071.0,166,165,23,34.044462560240966,-117.76785342771076,Medium
RouteID_ecef556f-7ded-452e-845b-d332acf24c95,DLA7,2018-08-17,16:30:45,3313071.0,141,140,19,34.09789756737588,-117.58991498581558,High
RouteID_ed095378-bdc1-41d3-bf83-973ae2478be0,DLA7,2018-08-06,14:53:50,3313071.0,159,158,24,33.87624223899373,-117.63676209433957,High
RouteID_ed0dfe15-9cce-4e56-a4d2-c51c52d296a8,DLA3,2018-08-12,15:04:54,3313071.0,127,126,12,33.97525296850395,-118.27380542519685,High
RouteID_ed1abc82-3663-4651-9470-643075228660,DBO3,2018-08-10,13:04:18,3313071.0,176,175,19,42.04765660795455,-71.48631658522723,Medium
RouteID_ed528f3c-689a-4875-b432-7d55063a5b41,DLA4,2018-08-08,16:59:53,3313071.0,145,144,11,34.25909883448274,-118.46252977931026,Medium
RouteID_ed62b563-9900-464b-9acb-6e81dd16e5a0,DCH4,2018-07-29,15:16:19,4247527.0,172,171,24,42.20751601744185,-88.38230837790694,Medium
RouteID_ed6a0b68-cd0e-4cdc-8f99-1e78c64dc722,DLA9,2018-08-13,16:00:00,3313071.0,175,174,35,33.63923601714288,-117.80161591428569,Medium
RouteID_ed6c5f23-9b03-4feb-b2a6-b45b0350aa9e,DCH4,2018-07-27,15:32:09,4247527.0,163,162,19,42.180524638036815,-88.31880863190183,High
RouteID_ed832636-5ecd-49e0-aa53-605c824c80c3,DLA8,2018-07-29,16:53:09,3313071.0,132,131,25,34.09472596969697,-118.46458737121212,Medium
RouteID_ed877132-c6d3-423b-a51f-7fb8173382e0,DCH3,2018-08-01,15:30:00,4247527.0,168,167,18,41.97098498809522,-88.11167402380954,Medium
RouteID_ed87eeb4-5688-444b-9f28-6807f8c11644,DLA7,2018-08-07,16:06:37,3313071.0,190,189,25,33.96574784210527,-117.57973950526313,High
RouteID_ed933bd1-c019-4eec-a52f-0f6314e31775,DLA7,2018-08-05,15:16:54,3313071.0,145,144,25,33.88074791034484,-117.71541929655173,Medium
RouteID_ed9dd222-9ce7-47f3-8cd9-d2a5d2b6a493,DAU1,2018-08-02,15:30:00,4247527.0,166,165,33,30.213945451807238,-97.87998824096385,Medium
RouteID_ed9e9b18-c25c-41e7-902c-635c0d6938f2,DLA8,2018-07-23,17:10:14,3313071.0,100,99,20,33.812247299999996,-118.38400234000001,High
RouteID_ed9ea7ab-8943-4c53-b967-601a7e73f4ab,DCH3,2018-07-30,15:06:23,4247527.0,198,197,21,41.75984964646466,-88.11381751010101,Medium
RouteID_eda0f6bf-6402-43a7-968b-662e9ae3aa1b,DCH2,2018-07-20,13:45:06,3313071.0,126,125,19,42.041661976190476,-87.69353887301584,High
RouteID_eda2b968-64b3-46b5-939d-7fbcfa7b8196,DSE5,2018-08-15,13:58:38,4247527.0,148,147,15,47.14862235135134,-122.26095839189188,Low
RouteID_edaa3359-77aa-45bb-bb84-094303306e00,DLA7,2018-08-04,14:28:07,3313071.0,130,129,25,33.87664675384615,-117.98581155384618,High
RouteID_edcd94a5-69b6-4b3f-bb79-81591313ad4a,DLA9,2018-08-14,16:07:01,3313071.0,185,184,28,33.69916197297298,-117.9697704216217,Medium
RouteID_edd280cf-73b5-4d2b-b56e-c3c575a8768e,DCH3,2018-08-14,14:37:18,3313071.0,155,154,20,41.86015456129034,-88.1310373677419,Medium
RouteID_eddca9d7-37dc-4521-91e8-0d84e9a62428,DLA4,2018-07-25,14:30:40,3313071.0,110,109,12,34.08304679090909,-118.40554382727271,Medium
RouteID_eddcf23b-c5b5-477c-b302-aebaa72a2dc5,DCH3,2018-07-24,15:30:00,4247527.0,202,201,19,42.00993341584159,-88.10224408910896,Medium
RouteID_ede1fb76-96a8-44d6-a907-628073cbb47c,DCH3,2018-07-27,15:30:00,3313071.0,199,198,18,41.883336804020104,-88.2030451658291,High
RouteID_ede6dfa8-d567-4516-8964-06d1ecfa37ce,DLA9,2018-07-23,14:27:20,4247527.0,143,142,30,33.69860041258741,-117.71982966433572,Medium
RouteID_edf08404-8ce5-44f9-84df-8e956399c79e,DBO2,2018-07-31,13:44:17,4247527.0,159,158,29,42.33362377987421,-71.19754340880503,High
RouteID_edfdbc8c-6813-45bb-84f6-700af13d97f4,DCH4,2018-07-26,14:25:24,3313071.0,215,214,29,42.19569475813954,-87.97283899534885,Medium
RouteID_edffb998-435f-4dc1-850b-4bf343d70d77,DLA8,2018-07-20,17:16:59,3313071.0,108,107,20,34.06863128703704,-118.36668374999999,High
RouteID_ee1b61f5-c243-4786-a806-1fa43b2741a2,DLA7,2018-08-15,14:20:16,3313071.0,138,137,16,33.84662389130436,-117.9207578623188,Medium
RouteID_ee1fad58-4e9a-4363-9225-4542363ff9f2,DLA5,2018-08-16,15:56:48,3313071.0,201,200,22,33.9285219402985,-117.20712405472631,Medium
RouteID_ee3be997-b794-48a6-93ba-079a1dda55f1,DSE5,2018-08-11,14:00:00,3313071.0,181,180,15,47.49974789502762,-122.25625672928179,Medium
RouteID_ee4cdef8-941b-4a6a-99da-f7dd049438fa,DAU1,2018-08-10,15:30:00,4247527.0,153,152,28,30.31146583006535,-97.9079748954248,High
RouteID_ee4f69d4-385b-4206-80fb-86875e0c654b,DSE4,2018-07-27,14:51:12,3313071.0,143,142,24,47.67167875524476,-122.17310150349645,Medium
RouteID_ee6e7947-0cd7-4dbc-bfa8-76e5a02c7b35,DLA7,2018-07-20,14:43:05,3313071.0,158,157,20,33.908405265822786,-118.0019283291139,Medium
RouteID_ee701ca4-4b94-463b-98f7-383291c95d4f,DLA3,2018-07-25,15:59:54,3313071.0,131,130,11,34.04173034351145,-118.2071439312977,High
RouteID_ee71f2d5-907d-442c-a5e7-ab78aef721a1,DBO3,2018-08-15,11:30:00,4247527.0,119,118,16,41.85749174789916,-71.47711292436976,Medium
RouteID_ee8302de-2543-4404-ab7a-7cc8c1560aa2,DLA9,2018-08-07,14:53:26,4247527.0,144,143,22,33.629297833333325,-117.70930627777771,High
RouteID_ee8ec107-477b-419d-8615-c587a0568e5e,DSE5,2018-08-08,13:54:05,4247527.0,155,154,13,47.12567926451613,-122.33199255483868,Low
RouteID_ee931bfd-14df-4c13-9ddc-be2eb2d0927b,DSE4,2018-08-23,15:02:29,3313071.0,134,133,24,47.766648686567144,-122.24541068656715,Medium
RouteID_eeab1b30-30cd-42f5-a27f-e93aafc0a303,DSE4,2018-08-04,15:44:48,4247527.0,114,113,19,47.68681194736843,-122.32232757894732,High
RouteID_eeb36ecc-2a30-4b42-afba-6e62ef44c754,DLA9,2018-08-07,14:29:23,4247527.0,135,134,23,33.59704307407407,-117.74363765185181,Medium
RouteID_eec32cd9-d969-4406-8b56-7688403265cc,DAU1,2018-07-25,14:55:52,4247527.0,127,126,23,30.3656406456693,-97.69791180314964,Medium
RouteID_eec57d2f-0b44-454e-83d9-ce2b9cc41ea9,DSE5,2018-07-29,14:15:34,4247527.0,108,107,9,47.23755500925927,-122.53251442592592,Medium
RouteID_eec89ba4-50c6-4162-83bb-b9b95702ef4a,DLA5,2018-07-19,15:30:19,3313071.0,136,135,14,34.130114051470585,-117.1971139705882,Medium
RouteID_eefc2c7d-303c-4ecc-b545-a1b07e4d9dcf,DBO3,2018-07-25,12:23:14,3313071.0,189,188,26,42.46712328042329,-71.45347600529097,Medium
RouteID_eefc4672-21dd-4af3-b365-269ddf82d77c,DLA9,2018-08-09,14:22:14,3313071.0,130,129,19,33.74680499230769,-117.80918609230768,Medium
RouteID_ef2f6bcf-7c0f-4df7-ac15-9766b57b3755,DSE4,2018-07-26,15:42:59,4247527.0,124,123,13,47.67702796774193,-122.29133436290323,High
RouteID_ef31f891-8fa2-4f99-9f11-201bd9e79399,DBO3,2018-07-23,11:37:23,4247527.0,142,141,26,42.34248385211269,-71.21714385915492,Medium
RouteID_ef40791a-83fd-4f6e-b80f-68cbcaf51425,DSE4,2018-08-08,14:58:24,3313071.0,139,138,23,47.7648658273381,-122.2424084820144,Medium
RouteID_ef472f6a-0ecd-4fd5-b9db-eea6f8a3e54c,DLA3,2018-07-24,16:00:00,3313071.0,153,152,18,33.925476287581695,-118.13554229411764,Medium
RouteID_ef484716-eb04-4885-a9f9-aa23607815f0,DLA8,2018-08-04,16:59:20,3313071.0,71,70,20,34.0390916056338,-118.45402105633809,High
RouteID_ef4b5974-a33e-4de7-9e96-424471ab5b99,DBO3,2018-08-16,12:24:14,4247527.0,163,162,30,42.43192928220861,-71.45866072392637,Medium
RouteID_ef4b9683-650d-44e1-9b7b-466394d95e89,DBO2,2018-08-05,14:12:55,3313071.0,181,180,42,42.32920298895027,-71.19219559116026,Medium
RouteID_ef54fa9b-2a83-48d9-baec-d40fd83e9936,DLA7,2018-07-24,14:19:50,3313071.0,141,140,22,33.856192723404234,-117.8926734468085,High
RouteID_ef576bb2-6673-4ea7-9cd1-593651db314a,DBO3,2018-08-17,11:30:00,4247527.0,153,152,35,42.34837864052284,-71.24231629411766,High
RouteID_ef6e3889-fb35-4254-a367-5079d881a318,DSE5,2018-08-12,14:30:00,4247527.0,124,123,6,47.2174339435484,-122.55517741129033,Medium
RouteID_ef7bd7d3-dd92-48aa-9006-cfbef4fcd97a,DLA9,2018-07-23,15:22:27,3313071.0,118,117,19,33.776227220338974,-118.07975738135589,Medium
RouteID_ef8d8b70-5264-425a-bd74-e614c360a4a4,DCH4,2018-08-10,15:23:06,4247527.0,149,148,13,42.283431328859066,-88.20743274496635,Medium
RouteID_ef99b64a-a260-4da5-8e68-0f9ba89a7b83,DSE2,2018-08-24,14:45:00,4247527.0,99,98,17,47.64672904040404,-122.36824886868683,Medium
RouteID_efa8aa4d-ee36-4b72-b6d8-27d46771690c,DLA7,2018-08-05,15:03:31,3313071.0,151,150,24,34.11109882781455,-117.85124050331135,Medium
RouteID_efac82e4-928c-4115-9b06-f8a651542d55,DBO2,2018-07-23,11:51:24,4247527.0,161,160,16,42.291604956521724,-70.88522711180126,High
RouteID_efba99dd-e98d-48f1-82af-40893e7c0a9e,DSE5,2018-08-06,15:34:26,3313071.0,142,141,13,47.37055445070423,-122.20459919718307,Medium
RouteID_efc1df7d-5ce1-4287-aac3-8f02c432ce0c,DLA4,2018-07-31,15:47:40,3313071.0,191,190,15,34.214801335078505,-118.57636873298425,Medium
RouteID_efc5e6b2-1dba-4bb0-9794-46ff2b4f0759,DCH1,2018-08-11,14:39:15,3313071.0,94,93,22,41.88411865957448,-87.80655127659574,High
RouteID_efc672fe-d3cc-44af-9334-ac01aa2bf7e8,DSE4,2018-08-23,15:30:00,3313071.0,170,169,22,48.08554801764706,-122.14664415294125,Medium
RouteID_efe3a5cb-86a0-4697-b3bf-9fd41d05cf42,DLA7,2018-07-25,14:30:00,3313071.0,135,134,24,33.84142366666667,-117.95576531111108,High
RouteID_f001e0c7-847e-4640-8e52-a9a3008bd271,DBO2,2018-08-15,11:54:25,4247527.0,161,160,19,42.12334144099382,-70.95124569565222,Medium
RouteID_f009bbfb-de4f-436b-a6cb-00df73c461ed,DSE4,2018-07-27,15:34:30,4247527.0,93,92,12,47.676037709677416,-122.29311974193553,High
RouteID_f009caba-1fcb-4f57-baa6-57bd31d7b224,DSE5,2018-08-10,14:32:59,4247527.0,119,118,10,47.26210775630254,-122.35068707563028,High
RouteID_f020a3ef-6e59-4459-884f-b1a383cf054f,DLA4,2018-08-16,15:18:11,3313071.0,158,157,12,34.274945373417694,-118.69780065189877,Medium
RouteID_f0333bfd-0e2e-4b43-a58e-c5d74f8baf1c,DLA7,2018-08-02,16:23:16,3313071.0,149,148,22,34.129907617449675,-117.62795796644296,Medium
RouteID_f04e959e-368c-4503-ab01-645abbdfb26e,DBO3,2018-08-01,13:01:42,3313071.0,184,183,24,42.131299260869575,-71.5472455108696,Medium
RouteID_f0541d0d-50a2-4e17-a618-e74de45874c7,DBO1,2018-07-29,12:58:26,4247527.0,193,192,22,42.521851689119146,-71.10058267875645,High
RouteID_f058ceb4-482c-4ab9-9096-3d29213be6ea,DCH3,2018-08-07,15:11:57,4247527.0,176,175,25,41.80215139204543,-87.9357689375,Medium
RouteID_f0597a23-c48e-43e9-b52c-994019f852f7,DBO2,2018-07-25,12:19:28,4247527.0,114,113,11,42.32545974561405,-71.0833142017544,Medium
RouteID_f062bab1-6088-4123-a2c0-0f4d6f278962,DLA8,2018-07-31,15:39:34,4247527.0,110,109,12,34.09626664545455,-118.37794103636362,High
RouteID_f07022ee-5e2e-4633-ae13-ed6b7527a100,DLA7,2018-08-15,14:21:49,3313071.0,142,141,22,33.948398415492974,-117.9783822887324,Medium
RouteID_f0706622-a0b3-43ae-8017-6241d81c8cc9,DLA3,2018-08-15,15:59:17,3313071.0,117,116,25,34.086243581196584,-118.2828607008547,Medium
RouteID_f0824246-eeb2-4f3a-ac8e-5b70322e320d,DLA7,2018-07-24,16:04:17,3313071.0,140,139,16,34.069481642857134,-117.70946977857132,Medium
RouteID_f092dbf2-346d-4c55-b358-05bd9d84056c,DLA7,2018-08-06,16:03:48,3313071.0,156,155,20,33.87204341666667,-117.58077724358974,Medium
RouteID_f0a3238e-663e-48bc-9274-8b2fdb7226d4,DLA5,2018-08-13,14:38:27,3313071.0,140,139,17,33.78706897142857,-117.23597516428573,High
RouteID_f0c0ce14-6d62-4861-8850-82dbe51f178e,DSE4,2018-08-21,14:52:04,4247527.0,77,76,18,47.663434142857156,-122.32302729870125,Medium
RouteID_f0c38565-f943-4a00-92ea-4cfb125551cf,DLA4,2018-07-20,17:05:30,3313071.0,156,155,12,34.30994319871796,-118.47528496153842,Medium
RouteID_f0c44a9d-4bfe-4a99-95ca-d6d5275ac565,DLA4,2018-08-13,17:12:29,3313071.0,114,113,11,34.31233769298245,-118.45107256140342,Medium
RouteID_f0c4ba77-2824-4905-9046-8f8394b1228f,DSE5,2018-07-24,15:59:12,3313071.0,195,194,15,47.33805836923077,-122.17914203589746,Medium
RouteID_f0c9b6ed-1805-4dc4-b8ab-42f778cadb7b,DAU1,2018-07-25,15:04:42,4247527.0,151,150,28,30.310453602649016,-97.9046968278146,High
RouteID_f0cb00f9-4347-45cc-a7a2-41a3c129d240,DLA9,2018-08-21,15:57:56,3313071.0,165,164,25,33.71490753939393,-117.98294086060604,Medium
RouteID_f0cba8ec-f966-4d30-93ad-f99001d8a046,DLA7,2018-07-26,16:16:29,3313071.0,184,183,24,34.10610501630435,-117.59984273369564,Medium
RouteID_f0d2ad13-71dd-43fd-b29e-4736b6e675f9,DCH2,2018-07-24,12:28:34,3313071.0,168,167,19,41.94198918452381,-87.74772382738094,Medium
RouteID_f0d794e4-6d15-456c-b43b-c07b701ac860,DCH4,2018-08-09,14:09:59,3313071.0,179,178,22,42.11526520111734,-87.93897648044687,Medium
RouteID_f0e76870-9adb-49be-92ff-27c2dae92baf,DSE5,2018-07-24,15:27:44,3313071.0,187,186,15,47.500293679144384,-122.36350541176468,Medium
RouteID_f0e90416-583b-41f8-87ba-d81e0445bb73,DCH2,2018-08-10,14:58:02,3313071.0,125,124,17,41.96721488800001,-87.83568523199999,Medium
RouteID_f0f30bd9-5127-4702-a4c2-f32de14440b5,DLA7,2018-08-08,14:58:35,3313071.0,141,140,21,33.857040978723404,-117.73978964539002,High
RouteID_f0f5a443-0919-4ed2-9d23-050b99628523,DLA7,2018-07-27,15:13:58,3313071.0,151,150,23,34.13853850993378,-117.8479058675497,Medium
RouteID_f0fcfb07-8650-4439-a3b5-4550b021980c,DLA9,2018-07-22,14:36:22,4247527.0,145,144,24,33.631142551724125,-117.70825539310347,High
RouteID_f1001800-0770-4476-b4ea-74e07e88af09,DBO2,2018-08-15,13:45:00,3313071.0,145,144,17,42.28653022068965,-71.05912819999998,Medium
RouteID_f108628f-5f22-4b14-a2dc-79a7ca369d22,DLA7,2018-08-03,15:39:53,3313071.0,170,169,25,33.96936907058823,-117.56237002352934,Medium
RouteID_f1167b54-0a5d-48e9-93f2-e0ef4bcc692d,DBO3,2018-08-14,12:40:09,3313071.0,162,161,24,42.155866395061715,-71.54349432098765,Medium
RouteID_f11ba600-40e9-471f-b82a-4a06e8b2d6b2,DLA9,2018-08-13,15:00:00,3114853.25,113,112,21,33.52403376991151,-117.758981539823,High
RouteID_f12ba69d-2e48-48bf-9c23-6265933dab6e,DSE4,2018-08-12,15:42:23,4247527.0,79,78,23,47.6723023164557,-122.29991681012659,High
RouteID_f13b27b8-c37c-44c0-8615-7361411a8776,DCH1,2018-07-20,15:00:00,3313071.0,161,160,23,41.90291142236025,-87.80583733540374,High
RouteID_f13b5106-6220-4a98-8e13-28b0a43bcd86,DBO3,2018-07-27,13:11:51,4247527.0,150,149,25,42.456075553333335,-71.42927407999998,Medium
RouteID_f13e7728-f3ae-486a-902f-102be16ce71a,DLA9,2018-08-14,16:11:47,3313071.0,115,114,29,33.659849930434774,-117.83106344347824,High
RouteID_f150fbbb-e8d6-44e0-aa75-1511091912e5,DLA9,2018-07-23,16:01:33,3313071.0,126,125,25,33.640789825396816,-117.8369814285714,High
RouteID_f1566ecc-d1f9-4bbd-a8c2-c184e35229e4,DBO2,2018-07-28,12:20:44,4247527.0,75,74,24,42.35255569333335,-71.13273056000001,High
RouteID_f15bf4dd-a792-40a5-8e05-5b7da27e68a9,DSE4,2018-08-22,15:06:17,3313071.0,193,192,21,47.9098294196891,-122.19605098445602,High
RouteID_f15ead61-715c-433b-ac02-597ce9d4d537,DSE5,2018-08-26,15:16:52,3313071.0,161,160,11,47.37388952795033,-122.18000408074529,High
RouteID_f1645da6-98c0-4209-8974-732bb9d161f6,DLA3,2018-07-26,16:15:33,3313071.0,136,135,23,34.08861679411763,-118.27240094117644,High
RouteID_f17718bf-7a80-4a1d-9aaf-b5b331ca231d,DCH2,2018-08-05,13:03:50,3313071.0,97,96,19,41.99371964948453,-87.6737368247423,High
RouteID_f17b2684-5ef1-445f-999a-60fadf2ed7bb,DBO2,2018-08-15,12:03:41,4247527.0,157,156,18,42.10837668152865,-70.89472282165607,High
RouteID_f18e9349-b11e-4515-ac9b-b6cda718c33c,DSE4,2018-08-16,15:01:20,4247527.0,93,92,23,47.663807451612904,-122.32293231182796,Medium
RouteID_f19986df-79bd-462d-8b77-1c3aaebba800,DAU1,2018-08-14,15:30:00,4247527.0,100,99,27,30.253598230000016,-97.75866666000002,Medium
RouteID_f1a753ea-8d48-44f4-a8a3-bd4beb47c7a5,DLA9,2018-07-26,16:00:00,3313071.0,133,132,16,33.76606493233082,-118.00622057894732,Medium
RouteID_f1a98a35-ba6a-4b29-ba5a-4502cd3c43a1,DLA7,2018-08-15,16:00:00,3313071.0,152,151,23,33.902938888157905,-117.82961542763161,High
RouteID_f1a9a1fa-5a65-453f-98ed-cd7054840a29,DLA9,2018-08-14,15:59:19,3313071.0,110,109,28,33.61651385454547,-117.90575499090907,Medium
RouteID_f1c78d72-21b1-45a5-9039-ee8d9716be88,DLA8,2018-08-11,16:25:30,3313071.0,186,185,18,33.8548255483871,-118.08404476881728,High
RouteID_f1ccc89d-28cd-47ae-af02-7d5720d642f6,DLA4,2018-07-30,15:31:00,3313071.0,89,88,11,34.139811247191005,-118.66761397752806,Medium
RouteID_f1d1d630-4229-4854-accd-e1cb5082ab6f,DBO3,2018-07-30,12:16:30,4247527.0,129,128,16,42.455219,-71.6003841860465,High
RouteID_f1d6d2ab-3a19-4f0c-8899-c5dfaa785208,DLA9,2018-07-27,14:33:17,4247527.0,126,125,19,33.66550256349207,-117.68187384126985,High
RouteID_f1db1cdc-6620-4a14-9005-6feed530af19,DCH4,2018-08-03,15:00:00,3313071.0,147,146,22,42.14337733333332,-87.91595585034017,Medium
RouteID_f1dccfaa-701a-4649-892a-4655af30745e,DCH2,2018-08-11,12:41:51,3313071.0,125,124,19,42.011137888000015,-87.97534232,Medium
RouteID_f1e3f441-d58c-4bc4-9a12-55ae98827639,DLA8,2018-07-23,15:12:15,4247527.0,169,168,14,33.92886621893492,-118.21695857396455,Medium
RouteID_f1f35d60-6a32-407f-a7c5-9065b24ed5c7,DLA4,2018-07-26,15:17:07,3313071.0,198,197,14,34.20086848484849,-118.84205151010107,Medium
RouteID_f1fffaa3-1781-406a-bd22-9e42e87afd2d,DLA7,2018-08-05,15:00:30,3313071.0,123,122,19,33.886494089430876,-117.80319371544715,Medium
RouteID_f2191eca-9fab-4b77-9085-94bf46450651,DLA4,2018-08-13,14:26:00,3313071.0,127,126,16,34.160851417322824,-118.39400876377952,High
RouteID_f21c3280-9979-4866-a3be-5c3bf533f6aa,DLA9,2018-08-04,14:30:22,4247527.0,142,141,30,33.69513359154929,-117.750721112676,High
RouteID_f21cb00a-fe28-4a72-bc67-1f620a7cad1a,DBO3,2018-08-15,12:15:00,3313071.0,170,169,29,42.329034758823504,-71.43741396470585,Medium
RouteID_f225b7b3-ca0f-4d76-a003-9c462e8d5f34,DLA7,2018-08-03,14:28:13,3313071.0,136,135,23,33.80593781617648,-117.78020599999999,Medium
RouteID_f237b847-2fe0-4d07-a413-aaee9afc8314,DCH3,2018-07-30,14:34:05,3313071.0,197,196,23,41.880540436548216,-88.14151177664974,Medium
RouteID_f25ddd45-2e0d-4b16-b745-5be75a2fd09f,DSE5,2018-08-21,14:09:09,4247527.0,155,154,14,47.2705732387097,-122.28905437419354,Medium
RouteID_f260a1f7-ccd5-444e-b559-b20a59d2e70c,DBO3,2018-08-16,12:15:00,4247527.0,136,135,21,42.48452189705882,-71.49315408088235,High
RouteID_f26353c1-7613-4e03-9917-0148f1cc5dc6,DCH4,2018-08-06,13:49:57,4247527.0,154,153,22,42.206353603896105,-87.82109583766233,Medium
RouteID_f2892562-1bef-467d-9edc-0161479d5c6c,DSE2,2018-08-23,15:01:38,4247527.0,116,115,18,47.64354958620688,-122.36291987931027,Medium
RouteID_f29ad663-b841-47ae-8e2e-cf0ab3b9daa6,DLA7,2018-08-16,16:11:04,3313071.0,158,157,19,34.146981373417724,-117.6247639810127,Medium
RouteID_f2a96e44-dda5-40ed-b7fb-f392ff4cb72e,DLA8,2018-07-29,17:33:48,3313071.0,135,134,23,33.92242117037037,-118.3668306888889,Medium
RouteID_f2b32733-34e1-4663-b8b3-3db9c7277a1e,DCH3,2018-07-29,15:08:15,4247527.0,200,199,20,41.72486027500001,-88.12061151999995,High
RouteID_f2b52635-4164-4955-8ad0-4baebd837b37,DLA4,2018-07-26,16:52:22,3313071.0,174,173,11,34.30478083908048,-118.41738813218385,High
RouteID_f2b9b9ca-325a-4165-afb2-c8ec8e8b55e9,DLA7,2018-08-12,15:03:57,3313071.0,147,146,24,33.89924202721089,-117.7723270136054,High
RouteID_f2cc7d58-0830-48c8-a276-c189dd0aac45,DLA7,2018-07-26,15:57:43,3313071.0,182,181,26,33.910843554945075,-117.58702148351655,Medium
RouteID_f2cd4f0e-5bc2-4d6f-b2f8-3c50395d072e,DSE4,2018-08-07,14:52:57,4247527.0,116,115,13,47.69571332758619,-122.31291889655179,High
RouteID_f2ecc08b-ec7c-4b07-96c8-7ef4db420f3d,DCH1,2018-07-25,14:29:19,3313071.0,115,114,21,41.88075261739129,-87.81274626956525,High
RouteID_f2fc6e86-2c55-4eb9-92aa-db0e97defdf0,DLA3,2018-07-27,16:02:30,3313071.0,87,86,14,34.06685005747126,-118.26451808045981,High
RouteID_f2fe52f1-0d25-4714-99e8-2f39a5c9a1e0,DCH3,2018-07-30,12:59:59,4247527.0,180,179,20,41.91917040555554,-88.1463852722222,Medium
RouteID_f31634d2-1ac1-4d83-b391-468b30026ad3,DLA4,2018-08-01,15:26:21,3313071.0,179,178,15,34.21807931284918,-118.82641496089393,Medium
RouteID_f3201960-b426-4c04-b0d4-05b31264a235,DCH1,2018-08-07,12:46:21,3313071.0,48,47,24,41.915791437500005,-87.64238658333333,High
RouteID_f3261fad-5f97-44f6-ae7f-cf169f5d6452,DLA7,2018-07-26,14:53:15,3313071.0,158,157,28,33.784184778481,-117.81470922151894,Medium
RouteID_f328bffe-bf90-4ddd-b80a-a3fd78695a6f,DLA4,2018-08-14,13:54:36,3313071.0,117,116,11,34.18773745299144,-118.44342115384615,Medium
RouteID_f32dc8e4-0d48-4b36-a9d6-98f58b788bd4,DCH1,2018-07-21,14:06:04,3313071.0,177,176,13,41.78559790960452,-87.70529539548025,High
RouteID_f32ef9ce-b826-42d0-a847-3712f7287267,DBO3,2018-07-25,12:15:00,3313071.0,165,164,12,42.104353109090916,-71.67872737575757,Medium
RouteID_f33e2ef0-a3c1-4fd6-a7c3-fe909bbfdef7,DLA9,2018-08-01,13:51:29,3313071.0,129,128,21,33.418954558139546,-117.61318610852709,High
RouteID_f33ea8dd-052a-4b82-983d-34ce88395fa5,DLA9,2018-08-05,14:31:51,4247527.0,139,138,26,33.654767971223045,-117.67198220863303,High
RouteID_f35aa25b-5dd9-404c-a1c8-52fa01d8d705,DSE5,2018-08-16,14:00:51,4247527.0,172,171,15,47.170693895348855,-122.25929195930235,Medium
RouteID_f35bd654-1451-417f-8f39-b244703c066b,DLA7,2018-08-13,15:42:34,3313071.0,143,142,20,34.149862671328655,-117.50779799999995,Medium
RouteID_f3698a40-9b8b-4bb0-908c-6a36d982dee8,DLA7,2018-08-05,14:19:08,3313071.0,136,135,23,33.932743507352924,-117.92917149999994,High
RouteID_f374c332-e4c6-444b-a77b-c9d5811d21db,DSE5,2018-08-02,14:05:32,4247527.0,177,176,13,47.22277010169489,-122.18654303389826,High
RouteID_f3813fc5-0c70-488c-a6bf-c626249bd36f,DCH4,2018-08-10,15:18:39,4247527.0,192,191,25,42.10484331770832,-88.11836821875004,Medium
RouteID_f3997f57-b28c-4e23-a360-10d33e51e22b,DBO3,2018-08-15,12:15:00,4247527.0,191,190,22,42.21873076963353,-71.44060351308896,High
RouteID_f3aade87-5ed7-4767-94ed-d02c739c0b04,DBO2,2018-08-14,13:45:00,4247527.0,95,94,15,42.33063630526315,-71.05235916842108,High
RouteID_f3ab9177-b525-4e78-868a-7a98abc65e91,DLA5,2018-08-07,15:26:14,3313071.0,148,147,17,34.02834008108106,-116.99917036486487,High
RouteID_f3ac4896-bf8f-443a-8238-c9fe99599b14,DLA7,2018-08-12,14:15:55,3313071.0,116,115,23,33.842753008620676,-117.93075656896556,Medium
RouteID_f3beffd4-410d-4fa0-8510-0d58366a0068,DLA7,2018-08-08,14:21:51,3313071.0,147,146,22,33.896140523809514,-118.00499306802725,Medium
RouteID_f3d53949-1653-46f2-843e-8c46a1557368,DLA3,2018-07-28,16:00:00,3313071.0,59,58,12,34.083461237288134,-118.32695233898309,High
RouteID_f3e23ae0-1761-4e50-b44b-c88eed709402,DLA7,2018-08-03,16:26:26,3313071.0,138,137,18,34.11977180434783,-117.58542778260869,Medium
RouteID_f3f3283e-874d-4e50-bf3d-d8289559ebd6,DSE5,2018-07-27,15:19:51,3313071.0,121,120,17,47.54854919834712,-122.002970338843,High
RouteID_f3fa2432-9faf-4e4f-b3ac-3aea490aa4cf,DSE4,2018-08-10,15:24:24,4247527.0,140,139,16,47.66320777857143,-122.2734402142857,Medium
RouteID_f403fff5-0491-4243-a797-a4154f88c5e9,DLA9,2018-08-11,13:42:39,4247527.0,138,137,21,33.522058855072466,-117.69799318840577,Medium
RouteID_f4098684-cd2d-47fa-9ee3-a2ce7e2fee51,DBO3,2018-08-16,12:44:33,3313071.0,154,153,26,42.14526694155844,-71.52403177272724,Medium
RouteID_f40abfd6-ca80-4f31-89ad-ba8e0f7edd38,DSE4,2018-08-02,15:45:41,4247527.0,109,108,12,47.67870352293579,-122.31288407339443,High
RouteID_f41295cd-c7ee-43d8-9a4c-4fdbbd16a182,DCH1,2018-08-05,14:43:22,3313071.0,102,101,30,41.91842299019608,-87.70920530392156,High
RouteID_f416c10a-1e16-40cb-97ac-913d1a111de9,DAU1,2018-08-07,14:16:01,4247527.0,117,116,23,30.256831461538457,-97.72260511111112,Medium
RouteID_f4170fd6-0279-42be-aa9b-3458185bc7c3,DLA7,2018-07-26,16:25:04,3313071.0,152,151,25,34.08827435526317,-117.75722054605258,Medium
RouteID_f4203f7a-1851-44a3-b370-e79e24d8d3f5,DLA7,2018-08-02,15:54:42,3313071.0,174,173,20,33.90793179310342,-117.56275820114946,Medium
RouteID_f427faba-4b21-4b30-aa15-3f4c7b96f40b,DLA7,2018-07-29,15:27:47,3313071.0,142,141,28,34.133592352112686,-117.87072176056343,Medium
RouteID_f43021f7-749c-47b5-8a72-7296d17aeef8,DAU1,2018-07-21,15:30:00,4247527.0,195,194,33,30.30715176410258,-97.68486792307688,Medium
RouteID_f4394afd-65fe-4210-91ef-f3bf5e695ca9,DLA8,2018-08-14,15:11:44,3313071.0,119,118,26,34.02158682352941,-118.41594471428579,High
RouteID_f4418332-16d7-4fca-b492-63e96ed66e05,DLA8,2018-07-30,14:43:33,3313071.0,135,134,18,33.785216437037036,-118.17520374814819,Medium
RouteID_f45779f6-bb70-4c1f-a17c-834a3b76361f,DLA9,2018-08-08,15:54:18,3313071.0,163,162,24,33.68778882208589,-118.00286360736197,Medium
RouteID_f460035b-8d1c-4920-a8f5-b43f3741f9d6,DLA7,2018-08-15,16:00:00,3313071.0,173,172,26,33.87773876878612,-117.78733587283236,Medium
RouteID_f467939e-a0ba-491e-b684-a2d993001807,DCH1,2018-08-11,15:00:00,3313071.0,128,127,27,41.87860374218751,-87.786810765625,High
RouteID_f472323a-6317-45fe-adde-5539e463687f,DLA7,2018-07-20,15:09:46,3313071.0,155,154,25,33.8698239419355,-117.7880326903226,Medium
RouteID_f4807876-9a07-4e12-b387-99fb42e3ece3,DBO3,2018-08-10,12:15:00,4247527.0,167,166,29,42.3816035688623,-71.44465567664672,Medium
RouteID_f48ad130-d1a9-4e4d-8968-f1b6cdb8705f,DLA9,2018-08-08,15:15:02,3313071.0,153,152,17,33.738186895424846,-117.94038145751634,Low
RouteID_f4950ad1-f787-4bc1-8ed4-33d7bbd2141a,DAU1,2018-08-15,14:28:23,4247527.0,161,160,26,30.412843813664587,-97.73656345341621,High
RouteID_f49e3ec7-7193-4efc-88df-3190235037e4,DSE5,2018-08-11,15:11:25,3313071.0,107,106,12,47.55834447663548,-122.08587771028039,High
RouteID_f4af3421-0f38-4a00-aef8-db7778bd12db,DLA8,2018-07-28,15:31:34,4247527.0,81,80,20,34.071413962962964,-118.37104577777778,High
RouteID_f4cb791a-b53e-464d-93f2-f812dcb1f1f9,DCH3,2018-07-23,15:15:44,3313071.0,186,185,20,41.76764155376343,-88.0963875860215,Medium
RouteID_f4cc304f-07a2-47fe-bc7c-f65f3d623636,DSE4,2018-08-09,15:40:49,3313071.0,206,205,22,47.90494683009713,-122.18897201456313,High
RouteID_f4dffc1f-2df6-4ef0-a913-55c4eedf1667,DLA7,2018-07-25,14:19:25,3313071.0,160,159,25,33.87703020000002,-117.93984997499997,High
RouteID_f4f56dd1-f7c4-445c-83f2-fb6f8c5684ce,DLA8,2018-07-25,15:19:36,3313071.0,97,96,20,34.01280108247422,-118.41230892783506,High
RouteID_f507f2de-bad0-4807-9115-bb9f1c21d49f,DLA7,2018-08-04,16:28:42,3313071.0,147,146,20,34.12266314285715,-117.59239117687078,High
RouteID_f50ac651-796b-491a-8d65-c9a05b051b8b,DCH1,2018-07-28,14:52:26,3313071.0,116,115,25,41.95178585344827,-87.69740155172411,High
RouteID_f5100716-217a-49d5-8796-126f962e6e2b,DLA7,2018-08-03,14:24:09,3313071.0,130,129,21,33.866056361538455,-117.89623222307692,Medium
RouteID_f51240f3-83ac-466d-a4eb-0773457e7917,DBO2,2018-07-21,13:45:00,4247527.0,55,54,19,42.33871938181818,-71.07874641818184,High
RouteID_f512571f-48ad-4ec7-9e65-2454dc436e10,DLA4,2018-08-08,14:22:40,3313071.0,149,148,18,34.16005523489933,-118.39141837583891,High
RouteID_f5126b28-d400-4755-a202-9adb401b10ff,DCH2,2018-07-26,14:14:03,3313071.0,149,148,20,41.98598208724834,-87.71452578523487,Medium
RouteID_f5160f5b-23fe-47ae-a857-4698c74153f2,DLA9,2018-08-22,16:12:33,3313071.0,134,133,22,33.6428862238806,-117.9376405074627,High
RouteID_f5262777-a08c-4a4e-b106-10c97f4defc0,DLA9,2018-08-20,14:18:26,4247527.0,123,122,30,33.69500202439025,-117.75106059349598,Medium
RouteID_f53d09f3-721d-456d-aa62-5b9469ea63ba,DLA8,2018-08-14,15:11:53,3313071.0,108,107,22,34.049237046296284,-118.38548183333329,High
RouteID_f53f895d-3c73-4798-b787-9890b7dcb23b,DLA9,2018-07-25,14:02:39,3313071.0,144,143,19,33.536948458333335,-117.62699675694441,High
RouteID_f5429018-34db-429b-92eb-d8de5a2f1c9b,DSE5,2018-08-26,14:55:31,3313071.0,161,160,13,47.587709,-121.98482975155278,High
RouteID_f545904b-087a-421f-987c-5992ca4ebbfc,DLA8,2018-07-25,14:56:27,3313071.0,135,134,20,33.79251047407409,-118.16032397777778,High
RouteID_f545eed8-414d-4816-9db8-23a8e2e34c33,DLA8,2018-08-07,15:09:56,3313071.0,92,91,19,34.00946632608698,-118.4041373804348,High
RouteID_f565be46-35e8-4ac4-81df-45cd11805b96,DBO2,2018-08-14,13:45:00,3313071.0,124,123,22,42.28301936290321,-71.25181706451613,Medium
RouteID_f566cbae-afbf-4bfa-b17e-f504248b75c1,DLA8,2018-07-24,17:32:52,3313071.0,57,56,15,33.862447368421066,-118.39784936842105,Low
RouteID_f56f348d-af4a-4fbb-b13b-487244384835,DBO2,2018-08-09,11:20:39,4247527.0,184,183,23,42.15133311413042,-71.00714726630436,Medium
RouteID_f582983b-11d1-4ece-beb5-1c8591eec2cb,DCH3,2018-08-16,14:53:29,4247527.0,158,157,23,41.75674327848099,-88.2056097341772,Medium
RouteID_f58a0a15-8f9b-48d2-8628-b1aaf148c490,DSE5,2018-08-12,14:58:32,3313071.0,169,168,13,47.384822715976334,-122.09519581656811,High
RouteID_f59e7dee-a5c9-44d6-b881-11aff7dbfe32,DBO2,2018-08-12,11:17:49,4247527.0,193,192,22,42.1440439119171,-71.04416632124352,Low
RouteID_f5a08cba-66b9-4db9-9227-fd4fc6fab7be,DLA8,2018-07-26,16:14:06,3313071.0,108,107,21,33.99894939814817,-118.41871311111116,High
RouteID_f5aba2dc-5f9b-4380-b4c1-03ab0c3d5a04,DSE4,2018-08-02,15:00:51,3313071.0,156,155,28,47.690733064102574,-122.17224103846162,Medium
RouteID_f5adea36-6273-46a5-b2d5-28cbf0f2a470,DSE5,2018-08-09,15:05:07,3313071.0,125,124,7,47.58911877599999,-122.06868352800004,High
RouteID_f5bbc6ec-44ea-49bb-9f53-ed872e50f8a2,DSE4,2018-08-01,15:02:27,3313071.0,167,166,22,47.938740544910196,-122.21475868263472,Medium
RouteID_f5e1a5b9-f466-437d-90e2-ca442af67c01,DBO3,2018-07-25,11:22:59,4247527.0,147,146,20,42.39961495918367,-71.34372785714287,High
RouteID_f5ea0844-df84-40be-9075-3c7596e1c22d,DSE5,2018-08-12,14:00:00,4247527.0,181,180,15,47.11289068508287,-122.31482904419896,Low
RouteID_f5ffef88-4aad-40ec-9861-590bf139f87c,DLA9,2018-07-23,14:46:10,3313071.0,122,121,18,33.76858455737707,-117.83337450819683,High
RouteID_f60e335c-e55c-4529-91e1-885b587c2aba,DCH4,2018-07-28,14:12:54,3313071.0,202,201,33,42.08592559405941,-87.96787425742576,Medium
RouteID_f61ceeed-4703-41ad-bcca-f1498f18e579,DLA4,2018-08-05,13:55:25,3313071.0,145,144,14,34.194159200000016,-118.3893158758621,High
RouteID_f636bace-6eb4-444d-9934-6cb82025edce,DSE4,2018-08-09,15:37:28,4247527.0,113,112,12,47.696097070796455,-122.31305855752213,High
RouteID_f63d984e-43ec-4983-8006-4080227c4c39,DBO3,2018-07-27,11:30:00,4247527.0,154,153,20,41.84100715584418,-71.36143972077923,Medium
RouteID_f64f6621-a090-4e43-a6b9-4865c757c758,DLA8,2018-07-27,16:34:23,3313071.0,120,119,16,33.719196999999994,-118.29279163333331,High
RouteID_f66813ae-00a8-4970-94f5-7a986ec434ba,DLA5,2018-08-13,15:12:25,3313071.0,156,155,26,34.06320136538463,-117.12747492307689,Medium
RouteID_f669d063-4778-4a73-a5a5-558e3e53a87f,DCH4,2018-07-31,13:48:38,4247527.0,157,156,24,42.274230197452226,-87.84663689171973,Medium
RouteID_f6707489-5f0b-4c62-94d1-b857386b57f5,DBO3,2018-07-27,11:30:00,4247527.0,135,134,17,41.85766023703704,-71.47738767407404,Medium
RouteID_f68acbca-800e-422f-b0db-3722f72ea1da,DLA9,2018-08-23,13:40:22,3313071.0,124,123,24,33.56725722580648,-117.73722777419354,Medium
RouteID_f694de2f-26b9-438c-b7a3-d769c61cd72c,DSE5,2018-08-26,15:11:21,3313071.0,161,160,14,47.40326111801241,-122.19957664596268,Medium
RouteID_f698c039-b7a1-4489-9638-a73f56d0f237,DCH4,2018-08-13,15:38:55,3313071.0,180,179,22,42.312627716666675,-87.94074198333337,High
RouteID_f69917e2-b7c9-40de-b0a9-2b79071319e0,DLA9,2018-08-15,15:56:30,3313071.0,161,160,22,33.69788514285714,-117.9832091677018,Medium
RouteID_f699c0d6-60f0-4fdb-9b66-e09275409e86,DLA9,2018-08-23,13:36:12,3313071.0,164,163,26,33.64718626829267,-117.57072245731709,Low
RouteID_f69c2bac-4950-436d-b786-0ec5f461a314,DLA3,2018-07-28,15:30:00,3313071.0,116,115,20,34.11395115517242,-118.27905449137934,Medium
RouteID_f6af8b0b-d87c-46e0-9b96-b575abc2db6d,DSE4,2018-08-01,16:58:15,4247527.0,149,148,19,47.79243116778524,-122.2912947181208,High
RouteID_f6c496fc-d53e-4005-b1fb-c20f54368a88,DLA7,2018-07-27,15:41:34,3313071.0,181,180,18,34.147119861878465,-117.3706775911603,Medium
RouteID_f6ce3ad1-71ba-4e54-b811-1cedd0e0a81b,DLA7,2018-08-17,15:43:29,3313071.0,176,175,26,33.95186664772729,-117.56217332386369,High
RouteID_f6cf8555-0162-4086-9b9b-95bf9549274b,DSE5,2018-08-11,14:08:18,4247527.0,120,119,10,47.25416832500001,-122.34833436666659,Medium
RouteID_f6cf991e-9bb0-46b9-a07d-8192c2d29bb1,DLA9,2018-08-18,14:29:58,4247527.0,177,176,31,33.64914885310733,-117.69507458757067,High
RouteID_f6d0e8ce-dbef-4580-9d92-717e3dd1cffc,DLA9,2018-08-01,16:09:27,3313071.0,144,143,29,33.64430925000001,-117.78067272916662,Medium
RouteID_f6e1f8cd-d17c-4fe3-83d9-91b1b53761c4,DLA8,2018-08-02,16:38:54,3313071.0,164,163,24,33.774511439024394,-118.41238681097563,Medium
RouteID_f6e7449f-74ab-4e7f-81b8-34dd2574a102,DCH1,2018-07-31,14:41:57,3313071.0,118,117,12,41.926104118644055,-87.75010585593225,Medium
RouteID_f6e8c2ca-96bc-4908-9841-402c57fed8e7,DLA8,2018-08-08,15:46:02,3313071.0,147,146,23,34.00411564625851,-118.45065156462589,Medium
RouteID_f6f5d46e-5f57-4cf0-9e42-cccedfe1a1f5,DLA8,2018-08-12,14:44:53,4247527.0,159,158,19,33.910135710691826,-118.29151866037743,High
RouteID_f6f9ee76-9d42-4707-b5f9-85e12dc4a9dc,DSE4,2018-08-24,15:32:29,4247527.0,129,128,14,47.696632248062045,-122.28388762015504,Medium
RouteID_f6ff24e9-d303-429f-bc4e-46463d85365f,DLA7,2018-07-27,14:46:16,3313071.0,184,183,23,33.84503476630436,-117.54724807608693,Medium
RouteID_f7123d22-3da6-423a-b4a5-419e3a5001f7,DLA5,2018-08-17,15:13:16,3313071.0,169,168,19,34.02575365088757,-117.06256310059166,Medium
RouteID_f714309a-a070-49f8-89e7-045ef6c7c0b0,DCH4,2018-07-30,13:49:47,4247527.0,174,173,28,42.348027063218396,-88.0410314770115,Medium
RouteID_f7214ad3-c523-4d67-bbdf-38a9cd4fdca0,DLA7,2018-08-03,15:07:44,3313071.0,137,136,17,34.07234254744525,-117.6628499562044,Medium
RouteID_f727a18c-2b15-4921-bf92-50e34f64fb60,DBO3,2018-08-09,12:39:21,4247527.0,166,165,18,42.10702753012049,-71.48296642771085,Medium
RouteID_f72b7091-9a7d-4dd3-be5d-f04f3da1ca6b,DSE4,2018-07-20,15:00:09,3313071.0,132,131,22,47.658196242424225,-122.1963696969697,High
RouteID_f72de93b-2cd5-47e6-88a5-f61adfaadab4,DSE5,2018-08-22,13:49:21,3313071.0,165,164,13,47.34606704848486,-122.32540543636352,Medium
RouteID_f7322384-7a5d-4379-8bff-95ad58895df0,DCH1,2018-08-14,14:58:25,3313071.0,84,83,21,41.956978488095245,-87.68551848809523,High
RouteID_f740d605-1fc6-4f55-a425-ea73869d55de,DBO2,2018-08-14,11:57:28,4247527.0,151,150,19,42.08548964238409,-70.95208894039735,Medium
RouteID_f74910b0-13b8-4c55-8cd9-925c740ee281,DBO3,2018-08-07,12:09:48,4247527.0,161,160,18,42.06733516149068,-71.32247625465841,High
RouteID_f74a1a74-814b-4f06-b67e-13cdea88e681,DCH4,2018-08-03,13:56:04,4247527.0,210,209,33,42.14664704761903,-87.96572504761906,Medium
RouteID_f75a0730-d46d-4b7d-add2-4729a9919331,DLA4,2018-07-23,17:31:25,3313071.0,184,183,13,34.27068625000001,-118.5433042717391,Medium
RouteID_f760f46e-d3a5-4388-ab76-72c53e3e24f7,DCH3,2018-07-24,15:30:00,3313071.0,191,190,22,41.80332723036647,-87.97966771727751,Medium
RouteID_f77f4197-2e04-431c-9c9b-88ac4b330ec9,DSE2,2018-07-24,14:15:00,3313071.0,68,67,19,47.64342875,-122.32235030882354,Medium
RouteID_f78dec9c-227d-4408-aeda-54f218bd25d2,DLA8,2018-07-24,16:38:16,3313071.0,90,89,12,33.77253874444445,-118.37916321111115,Medium
RouteID_f7a5775e-d900-49b9-9553-22082780f21e,DBO3,2018-08-15,12:36:42,4247527.0,155,154,17,42.2838658387097,-71.53336844516129,Medium
RouteID_f7a73794-a2dc-4beb-8ab8-11a422b1a244,DSE2,2018-08-03,14:52:43,4247527.0,71,70,13,47.64808069014085,-122.37321984507045,High
RouteID_f7b9a3b4-75fc-4e5f-b669-e51f1a67101e,DLA7,2018-07-23,15:46:06,3313071.0,134,133,17,34.16814718656717,-117.31350653731343,Medium
RouteID_f7c7980c-84a1-4820-806a-798646d20534,DBO3,2018-08-17,12:36:30,4247527.0,177,176,27,42.22968097175142,-71.43098187570621,High
RouteID_f7d230f7-5c7d-44b4-b311-957a18ac62f3,DCH4,2018-07-29,15:08:54,4247527.0,172,171,23,42.21153824999999,-88.34150823837207,High
RouteID_f7d95bb5-dae9-4400-9a05-4ea10ec84a8e,DBO2,2018-08-14,11:58:21,4247527.0,150,149,16,42.16519949999999,-70.82764285999998,High
RouteID_f7e576fc-d6b8-4be4-8f1c-2f404b4436d1,DAU1,2018-07-28,14:35:15,4247527.0,153,152,30,30.355014111111117,-97.6456953137255,Low
RouteID_f7f2ad7c-ab0a-4d86-950f-21234a6cb05e,DLA9,2018-08-11,15:52:25,3313071.0,196,195,30,33.682130647959184,-118.01454831122454,Medium
RouteID_f808ec2d-ee49-4dc8-b4cb-abc2bed487eb,DSE4,2018-08-22,14:51:12,3313071.0,134,133,25,47.712458671641784,-122.2008353880597,High
RouteID_f829cf04-4723-406f-86a4-cce57bd0e5ee,DLA8,2018-07-25,16:11:06,3313071.0,115,114,22,34.03807877391305,-118.48044686086952,High
RouteID_f82c3715-3bd1-4a55-bbd3-a94e7e494dc7,DSE2,2018-08-23,14:36:14,3313071.0,41,40,17,47.62193973170732,-122.32509673170733,High
RouteID_f8455888-f3d5-41b5-a2b3-c45715179055,DLA7,2018-07-19,15:26:34,3313071.0,156,155,21,34.12774083333333,-117.81936294871797,High
RouteID_f84d6696-3340-4173-a3b1-a41ef5294178,DLA3,2018-08-04,16:53:04,3313071.0,173,172,16,33.98090499999998,-118.18988598843931,Medium
RouteID_f855831e-523a-4998-afa8-ce2117e77cf6,DBO3,2018-08-16,12:15:00,4247527.0,149,148,25,42.271671402684554,-71.73646857718121,Medium
RouteID_f85f5c24-6a79-40ca-bfe8-117e76a68316,DLA7,2018-08-09,15:28:13,3313071.0,143,142,20,34.15320644055943,-117.52807244755246,Medium
RouteID_f867f440-d32e-4360-9147-b7d8781b9ecd,DLA9,2018-08-15,14:32:34,3313071.0,119,118,22,33.64924989915966,-117.66703323529413,Medium
RouteID_f86af75d-32a7-43a8-b65f-7a18d6d98a62,DCH4,2018-08-15,14:16:51,4247527.0,160,159,20,42.0644119,-88.21266325000002,High
RouteID_f86f5095-2fd1-42d9-b559-f32b1ecc1fd3,DCH4,2018-08-03,15:10:48,4247527.0,165,164,28,42.17585183636366,-88.36635115151518,Medium
RouteID_f8735a00-2ce4-40e8-a57d-ce9bfa938f34,DCH1,2018-08-17,15:15:03,3313071.0,81,80,24,41.94161593827158,-87.6624337530864,High
RouteID_f87749e0-3ed7-4cda-a0de-d3a0f6e82ac6,DLA4,2018-07-24,16:35:19,3313071.0,124,123,10,34.312592241935484,-118.45048261290327,High
RouteID_f87e7d1b-eb81-4ec8-964c-3a63a94f21aa,DBO3,2018-08-17,11:30:00,4247527.0,157,156,30,42.34226396178344,-71.22452122292995,Medium
RouteID_f88ddd7d-eafb-4714-a10a-b82b9182df10,DLA7,2018-08-05,14:29:25,3313071.0,155,154,27,33.90700767741933,-117.89704021935484,Medium
RouteID_f89678a6-2e0c-4dbc-996c-09e80c84567c,DBO2,2018-08-10,12:29:32,4247527.0,74,73,16,42.336583878378384,-71.05174079729731,High
RouteID_f8a0ac49-2c0c-45db-beb9-ddae3586881a,DSE5,2018-08-23,14:07:35,3313071.0,179,178,17,47.35078485474861,-122.27431574860333,High
RouteID_f8a3dea8-1e66-4665-b8d4-8db670af8f19,DCH2,2018-07-24,15:11:40,3313071.0,176,175,20,41.99343206818181,-87.73420007954546,High
RouteID_f8aff7d4-5ef1-467b-88f2-67d1da0cabfe,DAU1,2018-08-10,13:33:46,4247527.0,131,130,26,30.287138320610694,-97.72473099236643,High
RouteID_f8b9ec91-4b55-4b47-abb3-806182880c83,DSE4,2018-07-29,15:53:39,4247527.0,128,127,17,47.66602432031249,-122.26988884375001,High
RouteID_f8ba9973-24f1-4958-b7cf-28af937cecef,DCH3,2018-07-23,15:24:56,4247527.0,158,157,22,41.80223913924051,-87.93788312025319,High
RouteID_f8bcfca4-1e8f-4b4a-90ce-6702bd6dda9b,DLA7,2018-07-31,16:34:05,3313071.0,184,183,21,34.018186641304325,-117.66659670108689,Medium
RouteID_f8c7943e-2995-4426-8e3a-ba2d53bb1c25,DBO1,2018-08-11,12:25:15,4247527.0,46,45,13,42.34639293478262,-71.0761694130435,High
RouteID_f8c83168-e3f5-43ad-98ff-34956fcb4e05,DLA9,2018-07-29,14:37:43,3313071.0,145,144,25,33.59680086206896,-117.69332677931033,Medium
RouteID_f8cdcbcb-7635-4105-ba1f-8255616f1cfd,DBO2,2018-08-08,12:13:14,4247527.0,171,170,25,42.21837905847952,-70.92770217543857,Medium
RouteID_f8d8682a-7bb4-41a2-8500-74497ed42b26,DCH2,2018-08-12,14:03:00,3313071.0,77,76,19,41.98955935064936,-87.66259925974026,High
RouteID_f8e15aaf-2a32-461d-b01c-f0e86eb3e692,DSE5,2018-08-04,15:36:07,3313071.0,169,168,14,47.39984792307691,-122.19522562130179,Medium
RouteID_f8e24cab-c57a-4283-9ab9-b48d441a3caa,DSE5,2018-07-20,15:06:51,3313071.0,180,179,13,47.38231367222222,-122.28830706111118,Medium
RouteID_f8f68812-db90-4516-926f-65fd97d37863,DCH1,2018-08-04,15:00:00,3313071.0,88,87,28,41.95140229545452,-87.67344613636362,High
RouteID_f8f76049-80da-4af1-aa73-c41e67a831c8,DSE5,2018-07-31,14:26:47,4247527.0,136,135,11,47.20196405882352,-122.37562900735298,High
RouteID_f8f8b986-d4ed-4a96-b5bf-dac48bb13743,DSE4,2018-08-02,15:07:19,3313071.0,118,117,22,47.76975095762712,-122.17211963559325,Medium
RouteID_f8fe34bc-4ba3-405f-adf9-3a7e0312ec57,DCH4,2018-08-13,15:46:46,4247527.0,147,146,22,42.338338088435364,-87.99134742857139,Medium
RouteID_f903c5d3-c131-4e88-9355-4298b1f1ffcc,DBO2,2018-08-13,11:51:37,4247527.0,159,158,24,42.21797477987423,-70.93385235849055,Medium
RouteID_f90c282e-5014-4955-adf0-3c6e1f38fce8,DLA7,2018-08-15,16:00:00,3313071.0,145,144,20,34.14903846206895,-117.45762939310343,Medium
RouteID_f912cb53-4d04-41d9-854b-37266c089d34,DBO2,2018-08-16,13:32:16,3313071.0,146,145,22,42.19986589726029,-71.20399645890409,High
RouteID_f9148f94-763a-4f55-b22e-8c9e173479e2,DLA7,2018-07-27,15:58:31,3313071.0,159,158,22,34.15384239622643,-117.47996496226416,High
RouteID_f91fa739-9986-4dbf-8a14-99d3ca80d724,DLA7,2018-08-12,16:28:44,3313071.0,148,147,27,34.02612739864866,-117.860035277027,Medium
RouteID_f926f8d6-4865-4ce9-adbb-0a8ef3aa352c,DAU1,2018-08-10,14:30:03,4247527.0,127,126,14,30.435087834645675,-98.00450754330706,Medium
RouteID_f930c74c-e6c2-4c57-9e72-8227d168faa0,DLA9,2018-08-25,14:25:30,4247527.0,144,143,28,33.6550780972222,-117.68963108333327,Medium
RouteID_f9528cc4-2463-4533-a31f-2e6c29e62d1e,DSE4,2018-08-10,14:47:20,3313071.0,159,158,26,47.73188625157232,-122.20853100628928,Medium
RouteID_f952cbc9-0f58-44a9-b47f-8b2e27114495,DBO3,2018-08-12,11:49:10,4247527.0,95,94,20,42.40103916842106,-71.24036358947366,Medium
RouteID_f95de58b-6dde-4f1f-8b5b-616dd48a8244,DLA9,2018-08-15,15:00:00,3313071.0,136,135,21,33.732141352941156,-117.80029715441184,High
RouteID_f9639176-8909-4c65-80a9-5562b0241ad4,DBO3,2018-08-13,13:02:17,3313071.0,162,161,18,42.116751938271605,-71.54909082716054,Medium
RouteID_f964e5d6-ab16-4fe7-84d5-4490646900b7,DLA9,2018-08-24,13:34:10,3313071.0,124,123,19,33.627443516129034,-117.664930733871,High
RouteID_f96605cc-39a4-4b29-9a1e-62a909b38f64,DCH2,2018-07-24,15:07:45,3313071.0,183,182,23,42.01690205464482,-87.87395773770498,Medium
RouteID_f9686e21-7d41-44ce-bde4-83ebcc922ef0,DLA5,2018-08-14,14:37:28,3313071.0,204,203,22,33.92322025490196,-117.2054551862744,Medium
RouteID_f97717a9-92a2-4353-a0e9-6dcc7f25f7ea,DAU1,2018-08-02,14:47:19,4247527.0,177,176,29,30.503230892655374,-97.63725892090399,Medium
RouteID_f997925e-dfab-471d-8e55-33827802b0ac,DCH1,2018-07-22,15:22:42,3313071.0,64,63,26,41.95107896875001,-87.67410876562502,High
RouteID_f9a28af1-f548-453c-88bb-c4aaf7d937dc,DBO3,2018-08-02,12:15:00,4247527.0,163,162,24,42.49386682822086,-71.47826095705524,Medium
RouteID_f9a6ea66-7cee-4bbe-9cc7-f6c68c197508,DLA7,2018-07-31,16:00:00,3313071.0,145,144,21,33.97874353793102,-117.7211543586207,High
RouteID_f9c635dd-b97d-414c-8fbc-8e1cac336947,DLA7,2018-08-13,16:11:22,3313071.0,159,158,25,34.12735864150944,-117.64239200628926,Medium
RouteID_f9c7f0e4-25b0-4712-a781-98c2de7971af,DSE2,2018-07-30,15:08:37,3313071.0,112,111,15,47.567391133928574,-122.31348852678569,High
RouteID_f9c8e757-149a-4135-ac97-20526da8e646,DBO2,2018-07-23,11:34:49,4247527.0,166,165,19,42.107635325301196,-70.87118472891561,Medium
RouteID_f9cabe15-4849-40e4-8cee-37b718e1431b,DLA9,2018-07-31,14:41:09,3313071.0,133,132,19,33.76841092481204,-117.85590675187964,High
RouteID_f9dad277-5723-4c75-8ea8-62731ac32b58,DSE4,2018-08-16,14:52:34,3313071.0,161,160,27,47.77303080745344,-122.21838762111797,High
RouteID_fa01bfe7-58df-4452-af60-297788a6df98,DBO2,2018-07-25,13:05:25,4247527.0,123,122,25,42.31793460975609,-71.15616001626015,High
RouteID_fa07d962-0b8a-44a4-a0c2-9c09f6766e0c,DSE4,2018-08-11,14:48:52,3313071.0,168,167,28,47.688868779761904,-122.19442257738092,High
RouteID_fa28d5cb-94e1-4cbc-8e9a-3b6c8ad140a6,DSE4,2018-08-08,15:00:12,4247527.0,119,118,13,47.69475026050421,-122.32030205042015,High
RouteID_fa2d1f19-3768-40de-b56f-1607511d83c8,DLA9,2018-08-18,15:51:55,3313071.0,157,156,31,33.68609663057326,-118.00745682802543,Medium
RouteID_fa4a3fcc-68e7-4acd-80de-6ca4bf1b0a9f,DLA7,2018-08-08,15:00:18,3313071.0,134,133,23,33.89965927611943,-117.87460492537315,High
RouteID_fa4be18d-2db3-4d1c-864b-68476e16b47a,DLA7,2018-08-02,16:25:07,3313071.0,149,148,20,34.14879025503353,-117.58360153691281,Medium
RouteID_fa4fadeb-d292-47cc-b945-0b7448ed41e5,DLA7,2018-08-12,16:40:15,3313071.0,146,145,27,34.119202636986316,-117.7216305273973,Medium
RouteID_fa563800-0eab-4056-b159-93127c8ac4a3,DBO3,2018-08-08,11:30:00,4247527.0,125,124,19,42.397817176,-71.18885335199998,High
RouteID_fa5e36ae-708e-43be-ac00-c25d110c8131,DSE4,2018-08-24,15:10:38,3313071.0,150,149,28,47.85424160666668,-122.24187626000001,Medium
RouteID_fa5f77ea-c423-4f0c-8c44-5dd6e042216c,DLA7,2018-08-16,14:25:09,3313071.0,153,152,21,33.91554401307188,-118.01335031372547,Medium
RouteID_fa6120df-eadb-4af3-b8c8-5e887ee5d014,DSE5,2018-08-19,15:01:05,4247527.0,158,157,10,47.18409037341773,-122.42391370253164,High
RouteID_fa6abeff-7afa-44ab-a0cf-3fdbb164146c,DCH3,2018-08-12,13:01:55,4247527.0,175,174,26,41.901581748571445,-88.11830058857146,High
RouteID_fa6d6dd9-0420-469b-ac02-def09b10e854,DCH3,2018-08-05,14:41:08,3313071.0,192,191,26,41.829717489583345,-88.13259470833334,High
RouteID_fa706f44-d014-4ded-b967-b2b100eb4c23,DBO3,2018-08-16,12:15:00,4247527.0,145,144,20,42.28501547586207,-71.53202118620692,Medium
RouteID_fa717416-921d-42a9-9719-81b9a7ec3491,DLA9,2018-07-21,14:03:29,3313071.0,119,118,19,33.54232143697479,-117.63150562184872,Low
RouteID_fa74b6b3-914b-451a-bc6a-57d609c881b3,DLA9,2018-07-22,14:44:23,4247527.0,125,124,21,33.683546456,-117.67309168000001,Medium
RouteID_fa86fe13-5a01-4c74-a1f7-584582d0edc3,DSE5,2018-08-12,13:45:42,3313071.0,205,204,17,47.34896686829269,-122.27354574146338,Medium
RouteID_fa8838e4-4667-4488-ae9f-8a469e5b7077,DCH2,2018-07-20,14:06:59,3313071.0,153,152,18,41.99444390849673,-87.70624041176467,Medium
RouteID_fa90bf0c-2608-4ef9-bf60-89123fdd444e,DLA7,2018-08-04,14:51:27,3313071.0,147,146,26,33.86839227210885,-117.79147460544219,Medium
RouteID_fa9199aa-5eed-4f17-82fd-080acdcbb43d,DLA7,2018-08-01,14:27:37,3313071.0,169,168,21,33.831518810650884,-117.87662976923076,High
RouteID_faaf69b7-d9da-4147-a56d-abac94a7bfba,DCH3,2018-07-31,15:30:00,4247527.0,195,194,20,41.971937958974365,-88.08030769743588,High
RouteID_fab54e10-524b-4dca-9465-3fae0b818d18,DAU1,2018-07-27,15:03:32,4247527.0,154,153,21,30.495410642857163,-97.6769807272727,Medium
RouteID_fac9c0af-8248-40f7-8527-eefa2d1d4ae9,DSE4,2018-08-03,15:46:53,4247527.0,115,114,14,47.68304986086956,-122.29589417391303,High
RouteID_faca00e0-c2c4-4fa3-bdd2-18f66ab4f89e,DCH2,2018-07-25,14:11:38,3313071.0,159,158,19,41.973376773584874,-87.75389999999997,Medium
RouteID_fadece5d-2666-4e97-9bc0-e9f8d931509a,DLA7,2018-08-14,14:55:40,3313071.0,168,167,22,33.87706738690477,-117.64316532738091,High
RouteID_faedbfaa-5429-4972-b9cc-62c3fafdaafb,DSE5,2018-08-09,13:58:53,4247527.0,160,159,15,47.10940669999998,-122.31260345000001,Medium
RouteID_faf58f6b-886b-4247-8a7d-2313262be7f1,DCH4,2018-08-16,13:31:52,4247527.0,139,138,20,42.22387136690647,-88.36912383453236,High
RouteID_faffc452-8663-484f-bbd8-7ace2b8bc694,DSE4,2018-08-08,14:50:25,4247527.0,127,126,10,47.67647616535432,-122.27794506299217,High
RouteID_fb073e9d-d614-425a-9919-d1946f5d1e15,DSE4,2018-08-07,14:55:24,3313071.0,166,165,27,47.71906696385545,-122.19924948192777,High
RouteID_fb25c00e-ae06-47da-8384-3ca4c436c3da,DLA7,2018-08-10,14:54:28,3313071.0,136,135,19,33.91245882352943,-117.87399673529416,High
RouteID_fb3735ff-b5e0-4936-adf2-16cde695ce45,DLA8,2018-07-21,14:47:55,3313071.0,128,127,22,33.7807624140625,-118.1912602265625,High
RouteID_fb3d4c88-6b24-4a5e-a37f-5866f6aa45b5,DAU1,2018-07-27,15:30:00,4247527.0,147,146,33,30.367216700680277,-97.89622909523801,High
RouteID_fb613ccd-4902-426f-8a33-338b6fe61456,DLA9,2018-08-14,16:03:04,3313071.0,193,192,27,33.73808035233159,-118.02271674093268,High
RouteID_fb68edef-15a2-4e59-9d3d-2fbc24e6fd6e,DSE5,2018-08-21,15:09:04,4247527.0,137,136,12,47.26458005839415,-122.35325807299273,Medium
RouteID_fb712b77-72cb-4c7e-a45e-ae89395d7899,DBO3,2018-08-15,12:17:51,4247527.0,148,147,20,42.22068496621621,-71.53043691216213,High
RouteID_fb76db03-42c9-469f-ba04-fdcead32be60,DLA8,2018-08-08,16:46:51,3313071.0,122,121,18,33.735617745901635,-118.28815928688523,High
RouteID_fb8dbc04-db2b-4ea8-a450-c3fdc8b4c906,DBO2,2018-07-21,13:48:49,3313071.0,180,179,38,42.30435143888891,-71.22769126111113,High
RouteID_fb92a892-8d66-442e-bd95-e82d95900397,DLA7,2018-08-14,15:02:53,3313071.0,163,162,22,33.90862083435582,-118.02397340490796,Medium
RouteID_fbadb848-5fbf-439b-9012-99e0b54611b7,DSE5,2018-08-13,15:00:52,4247527.0,110,109,9,47.2587120181818,-122.45822108181818,High
RouteID_fbb50d55-f790-450f-b080-131dd93342af,DLA7,2018-07-22,14:21:47,3313071.0,170,169,26,33.79581970588239,-117.82073735882346,Medium
RouteID_fbb8b25e-ac21-4035-8b1d-dd04b5163058,DBO3,2018-08-09,12:50:49,3313071.0,128,127,16,42.30573607812503,-71.8296111171875,Medium
RouteID_fbbff3c0-d8d1-4fe4-b7a5-1f6f80dd9cde,DBO1,2018-08-13,11:59:03,3313071.0,181,180,22,42.49358684530384,-71.06949055801101,High
RouteID_fbc3bd0d-176c-4267-bdbc-62e14bf06cc1,DSE4,2018-08-23,15:33:15,3313071.0,148,147,21,47.91777289189189,-122.3016846891892,High
RouteID_fbc6e4e2-5cb2-4367-a24d-833b76698f0f,DBO1,2018-08-13,13:12:21,4247527.0,159,158,24,42.51701738364779,-71.1147681698113,High
RouteID_fbcce7ac-9fe0-441b-8dd6-9b5bf0990ebc,DLA8,2018-07-30,17:45:17,3313071.0,154,153,29,33.887438240259726,-118.39644283116881,High
RouteID_fbe1c1e3-5536-44e5-8ce6-9ca987135714,DLA9,2018-08-10,14:28:52,4247527.0,98,97,21,33.64267321428572,-117.75383231632657,Medium
RouteID_fbf0360f-3e3c-44d4-9d36-50a35231c277,DBO2,2018-08-16,12:45:01,3313071.0,146,145,12,42.29935123972602,-71.07077858904111,Medium
RouteID_fbf71391-2e95-45f9-9f8e-8620cff27a3d,DSE4,2018-08-18,15:35:15,4247527.0,118,117,20,47.68961368644068,-122.32135596610166,High
RouteID_fc01e190-22cf-4839-a055-ea241f3d4889,DLA4,2018-08-09,13:54:25,3313071.0,130,129,11,34.17573830769231,-118.37340479230774,Medium
RouteID_fc079256-f052-4eea-8286-53b6c4edde7d,DLA7,2018-08-10,14:36:46,3313071.0,168,167,21,33.917433470238116,-117.98015433333327,High
RouteID_fc094188-0a6b-434a-8f8c-7334834bf3bc,DLA8,2018-07-30,15:18:11,3313071.0,104,103,25,34.032139490384615,-118.42591631730768,Medium
RouteID_fc13e886-7abc-4dfc-804e-f63ffe3160ee,DLA7,2018-08-01,16:30:13,3313071.0,183,182,24,33.95325151366121,-117.5622471038252,High
RouteID_fc1d8f8d-673e-4685-83d2-744be8a0cf26,DLA7,2018-07-29,14:23:24,3313071.0,119,118,23,33.84873121008403,-117.82461773949576,Medium
RouteID_fc31a670-3ff6-4f28-ae8a-6bce6fad083f,DCH3,2018-07-23,13:42:46,3313071.0,205,204,16,41.76576425365852,-88.28904507804877,High
RouteID_fc332f85-287c-4942-a412-b8bb7f74bcad,DBO3,2018-08-02,11:30:00,4247527.0,150,149,18,41.829445699999994,-71.37063535333333,Medium
RouteID_fc393b30-ed20-42b1-b8a3-7c5548b491df,DLA9,2018-07-26,16:16:49,3313071.0,147,146,19,33.7087069659864,-117.89815159183668,Medium
RouteID_fc4158dc-bf6d-4beb-a5ef-9f3aa4f26f6a,DBO1,2018-07-20,13:30:00,4247527.0,44,43,20,42.35357181818182,-71.07941654545455,High
RouteID_fc4786ea-053b-4942-b3d4-607b8d2dc7cc,DSE5,2018-07-20,15:53:47,3313071.0,111,110,12,47.355668756756764,-122.01840007207215,Medium
RouteID_fc4e9c5d-b471-4c17-8c39-a2a820beb560,DBO2,2018-08-01,13:40:24,4247527.0,150,149,28,42.30126142666666,-71.23033192666666,Medium
RouteID_fc592067-deb5-4870-8c59-dcb1ef08a0b2,DSE5,2018-08-21,13:45:02,3313071.0,178,177,15,47.49055530337081,-122.32635885955062,Medium
RouteID_fc6559cc-322c-4da6-8df4-6e97eac6c231,DCH3,2018-07-19,13:41:42,3313071.0,201,200,17,41.692797308457706,-88.11706247263682,Medium
RouteID_fc6d2d29-d1cc-4410-873a-9db798d6a6a9,DCH3,2018-08-15,14:04:34,3313071.0,186,185,19,41.92861876344087,-88.28012609139785,Medium
RouteID_fc6e3132-409a-49ff-b946-eec7f0eb0409,DLA9,2018-08-05,14:29:01,4247527.0,185,184,25,33.642021551351334,-117.65451180540538,Medium
RouteID_fc6f9678-20a6-4c83-857b-9c4df02240ae,DLA9,2018-08-13,14:18:16,3313071.0,125,124,19,33.76821542400002,-117.82735237599996,Medium
RouteID_fc6ff0c9-581c-4ba7-9526-91879db69e30,DSE5,2018-08-20,15:13:09,4247527.0,124,123,11,47.195161322580645,-122.39340999999996,Medium
RouteID_fc796f34-4e97-4fbc-ba06-a118989bccbc,DLA8,2018-07-27,15:46:51,4247527.0,116,115,20,34.049424956896544,-118.39362405172413,Medium
RouteID_fc8b8a53-8355-4e21-98f7-1bebfef3de87,DBO3,2018-07-31,13:04:11,3313071.0,172,171,18,42.039595726744174,-71.53766869767442,High
RouteID_fc945212-0f9c-47b6-a970-3035bcb10156,DLA9,2018-08-16,14:25:04,3313071.0,164,163,19,33.75925044512196,-117.79189910975614,Medium
RouteID_fca811c7-be19-4c6a-8582-8042564523c8,DBO2,2018-08-17,13:54:55,3313071.0,136,135,16,42.18195310294115,-71.11553867647052,Medium
RouteID_fcad2913-98c7-44a8-ab08-0a9fb5e5b324,DLA8,2018-07-24,15:00:08,3313071.0,173,172,21,33.80874186705202,-118.19801439884394,High
RouteID_fcaf2c7b-eac6-493d-8a18-b016fc2a06a2,DLA8,2018-07-22,17:11:08,3313071.0,193,192,14,33.947450787564755,-118.30896313989636,High
RouteID_fccc5eac-0af4-4a65-9764-42bf4f393a0f,DLA7,2018-08-03,15:48:36,3313071.0,196,195,28,33.951385795918355,-117.69604323469387,High
RouteID_fcd7a290-d164-4e81-9b7c-3e4c3d3901d9,DCH2,2018-07-25,14:54:44,3313071.0,170,169,24,42.00114267058824,-87.82987545294118,Medium
RouteID_fcf4528e-633a-47f8-8274-feea8be3222a,DBO3,2018-08-10,12:15:00,4247527.0,134,133,13,41.87109269402984,-71.26261711194029,High
RouteID_fcff94b0-ab55-4b48-941a-58bba7bf5b67,DSE4,2018-08-23,15:51:56,4247527.0,102,101,10,47.678366892156866,-122.27781677450982,High
RouteID_fd008e16-b033-4fc6-8e76-e5d809a1e90a,DLA9,2018-08-11,14:35:27,3313071.0,151,150,25,33.65236178145697,-117.6180482317881,High
RouteID_fd0d87b1-d6ac-43df-abfa-e1f084a533d8,DLA9,2018-08-18,14:23:37,3313071.0,149,148,29,33.723504476510044,-117.7736198657718,High
RouteID_fd0e16cf-10bc-43dd-a390-36fbea32cb30,DLA7,2018-07-26,14:17:37,3313071.0,133,132,22,33.89095321804513,-117.92438984210528,High
RouteID_fd0e7d1a-0de7-47db-adef-e92bcd652ced,DCH4,2018-07-31,15:00:00,3313071.0,179,178,33,42.19965882681564,-87.94465722346365,High
RouteID_fd16167a-809d-4994-a234-c99ccf33ba01,DBO3,2018-07-28,12:05:57,3313071.0,158,157,16,42.4549393670886,-71.59767211392408,Medium
RouteID_fd18ef23-1f17-4d37-be2a-b9072281b52f,DBO2,2018-07-30,12:22:53,4247527.0,140,139,22,42.135166442857134,-70.8059217,Medium
RouteID_fd1ac099-0363-41c1-9645-c16b57c3fb55,DLA7,2018-07-26,14:30:02,3313071.0,163,162,32,33.87301256441718,-117.84166777914113,High
RouteID_fd1e40e1-1fcf-405e-99d1-c3e8da5aea3d,DLA3,2018-08-14,15:30:00,3313071.0,111,110,20,34.07602033333335,-118.25842980180177,High
RouteID_fd1f7013-d996-402a-8bc0-89d4a9bac739,DCH2,2018-08-10,13:59:06,3313071.0,158,157,27,42.01358694303797,-87.69573689240508,Medium
RouteID_fd22b825-a538-4e41-87c9-d7b4ce28fb5f,DSE4,2018-07-22,15:44:42,4247527.0,170,169,25,47.80398364117646,-122.36442962941175,Medium
RouteID_fd2c5628-27a7-48f3-97de-7f19460ec563,DSE5,2018-08-19,15:04:04,3313071.0,163,162,13,47.341656331288334,-122.17315095092025,High
RouteID_fd346d98-1ffb-43de-b3c6-73125a364a08,DBO3,2018-08-14,12:23:36,4247527.0,139,138,22,42.28927808633091,-71.56353951079139,Medium
RouteID_fd3be704-a735-4132-9eb8-b230c05d6484,DBO3,2018-08-07,11:21:06,4247527.0,151,150,20,42.387015344370866,-71.17113058940394,Medium
RouteID_fd42ede5-4a48-4ec4-83f2-f06b586478a9,DLA4,2018-07-30,15:33:47,3313071.0,168,167,15,34.23232298809524,-118.82880580357144,High
RouteID_fd4eff90-8f8e-4b54-85f7-ce0a7af339e6,DLA8,2018-07-25,16:27:15,3313071.0,112,111,22,34.027522910714275,-118.44851263392857,High
RouteID_fd55d5aa-30fd-4f6a-a30a-34eba88813e8,DLA7,2018-07-20,15:03:28,3313071.0,171,170,27,33.849316374269016,-117.78421260233912,Medium
RouteID_fd7c7576-52fe-4ceb-876f-1f410f141105,DSE4,2018-08-22,14:58:56,3313071.0,191,190,27,47.891595801047146,-122.1784289790576,High
RouteID_fd7f757b-abb6-436a-a9e6-0d96129eb95e,DCH4,2018-08-12,15:41:12,4247527.0,154,153,23,42.2192292012987,-87.873106461039,High
RouteID_fd8af8ba-101d-4d8a-bdee-55737cb3e905,DLA7,2018-07-25,16:00:00,3313071.0,193,192,24,34.09975383937824,-117.5980067720206,Medium
RouteID_fd9d22bd-2778-4b15-9160-869acfd6efa6,DBO1,2018-08-07,13:03:52,4247527.0,162,161,20,42.510416327160485,-71.04866314814817,Medium
RouteID_fda25deb-f73c-41df-aeca-e14edfc0c8b2,DLA3,2018-08-12,15:00:12,3313071.0,94,93,15,34.036523659574485,-118.21162318085106,High
RouteID_fdc5d654-5ba1-48c2-a463-bdb746e29953,DLA7,2018-08-04,15:49:30,3313071.0,145,144,23,33.90227322068966,-117.57970953793102,Medium
RouteID_fddbf10d-0732-43e1-88d6-421bfe6c6da2,DCH2,2018-07-23,12:29:13,3313071.0,191,190,18,41.93178716230367,-87.89399475916228,Medium
RouteID_fdddf33b-18e3-480a-8b54-bb829045d935,DLA8,2018-07-29,16:07:59,3313071.0,134,133,30,34.03993932089551,-118.5077583880597,High
RouteID_fde603ec-096a-471a-802f-99ffbc9d0f41,DCH3,2018-07-24,14:24:06,3313071.0,192,191,21,41.669736755208326,-88.20864368229167,High
RouteID_fdf39434-8bd9-47c5-ae35-c9c3e252e370,DLA8,2018-08-16,16:55:45,3313071.0,172,171,20,33.9829824534884,-118.32704162209302,Medium
RouteID_fdf60bf9-5a25-4065-a1d8-332600054d78,DLA5,2018-07-23,15:08:14,3313071.0,182,181,26,34.070364170329675,-117.15998845604405,Medium
RouteID_fdfa5d8f-87cd-45ac-a837-11b15bdc6a47,DLA9,2018-07-31,15:57:16,3313071.0,151,150,29,33.68013162251655,-117.82218050993376,High
RouteID_fe099673-6d68-47bb-a9d7-bff9afd268fa,DLA3,2018-07-25,15:08:51,3313071.0,148,147,12,33.94955240540541,-118.21578435810807,Medium
RouteID_fe0a61a3-1eb2-4d56-811e-cdb8168fba37,DLA7,2018-08-11,15:40:43,3313071.0,162,161,22,33.956775728395066,-117.57967474691357,High
RouteID_fe17ba21-18a7-4084-af19-04b7a6d8644a,DLA9,2018-08-14,15:17:24,3313071.0,143,142,19,33.82250242657343,-117.95691873426577,Medium
RouteID_fe1db462-54ba-48f5-8c89-7fc921486a06,DSE2,2018-07-21,14:03:59,3313071.0,105,104,23,47.621267971428566,-122.29812446666668,High
RouteID_fe2c4004-f3bf-4a2e-b1b8-43f870e4f185,DBO3,2018-08-04,11:40:08,4247527.0,131,130,23,42.36561738931295,-71.18531619847329,High
RouteID_fe657652-9891-4658-8f71-81ade7cc41bd,DLA7,2018-08-17,16:17:07,3313071.0,162,161,23,34.12518125308643,-117.62580040123454,Medium
RouteID_fe75ed88-b7ab-4f98-b0df-cb3132e1e705,DSE4,2018-08-21,14:57:00,3313071.0,142,141,23,47.74691013380283,-122.17849523943659,Medium
RouteID_fe7b775d-8e7a-4534-885f-5cd333d03a22,DLA7,2018-07-31,16:31:58,3313071.0,128,127,23,33.99564112499999,-117.81457321875006,Medium
RouteID_fe93f991-e74c-46da-9107-e735b898dca7,DCH3,2018-07-31,14:21:39,3313071.0,188,187,19,41.6696480638298,-88.20489260106386,High
RouteID_fe973f9d-c28e-4ece-838c-af846433a5e1,DSE5,2018-07-23,14:16:49,4247527.0,193,192,19,47.09107663730569,-122.2989420777202,High
RouteID_fe9d5d17-45c9-4e61-9e15-a8fb74f06be3,DLA7,2018-08-15,14:19:21,3313071.0,140,139,21,33.83867925714287,-117.86499320714283,High
RouteID_fea0e59e-b076-4ce1-bffb-a1faef04a79d,DBO2,2018-07-28,11:49:05,4247527.0,114,113,23,42.333013885964924,-71.03225385964912,High
RouteID_feac426d-a152-4be5-82a1-5f062bba5909,DLA7,2018-08-15,14:23:15,3313071.0,139,138,22,33.82035130215825,-117.81417570503599,Medium
RouteID_fec86722-74d0-458a-ab33-4ed62eed5caf,DBO2,2018-07-26,13:30:33,3313071.0,134,133,28,42.26170468656715,-71.08289540298509,Medium
RouteID_fed7932f-8ad4-4531-a34f-76798771b370,DBO3,2018-08-17,12:14:52,4247527.0,164,163,25,42.38869046951217,-71.52196092682925,Medium
RouteID_fee60072-5ed1-4e8a-8054-85fec6ea726b,DLA7,2018-08-01,14:48:51,3313071.0,185,184,19,33.844505745945945,-117.54963726486477,High
RouteID_ff1e8918-8166-4158-918d-a4a5ecd0030a,DLA7,2018-08-04,14:30:09,3313071.0,165,164,25,33.855957345454534,-117.89096602424239,Medium
RouteID_ff249d75-e625-4c15-852e-6230700a907c,DCH3,2018-07-25,13:01:23,4247527.0,189,188,18,41.97914753968254,-88.19189424338626,Medium
RouteID_ff3a81c7-b3c3-4c20-8ac0-d3044d7f9de5,DSE4,2018-08-18,14:42:48,3313071.0,183,182,28,47.733082562841524,-122.19569626229493,High
RouteID_ff3c4430-40a2-4241-b598-51ef70977cb2,DBO3,2018-08-11,11:30:00,4247527.0,124,123,14,41.85811550806453,-71.4789715887097,High
RouteID_ff525484-cfdb-42a8-9e3d-d232cb623a1c,DSE5,2018-08-09,14:05:06,4247527.0,182,181,15,47.228957395604375,-122.18793262637361,Medium
RouteID_ff5407a7-bd0c-48a6-bdc4-17bfe24cb514,DSE5,2018-08-14,14:03:29,4247527.0,159,158,15,47.15064312578616,-122.2587183081761,Medium
RouteID_ff540dff-b94f-461e-82d7-4b6798e6fff7,DSE5,2018-08-19,14:00:11,3313071.0,211,210,19,47.350291805687206,-122.27526832227491,Medium
RouteID_ff569b4c-7481-4b11-9b27-cd4df9051787,DLA9,2018-08-11,14:29:17,4247527.0,162,161,32,33.653736135802475,-117.69145121604944,Low
RouteID_ff5df5aa-a86c-43cc-a3f6-a8b1491cee8f,DBO3,2018-08-17,11:59:43,4247527.0,160,159,23,42.10223898124999,-71.18813253749997,Medium
RouteID_ff658a79-1cd4-43c9-9b02-9736a47d6f04,DSE4,2018-08-14,15:44:08,4247527.0,115,114,14,47.677438973913056,-122.28864893043477,High
RouteID_ff6ac730-578d-4cf8-97c1-7337992e298b,DLA7,2018-08-09,15:44:30,3313071.0,172,171,25,33.95573113953487,-117.58137747674417,High
RouteID_ff709338-da35-4864-ab32-6bcd8b75f953,DLA7,2018-08-03,14:45:45,3313071.0,193,192,23,33.735038585492234,-117.43977962176162,High
RouteID_ff915688-4784-49a0-9ee6-f424f1768ca4,DCH3,2018-08-01,15:30:00,3313071.0,151,150,13,41.5893386821192,-88.19125778145693,Medium
RouteID_ffbcdf1c-5631-488a-9b30-0e704fde8a3e,DBO2,2018-07-25,14:15:46,3313071.0,82,81,21,42.345530256097554,-71.15113534146343,High
RouteID_ffc2b0c3-917a-4041-8fdd-399ffbd0752f,DCH2,2018-07-27,12:39:10,3313071.0,202,201,17,41.93259780198018,-87.88222234158411,Medium
RouteID_ffc52bc8-6160-40f5-a3b7-cf6350dfac78,DAU1,2018-08-08,14:44:50,4247527.0,145,144,34,30.304696034482745,-97.7157660206897,High
RouteID_ffd16e94-e3db-435f-a128-1ddcb2a34e54,DAU1,2018-07-24,13:47:59,4247527.0,83,82,34,30.292217349397582,-97.74958245783132,Medium
RouteID_ffe98097-93df-44b0-9c45-4fedbafae3f3,DCH4,2018-08-10,14:07:25,3313071.0,149,148,18,42.17119455033554,-88.25495520134231,Medium
RouteID_ffebb6fc-ce81-46db-b2a1-2750c0333185,DCH3,2018-07-25,14:10:26,3313071.0,190,189,18,41.85021929473686,-88.32791638421055,High
RouteID_fff2548c-1069-4340-8e50-08420efe435d,DLA8,2018-07-29,15:13:39,4247527.0,75,74,19,34.06534726666667,-118.36100184,High
RouteID_fffd257c-3041-4736-be7a-5efea8af1173,DCH4,2018-08-03,15:23:57,4247527.0,174,173,27,42.198929097701175,-88.37243667816092,Medium
