route_id,station_code,num_stops,num_zones,package_count,time_window_packages,vehicle_capacity_cm3,total_package_volume_cm3,avg_service_time_seconds,departure_hour,total_travel_time_seconds,total_service_time_seconds,route_duration_hours
RouteID_00143bdd-0a6b-49ec-bb35-36593d303e77,DLA3,119,31,276,276,3313071.0,3032336.71,46.89,16,7754.1,12940.9,5.7486
RouteID_0016bc70-cb8d-48b0-aa55-8ee50bdcdb59,DSE4,106,12,199,199,4247527.0,2116358.16,93.59,15,6647.8,18623.8,7.0199
RouteID_001948e9-4675-486d-9ec5-912fd8e0770f,DSE5,128,11,212,212,4247527.0,2448962.14,89.39,15,9897.4,18951.1,8.0135
RouteID_001b4ee3-c4f2-467f-932b-c85524d1021f,DLA9,142,18,241,241,3313071.0,2198490.02,64.22,15,9491.5,15476.3,6.9355
RouteID_0021a2aa-780f-460d-b09a-f301709e2523,DLA7,155,27,219,219,3313071.0,2396939.53,67.26,14,13523.7,14729.7,7.8482
RouteID_0036cf37-1c93-48f8-b337-3dd6d1a195d8,DCH4,190,24,276,276,4247527.0,3348951.37,70.28,15,12316.9,19396.5,8.8093
RouteID_00437423-5a8f-4fac-8efa-85264f0a3944,DBO2,161,27,216,216,3313071.0,3142791.78,50.24,13,14361.5,10852.0,7.0038
RouteID_00573a3d-b909-42ee-8a99-c6474309d96b,DBO3,155,21,196,196,4247527.0,2393497.67,77.94,11,14715.5,15277.2,8.3313
RouteID_00575a14-7d19-4291-8853-8f7095ed1bc6,DSE5,177,14,268,268,3313071.0,3252849.75,72.32,15,11839.6,19382.1,8.6727
RouteID_00575ca4-8a63-49d2-96c8-9b347be5ba6c,DLA3,59,16,211,211,3313071.0,1822323.54,79.27,15,4394.7,16725.6,5.8667
RouteID_00595235-52e7-4b68-883c-70482701dea0,DLA8,129,25,274,274,3313071.0,3135578.37,84.24,16,7138.1,23082.2,8.3945
RouteID_006f581c-3087-4edf-8802-278b078157b9,DLA5,185,17,256,256,3313071.0,2332709.96,44.65,15,13075.5,11430.4,6.8072
RouteID_00747543-3f2f-47ae-a2f2-91b30ce207ab,DCH3,173,16,268,268,3313071.0,3113041.52,43.85,15,10937.8,11751.0,6.3024
RouteID_0074e307-23c1-4b15-afa2-e58b45e4403c,DCH1,161,20,245,245,3313071.0,2477025.09,53.39,13,10424.9,13080.6,6.5293
RouteID_0076d53c-6bfa-4e22-b39e-08769fb8e4d3,DSE5,130,6,202,202,3313071.0,2913939.11,50.93,14,10482.6,10288.3,5.7697
RouteID_007a8397-37f4-4775-a452-c6934167526b,DLA7,176,26,275,275,3313071.0,3197708.83,58.76,15,9432.2,16159.4,7.1088
RouteID_007b8544-11dc-47b2-be61-0095f8f2af71,DLA3,78,15,153,153,3313071.0,1389161.24,126.97,16,5694.6,19426.4,6.9781
RouteID_0091a35c-85fa-4b5e-90cf-4778f441753e,DLA5,145,23,244,244,3313071.0,2448039.37,60.83,14,11345.4,14843.6,7.2747
RouteID_00930ddc-25f9-4371-a437-1e37c9d0a80d,DAU1,153,23,239,239,4247527.0,3222288.9,67.63,14,11710.8,16162.5,7.7426
RouteID_00a25e47-65c9-4efc-bfe9-8d9648a0df4e,DCH2,157,21,264,264,3313071.0,3267633.55,47.56,13,7254.4,12556.6,5.5031
RouteID_00ace8b4-30c6-4a20-a723-74ece636a0da,DBO2,174,36,263,263,3313071.0,3190760.18,45.45,14,9797.3,11954.1,6.0421
RouteID_00b8cd9c-613a-4519-b3fd-2b7174f1cff3,DLA3,80,16,158,158,3313071.0,2014633.26,133.71,15,5190.9,21126.2,7.3103
RouteID_00bea18c-ee16-4a18-a916-7a447c733a7d,DBO2,141,21,243,243,3313071.0,3279378.48,111.81,13,9904.3,27170.3,10.2985
RouteID_00ca3fbf-8953-4fbb-9c59-96fce68e6504,DLA7,139,19,206,206,3313071.0,2072457.27,59.51,15,9928.2,12259.7,6.1633
RouteID_00d421bf-f001-4fb0-923e-c343d3d369bc,DBO2,159,33,255,255,3313071.0,3286819.17,47.56,13,9410.4,12129.0,5.9832
RouteID_00e4885d-4563-4790-bace-6c9e4261ce2a,DLA4,136,18,266,266,3313071.0,3154736.17,50.29,13,9169.4,13376.4,6.2627
RouteID_00e7fcc6-2f6d-4054-b9ca-e190fa4ecdce,DLA7,167,27,231,231,3313071.0,2604738.64,53.66,15,12090.1,12396.3,6.8018
RouteID_00ead793-e8f0-4ac6-a2d7-d988f05cc715,DLA7,198,30,291,291,3313071.0,2843460.43,50.79,15,11182.3,14780.7,7.2119
RouteID_00f414f8-ff9a-4d98-aca2-a6b991a2037d,DLA7,164,23,239,239,3313071.0,2910375.95,64.98,16,12644.2,15530.5,7.8263
RouteID_00f9c249-33cd-4124-9cf2-b970b157a5ca,DLA7,146,17,223,223,3313071.0,2136474.98,70.83,14,10587.9,15794.5,7.3284
RouteID_00fd7a8d-d5d8-45c0-b710-4ff3e220e6f6,DLA9,151,22,247,247,3313071.0,2696576.89,71.76,15,10642.9,17725.6,7.8801
RouteID_00fe822e-3d3e-4307-80e2-068b07f6018a,DSE2,151,18,256,256,4247527.0,3359653.08,83.85,15,8812.5,21465.1,8.4104
RouteID_010bb083-17a6-4036-a14a-01d07aff8950,DLA7,138,15,218,218,3313071.0,2424494.17,62.86,16,9510.1,13703.8,6.4483
RouteID_010f2a4e-9f5c-4be7-823d-51d7be4332fe,DLA8,78,28,275,275,3313071.0,2839773.13,75.71,16,4406.0,20820.4,7.0073
RouteID_0119890a-9500-448f-a506-29fb49fdf5fe,DLA7,162,21,258,258,3313071.0,3061637.76,70.36,16,10584.7,18152.9,7.9827
RouteID_0127b134-186b-4897-8dd8-56afec626082,DLA3,91,19,200,200,3313071.0,2006093.67,100.07,16,5524.2,20015.0,7.0942
RouteID_01334670-fb7c-48f9-a1b0-b52b5e56c91e,DBO2,167,29,233,233,3313071.0,2671897.9,61.97,13,11476.7,14438.3,7.1986
RouteID_013e4370-df62-4c24-a19f-2971db140ca7,DCH4,192,24,269,269,4247527.0,3268590.52,52.02,14,13974.8,13994.7,7.7693
RouteID_0141eb2b-53e3-40f7-9d9b-c29fdcbf000c,DLA8,121,24,274,274,3313071.0,3130376.68,67.05,16,5941.7,18371.8,6.7538
RouteID_01456d1f-ab6a-4e6e-b828-8e574033bc55,DLA8,136,15,238,238,3313071.0,3299240.93,79.28,15,7476.5,18867.7,7.3178
RouteID_0157f4f0-2c0d-4d24-82a8-71230416bf1c,DBO2,72,18,205,205,4247527.0,2154445.24,91.98,13,7678.9,18856.0,7.3708
RouteID_01617cbe-5296-48b5-bfd7-42893812721b,DSE5,160,15,214,214,3313071.0,2679892.0,57.16,13,11039.5,12232.0,6.4643
RouteID_0168a176-2ddc-4a70-88c3-29588bed32f5,DLA8,131,27,265,265,3313071.0,3284072.61,74.83,15,5799.5,19831.0,7.1196
RouteID_016e3fb9-486a-4501-aa0a-bfb8b9afa966,DLA9,96,18,264,264,3313071.0,2996254.81,89.58,16,6504.3,23648.7,8.3758
RouteID_01a602f2-f834-4fd0-89b5-6835f049b19e,DSE5,155,11,216,216,4247527.0,2554506.81,80.29,14,10948.7,17342.6,7.8587
RouteID_01a73ffc-c1b8-4995-9723-8235ff2ceb6b,DLA5,172,23,220,220,3313071.0,1894878.11,72.5,14,14902.2,15950.6,8.5702
RouteID_01ac92ea-734c-4c80-8049-77b813c6a02b,DLA3,149,32,264,264,3313071.0,2711223.31,48.24,15,7953.4,12735.0,5.7468
RouteID_01b2ff6b-5070-45fd-b215-c6e0411fb25e,DBO2,110,25,249,249,4247527.0,3169820.62,86.14,12,7572.7,21448.3,8.0614
RouteID_01bbc9dd-fc72-4206-a107-81cbb704c4e0,DCH3,174,19,269,269,3313071.0,2736984.97,57.16,14,10724.6,15374.8,7.2498
RouteID_01becfe4-7127-489c-8a36-7743ac0097fc,DLA4,162,15,259,259,3313071.0,3243429.33,59.67,14,8526.2,15454.5,6.6613
RouteID_01c30168-2365-46a5-a1c0-60cfafe18c6f,DBO3,157,19,235,235,4247527.0,3316102.91,56.73,12,13702.1,13332.7,7.5097
RouteID_01c74dc7-ecde-406d-a7c9-29554f0ba347,DLA3,116,22,277,277,3313071.0,3082780.81,68.13,16,6770.3,18872.0,7.1229
RouteID_01c9f706-0d46-427b-998c-f1559dda4ad3,DLA7,151,23,242,242,3313071.0,2529166.33,76.24,14,12528.9,18450.3,8.6053
RouteID_01d0b1c1-2379-49b8-a24f-db0ae01fb2be,DLA4,202,13,289,289,3313071.0,3091630.49,63.48,15,12235.0,18344.6,8.4943
RouteID_01e90207-8d40-4ea8-a766-e8fc349171bd,DLA7,171,23,252,252,3313071.0,2756242.49,68.47,16,11243.1,17254.3,7.9159
RouteID_01e9bcd8-7c3a-4b55-ae2f-192c7cadd0d9,DLA8,151,25,292,292,3313071.0,2884876.92,65.85,18,9013.0,19228.5,7.8449
RouteID_01f96ab9-1149-4217-9b7a-5e16faee252f,DLA7,152,28,221,221,3313071.0,2597282.83,58.97,14,10598.6,13031.4,6.5639
RouteID_020722cd-bea1-4f01-9d49-bc65a1e51a91,DLA8,129,25,292,292,3313071.0,3279631.44,49.86,16,7161.9,14558.3,6.0334
RouteID_0229f7ce-11fd-48ec-83a9-892fcebd924e,DLA7,178,26,266,266,3313071.0,3070135.6,65.96,15,11955.2,17546.1,8.1948
RouteID_022f1cf8-78ac-47d7-9a0d-4d90394cea95,DSE5,135,9,188,188,4247527.0,1695901.04,84.93,15,9415.0,15967.1,7.0506
RouteID_0233acdf-6721-4975-b8c4-7d9cbcba11dd,DLA9,150,24,247,247,3313071.0,2226477.14,73.56,15,10574.3,18170.3,7.9846
RouteID_02388faf-93c8-4ce9-a5d1-62b97b4accf4,DBO3,156,19,219,219,3313071.0,2499852.42,43.46,12,15415.9,9516.7,6.9257
RouteID_023c04c1-4b54-46f7-8db1-f6dc945d4ead,DCH4,167,21,254,254,4247527.0,2757763.55,58.44,15,11808.8,14842.8,7.4032
RouteID_024674c7-4fc7-478b-b341-5f33e15b9f13,DLA3,137,26,294,294,3313071.0,2784639.79,50.58,15,6830.0,14871.3,6.0281
RouteID_024a44ee-5a90-48d3-8f80-d8e7b124971e,DAU1,163,35,271,271,4247527.0,2876836.64,54.55,15,13389.9,14784.2,7.8261
RouteID_025ecb40-3116-45af-b6a1-db5a5531fafc,DAU1,164,31,236,236,4247527.0,3200796.02,67.92,15,13362.9,16028.0,8.1641
RouteID_02739d8c-0c91-4cfc-8891-bd24c95e7789,DLA7,173,27,234,234,3313071.0,2489397.18,67.19,16,13608.2,15722.8,8.1475
RouteID_027b5c34-74cd-4c87-a744-7823fb36e43f,DSE2,104,15,206,206,3313071.0,3303052.55,98.07,15,5724.9,20202.9,7.2022
RouteID_02883f75-7507-4664-9a6d-5b963760a087,DLA7,152,20,245,245,3313071.0,2545548.88,74.83,14,10441.3,18332.2,7.9926
RouteID_028a010c-c9a5-4945-b6e6-953da1eab12b,DSE4,123,15,217,217,4247527.0,2485727.14,84.27,15,7685.7,18287.2,7.2147
RouteID_028ff4a1-50ed-4882-8445-238fa0c9643c,DLA7,162,23,252,252,3313071.0,2798143.49,61.82,16,12721.4,15579.7,7.8614
RouteID_029ae9e8-1e14-441b-9db1-595910ce611e,DLA8,135,22,241,241,4247527.0,3363064.47,65.46,16,6615.0,15775.7,6.2196
RouteID_02a11297-d6d0-47cd-a802-5c42867381fa,DLA4,115,14,262,262,3313071.0,3266504.92,47.91,14,8324.6,12552.0,5.7991
RouteID_02b60f05-f339-4707-9eaa-bd114aefea39,DCH1,119,20,263,263,3313071.0,2176132.99,68.63,15,8749.6,18049.0,7.4441
RouteID_02dcbb3e-b9dd-49de-8a36-293ac3dfcaaa,DLA7,153,20,229,229,3313071.0,2524229.67,64.88,14,12413.3,14856.8,7.575
RouteID_02e1401a-47ff-4bf9-ab19-99bfb7ab14c7,DBO2,182,36,260,260,3313071.0,3243597.89,69.89,12,11393.0,18170.6,8.2121
RouteID_02f5263c-6cae-4a15-9c81-e5394f4c9924,DLA9,132,20,230,230,3313071.0,2679727.03,77.74,14,10078.3,17880.2,7.7663
RouteID_02f91cfa-3839-4e55-91a0-ab19c3e77683,DSE2,83,18,171,171,3313071.0,2422070.79,137.55,14,6457.8,23521.6,8.3276
RouteID_031284fb-96fa-4f39-b061-e102d2486ceb,DLA7,185,28,273,273,3313071.0,2953818.34,59.19,16,8764.2,16159.0,6.9231
RouteID_03158a7e-a045-4278-b8e7-8f8998697ecd,DLA9,161,22,245,245,3313071.0,2650743.96,76.32,15,11386.0,18697.5,8.3565
RouteID_031818b3-94f1-45fd-9fec-b59162ea09c7,DLA9,153,27,260,260,3313071.0,2258497.01,71.7,13,11540.2,18642.9,8.3842
RouteID_0318ef67-d23a-4d9a-bbd3-28e5e8a8c4a0,DLA9,125,22,202,202,3313071.0,1866734.32,91.8,15,9528.9,18542.6,7.7976
RouteID_03206eae-8985-4dac-b5f9-0db4a09005d0,DSE5,173,13,242,242,4247527.0,2093852.37,45.28,15,12207.6,10958.1,6.4349
RouteID_03256465-637e-4330-a753-9e86d50e976e,DAU1,158,23,290,290,4247527.0,3339879.62,51.21,15,9996.3,14850.7,6.9019
RouteID_0328be74-9bac-4307-90f7-79eece245f6a,DSE5,142,11,198,198,3313071.0,2025956.09,59.46,15,12708.9,11772.2,6.8003
RouteID_032ba4dc-3d0b-4cb1-bed6-3470874714f3,DCH1,74,23,222,222,3313071.0,2375826.34,58.99,15,4601.4,13095.6,4.9158
RouteID_032be887-07f5-4105-b510-dfef08923bc6,DLA9,135,21,240,240,3313071.0,2540114.96,75.93,14,9333.6,18223.9,7.6549
RouteID_032d60c8-a403-4032-affa-a2e5598431d7,DLA5,151,18,232,232,3313071.0,2345394.59,71.61,15,12554.8,16612.7,8.1021
RouteID_0331580a-3797-418d-b347-61cc4547235e,DCH4,123,26,197,197,4247527.0,2270356.1,89.44,15,13292.8,17619.1,8.5866
RouteID_033dd66b-707f-437b-86a4-4f295bf2e557,DLA7,190,23,266,266,3313071.0,3289090.4,49.9,15,12814.4,13274.7,7.247
RouteID_033ffe13-fab3-47d7-a863-9264aa452156,DCH4,189,17,229,229,4247527.0,2338660.93,63.41,13,15930.1,14521.5,8.4588
RouteID_034710a2-7b5e-4c2d-a0bf-89cf9fb584ee,DLA9,151,27,284,284,3313071.0,3254407.27,73.57,16,9539.7,20892.8,8.4535
RouteID_0385422e-f9bf-4825-a3fb-777ef3e24e28,DLA8,174,24,299,299,3313071.0,3232305.57,65.75,17,10802.6,19659.1,8.4616
RouteID_038cdc3f-7fc5-4f4d-854f-84935065df5d,DCH2,189,22,287,287,3313071.0,3260993.36,67.68,15,10192.9,19425.2,8.2273
RouteID_038fd948-9740-446a-b3ee-6f2b0f4ce1b1,DLA9,196,19,271,271,3313071.0,3110711.7,61.48,16,10945.7,16660.8,7.6685
RouteID_03939724-efdf-4543-aa72-4aa962860d98,DSE4,103,11,193,193,4247527.0,2215832.02,102.68,15,5835.9,19817.5,7.1259
RouteID_03993849-06f7-4c5c-95d5-a2f70fb796cf,DSE4,152,25,232,232,4247527.0,2853020.14,81.9,15,11405.8,19001.7,8.4465
RouteID_039de5c0-5128-49cc-a04f-e712baef445a,DSE2,107,16,190,190,3313071.0,2553513.63,119.55,14,7552.3,22714.0,8.4073
RouteID_039e2075-2a3b-44d7-8662-0a60043e278f,DSE4,189,24,297,297,3313071.0,3132194.19,63.89,15,13505.3,18975.6,9.0225
RouteID_03a1169d-dddc-4c42-be27-96daf0ac5444,DBO3,175,31,225,225,4247527.0,3037517.22,49.38,11,15619.3,11109.8,7.4248
RouteID_03a85c45-30f2-401f-ac53-0f0fdfacd6c5,DCH2,156,23,294,294,3313071.0,2879377.82,67.54,14,9739.4,19856.4,8.2211
RouteID_03b1783a-a994-4719-bcca-253709fd8b21,DLA8,129,20,245,245,3313071.0,2954313.06,85.7,17,7508.4,20996.6,7.9181
RouteID_03b34f91-9374-40a1-a9f6-b7401c8fa544,DLA9,151,27,260,260,3313071.0,2410921.29,73.35,16,10189.2,19071.9,8.1281
RouteID_03b80f56-768d-4ecd-95ac-1a32c4e04127,DLA7,148,21,230,230,3313071.0,2183063.21,60.35,14,11258.2,13880.4,6.9829
RouteID_03babb1c-6f77-4481-bf80-80fcf1a69ab1,DSE4,82,27,223,223,4247527.0,2291141.3,72.23,15,7720.5,16108.3,6.6191
RouteID_03d55a14-2a10-4328-956b-428cee2ac6fe,DCH1,82,26,240,240,3313071.0,3162423.32,56.26,14,6465.8,13501.7,5.5465
RouteID_03d7f558-cb0d-4324-b66a-fac0a866369b,DBO3,156,10,217,217,4247527.0,2729108.07,77.67,12,11629.7,16853.7,7.9121
RouteID_03e1d5e3-47f9-4bd8-becf-f88aa269f0e3,DLA7,149,24,246,246,3313071.0,2337647.7,56.79,14,11199.9,13971.3,6.992
RouteID_03efbb24-bf37-4717-8969-986e97ae2a96,DLA8,173,26,258,258,3313071.0,2906395.5,61.72,15,10467.8,15924.3,7.3311
RouteID_03f9d959-6c94-4fe0-9957-df684d08c637,DCH4,186,26,264,264,4247527.0,3846331.72,69.31,13,13137.0,18298.1,8.732
RouteID_040c97f6-c0e1-4c8c-af0b-0c3c6ca9064c,DLA7,178,21,238,238,3313071.0,2717743.32,69.71,16,10026.5,16591.7,7.3939
RouteID_0410429c-1ddd-4554-9761-27dcab7c1f18,DLA9,135,18,229,229,3313071.0,2337346.77,72.45,13,12231.2,16591.4,8.0063
RouteID_04189f85-13a6-47b8-a78e-ec5688be0819,DBO1,38,15,186,186,4247527.0,1922734.66,121.32,12,3981.3,22564.6,7.3739
RouteID_041cfbe9-363a-4a9f-a372-c487ca78b385,DCH1,181,19,230,230,4247527.0,2092522.07,43.28,13,13005.1,9954.1,6.3776
RouteID_0446eb68-1fe0-40f3-b82e-2cbddd0433d3,DCH4,169,31,232,232,4247527.0,2602447.3,75.95,13,11792.7,17620.8,8.1704
RouteID_04662c65-ed3a-4366-a32b-6f4b93b17c0a,DLA8,85,15,180,180,3313071.0,1654007.0,133.75,17,5540.6,24074.4,8.2264
RouteID_047615ff-801a-4a1d-a302-00bdc0a920b8,DBO3,160,24,223,223,4247527.0,2893274.9,68.34,12,12060.1,15239.0,7.5831
RouteID_04900acf-0ede-4f77-930b-d10860c0c39f,DLA9,161,22,217,217,3313071.0,1949221.69,70.8,16,12000.0,15363.5,7.601
RouteID_04982ba3-19ee-4a8e-86f4-942a3ad2c4de,DSE4,156,27,261,261,3313071.0,2731999.21,50.18,15,12513.8,13095.9,7.1138
RouteID_04a6f36d-da01-4975-b7bf-8b22c2b7b2ca,DBO3,185,17,240,240,4247527.0,4302357.09,71.0,12,14491.0,17039.6,8.7585
RouteID_04b498c7-f124-4da5-bbb1-ef7a25950572,DSE4,121,15,217,217,4247527.0,2189254.57,61.47,15,10127.0,13339.6,6.5185
RouteID_0504bcca-4f12-40a8-8a77-bb91b13029c4,DLA7,162,22,239,239,3313071.0,2768336.22,65.8,16,10538.7,15725.9,7.2957
RouteID_0509f10a-e45c-40d4-b544-bf69817833f6,DLA7,155,23,211,211,3313071.0,2094643.14,37.0,16,10272.4,7807.4,5.0222
RouteID_0516c035-87a6-414a-a031-d8cab8ae8a0a,DLA3,82,17,161,161,3313071.0,1626969.72,145.14,14,6359.3,23368.3,8.2577
RouteID_051985ac-ac65-4e53-b319-07a6027bc494,DLA7,149,22,270,270,3313071.0,2737553.77,60.61,14,11735.8,16365.6,7.8059
RouteID_051bd9d6-2c14-4de6-8054-95dc01a866cc,DBO3,118,18,190,190,3313071.0,2205948.16,93.01,12,10714.1,17671.4,7.8849
RouteID_05238a07-a932-45a8-b035-4705b7eddba9,DSE4,195,27,285,285,3313071.0,3268012.91,50.25,15,12456.0,14320.9,7.438
RouteID_0529a9e1-03b7-43e3-bb88-496a3f05ff54,DSE2,132,19,221,221,3313071.0,2689212.1,105.93,14,7723.2,23410.7,8.6483
RouteID_0531038c-5b2c-47bd-b686-5ad3673c5006,DLA9,148,24,272,272,3313071.0,3117015.02,67.11,14,9316.3,18254.5,7.6586
RouteID_0538a21d-d3cf-4696-80f0-b9366efb7378,DLA7,144,22,220,220,3313071.0,2439024.89,74.61,15,11917.3,16414.5,7.8699
RouteID_05440a6b-e13d-4e8d-8c45-5b2f470d049c,DCH4,187,28,251,251,4247527.0,2472579.61,64.37,15,13236.1,16157.0,8.1647
RouteID_054d3be0-af05-49f0-92a8-6ded9f491a6c,DLA9,160,30,248,248,3313071.0,2469629.82,63.6,13,13665.6,15771.8,8.1771
RouteID_0550db65-9164-4c76-909b-150a134b864e,DCH1,69,27,243,243,3313071.0,2805724.53,67.53,14,5887.8,16409.4,6.1937
RouteID_0558631c-8b2e-438d-bf00-aff5b5cee2ac,DCH2,96,20,261,261,3313071.0,2671798.56,60.26,13,6572.4,15727.8,6.1945
RouteID_0573f455-e78c-40e6-9cdf-8c1d7fb71693,DBO3,145,23,193,193,4247527.0,2348487.97,61.61,11,13763.1,11891.2,7.1262
RouteID_0578a1cd-4dbf-41cf-81c2-75370082b2b8,DSE5,165,17,245,245,3313071.0,2425493.25,60.08,15,13179.5,14719.0,7.7496
RouteID_05876081-1918-417c-8761-6819a18c3554,DLA9,174,20,240,240,3313071.0,2355930.93,64.31,15,12634.7,15433.5,7.7967
RouteID_0590605b-45b8-48ce-9f4d-9b303bd8a8ea,DLA7,127,19,255,255,3313071.0,2767071.16,60.98,15,8907.5,15549.8,6.7937
RouteID_0591bc80-9e1c-4697-b63e-08996a3b2a9c,DSE4,159,26,281,281,3313071.0,3305737.23,62.4,15,8797.3,17535.4,7.3146
RouteID_0593628d-3c37-4303-8238-4fd25bd4eaa3,DSE4,120,14,214,214,4247527.0,2702154.09,72.76,15,9211.9,15571.2,6.8842
RouteID_05b245a8-7104-4fb5-af98-5c645a5e6e68,DSE5,162,14,210,210,3313071.0,2162828.75,75.08,15,14143.1,15767.0,8.3084
RouteID_05b28743-9d92-4c51-8803-e319ee2e3f94,DLA9,111,20,235,235,3313071.0,2349091.17,80.57,13,8430.7,18933.4,7.6011
RouteID_05d1a771-aa16-43b6-ab00-9ad7161d5617,DLA4,164,14,229,229,3313071.0,2623360.87,86.27,17,10797.6,19756.7,8.4873
RouteID_05e4c305-d304-4653-bbfa-36ae2119bf23,DSE2,98,17,191,191,3313071.0,2149944.86,113.86,14,5950.5,21746.9,7.6937
RouteID_05eb1621-49f2-493d-8e29-6a7190eb64be,DLA5,161,21,248,248,3313071.0,2789109.02,50.29,15,11361.2,12470.7,6.62
RouteID_05ef4a8e-61a0-4709-ac5b-fa9759c218dc,DLA5,144,17,235,235,3313071.0,1906369.33,60.71,15,11097.3,14266.9,7.0456
RouteID_05fba5e1-c96b-42af-ab1a-393d3cb31338,DBO2,105,23,257,257,4247527.0,3305368.77,70.18,11,5830.3,18037.5,6.6299
RouteID_0604e284-6fc9-4d02-965c-472b1c7b3826,DCH4,164,19,237,237,4247527.0,3699577.57,55.89,13,12461.4,13246.9,7.1412
RouteID_0607080b-022c-4096-bff4-2a2809f9d4a5,DSE4,174,32,269,269,3313071.0,2676420.92,59.39,14,12436.0,15976.6,7.8924
RouteID_0628ec83-f3d0-4e93-9c86-d140dcb65267,DLA3,111,17,193,193,3313071.0,2428121.81,85.87,16,10781.4,16572.8,7.5984
RouteID_06322566-a969-4666-ae13-a1b256e46aa3,DSE5,162,14,252,252,3313071.0,2741165.61,65.21,13,11046.3,16432.8,7.6331
RouteID_064061c8-4f31-4d39-a003-8fa23345817e,DLA9,104,17,242,242,3313071.0,3297413.56,57.82,16,4624.0,13992.3,5.1712
RouteID_064180eb-4713-47f8-af04-87d9e99fede4,DSE4,150,24,251,251,3313071.0,2873707.55,55.08,14,11139.6,13825.5,6.9348
RouteID_06484cf1-d5b8-4092-831d-d2fedc88ebcd,DLA9,169,23,265,265,3313071.0,3005359.91,61.37,15,12084.7,16262.4,7.8742
RouteID_065608cf-b6b6-4013-9658-0885b6b92593,DLA7,176,22,236,236,3313071.0,2402303.71,40.12,16,12817.8,9469.4,6.1909
RouteID_0666b507-bd81-493b-be89-944271456bac,DLA9,107,26,204,204,3313071.0,2644995.96,94.91,15,7751.2,19361.5,7.5313
RouteID_0667e50a-f809-426b-8f9d-303300efcc49,DCH1,83,21,235,235,3313071.0,2774082.21,96.43,15,5028.8,22660.2,7.6914
RouteID_066b5b0f-1922-47ac-8c73-ea5eabaa9f30,DLA9,139,19,246,246,3313071.0,2282529.1,64.08,13,9440.5,15764.8,7.0015
RouteID_0670d3ac-1ad6-4d1a-8f91-07d7b3077b5e,DBO3,163,26,204,204,4247527.0,2425458.17,57.24,12,13746.7,11676.1,7.0619
RouteID_06751fe1-263c-441a-b482-f7c5d8295c39,DSE4,98,20,197,197,4247527.0,2544419.28,86.95,15,6198.7,17129.8,6.4801
RouteID_067726e3-8843-46ad-8e2e-9c44d80d6d0f,DLA7,130,18,236,236,3313071.0,2856007.27,76.21,16,11129.4,17986.6,8.0878
RouteID_067b96da-0f4a-4877-b77d-4a08ce3eb699,DBO2,166,27,255,255,4247527.0,4142129.2,59.23,13,10915.2,15102.7,7.2272
RouteID_06ae0a7c-9599-4f68-b276-b6b5966c7b3c,DSE4,96,14,172,172,4247527.0,2174117.84,126.81,15,7083.3,21812.1,8.0265
RouteID_06b71b27-e83e-4e26-9e9d-6ce353ebbee5,DLA5,176,19,236,236,3313071.0,2024126.5,61.57,14,13288.8,14529.4,7.7273
RouteID_06c22e7d-6964-48e4-a3a7-009b56c26741,DSE5,142,17,242,242,3313071.0,2445178.49,86.3,15,10992.6,20884.2,8.8547
RouteID_06c23b69-370a-4a37-a941-8a3e177b1914,DBO3,222,22,297,297,4247527.0,3596546.94,55.95,12,14086.5,16616.4,8.5286
RouteID_06c7560e-5337-4330-9165-79e56801600c,DBO3,159,13,222,222,3313071.0,2783495.62,60.85,12,14178.3,13509.8,7.6911
RouteID_06d466f0-2429-4f06-9326-ac1427f2aa64,DLA7,132,24,208,208,3313071.0,2177078.49,91.36,14,10558.5,19002.2,8.2113
RouteID_06edc4cc-ea48-41bd-9a4f-81b78d82a479,DSE5,170,13,238,238,4247527.0,2775441.15,49.97,13,14452.5,11893.2,7.3183
RouteID_06fdf161-11e8-431f-9999-74b1ebc45e3b,DLA9,144,23,249,249,4247527.0,2259403.31,60.41,13,12261.2,15040.9,7.5839
RouteID_070b05b1-6cfc-4792-9817-b560e91d2584,DAU1,121,25,230,230,4247527.0,3718671.63,93.86,15,7004.5,21588.9,7.9426
RouteID_072e6491-e89f-4574-9edc-2447f558cfc7,DCH3,196,23,274,274,3313071.0,3276729.69,42.9,14,14779.3,11754.9,7.3706
RouteID_07563131-f0bb-4982-b1cf-4dc9a7b1876f,DLA9,134,19,234,234,3313071.0,1873164.58,67.38,13,10288.4,15766.4,7.2374
RouteID_0758e446-a472-4fdb-86bc-3bbf11f19143,DLA7,149,23,215,215,3313071.0,2170938.87,87.8,15,10742.1,18877.4,8.2276
RouteID_07640d94-d311-4121-b3fb-428b108a0df2,DCH4,195,23,276,276,4247527.0,2750574.09,59.22,13,12494.0,16345.6,8.011
RouteID_0768e1ca-0763-41e6-815d-4127cf140751,DBO1,169,21,275,275,4247527.0,3359652.13,67.12,13,9777.0,18459.1,7.8434
RouteID_076973fd-9546-45a5-838a-0aa166a917b7,DSE4,169,29,279,279,3313071.0,2853419.69,59.78,15,11504.7,16679.0,7.8288
RouteID_076b21cf-9d76-4d57-9859-cf3fb783533f,DSE4,174,21,244,244,3313071.0,2603867.17,61.96,15,12638.2,15117.4,7.7099
RouteID_07706847-a419-4475-b4f0-065f620892d7,DCH4,196,26,288,288,4247527.0,3027543.96,65.05,15,12877.9,18735.8,8.7816
RouteID_0779b723-1953-4d57-abce-9bb4ae08e327,DLA3,46,14,161,161,3313071.0,1889638.42,127.13,15,4442.6,20467.9,6.9196
RouteID_077c0404-88b2-4abd-af5e-588f986b49a5,DSE2,151,17,237,237,4247527.0,3247166.22,69.24,14,7684.1,16409.6,6.6927
RouteID_0790e302-3975-4df2-b413-39851f69ae3f,DCH4,169,24,264,264,3313071.0,2903554.07,44.44,14,14828.8,11731.1,7.3778
RouteID_07933b35-6c8f-4053-960a-2c7dc87bafa6,DLA3,168,16,249,249,3313071.0,1957978.32,95.4,16,8809.6,23754.2,9.0455
RouteID_07957d30-aa6d-4214-8014-dc224d1178d4,DSE4,123,14,222,222,4247527.0,2588671.28,83.98,15,9918.7,18643.8,7.934
RouteID_0795a4c6-157b-4c24-946e-7e07d04c7df7,DBO3,154,22,216,216,4247527.0,2363349.29,54.04,11,11330.7,11672.4,6.3898
RouteID_079d4ab4-c868-48f9-a06d-f154992deefa,DAU1,100,32,208,208,4247527.0,2974453.63,96.73,13,6446.7,20120.6,7.3798
RouteID_07b4cf8f-c1d7-4c14-8983-7fe6fa582d86,DSE5,175,16,264,264,3313071.0,2655182.48,44.84,14,13835.6,11837.8,7.1315
RouteID_07ba8c18-25e0-4314-b7df-3916b1ad2f02,DLA7,156,25,230,230,3313071.0,2301696.94,66.06,15,12077.1,15193.6,7.5752
RouteID_07cb4afc-be0e-4f46-afe0-aa81d527c40d,DLA7,138,22,193,193,3313071.0,1861127.74,57.26,16,10384.4,11050.6,5.9542
RouteID_07cfee03-e540-4384-8394-32bc37f25bff,DLA7,115,21,214,214,3313071.0,2186871.32,67.59,14,8223.4,14463.9,6.302
RouteID_07d46ee6-2edc-4d6b-be85-751d2496aaa1,DLA4,189,15,278,278,3313071.0,3187237.65,65.33,17,11069.0,18163.1,8.12
RouteID_07d56536-0262-446f-a671-9d14be955be4,DLA9,131,20,229,229,3313071.0,2015253.62,77.25,13,10438.5,17691.2,7.8138
RouteID_07dd133b-23f7-4a97-8882-d97ed2c0058d,DLA7,140,20,230,230,3313071.0,2381279.34,61.35,15,11495.6,14109.4,7.1125
RouteID_07e31b9c-198c-4a2d-aee8-9c5dab86b782,DLA3,67,17,171,171,3313071.0,1817288.54,104.11,15,6640.9,17802.4,6.7898
RouteID_0809e036-d621-4169-a08b-8d4b78aa41ca,DBO2,162,16,243,243,4247527.0,3055186.88,65.88,11,13415.4,16008.1,8.1732
RouteID_080b86e3-05b0-47d7-9b6a-402f98564460,DBO2,143,19,212,212,4247527.0,3032834.5,83.48,11,9962.9,17697.9,7.6836
RouteID_0812f2e0-9345-4952-9996-984fc1513006,DSE5,133,12,201,201,3313071.0,2157523.24,64.5,14,9547.7,12963.9,6.2532
RouteID_0814e8d7-b1fe-4d7c-a3b5-8c9fe9925136,DLA7,186,21,291,291,3313071.0,3276587.38,51.06,16,10316.1,14859.5,6.9932
RouteID_081b5f83-db73-4642-a274-76d4dd7a8c32,DBO3,205,40,275,275,4247527.0,2953848.01,53.47,13,16225.7,14705.0,8.5919
RouteID_082285e1-3890-486f-b252-1adc253a2799,DLA7,178,26,284,284,3313071.0,3190601.86,62.19,15,11686.1,17661.1,8.152
RouteID_083b2a55-7d70-4113-a375-dbfc50dc86da,DCH4,196,25,265,265,3313071.0,3241448.8,57.63,14,13839.6,15272.9,8.0868
RouteID_08424eaf-ced6-4025-938e-0e7f25fb9f13,DLA9,96,25,227,227,3313071.0,2370807.59,77.81,13,7825.2,17663.7,7.0803
RouteID_084af699-0d58-4db1-84c8-bc0073e439fb,DCH4,146,16,207,207,4247527.0,2690391.6,64.84,15,14900.6,13422.0,7.8674
RouteID_085ed7bf-c737-4dea-9b99-ce3fbc274bdc,DLA7,145,19,223,223,3313071.0,2249984.64,86.59,16,12062.9,19310.6,8.7149
RouteID_0861441a-2da3-42cb-a2a3-cea549ad520e,DLA7,154,23,241,241,3313071.0,3160944.06,78.03,16,11014.1,18806.2,8.2834
RouteID_086a4378-ed4d-44fe-a1d6-666bc0eec804,DLA9,161,24,272,272,3313071.0,2728160.65,55.59,16,11758.8,15120.5,7.4665
RouteID_087636e9-8cd9-4bb4-b9c8-957b843bbca2,DBO3,161,23,222,222,4247527.0,3015713.31,63.49,12,14241.9,14093.8,7.871
RouteID_087e7f16-0b04-4a0a-9799-1302a8312186,DLA3,124,12,215,215,3313071.0,2477014.95,93.62,14,7994.3,20129.1,7.8121
RouteID_0882ddec-59ed-4b24-8f20-ae86af26a6aa,DLA8,149,17,237,237,3313071.0,2541635.58,88.83,16,7482.1,21052.5,7.9263
RouteID_0884dbd3-a368-499d-a5b4-e4d6954528ec,DBO3,120,24,188,188,4247527.0,2025475.88,74.74,11,11825.1,14050.6,7.1877
RouteID_088b3069-d09e-4bc4-a540-46ca0feec1fd,DLA8,166,18,250,250,3313071.0,2269727.27,63.87,16,11227.0,15968.4,7.5543
RouteID_088cbe58-2832-41bc-a89a-7de4016208cd,DLA9,124,26,205,205,3313071.0,2580784.68,68.16,15,10552.3,13973.8,6.8128
RouteID_08922e5e-3107-46d2-aaff-5cf6b063a635,DSE5,175,16,264,264,3313071.0,2674584.68,64.74,15,10692.8,17090.3,7.7175
RouteID_08a2125e-f7d0-420e-8d09-7957c94d2802,DLA7,125,28,226,226,3313071.0,2398041.82,78.71,14,11292.9,17788.9,8.0783
RouteID_08a53481-3de6-4688-ab69-b88fc2cc1d9c,DLA7,98,16,167,167,3313071.0,1685697.74,91.76,14,8125.2,15324.7,6.5139
RouteID_08ad4b2e-786d-4f2b-a965-9d85aef3ef49,DLA7,188,25,260,260,3313071.0,2475286.92,63.7,16,9149.5,16561.4,7.1419
RouteID_08b5ef59-25b8-4b41-b385-9e4f9b8b01a9,DSE4,139,24,267,267,3313071.0,3171055.6,61.98,15,12149.3,16547.8,7.9714
RouteID_08d62dfb-b7a1-4248-ae10-3c101e8191b3,DLA7,146,18,214,214,3313071.0,2050944.19,75.85,14,10459.9,16231.3,7.4142
RouteID_08d72635-761a-4081-ac80-ed356a036095,DLA7,169,21,249,249,3313071.0,3047456.52,58.29,16,11303.6,14514.0,7.1716
RouteID_08d77c2d-b0ce-4658-94c1-712451e916b8,DLA7,169,21,247,247,3313071.0,2844927.54,71.5,14,9453.2,17661.5,7.5319
RouteID_08dca96c-c0a7-4397-b1a5-ba96aa17873b,DCH3,204,18,264,264,4247527.0,2868122.86,56.44,14,11591.0,14899.0,7.3583
RouteID_08dded4c-ab6e-49d7-b202-fd997e444532,DSE4,157,24,288,288,3313071.0,2718320.9,63.91,14,9918.8,18405.4,7.8678
RouteID_08e9fee8-f7e5-42a0-a100-04099a4be6e5,DLA9,84,22,260,260,3313071.0,2823961.16,61.31,16,6926.3,15941.9,6.3523
RouteID_08eca476-373b-4d96-878d-2dbee9ad5c2c,DLA7,117,23,201,201,3313071.0,2298109.65,67.46,14,9945.7,13559.4,6.5292
RouteID_08ed55fa-db09-4f94-bd8c-5d403a90416e,DLA7,157,20,222,222,3313071.0,2341637.37,60.08,16,13061.2,13336.9,7.3328
RouteID_08fecdf4-4f01-49c6-bd22-c9402d21d90a,DLA7,160,19,229,229,3313071.0,2524818.11,71.16,16,10831.8,16296.7,7.5357
RouteID_090b26d7-b319-4ebf-a4d1-20db1031a6e0,DLA7,160,22,260,260,3313071.0,2736091.36,61.59,15,8829.4,16014.5,6.9011
RouteID_0921cebf-49ed-4e14-a8ad-89e6be212d11,DSE4,127,13,249,249,4247527.0,3159124.61,83.08,15,8454.8,20686.9,8.0949
RouteID_092c229e-9d6e-468b-accd-0372d87a181c,DBO3,194,30,239,239,4247527.0,2945369.02,55.84,12,14796.6,13345.7,7.8173
RouteID_09337e68-6b35-469d-84af-a1011685982f,DLA7,162,21,222,222,3313071.0,2089191.88,61.93,16,11217.8,13749.0,6.9352
RouteID_09384cd9-a77d-4655-9b67-20847719a230,DLA7,171,23,290,290,3313071.0,2754436.99,61.53,14,11485.6,17843.8,8.1471
RouteID_093afb7b-78c3-4350-a498-a84909ad4897,DSE4,171,28,259,259,3313071.0,3059639.29,61.42,15,10434.1,15907.7,7.3172
RouteID_096d768f-4473-49c1-966a-29bf3d2fe3a9,DSE4,145,23,285,285,3313071.0,3258288.45,62.69,15,9839.6,17866.4,7.6961
RouteID_09707b5d-9a50-4f13-aa7e-db13fcc6bb95,DCH3,170,19,243,243,3313071.0,2824560.56,59.54,12,12487.8,14467.5,7.4876
RouteID_0970c11e-3bfa-4ddb-b4eb-7eab71b44d0d,DBO3,153,32,214,214,3313071.0,2332331.74,75.98,12,12795.3,16259.5,8.0708
RouteID_0978feb1-735b-43b3-a092-a97936d7c509,DSE5,135,13,209,209,4247527.0,1717219.34,83.52,14,8633.4,17455.0,7.2468
RouteID_098b1a3e-859b-436a-b116-5357677706b1,DLA8,135,25,271,271,3313071.0,3110623.03,85.63,16,7763.1,23205.3,8.6023
RouteID_09a5440f-82cb-4b2a-a612-276cb58573a1,DLA8,175,19,260,260,3313071.0,2927919.52,63.41,16,12409.1,16485.9,8.0264
RouteID_09a9a44d-e007-42de-9437-31b5fd392648,DSE2,90,19,196,196,3313071.0,2169785.11,114.41,14,6254.8,22424.3,7.9664
RouteID_09c1a521-4deb-4c34-84f1-3cccd4a1c037,DAU1,130,26,230,230,4247527.0,2513503.3,70.47,14,8817.8,16207.2,6.9514
RouteID_09c35c1a-aa78-4e28-94b7-3bba972a9d9d,DCH4,192,23,277,277,4247527.0,2892346.33,57.69,15,12656.9,15979.3,7.9545
RouteID_09c666c7-6279-416f-ad47-14ef43dfa174,DLA7,145,20,219,219,3313071.0,2475526.89,52.96,16,11420.9,11598.5,6.3943
RouteID_09c6d5be-68a5-4af5-91f4-4fb13a10faf5,DSE5,153,11,231,231,4247527.0,2055282.34,60.82,13,13549.9,14050.1,7.6667
RouteID_09cbff70-3e09-4f9d-825e-3148b3930a4c,DSE4,118,15,200,200,4247527.0,2751626.03,84.46,15,9694.7,16892.2,7.3852
RouteID_09d597c9-ae5c-4fe8-8379-710bf99f3184,DSE4,174,20,246,246,3313071.0,3129328.57,75.68,15,11031.4,18617.8,8.2359
RouteID_09da300f-98c7-4f1b-80f2-8d0761360d25,DSE4,166,30,269,269,3313071.0,3291867.08,54.39,14,11701.0,14631.0,7.3144
RouteID_09e7344a-c5e3-453b-a18e-a0534a75344b,DSE5,176,12,257,257,3313071.0,2559926.99,63.23,15,10997.4,16250.8,7.5689
RouteID_09eb81d9-48bc-45ba-8913-298181131e3b,DLA7,138,23,213,213,3313071.0,1900297.42,71.72,14,11385.8,15276.1,7.4061
RouteID_09f5fbc8-1326-45b0-a20a-fc2c432dfb0f,DSE5,151,13,212,212,3313071.0,2612062.02,93.3,15,12893.2,19780.3,9.076
RouteID_09f8106a-2b7f-41f7-b995-1868813d1b82,DLA9,175,28,273,273,4247527.0,2924037.46,49.05,14,12829.5,13389.4,7.283
RouteID_09ff2f98-260f-419f-a3f1-fb593380fd4c,DLA7,134,22,197,197,3313071.0,2113937.08,69.93,15,9962.8,13776.5,6.5943
RouteID_0a0029bf-3e93-491f-843c-f889a83f2bfb,DLA9,84,15,248,248,3313071.0,2582462.46,73.5,16,6114.6,18227.1,6.7616
RouteID_0a05762c-a2aa-4875-8d6e-04d5b35336fe,DSE4,151,23,241,241,4247527.0,3260370.29,69.75,15,9571.2,16810.9,7.3284
RouteID_0a087ce2-2896-45cf-ab24-0a3c8be98387,DCH4,182,28,282,282,3313071.0,3205710.27,50.0,14,10744.9,14100.0,6.9014
RouteID_0a1a1cfe-a5da-4463-b3ac-f2bb3a01718f,DSE2,80,18,205,205,3313071.0,2606802.5,120.54,14,4686.5,24710.6,8.1659
RouteID_0a28a1a5-62bd-4e5c-b2a2-bfc16713e9d1,DSE5,105,11,210,210,3313071.0,2534147.41,80.85,15,11508.6,16979.4,7.9133
RouteID_0a2ed99e-580f-4e6e-a168-67a5359f3fa1,DCH4,155,20,253,253,3313071.0,3166542.29,60.05,15,13243.1,15192.6,7.8988
RouteID_0a426a82-2c44-4a74-845d-3311c935f4c5,DLA7,167,25,253,253,3313071.0,2457714.27,57.18,14,11208.7,14465.9,7.1318
RouteID_0a76f445-7219-4159-b82a-0194ab1bdc91,DSE2,124,20,251,251,3313071.0,2913219.16,91.38,14,8058.6,22936.1,8.6096
RouteID_0a7c11fe-c561-4293-85bb-c44c9bcfb12d,DCH4,171,22,235,235,4247527.0,2622647.71,56.85,14,15553.5,13359.2,8.0313
RouteID_0a8650ca-77d1-459b-a8dd-da8442bbf1cf,DSE5,143,12,220,220,4247527.0,2284525.15,64.88,14,9334.6,14274.0,6.5579
RouteID_0a9df7e1-6ddc-4173-808f-5e1a97b18027,DBO2,150,23,226,226,3313071.0,3116305.07,85.66,14,10027.2,19360.0,8.1631
RouteID_0aa7e7aa-97d6-4614-882e-4e24f0790a0e,DBO3,165,20,231,231,4247527.0,2971841.97,59.77,12,15205.6,13807.6,8.0592
RouteID_0ab02029-d853-4303-928b-2fb8f38b6827,DCH2,173,22,293,293,3313071.0,3011906.46,69.67,14,10662.8,20414.7,8.6326
RouteID_0abc266a-ae67-4d85-b3d6-7bfd1adcaeb3,DAU1,100,27,230,230,4247527.0,2602835.26,55.49,15,9168.3,12761.8,6.0917
RouteID_0ad088a2-492e-41a9-a79b-751d4adb05d4,DBO3,184,18,232,232,3313071.0,3203736.35,61.55,13,17627.7,14280.3,8.8633
RouteID_0ad2ef29-c940-4e42-b6f7-245d71252a7c,DLA7,152,24,248,248,3313071.0,2757800.27,57.25,14,10673.3,14196.9,6.9084
RouteID_0ae06a5d-815d-40a9-82a1-3716ca60be21,DLA5,160,22,244,244,3313071.0,2934460.66,55.71,15,14008.4,13593.1,7.6671
RouteID_0ae21c35-5e33-4c25-92bc-61eae9c30b7b,DSE4,168,30,276,276,3313071.0,2886779.45,54.14,14,11962.8,14942.5,7.4737
RouteID_0ae40c8b-c169-473f-930e-91c73ac13374,DAU1,173,27,286,286,4247527.0,3860272.17,67.39,13,11240.4,19274.6,8.4764
RouteID_0ae91b91-4598-458a-ada2-53243610ef82,DBO3,169,29,254,254,4247527.0,2592509.12,55.8,12,12479.0,14173.6,7.4035
RouteID_0aeaa5cd-2c8a-41c8-acf6-483a45548e12,DLA9,108,21,241,241,3313071.0,3034451.89,67.7,13,9015.7,16316.6,7.0367
RouteID_0aebdf93-4e40-4a01-8bd7-5701160a38e3,DLA7,183,24,257,257,3313071.0,3061951.44,42.28,14,13102.3,10866.0,6.6579
RouteID_0aece401-280f-441f-b2a5-e020ea16a92e,DAU1,130,22,184,184,4247527.0,2776683.62,69.9,13,17058.6,12862.2,8.3113
RouteID_0aee14b7-460f-425d-ab89-c3794a40d28a,DBO2,167,27,255,255,3313071.0,3277301.4,61.67,13,9546.0,15725.6,7.0199
RouteID_0aef75fe-d9d0-4dd9-b44b-b6af0ff26b52,DSE4,149,25,244,244,3313071.0,3076563.98,65.74,14,11964.5,16040.3,7.7791
RouteID_0afff62b-f7e0-4927-8b8e-02430e52f8d4,DBO3,177,39,242,242,3313071.0,3091212.29,59.38,13,14183.2,14369.4,7.9313
RouteID_0b2292e8-d421-4d4e-b80a-47c07e0e00e1,DSE4,169,27,244,244,3313071.0,2729412.92,69.07,15,11430.6,16853.6,7.8567
RouteID_0b333582-4eb1-4007-98c6-ccf6a772cc9d,DBO2,151,25,212,212,3313071.0,2864619.25,64.41,14,12327.9,13655.8,7.2177
RouteID_0b364fb7-1273-4943-b5f8-bd78bbc663f1,DSE4,138,22,228,228,3313071.0,3039979.04,59.03,15,10535.6,13458.1,6.6649
RouteID_0b36e28e-5f67-4f56-ba6a-573d8456ba49,DLA7,180,27,292,292,3313071.0,3292843.67,53.57,15,8680.9,15643.5,6.7568
RouteID_0b73f489-4d6f-4c14-bde0-dbc18efceed1,DLA4,177,17,281,281,3313071.0,3175844.93,60.02,15,11382.6,16864.7,7.8465
RouteID_0b7a3819-3fe1-46de-82e7-be2deec38ca4,DSE5,159,14,205,205,4247527.0,2313336.36,58.2,14,14299.3,11932.0,7.2865
RouteID_0b7d10d6-b31e-40ab-b607-e71b39499697,DSE5,162,13,229,229,3313071.0,2335239.63,72.9,13,13278.2,16694.1,8.3256
RouteID_0b855834-e4da-4fce-9935-9c1fa2629315,DAU1,154,30,264,264,4247527.0,2808430.69,58.19,14,11372.0,15362.2,7.4262
RouteID_0b8725b5-51e1-4b53-9857-c3fa156a9727,DLA8,118,23,258,258,3313071.0,3149847.17,68.93,16,7577.0,17784.7,7.0449
RouteID_0b8ce670-78c2-42ab-8a93-0749754c8582,DLA7,169,22,251,251,3313071.0,2538575.36,61.24,14,12020.5,15371.3,7.6088
RouteID_0ba2fe6a-030b-4a56-b9ca-d401cee48b75,DCH2,154,21,285,285,3313071.0,2818438.56,62.01,14,9516.4,17672.0,7.5523
RouteID_0ba3c3c4-c1c2-41b9-afd5-931ef5cd0a3b,DCH2,172,23,259,259,3313071.0,3309053.96,53.73,13,11077.9,13915.4,6.9426
RouteID_0ba52062-f98a-4750-a6ef-0a72ff35202e,DCH2,203,24,298,298,3313071.0,3235215.0,60.45,15,10460.0,18014.5,7.9096
RouteID_0bab9078-6d9d-46b7-9752-bdd7ee373a24,DLA3,122,19,236,236,3313071.0,2365884.83,53.33,16,7137.5,12586.6,5.4789
RouteID_0baf9c14-6f12-4a24-86d4-66db6a30dae5,DLA9,109,22,212,212,3313071.0,2088932.8,92.18,13,9794.0,19542.4,8.149
RouteID_0bce0fe7-3ec0-41d8-8f90-3c766c493da1,DLA9,146,28,287,287,3313071.0,3067235.5,78.96,13,10571.9,22660.3,9.2312
RouteID_0bce18ed-a437-47ff-b24d-cc19138b8d8b,DAU1,111,37,232,232,4247527.0,3059836.26,76.88,14,7798.9,17835.6,7.1207
RouteID_0bd8bbb9-f94a-4745-b7e6-1e852f5977de,DLA9,179,28,283,283,3313071.0,2593726.69,52.89,16,10995.8,14968.9,7.2124
RouteID_0be0c72e-605e-4417-ba4b-673da933ff69,DBO3,173,24,224,224,3313071.0,2446788.38,51.37,12,14855.4,11506.6,7.3228
RouteID_0c07e64c-e784-4f03-8744-ba4fc269358a,DAU1,182,40,285,285,4247527.0,3244940.09,47.06,14,11800.6,13411.6,7.0034
RouteID_0c2c04fa-8052-4195-85b7-1b648d3832bd,DLA7,149,23,237,237,3313071.0,2632711.81,61.14,15,10875.4,14489.8,7.0459
RouteID_0c4039ff-ce1c-40ee-be9c-beb97b4033c1,DBO3,188,19,275,275,4247527.0,3435674.88,57.12,12,14143.1,15708.4,8.2921
RouteID_0c4437df-e93a-4ad9-b3de-360a3307c32f,DBO3,124,22,191,191,4247527.0,2032943.23,83.26,13,10924.5,15903.6,7.4522
RouteID_0c447c13-3547-48d4-a611-cd444bd2ec25,DLA8,131,27,261,261,3313071.0,2589053.94,93.26,14,6734.3,24342.1,8.6323
RouteID_0c4771e0-0e1f-4d40-888a-29795fcdcde6,DBO3,156,24,266,266,4247527.0,3072443.27,43.27,11,10491.9,11509.3,6.1114
RouteID_0c546903-794a-4f5f-8506-62b38fc49843,DBO3,141,25,198,198,4247527.0,2850584.18,74.6,11,11741.3,14770.7,7.3644
RouteID_0c5a8256-913c-40f4-999e-b425a01f4c86,DCH1,84,21,210,210,3313071.0,1929897.66,105.63,14,6138.8,22182.4,7.867
RouteID_0c5e2318-07e9-4e93-a10d-9de9237e6323,DCH4,159,24,228,228,4247527.0,2467411.23,61.74,15,12334.5,14076.1,7.3363
RouteID_0c669d0f-15d4-4c69-bd3b-cacf0a5827e6,DLA8,137,23,279,279,3313071.0,3178299.0,70.13,17,5257.9,19565.9,6.8955
RouteID_0c760e98-d14f-4f85-a36e-dc99506e82cf,DCH3,189,20,273,273,3313071.0,3238845.38,59.15,14,12737.2,16147.0,8.0234
RouteID_0c76acc3-adf1-41d0-8684-8de17d5ec568,DBO3,151,23,260,260,4247527.0,3219675.71,52.94,11,10024.2,13763.2,6.6076
RouteID_0c82deb5-e294-4d4a-b14a-e6fa2e5e14bf,DLA8,98,26,238,238,3313071.0,2979018.0,77.99,15,4697.5,18562.2,6.461
RouteID_0c99a794-71e7-4820-8f01-5ae9b9abdb47,DLA7,196,20,241,241,3313071.0,2097027.57,63.28,15,16766.0,15251.1,8.8936
RouteID_0c9c6564-709a-46bb-8c14-1fbe67736ae3,DCH4,171,24,246,246,4247527.0,2635523.86,59.39,15,12975.4,14609.9,7.6626
RouteID_0ca0ee61-a91d-44a7-ad79-d02ea10be3b8,DLA9,145,26,265,265,3313071.0,2521306.26,67.77,14,8767.3,17960.2,7.4243
RouteID_0cb5baba-ba3f-46ea-8e45-c3cd8158cd14,DLA4,109,11,198,198,3313071.0,3171182.48,59.69,15,9941.5,11818.0,6.0443
RouteID_0cb74f30-d88e-42c0-b066-991430e51d3a,DSE4,113,12,193,193,4247527.0,2104395.15,100.35,15,6982.8,19367.7,7.3196
RouteID_0cbb00a7-62b1-452c-83f1-a787e616582b,DLA3,90,16,198,198,3313071.0,2623391.94,84.89,15,10502.8,16807.9,7.5863
RouteID_0cbdf262-3039-4432-8746-bcc6905103e5,DLA7,126,23,196,196,3313071.0,2258154.93,73.76,15,10236.7,14457.3,6.8594
RouteID_0cccbc52-db93-4233-b0c6-6284602d5312,DLA3,166,15,267,267,3313071.0,2222304.89,68.0,16,10017.0,18156.5,7.826
RouteID_0ccdd302-3cfb-4d70-9841-22f3edb3716c,DAU1,166,32,258,258,4247527.0,2909957.84,65.83,15,12374.0,16984.7,8.1552
RouteID_0cdeeb0e-202f-4061-9933-7b1862af3e32,DLA9,117,23,214,214,3114853.25,2225339.17,86.76,14,14171.1,18567.6,9.0941
RouteID_0ceccda6-0964-412c-a24c-6a37db035d17,DBO3,136,17,191,191,4247527.0,2374804.57,70.24,12,14819.1,13416.0,7.8431
RouteID_0cf8f2ce-28f9-46de-8fe0-22e84a3b8ca2,DLA3,83,20,227,227,3313071.0,2117560.74,103.28,16,4937.4,23445.2,7.8841
RouteID_0d23ffb5-662f-4ba2-a3b1-0b4749b9170d,DSE4,131,20,194,194,4247527.0,2669072.21,83.33,15,10906.0,16166.5,7.5201
RouteID_0d43becd-aec2-49de-9bca-0fea424a6b81,DCH3,190,24,248,248,3313071.0,2346274.4,57.72,13,15816.9,14315.6,8.3701
RouteID_0d784cbf-7dc4-43df-ad52-879ab7a7227b,DLA8,181,20,281,281,3313071.0,3244343.45,51.27,14,9860.6,14406.6,6.7409
RouteID_0d85b6a3-31ec-4ae0-94e8-1b9ad6bd3635,DCH1,167,15,225,225,3313071.0,1963907.85,48.66,13,14623.7,10947.4,7.1031
RouteID_0d8e5b52-0380-40b7-80d8-940907528f19,DLA9,134,28,246,246,3313071.0,2850848.28,73.07,16,8809.0,17974.2,7.4398
RouteID_0da56f16-616e-425d-8680-66aaa5528579,DBO2,131,18,238,238,3313071.0,3278859.67,76.99,13,9285.2,18323.2,7.669
RouteID_0db008e1-9cca-413e-b783-aef9d2287fec,DLA7,198,22,281,281,3313071.0,2683705.03,64.45,16,13057.5,18109.1,8.6574
RouteID_0db2e8f5-b962-4889-a67c-f1478e704594,DLA7,168,17,230,230,3313071.0,2154153.91,53.98,16,13815.8,12416.1,7.2866
RouteID_0db3e57e-e62e-446b-b811-621dbebe23b0,DSE5,157,12,239,239,3313071.0,2943225.2,73.11,14,13449.9,17472.7,8.5896
RouteID_0dcdf502-afe0-4526-9b0d-5800bd81ffc4,DLA7,145,20,219,219,3313071.0,2165471.4,65.87,14,12669.1,14425.6,7.5263
RouteID_0dd0f98d-f565-4769-9719-92ef1c9e284a,DLA4,85,16,215,215,3313071.0,2464439.96,101.28,14,5885.7,21775.8,7.6837
RouteID_0dd9ad00-49d9-4f82-88ba-6fdb6b77fe93,DLA9,158,19,248,248,3313071.0,2512663.65,78.75,15,10365.7,19530.1,8.3044
RouteID_0de3590f-89e5-44e8-bd7e-b23fab94345a,DCH3,188,21,263,263,3313071.0,3203565.82,68.52,15,12561.8,18021.1,8.4952
RouteID_0de748ab-c851-45d2-8a25-897e401314cd,DLA7,143,25,198,198,3313071.0,1771614.46,67.47,16,10068.5,13358.8,6.5076
RouteID_0dea4caf-f044-4170-bf66-944c0eb27785,DCH4,149,15,191,191,4247527.0,2367948.58,86.69,15,13912.0,16557.6,8.4638
RouteID_0dec584d-baeb-4470-878e-252600fb61db,DBO3,160,21,218,218,3313071.0,3251619.55,56.0,12,11119.8,12207.8,6.4799
RouteID_0df605eb-a6e2-4f8a-ac76-b4f8b74ac68e,DLA7,151,23,248,248,3313071.0,2417133.75,72.91,14,9070.9,18081.2,7.5422
RouteID_0e13b867-bfbf-4698-8347-560bbfcdba9b,DCH3,160,15,245,245,3313071.0,2749357.09,44.02,13,12363.0,10785.2,6.4301
RouteID_0e13e578-80f5-4746-b750-48be5996a2a0,DLA9,110,19,206,206,3313071.0,2658343.99,89.33,15,8981.8,18402.4,7.6067
RouteID_0e217d92-1e37-4216-bb49-b9858c120b52,DSE4,181,28,273,273,3313071.0,3197058.3,62.31,14,11088.0,17009.5,7.8049
RouteID_0e26f254-84a2-4d1a-af72-87901f5f67ae,DLA8,100,21,226,226,3313071.0,2360661.22,75.44,14,6822.9,17048.4,6.6309
RouteID_0e2bd841-c72d-43b7-a296-af3637d00307,DLA3,128,26,253,253,3313071.0,3155765.55,64.46,14,7077.1,16307.4,6.4957
RouteID_0e348e1c-0718-4e5e-95c2-f2a5332b23b0,DBO3,183,23,262,262,3313071.0,3241765.05,46.72,12,14714.7,12241.2,7.4878
RouteID_0e51e9ca-53a4-49cf-b5a1-93302533f2a6,DCH2,141,16,247,247,3313071.0,2207258.48,62.57,14,10066.1,15453.6,7.0888
RouteID_0e547edb-658a-499a-b88f-a6e4802e1a70,DBO1,185,10,292,292,3313071.0,3185987.79,41.46,11,13518.6,12105.6,7.1178
RouteID_0e578fe5-fd0c-4a21-badf-f8aae5f16853,DLA4,179,15,289,289,3313071.0,3228419.76,68.63,15,12848.3,19833.1,9.0782
RouteID_0e596e6f-6500-46c9-aa2b-650fc4a3d890,DSE2,89,15,195,195,4247527.0,1812071.89,89.28,14,7363.7,17409.1,6.8813
RouteID_0e5c207d-7263-4555-95d2-e67768635fde,DLA4,88,15,218,218,3313071.0,2743602.48,78.92,13,6576.4,17204.9,6.6059
RouteID_0e5d65a8-587c-48b0-86d7-226e83a1a5f4,DLA9,109,21,230,230,3313071.0,2812475.28,96.37,14,9558.7,22165.0,8.8121
RouteID_0e796e1f-cab0-46b2-96f7-c0d0c1b90ac7,DCH4,180,21,254,254,4247527.0,2811594.17,37.38,15,13225.7,9493.3,6.3108
RouteID_0e7eb7e0-86be-44a7-9c29-be110ee8bcd5,DAU1,178,39,299,299,4247527.0,4029164.57,54.15,14,12767.6,16190.0,8.0438
RouteID_0e8122d6-7a61-453b-af3c-150ef0a43110,DSE4,98,12,225,225,4247527.0,2413215.7,69.6,15,5695.6,15659.3,5.9319
RouteID_0e8a5182-d742-4c4f-adf3-abb60ece3239,DLA5,170,26,243,243,3313071.0,2448161.05,85.86,15,9374.3,20862.8,8.3992
RouteID_0e986992-bd2d-4f6b-bfd0-1038abd90bae,DLA8,157,23,268,268,3313071.0,2547362.48,76.06,14,9930.5,20383.8,8.4206
RouteID_0ea2374b-9211-4dc0-8797-b6f0e0ef6f2a,DSE5,157,12,217,217,3313071.0,2053217.18,79.81,14,12234.8,17319.6,8.2096
RouteID_0ea2dfc6-a173-4fd1-8228-99b48ac39906,DCH3,193,20,268,268,3313071.0,2984429.17,62.56,14,14005.9,16766.8,8.548
RouteID_0ea7aa41-f026-4aee-8379-8099b94aff6b,DLA8,142,23,271,271,3313071.0,2819419.95,63.53,15,8782.6,17215.7,7.2218
RouteID_0ea8ffd3-673d-473e-8219-382f2a88c999,DSE4,114,17,225,225,4247527.0,2122445.88,77.14,15,6675.6,17357.3,6.6758
RouteID_0ecca9f8-0fd2-4468-8b6a-81d447e11b0f,DLA9,137,22,272,272,3313071.0,2705200.95,72.26,15,8461.4,19654.2,7.8099
RouteID_0ed01e9f-3cd6-4156-a73e-54b480e13c61,DLA3,56,21,200,200,3313071.0,2710108.09,117.4,16,4449.0,23480.1,7.7581
RouteID_0ee35cc6-e564-47d0-a3e4-f8a1c3a14622,DSE5,145,11,215,215,4247527.0,2140230.36,73.85,15,10455.3,15878.5,7.3149
RouteID_0eee5943-ffd3-4d46-bc3d-0a93ed3f55cc,DLA7,122,16,218,218,3313071.0,3281390.44,75.69,15,9200.6,16501.1,7.1394
RouteID_0f06dc7e-3a18-42da-b99d-955af01771e5,DBO3,159,29,204,204,4247527.0,3534210.82,84.7,12,13120.9,17278.5,8.4443
RouteID_0f09dff8-b32b-43d5-8030-37122ed9c14a,DLA9,162,25,258,258,3313071.0,2762021.11,72.15,16,11351.5,18614.6,8.3239
RouteID_0f0c1d0a-168c-4b0d-8927-aa7da75af649,DBO2,162,21,238,238,4247527.0,2769044.24,58.11,11,15131.3,13830.0,8.0448
RouteID_0f0c3154-3638-48d6-bc4f-a5bd55ac7632,DLA7,183,20,277,277,3313071.0,3162785.13,45.17,16,11839.1,12512.5,6.7643
RouteID_0f0f05d6-0cad-4612-9489-a36a0f004772,DCH2,139,18,258,258,3313071.0,2503266.91,72.23,14,10108.0,18635.3,7.9842
RouteID_0f145ccf-c2f7-438e-be66-7034a84c0083,DLA8,182,17,297,297,3313071.0,3276241.29,58.75,15,10326.0,17448.1,7.715
RouteID_0f1c8e8d-9b63-4f06-8087-507320c11131,DLA3,123,23,284,284,3313071.0,3112347.16,70.11,15,6908.6,19910.9,7.4499
RouteID_0f3c5ec9-353b-442d-98d4-d9a206b55996,DSE4,166,29,294,294,3313071.0,3058817.93,62.29,14,11816.0,18313.2,8.3692
RouteID_0f3e0568-9883-4a69-98ef-da347607da28,DBO3,160,29,205,205,3313071.0,2876824.83,60.02,12,13786.3,12303.9,7.2473
RouteID_0f45e017-5174-4e33-afb8-7bc0b60fd8d6,DCH4,181,27,287,287,3313071.0,3147609.75,45.37,15,10659.9,13021.0,6.578
RouteID_0f495b0a-fda3-417e-b688-0fb261c213bf,DCH2,155,20,265,265,3313071.0,3207007.43,63.05,13,7959.7,16708.8,6.8524
RouteID_0f6118f8-4987-424e-bb98-6733ab1812e9,DLA9,114,28,240,240,3313071.0,2213102.43,74.13,15,6709.3,17790.7,6.8056
RouteID_0f6698fc-5c29-4f27-86a3-e6a22c8051ca,DLA9,144,22,276,276,3313071.0,2742643.93,66.34,15,11063.0,18310.1,8.1592
RouteID_0f770c92-9a79-4924-8d33-856d3db80f5d,DLA7,185,29,287,287,3313071.0,2994332.92,56.46,15,10966.0,16203.9,7.5472
RouteID_0f78fe4f-5f36-4f8a-8be0-d47faaa943ba,DBO3,132,16,180,180,4247527.0,2475968.53,81.77,11,12582.0,14718.3,7.5834
RouteID_0f93be8c-42ea-4381-819c-abbf99a17125,DBO2,159,23,216,216,4247527.0,3155926.1,69.84,13,14494.8,15085.3,8.2167
RouteID_0f992c30-7f91-45b6-ad2e-e95bf685dd94,DLA7,134,19,213,213,3313071.0,2469782.07,67.1,15,11051.9,14293.2,7.0403
RouteID_0f9d12ce-b419-497a-8207-ca58f7ad8771,DLA7,137,18,194,194,3313071.0,1869908.09,96.56,15,10578.3,18732.4,8.1419
RouteID_0fc7c562-0e3b-410a-95b1-f7280e015529,DLA8,137,21,270,270,3313071.0,2533898.63,64.74,17,8000.4,17479.9,7.0779
RouteID_0fd2f534-5d7c-4dc0-bf3e-a2c3242499bd,DBO3,179,24,225,225,4247527.0,2978414.59,71.68,12,12464.3,16126.9,7.942
RouteID_0fd331f1-2f86-4287-8f9e-86cccc4817d2,DLA7,142,23,228,228,3313071.0,2378595.84,62.28,14,9747.9,14200.2,6.6523
RouteID_0fff807c-dd59-446f-abbf-a1695edf4747,DBO2,87,22,232,232,4247527.0,2576747.02,91.8,11,6276.4,21297.6,7.6594
RouteID_10024d74-e0b7-40d3-86b1-996ece1d15fc,DBO3,93,9,178,178,3313071.0,1649556.11,98.28,12,10639.5,17494.4,7.815
RouteID_1009bcda-0773-4385-ba9e-5c4bd0f59025,DBO3,144,17,195,195,4247527.0,2031422.81,68.59,11,13004.0,13375.3,7.3276
RouteID_1014accc-6fb2-454b-88df-f5ca4d38ddf8,DLA7,138,22,225,225,3313071.0,2482519.02,61.16,16,9130.9,13760.8,6.3588
RouteID_102fa550-3cd6-4172-b418-046cd1c78cd1,DCH4,172,20,251,251,4247527.0,2719812.48,69.92,15,10808.5,17550.0,7.8774
RouteID_10309128-ab56-4ce9-963d-1598064bad99,DLA7,176,23,259,259,3313071.0,3142465.29,58.27,14,11211.9,15093.0,7.3069
RouteID_103806a2-ef80-4814-888d-7ecc9180e6c6,DBO1,99,15,271,271,4247527.0,2542813.16,68.29,12,9092.9,18507.7,7.6668
RouteID_10414f59-03d2-4c9a-9ef5-230ae0dfab17,DLA8,163,19,283,283,3313071.0,2581207.8,73.98,16,10048.2,20935.3,8.6065
RouteID_1061c303-94d1-4bac-b556-bdac106a19c4,DLA4,91,13,179,179,3313071.0,3282326.03,92.18,15,9081.1,16500.6,7.106
RouteID_107f1548-fbec-4de1-b846-4ce133a0ea7d,DLA3,94,23,194,194,3313071.0,2162687.78,109.75,15,9228.5,21291.4,8.4777
RouteID_108e6b91-1286-46f8-a1f1-4afe9426753d,DLA7,188,28,266,266,3313071.0,2733549.37,56.54,16,13761.7,15039.0,8.0002
RouteID_109fc056-8065-42c9-b262-d735b8e68e92,DCH1,192,17,282,282,3313071.0,2691701.03,56.76,15,12330.4,16007.1,7.8715
RouteID_10ba45a9-a47c-404b-8777-929e3bf97ce0,DSE5,146,17,238,238,4247527.0,2641274.34,64.19,13,14094.3,15277.1,8.1587
RouteID_10c5d207-2b3d-407a-ba49-87f552e7aff9,DBO2,178,18,245,245,4247527.0,2272232.47,64.93,12,13814.7,15908.9,8.2566
RouteID_10d3035b-c1ad-40ec-989d-621de5c09bde,DLA8,120,24,276,276,3313071.0,3299396.44,67.75,16,5493.8,18697.8,6.7199
RouteID_10e1767b-6ad7-45d3-b24d-dfbff4936b89,DAU1,137,24,222,222,4247527.0,2832698.61,78.81,13,13345.7,17495.9,8.5671
RouteID_10e93cb5-c148-4604-a7f3-08938cce0861,DCH3,203,21,273,273,3313071.0,3061080.73,60.45,14,14805.3,16504.1,8.6971
RouteID_10f9bd69-beb6-433e-baaa-e0238cb93a13,DLA7,167,25,229,229,3313071.0,2811889.29,66.51,15,11245.1,15230.8,7.3544
RouteID_1102698e-232b-46cb-b52f-ec3f97a11dbe,DLA9,117,20,254,254,3313071.0,3303835.36,85.09,14,9058.1,21611.6,8.5194
RouteID_11187993-1664-4137-81af-81fe8cb2dee9,DLA7,162,19,200,200,3313071.0,1936263.79,41.76,16,14149.1,8352.9,6.2506
RouteID_1125a47b-b164-42fc-b7f1-fbf46a51f0e8,DBO3,159,27,206,206,3313071.0,2983657.28,53.53,12,14137.2,11027.8,6.9903
RouteID_113395bd-f3df-47e1-b9db-dfa5a5b5591c,DLA3,88,15,168,168,3313071.0,1918355.97,96.04,16,5350.2,16134.7,5.968
RouteID_11345ea5-9602-4ac7-866d-d140008b55a7,DLA9,143,21,234,234,4247527.0,2786765.0,88.22,13,11527.6,20643.0,8.9363
RouteID_114e0437-fec2-4e81-9fda-6738cf7cb458,DCH1,79,21,242,242,3313071.0,3076824.43,69.81,14,5558.3,16894.3,6.2368
RouteID_115305b1-4be3-4282-ad08-1c546b2fcb56,DCH1,98,18,261,261,3313071.0,2608913.14,83.25,14,7202.0,21728.4,8.0362
RouteID_1159e81d-0d3a-48fd-8771-154fd77c934f,DLA8,135,19,225,225,3313071.0,2675465.56,71.65,17,8593.5,16121.9,6.8654
RouteID_117c8287-12e3-41a1-bd4b-900af3038471,DLA9,108,24,250,250,3313071.0,2370946.43,71.79,13,7864.7,17946.9,7.1699
RouteID_1181a424-42d1-4cf5-bc52-370d43bbdfd5,DLA8,160,16,263,263,4247527.0,3139759.87,72.85,14,12055.2,19158.7,8.6705
RouteID_1191d558-1c58-4e1e-989f-520b338b3f5c,DSE5,166,13,243,243,4247527.0,2604837.55,69.34,14,11784.9,16849.3,7.9539
RouteID_11a83250-1603-4476-9cc4-1ec4c083dc40,DCH3,179,20,263,263,3313071.0,2531709.62,54.06,14,10046.2,14218.0,6.7401
RouteID_11cea4f0-f65f-4061-ae0a-a52607956603,DLA5,203,23,295,295,3313071.0,2741804.31,53.48,14,12688.2,15777.3,7.9071
RouteID_11fcf1bc-dbc0-4451-9646-009cd91672ba,DLA8,143,18,247,247,3313071.0,2754734.63,73.77,16,9770.5,18221.3,7.7755
RouteID_11ff0b06-87ec-4755-a731-2a2c3dfd45a4,DLA7,130,22,227,227,3313071.0,2515383.87,66.58,15,10236.4,15113.1,7.0415
RouteID_12125189-0a8c-409d-a723-6cfc7309e6e7,DLA3,123,24,246,246,3313071.0,2631485.68,74.8,16,5968.5,18400.7,6.7692
RouteID_1222de09-e858-467f-a963-6054feb3e67e,DLA7,175,25,269,269,3313071.0,2199706.11,51.48,15,9208.3,13848.6,6.4047
RouteID_122b83a8-608a-4a67-89df-633fb633e170,DSE5,185,14,273,273,3313071.0,3133352.42,69.15,14,11397.8,18877.9,8.4099
RouteID_1240a3bb-0e23-40fa-b6aa-ae4960962cf3,DBO2,164,14,254,254,3313071.0,2414187.52,54.69,12,11853.7,13891.5,7.1514
RouteID_12449585-f720-4642-b130-e66e137b1c50,DSE5,118,10,227,227,4247527.0,2541505.8,101.44,15,8579.3,23026.5,8.7794
RouteID_125d3367-08a1-46ce-bdf3-a3e9946600e6,DLA8,105,29,271,271,3313071.0,3113343.32,71.92,15,5826.7,19490.3,7.0325
RouteID_1271c690-26aa-4673-bf6e-df91a641bf7f,DBO1,189,15,265,265,4247527.0,2914716.12,59.51,12,13311.6,15771.2,8.0786
RouteID_12879cd2-cb92-4160-a781-cd44ff46e2aa,DCH1,159,31,267,267,3313071.0,2369873.01,84.6,14,9571.1,22589.0,8.9334
RouteID_128e4c3f-98f9-4428-9594-9325b5bf1408,DLA4,119,14,216,216,3313071.0,2067977.63,110.44,14,8287.7,23855.8,8.9287
RouteID_128fddbe-af47-4d21-9f7c-c8a6ecc6a162,DLA7,173,26,259,259,3313071.0,2576367.06,61.74,14,11146.5,15990.1,7.5379
RouteID_12ab4291-ccff-4378-8c2e-c6cd5a7d29ce,DLA7,151,22,252,252,3313071.0,2898082.42,59.36,14,10688.5,14957.6,7.1239
RouteID_12ad4b57-3f9e-4b4c-a415-bd5e6b879060,DLA9,134,22,233,233,4247527.0,2784560.31,84.12,14,7721.2,19598.9,7.5889
RouteID_12dd24e0-e0d4-4e87-bdcd-b9a352450cb2,DLA8,74,19,235,235,3313071.0,2153568.93,91.02,16,3839.8,21389.2,7.0081
RouteID_12e6f73f-cf81-4707-8600-abd206b142f8,DLA7,143,28,245,245,3313071.0,2463299.07,55.97,15,11173.8,13712.3,6.9128
RouteID_12e7c960-79ac-4183-96a9-23f968eb6c32,DAU1,125,25,182,182,4247527.0,2211425.41,56.19,14,9101.3,10227.4,5.3691
RouteID_13049cb4-e67d-468b-9b10-25c0180e5e98,DAU1,109,15,166,166,4247527.0,2623390.06,53.11,14,15229.9,8815.6,6.6793
RouteID_1308451e-c29a-4327-b0dc-7bdc86d50734,DSE4,131,16,229,229,4247527.0,2465208.27,82.82,15,8303.0,18966.1,7.5747
RouteID_13084739-93ee-46c2-9351-7c932f302b1a,DLA7,149,27,203,203,3313071.0,1665018.05,61.2,14,12046.7,12424.3,6.7975
RouteID_130daefe-43a4-403d-8a7e-95dc6b0ffadf,DLA8,131,26,272,272,3313071.0,2824584.72,69.29,15,6244.7,18845.6,6.9695
RouteID_13101816-1841-421f-bb0a-bc271df18f66,DLA8,167,23,265,265,3313071.0,3017717.77,68.12,16,11972.7,18051.1,8.3399
RouteID_13194db7-a1a0-4054-a1bc-6d586cd1eace,DLA4,73,13,225,225,3313071.0,2384073.64,76.33,13,6781.2,17173.7,6.6541
RouteID_1322c600-86b4-44a3-a8f7-909bc7b8007c,DCH4,174,21,238,238,3313071.0,2849676.76,52.86,15,13733.3,12580.5,7.3094
RouteID_133517ab-9198-4b67-960b-6eba7504104f,DLA8,162,25,277,277,3313071.0,3259199.94,57.14,16,9769.7,15828.2,7.1105
RouteID_133bda7f-2721-4923-9cb3-4ca92fff633e,DCH1,157,14,243,243,3313071.0,2628541.1,63.65,14,12037.2,15467.0,7.6401
RouteID_1346444d-8b0d-4423-a873-c4ac6f16de92,DLA7,182,24,283,283,3313071.0,2847691.08,53.55,15,9248.3,15154.1,6.7784
RouteID_134a45cc-2f4c-4b53-b07c-6300e3e917dd,DBO3,175,25,205,205,4247527.0,2613844.78,50.32,12,13127.6,10316.1,6.5121
RouteID_1364e8b4-de89-475b-9e38-3486ca12934e,DLA8,140,17,255,255,3313071.0,2635626.14,80.46,17,7898.2,20518.5,7.8935
RouteID_1364e982-c768-4248-818f-cefad0f4b136,DCH4,170,23,265,265,4247527.0,3186796.14,60.74,13,12728.2,16096.5,8.0069
RouteID_13702b8a-f4ee-451d-a059-d7e040ef690f,DLA8,160,18,269,269,3313071.0,2589195.93,61.87,16,9688.6,16643.6,7.3145
RouteID_139bbf0d-d504-430f-840a-86d0b6c61f59,DLA5,168,22,256,256,4247527.0,2528468.05,53.72,15,11931.2,13752.7,7.1344
RouteID_139f99be-c8f1-4759-a293-4fffebcb3976,DCH3,197,19,274,274,3313071.0,2424541.4,80.66,14,11234.0,22099.5,9.2593
RouteID_13ad1f23-c670-4b0b-b545-f2474c5a251a,DSE5,141,11,214,214,4247527.0,2090331.6,75.9,13,13888.0,16242.9,8.3697
RouteID_13ad1fc8-faed-4fbc-a5ff-04463fb0603d,DLA9,177,21,275,275,3313071.0,2786303.61,44.79,13,12996.3,12316.8,7.0314
RouteID_13ad9c2a-6ce8-4a58-b36d-c7bf56e1578d,DLA8,63,20,150,150,4247527.0,1958890.49,148.9,15,4411.2,22334.3,7.4293
RouteID_13ada16c-909d-4929-9837-959fa37bed11,DCH2,136,19,243,243,3313071.0,1914573.52,87.76,12,8087.4,21325.7,8.1703
RouteID_13b3222c-93df-473e-a4bb-f46317bb9865,DLA3,107,21,260,260,3313071.0,3156180.66,51.02,15,7201.4,13265.1,5.6851
RouteID_13b3b3a4-09c9-4194-a1f9-7d0ef061ffdd,DLA7,143,23,192,192,3313071.0,1724988.34,109.19,15,10434.3,20964.0,8.7218
RouteID_13b43097-3080-482c-9541-c15a1f2ed1fa,DBO2,177,19,249,249,4247527.0,3214110.83,49.18,12,13480.5,12246.8,7.1465
RouteID_13b645b8-cf92-4e72-b6cf-abc7e294a6fc,DLA7,170,28,267,267,3313071.0,2865219.02,55.58,15,10918.4,14839.3,7.1549
RouteID_13cad3af-2635-47d6-ab74-d53d785ceb62,DBO3,199,44,281,281,4247527.0,3318199.78,53.69,12,14124.1,15086.2,8.114
RouteID_13dd84a2-1332-4103-b4a7-d4cfb9f7ae8f,DBO2,152,23,246,246,3313071.0,3143023.94,50.12,13,9284.8,12330.1,6.0041
RouteID_13f2e810-115c-4553-ae4c-fe694e794433,DSE5,123,5,174,174,4247527.0,1796536.34,98.48,15,10739.3,17134.8,7.7428
RouteID_141e1611-b425-47e2-aad3-8a1588539da6,DSE5,185,16,265,265,3313071.0,3254434.01,54.3,14,11611.1,14388.3,7.2221
RouteID_1429d19e-4b07-488a-b324-426f7ac09ee3,DCH1,169,12,258,258,3313071.0,2283400.28,59.88,14,13282.7,15448.1,7.9808
RouteID_1439c30d-fedc-44c7-bfb0-6e6af20e7caa,DLA7,155,24,249,249,3313071.0,2344165.51,57.57,14,11929.1,14334.8,7.2955
RouteID_14400e63-1a26-48f2-8b62-8c93b45df3fb,DLA7,140,19,223,223,3313071.0,2074555.91,69.17,14,9560.8,15425.0,6.9405
RouteID_1450f94e-2831-46cd-be0c-c4412a604ffb,DBO3,179,27,231,231,4247527.0,2872775.61,57.0,12,16058.5,13167.2,8.1183
RouteID_1455948c-77b6-4115-897b-85ca514cd6b6,DSE4,154,25,253,253,3313071.0,2880200.82,69.31,15,10053.6,17535.7,7.6637
RouteID_1459297d-63a1-4b7e-bc20-de002b255754,DBO3,127,19,202,202,4247527.0,2383145.97,53.74,13,12328.8,10854.7,6.4399
RouteID_145e9ce3-e1c7-4868-b2f0-c00d7c67340f,DLA9,118,18,188,188,4247527.0,1715998.09,78.41,14,10148.5,14741.2,6.9138
RouteID_1462e47a-5f19-48c6-8dae-965a7647f79f,DSE5,151,15,255,255,3313071.0,3251981.64,80.16,15,11183.3,20440.3,8.7843
RouteID_148eba24-2dfc-4911-88a2-eaa758f633a1,DBO3,161,18,225,225,4247527.0,2617641.38,54.55,12,14629.5,12274.0,7.4732
RouteID_1492199d-9760-4e63-af2b-25176190b8a8,DSE4,173,28,296,296,3313071.0,3180407.94,51.19,15,12551.6,15152.5,7.6956
RouteID_1498bacd-0e44-487f-b624-eab2d2e321b0,DBO3,147,25,263,263,4247527.0,3645225.12,61.65,11,11096.2,16213.8,7.5861
RouteID_149a586b-6e2e-4a13-ade9-4437e4021e3d,DLA9,135,33,264,264,4247527.0,2994479.99,63.98,15,9206.9,16889.7,7.2491
RouteID_149f5b35-b668-43db-aae3-7a2bbd4f89e9,DCH4,164,19,229,229,4247527.0,2508306.73,39.17,15,14562.0,8970.3,6.5367
RouteID_14a582dc-318b-4d9d-ae97-d79bce388116,DBO2,174,22,230,230,4247527.0,3105904.81,69.86,11,14081.3,16068.9,8.3751
RouteID_14bbcc7e-805e-4cdf-9a4d-3ba47006fa1c,DBO2,117,22,282,282,3313071.0,3300430.74,67.59,14,10142.2,19061.5,8.1121
RouteID_14c8f61e-7946-4cbd-a396-fcbf481e8795,DSE4,156,23,243,243,3313071.0,2408425.32,53.07,14,10886.5,12896.4,6.6064
RouteID_14cbe6d9-6446-4073-a4b4-12aa8193fb7a,DSE4,177,19,256,256,3313071.0,2537702.51,79.1,15,10223.0,20249.9,8.4647
RouteID_14d0e456-b5cf-44ad-a4ab-eaa88308c3b8,DLA7,143,23,210,210,3313071.0,2182352.85,45.91,16,10365.2,9641.0,5.5573
RouteID_14e47d87-3e00-4004-833e-c79cc905406c,DLA7,171,22,232,232,3313071.0,2837925.55,61.54,15,10936.3,14276.8,7.0036
RouteID_14e79e59-1113-4434-9211-466665e5c28b,DCH3,177,21,271,271,4247527.0,2734698.19,73.43,15,12391.4,19900.0,8.9698
RouteID_14ecef4d-a551-4d0b-8af6-8c9a6bad7792,DLA8,144,20,232,232,3313071.0,2548277.22,67.0,17,9439.2,15543.1,6.9395
RouteID_14f0720a-85ab-4d4b-9498-d371c3e82c39,DSE5,161,13,238,238,3313071.0,2819667.5,74.14,15,14639.1,17644.3,8.9676
RouteID_14f61971-f685-40ae-8c0d-89ac82959d09,DLA7,143,23,221,221,3313071.0,2066622.34,78.53,15,11610.6,17355.9,8.0463
RouteID_14fd2998-6eb3-4474-85bf-50fd444de912,DSE5,166,13,232,232,4247527.0,2519219.53,65.88,14,11225.9,15284.4,7.364
RouteID_1512a0e3-0c95-45a9-905b-82dab77fe174,DLA4,99,14,223,223,3313071.0,3105889.77,94.28,14,6268.0,21024.4,7.5812
RouteID_1514544b-2828-4cdc-ad5e-7f30d4003a23,DLA5,204,26,284,284,3313071.0,2925670.36,60.42,16,15253.7,17159.6,9.0037
RouteID_15217517-0e3e-4355-bb72-551ff5e6b11d,DSE2,123,21,242,242,3313071.0,3172105.61,95.47,14,8574.1,23102.9,8.7992
RouteID_1537f298-8593-4828-81dd-2b3a701ae04b,DLA7,161,28,225,225,3313071.0,2005796.24,56.6,16,12188.6,12735.1,6.9233
RouteID_1548013c-d336-4c74-85f4-520ef48d5361,DAU1,136,28,185,185,4247527.0,2363090.65,76.56,14,13883.9,14163.4,7.7909
RouteID_1549b998-ded7-49d1-ad68-7fb070aab241,DBO3,150,30,245,245,4247527.0,2418574.22,62.26,11,12210.1,15254.5,7.6291
RouteID_156ee7ce-5700-416d-a7b0-51e331a3f63a,DLA9,113,22,225,225,4247527.0,2176983.32,82.22,14,8042.9,18500.5,7.3732
RouteID_157500fd-a2f2-46be-91fb-60e1dd6ac102,DBO3,134,30,191,191,4247527.0,2320786.7,50.41,11,15113.4,9627.7,6.8725
RouteID_1580568d-54e4-44e9-a44a-01ee2cc7c840,DLA7,112,21,205,205,3313071.0,2490225.85,101.07,16,8737.6,20720.2,8.1827
RouteID_158192d2-e58c-4333-bb3c-81f8ca243d59,DCH4,166,23,235,235,4247527.0,2850984.08,60.19,13,15049.8,14144.5,8.1095
RouteID_158a381b-2bb3-4b6c-b2ca-9c6d9667e078,DBO2,132,15,211,211,4247527.0,3004422.44,70.75,13,12958.8,14927.3,7.7461
RouteID_159684b2-71bc-4a2d-ae49-7affac5dd9e5,DLA9,177,32,257,257,3313071.0,2863623.51,48.21,15,13172.9,12388.9,7.1005
RouteID_1597a128-4d9f-4a1f-8d3a-1fe4b8f0e13b,DLA7,161,19,219,219,3313071.0,3150702.98,64.81,14,10460.0,14193.0,6.8481
RouteID_159ce8a1-6f11-40e6-81da-5b5a0fe99803,DLA7,171,32,250,250,3313071.0,3303135.74,68.86,14,11433.7,17215.0,7.958
RouteID_15b2cf9a-514f-4e78-89a7-b61ce2551e87,DSE5,76,10,165,165,4247527.0,1782916.01,110.64,14,6848.9,18255.3,6.9734
RouteID_15b68f6d-b3ee-457e-a32a-d08de4875fd1,DLA5,184,21,269,269,3313071.0,2887408.86,46.21,16,12321.0,12431.7,6.8758
RouteID_15baae2d-bf07-4967-956a-173d4036613f,DCH4,193,24,287,287,4247527.0,3792137.93,65.62,15,12280.4,18832.5,8.6425
RouteID_2ba0bd20-1c35-4aae-aaf0-8947b75c6c11,DLA7,169,28,255,255,3313071.0,2490378.34,50.19,14,11220.2,12799.4,6.6721
RouteID_2ba4da65-464e-477d-81f6-a3faf8990dc8,DLA8,91,22,279,279,3313071.0,2759327.24,70.1,15,4614.0,19558.1,6.7145
RouteID_2ba8ff9d-875d-4dbe-818a-06c08bb94b7c,DLA9,130,22,275,275,3313071.0,2815251.46,83.27,14,9468.9,22899.6,8.9912
RouteID_2bbd0cf1-ad8a-40f9-9788-a76efdedd1f9,DBO2,147,23,206,206,3313071.0,2445775.34,65.41,13,11126.2,13475.4,6.8338
RouteID_2bd115b0-2c47-40ed-b15b-d9483a5495c2,DCH3,182,20,272,272,3313071.0,2619464.17,51.08,14,11680.3,13894.7,7.1042
RouteID_2bf09303-14e3-403c-bf4f-64ea3570d96e,DLA8,131,21,244,244,3313071.0,2734233.58,76.89,16,9131.8,18761.0,7.748
RouteID_2bfd25af-7671-45b4-8fb2-65fa89017231,DLA7,161,23,217,217,3313071.0,2231079.09,66.39,15,12206.5,14407.2,7.3927
RouteID_2c02082d-e733-4bf3-a95e-10de3a3a7f66,DLA7,157,25,257,257,3313071.0,2876835.54,69.41,14,10385.0,17838.5,7.8399
RouteID_2c07358d-f02c-4f19-a8f2-2cc79eb1ad65,DBO3,173,29,262,262,3313071.0,2757382.53,52.35,12,12737.5,13714.4,7.3478
RouteID_2c07b5c7-d405-4d75-a17d-e4d770df9162,DCH3,197,21,271,271,3313071.0,2773975.07,70.44,15,11346.5,19089.8,8.4545
RouteID_2c09da33-4d0f-41e3-aa69-e5710c41049d,DCH4,163,20,236,236,4247527.0,3179972.47,60.61,15,15582.0,14303.0,8.3014
RouteID_2c0e5c10-da70-429f-ac34-2d2c0cb50d00,DSE5,143,11,208,208,4247527.0,2060429.52,95.91,15,9593.3,19949.8,8.2064
RouteID_2c320a42-0447-4527-a4da-3ad2708b4ea6,DSE5,139,14,239,239,3313071.0,2713201.5,65.97,15,12292.4,15765.7,7.7939
RouteID_2c397a4c-e6c8-4de5-94a6-00b14e226453,DLA7,173,26,221,221,3313071.0,2479340.48,77.42,14,12288.4,17108.9,8.1659
RouteID_2c635c41-a967-4fad-8a54-ba6bd2d62c30,DLA8,171,15,245,245,3313071.0,2160165.14,82.03,16,9138.4,20097.3,8.121
RouteID_2c6573f8-f9d7-4eea-8067-fb11af7e2a59,DBO3,155,19,192,192,3313071.0,2116303.94,86.64,12,13990.7,16634.9,8.5071
RouteID_2c67f016-f735-4e05-9015-af7d2e1e2c3d,DSE5,169,12,224,224,4247527.0,2285153.72,61.17,14,12082.2,13702.3,7.1624
RouteID_2c6c62de-3009-430e-94a6-0c7ad201b04a,DLA7,171,26,252,252,3313071.0,2772046.37,66.01,14,12093.0,16635.5,7.9801
RouteID_2c70d576-6300-4ab9-98b0-594f86ab7ab2,DCH4,198,32,284,284,4247527.0,3711016.94,60.42,13,12122.4,17159.7,8.1339
RouteID_2c78cde7-ae14-4ead-ad71-b84b068d1a11,DCH1,146,14,183,183,3313071.0,1847299.44,62.78,13,14267.6,11489.1,7.1546
RouteID_2c7e1ef3-df3c-4f9e-9091-855c844dde2c,DSE4,89,26,168,168,4247527.0,1986503.28,111.01,15,7204.4,18648.9,7.1815
RouteID_2c8de355-2af1-429a-9713-4c8ef6684837,DSE5,179,19,293,293,3313071.0,3087115.88,61.37,15,11242.6,17982.7,8.1181
RouteID_2ca5212a-40f2-49cb-bd9d-8550dcf26c20,DCH3,179,24,263,263,3313071.0,2720564.3,45.73,15,12864.0,12027.0,6.9142
RouteID_2cb17fc6-3c60-4389-b4ae-ad001b9c7242,DSE5,194,19,293,293,4247527.0,2922664.52,48.34,13,13281.7,14162.8,7.6235
RouteID_2cbaef5c-d4c5-4493-af6a-ed0209a55f20,DLA4,142,16,250,250,3313071.0,3149078.85,65.55,16,7453.2,16386.5,6.6221
RouteID_2cc3f873-b155-4998-948f-8497e33828ee,DLA9,139,27,258,258,3313071.0,2592720.17,61.99,15,8070.7,15993.3,6.6844
RouteID_2cd36291-a3d5-41fc-acf7-5995443b3cd0,DSE5,137,9,181,181,4247527.0,2192950.83,75.67,15,10107.1,13696.7,6.6122
RouteID_2cdf41a8-a470-4600-be20-8d57c25a3e8c,DLA7,169,33,252,252,3313071.0,2130271.86,57.69,15,11919.6,14538.1,7.3494
RouteID_2ce76047-8ecf-4d44-b8b4-eca28cec123d,DSE5,149,12,236,236,4247527.0,2898860.06,69.95,14,13472.5,16507.3,8.3277
RouteID_2cf6ae7c-4fff-4582-a6b9-be83e652e506,DLA7,146,23,229,229,3313071.0,2216957.24,71.75,15,10613.5,16430.1,7.5121
RouteID_2d054b36-9862-4325-b6f3-149a198f9f05,DLA7,178,27,249,249,3313071.0,2787941.66,47.61,16,12215.8,11856.1,6.6866
RouteID_2d0fbc6f-c0b7-4bb1-ae6e-27242292b446,DLA7,144,20,297,297,3313071.0,3109084.54,59.29,16,9446.1,17610.1,7.5156
RouteID_2d1f539c-e6f3-4809-9d48-26c3fb4a7a96,DLA3,55,13,153,153,3313071.0,1360418.63,150.01,16,4713.2,22951.1,7.6845
RouteID_2d321f08-1bd3-4575-a894-f2478d0b6182,DCH2,114,23,268,268,3313071.0,2944696.65,86.15,14,6219.1,23087.3,8.1407
RouteID_2d382b0c-9d95-4c6b-a9a7-3c1e2a709e1c,DLA7,172,24,231,231,3313071.0,2385247.18,73.61,15,12339.9,17004.5,8.1512
RouteID_2d3cc438-f473-40d1-a08c-c0a28a1491b9,DBO3,127,23,202,202,4247527.0,2184701.29,63.05,11,11699.6,12735.8,6.7876
RouteID_2d4e54b0-866c-4adb-9639-a931e3252a4a,DLA7,153,23,235,235,3313071.0,2231033.83,58.62,14,11820.1,13774.9,7.1097
RouteID_2d6c74e9-54fc-4ab6-958e-127542d6fb67,DCH2,171,21,289,289,3313071.0,3270684.26,71.79,15,7009.1,20746.0,7.7098
RouteID_2d6c8044-549c-4075-916c-2e670b830206,DBO2,134,30,255,255,3313071.0,3143709.37,54.21,13,9861.7,13823.7,6.5793
RouteID_2d75ab3e-d79e-4b93-8129-757a658994a5,DBO3,146,22,195,195,4247527.0,2302604.32,82.44,12,13526.6,16075.6,8.2228
RouteID_2d7b2e87-282c-4695-abec-290e10432cda,DLA7,154,19,231,231,3313071.0,2416866.04,67.51,14,12192.6,15593.7,7.7184
RouteID_2d7c9095-06f6-451e-97cd-2e9607a554e3,DBO2,104,30,284,284,4247527.0,4221904.0,67.83,12,8534.4,19262.8,7.7214
RouteID_2d7e2067-9b7c-4d04-abb9-22a7981b0bd3,DLA9,165,23,261,261,3313071.0,2210085.17,59.73,14,11201.0,15588.4,7.4415
RouteID_2d83827e-d6b9-44a8-a631-532e7cc52cbc,DSE5,122,9,190,190,4247527.0,3130495.04,66.5,15,10001.2,12634.9,6.2878
RouteID_2d838f82-0651-4706-b9bd-7873a4c0c1a1,DCH1,59,28,262,262,3313071.0,2897977.51,88.11,13,5114.2,23085.5,7.8332
RouteID_2d918f75-96a8-4c09-9937-c0a1704259e8,DLA3,134,21,267,267,3313071.0,3118545.99,68.73,15,7109.6,18350.7,7.0723
RouteID_2d9ca2fc-5720-4cba-9997-c912b7c85c74,DLA9,117,21,253,253,3313071.0,2678761.85,76.18,16,8283.9,19274.1,7.655
RouteID_2da1bf4b-ea5f-4344-a7f0-ca4fd648ab07,DCH4,184,24,277,277,4247527.0,3102834.44,37.2,15,13414.5,10303.7,6.5884
RouteID_2daf76cc-2b1a-4c42-86a0-e0b9ff042959,DLA4,143,20,262,262,3313071.0,2516931.39,62.75,14,8190.3,16439.4,6.8416
RouteID_2db4b83b-9a89-4ef7-aad5-471714b0be0a,DCH4,191,24,271,271,3313071.0,3176155.65,57.22,14,15204.3,15505.5,8.5305
RouteID_2dbd6a59-3032-4641-9a4a-0c8c07a299f1,DBO3,128,18,174,174,4247527.0,2299074.39,56.46,11,13746.0,9824.2,6.5473
RouteID_2dc58086-82fe-4e6e-b6df-589095b5ec45,DBO3,143,28,185,185,4247527.0,2599024.75,60.08,12,12885.9,11115.7,6.6671
RouteID_2dccd298-97df-4933-a141-907fac6d2064,DLA7,88,19,200,200,3313071.0,1485887.85,88.72,14,8881.3,17744.1,7.3959
RouteID_2ddf94c5-f531-48b6-9d65-d8cc514285b2,DSE4,109,15,201,201,4247527.0,2553071.75,59.98,15,9481.9,12056.7,5.9829
RouteID_2de51771-29ad-4bbb-a025-0ed9a978ba31,DLA7,159,23,219,219,3313071.0,2379598.96,68.45,15,11220.6,14990.7,7.2809
RouteID_2deeeb51-b72a-48c3-b3cf-59947943dc93,DAU1,150,32,240,240,4247527.0,2705369.55,83.67,14,9846.4,20081.7,8.3134
RouteID_2df9cf2f-f3e8-45cb-93e9-ac12238b8d32,DSE5,169,14,216,216,4247527.0,2074771.38,63.68,14,13621.0,13755.4,7.6046
RouteID_2e057b5a-a94f-4787-8655-7651fab0e5c3,DLA3,135,14,208,208,3313071.0,2027918.92,114.35,14,8164.3,23784.6,8.8747
RouteID_2e0ff2a4-44c1-45d7-b510-cb07cc1cd73a,DLA3,68,19,164,164,3313071.0,1242909.09,133.73,15,4370.9,21931.5,7.3062
RouteID_2e10823f-675f-4bd3-a405-91f8ec31f06b,DLA9,121,22,232,232,3313071.0,2310445.96,88.64,15,8999.0,20563.5,8.2118
RouteID_2e20508f-b63e-4c16-8d61-c758ca3b296e,DSE5,152,12,225,225,4247527.0,2424740.79,72.92,14,13484.8,16406.3,8.3031
RouteID_2e21249b-d9c7-48e6-9df5-2a21023add4f,DLA7,104,23,164,164,3313071.0,1504282.86,97.3,16,9703.4,15957.7,7.1281
RouteID_2e38f649-d176-4c83-926c-b49f255db5f0,DSE5,163,15,221,221,4247527.0,2442556.19,58.72,13,14152.0,12977.8,7.5361
RouteID_2e449b87-b983-4e15-a373-db3bd6dd9e84,DBO3,176,19,236,236,4247527.0,3159691.92,68.81,12,13867.2,16240.1,8.3631
RouteID_2e4d1e86-a6d2-4e57-ad54-107a1e546fb7,DLA7,154,23,244,244,3313071.0,2962982.71,70.72,15,11314.3,17256.2,7.9362
RouteID_2e5db3b7-b648-48d1-a5b1-82f7ed561297,DLA7,139,24,218,218,3313071.0,2321946.59,66.42,15,10602.3,14480.4,6.9674
RouteID_2e7a1943-f40a-4fe8-8010-d65d1db15238,DBO2,146,21,231,231,3313071.0,3121960.04,56.57,13,11451.3,13067.0,6.8106
RouteID_2e8f7b5f-d2fd-47df-b245-5a23ff2790a2,DLA5,167,23,297,297,3313071.0,2619643.51,53.41,15,10813.0,15862.2,7.4098
RouteID_2e92a0c2-7c2e-47d3-aec7-217cbd2ca5cb,DSE4,154,26,233,233,3313071.0,2663748.17,72.39,14,11830.3,16866.0,7.9712
RouteID_2e96cb20-82ad-4765-88c1-d410fc3fd49f,DBO1,163,18,263,263,4247527.0,2942875.69,50.49,14,11189.6,13279.3,6.7969
RouteID_2e99e6e2-f0d3-48c4-a948-f4e3907a42a3,DSE5,164,14,226,226,3313071.0,2634679.77,76.11,14,11694.2,17201.8,8.0267
RouteID_2ea18e1c-50f3-41e0-a054-101894fe52ae,DSE4,124,14,238,238,4247527.0,2698260.65,59.91,16,7645.5,14257.4,6.0841
RouteID_2eaad366-c92c-4852-a4b5-0bb7919d61c9,DLA7,130,18,206,206,3313071.0,1976456.37,69.56,16,12130.9,14329.9,7.3502
RouteID_2eb0bcbf-d7ec-4017-a2f2-d244f0e74f97,DSE4,170,26,265,265,3313071.0,2930480.97,55.98,15,11216.2,14835.6,7.2366
RouteID_2ebf55a4-b6df-49fa-9343-384a8d3d872a,DBO3,119,23,185,185,3313071.0,2785820.69,73.99,12,11316.2,13688.5,6.9458
RouteID_2ec15096-7944-4ff4-8c0b-49364d415515,DCH4,131,13,180,180,4247527.0,2745852.49,76.75,15,12598.1,13815.9,7.3372
RouteID_2ed48400-6ee3-48a7-855f-4a7c44390cf0,DLA9,123,23,232,232,3313071.0,2285773.17,75.37,15,10455.1,17486.0,7.7614
RouteID_2ed85545-6d09-4efb-b07d-e964dc0c2ba8,DLA7,141,22,210,210,3313071.0,1934658.43,61.14,16,10778.3,12839.9,6.5606
RouteID_2eec80b0-b2f1-46f1-a78e-8d5ef7b25aa2,DSE5,203,14,265,265,3313071.0,2776223.53,58.24,15,10523.2,15433.9,7.2103
RouteID_2ef351d6-22cb-4f74-9bd4-f738dec082a9,DBO2,160,19,252,252,3313071.0,3096917.65,70.51,13,11226.3,17769.4,8.0544
RouteID_2ef536c3-69e5-4636-a791-2551a97a1b40,DBO3,132,30,235,235,4247527.0,3189976.98,72.81,11,9344.1,17110.3,7.3484
RouteID_2f1377b9-b7f4-4c9f-acf9-4a48d3c06347,DLA9,120,20,204,204,3313071.0,2564792.87,61.92,15,10376.1,12631.1,6.3909
RouteID_2f1b6df3-4dc3-47ff-be00-22256aada956,DLA7,191,23,252,252,3313071.0,2234336.67,63.27,14,11860.3,15942.9,7.7231
RouteID_2f1dd7ec-c87a-4727-a351-558cf0789329,DLA7,142,20,199,199,3313071.0,1891776.24,86.85,15,10277.6,17284.0,7.656
RouteID_2f1f9949-9c16-4419-8263-4852e052b897,DLA9,145,20,232,232,3313071.0,1968212.72,85.28,15,9779.8,19785.1,8.2125
RouteID_2f294cce-319c-40be-9a67-54cfa1a985a2,DLA5,175,24,278,278,4247527.0,2740555.17,55.99,15,12685.3,15566.1,7.8476
RouteID_2f396aa4-7bfa-491d-add6-c3bb1d81b872,DCH4,158,21,209,209,4247527.0,2648806.42,60.46,15,16861.2,12636.0,8.1937
RouteID_2f3cad2a-ddf1-4a3d-97ed-397ec19af444,DLA9,126,21,238,238,3313071.0,2076787.25,58.79,13,10154.7,13992.9,6.7077
RouteID_2f41c2ed-29e6-4a3f-a021-4f4049ea594d,DCH3,159,20,263,263,3313071.0,2988887.35,73.3,14,11222.2,19277.7,8.4722
RouteID_2f5a3ed8-00ad-4dd6-9bb0-808c993a1ec1,DCH4,151,32,235,235,4247527.0,2410147.44,71.73,13,14611.1,16855.7,8.7408
RouteID_2f63c0d4-b3cd-4748-ada4-b90cc963a76d,DLA7,169,24,226,226,3313071.0,2412226.05,53.04,16,12703.3,11986.3,6.8582
RouteID_2f675fbf-8c49-4adb-8a4b-396fa21d1bce,DLA8,130,23,241,241,3313071.0,3283968.51,55.66,16,8707.9,13414.6,6.1451
RouteID_2f743253-05fa-4a89-99b5-6d6a39b9e066,DLA7,153,20,256,256,3313071.0,3133679.3,59.4,16,11234.7,15207.5,7.3451
RouteID_2f76393e-948c-4fd3-94d8-3b0179aca9a4,DLA8,135,22,240,240,3313071.0,2798383.07,77.48,15,7503.8,18594.9,7.2496
RouteID_2f7867d1-33a7-45e3-a6d5-ff044cb2d1bb,DCH4,193,22,271,271,3313071.0,3295037.28,37.77,14,16214.6,10236.3,7.3475
RouteID_2f88e172-2bcb-42e4-8a3f-b41e6b5f1b1f,DBO3,155,23,211,211,3313071.0,2979040.6,56.77,13,14106.2,11979.0,7.2459
RouteID_2f8a849e-abec-4c4d-a197-df83e2826f04,DCH1,173,15,250,250,3313071.0,2178395.57,48.64,14,15423.5,12159.2,7.6619
RouteID_2f9817b1-57c7-415d-ae23-d45febd826ea,DLA7,162,23,259,259,3313071.0,2715246.27,59.4,15,12765.0,15385.0,7.8194
RouteID_2f9ea1a5-4b87-4a84-9c15-ac92ca79c38c,DLA7,166,22,224,224,3313071.0,2099612.55,52.07,15,14739.3,11663.8,7.3342
RouteID_2fa2f181-0c19-444d-a36c-938b0462270a,DLA8,122,22,285,285,3313071.0,3323288.53,50.15,16,6734.7,14293.5,5.8412
RouteID_2fa96a6c-f938-43d2-86ad-882dcf4ae353,DCH4,159,21,234,234,4247527.0,2709915.89,61.16,15,11649.4,14311.7,7.2114
RouteID_2fac13dc-55f3-4a80-82a8-22418dcfa54c,DLA8,140,27,265,265,3313071.0,3092888.89,79.57,15,7574.3,21086.7,7.9614
RouteID_2fb063a3-024f-4023-adc0-6cafbbdfd9ab,DLA7,164,20,264,264,3313071.0,2909020.65,65.56,16,10860.8,17309.0,7.8249
RouteID_2fb6391e-e28e-4627-ad9d-e0f455b625c1,DLA4,129,9,204,204,3313071.0,3031266.18,86.47,16,11027.8,17639.4,7.9631
RouteID_2fbce317-4620-4360-8e71-3a69e00d3823,DSE4,99,31,226,226,4247527.0,2441233.6,80.18,16,7844.8,18120.0,7.2124
RouteID_2fcc1778-fb33-45c2-920f-c25fac0f30b9,DSE4,187,29,280,280,3313071.0,3105997.13,52.53,15,11375.7,14709.4,7.2459
RouteID_2fda933d-e710-43c2-b6aa-e2eb14a01da0,DLA9,144,25,291,291,4247527.0,2950936.0,65.1,14,9067.0,18944.0,7.7808
RouteID_2fde356d-abca-4be1-9b51-11fb91b79f39,DSE5,114,12,169,169,4247527.0,1735719.55,84.49,14,10016.3,14278.0,6.7484
RouteID_2fe9a12f-7d94-4ffa-9f75-8306effe2337,DBO3,173,27,247,247,4247527.0,2556551.77,61.85,12,14437.6,15277.2,8.2541
RouteID_2ff4adf9-2ed1-4191-9ffc-5166001c9600,DAU1,108,32,200,200,4247527.0,2322081.19,54.04,12,6574.5,10807.2,4.8282
RouteID_3007fbad-e3e0-4c16-9f05-d710912b1560,DLA7,157,26,245,245,3313071.0,2813010.52,50.75,15,10666.3,12434.4,6.4169
RouteID_3012483e-16c5-46e6-94f5-675a8a1e7f4e,DLA9,137,18,200,200,3313071.0,1810448.73,72.73,15,8900.5,14546.5,6.5131
RouteID_301fedaa-aa55-45f8-b2f1-21a473f2e710,DSE5,168,16,225,225,3313071.0,2787402.6,58.47,14,11275.3,13154.8,6.7861
RouteID_3022aacd-3a6d-4e33-9283-347ac7339063,DLA8,126,21,246,246,3313071.0,2152931.38,77.72,17,7850.9,19119.3,7.4917
RouteID_30425aa3-2cb4-4e6c-afa8-0c67ee3f48cb,DLA3,86,16,232,232,3313071.0,2315020.28,83.36,16,4879.5,19339.6,6.7275
RouteID_30470a2b-d091-4b99-ad1b-707e21867a35,DBO3,172,22,241,241,4247527.0,2731504.57,72.1,11,13432.3,17376.3,8.5579
RouteID_304f3ae0-a95a-4e6a-a9c8-ff32a6741b63,DSE4,108,14,194,194,4247527.0,2316722.48,82.74,15,6838.8,16050.6,6.3582
RouteID_30525a61-6d54-411c-8719-091fb02378d6,DBO2,137,25,226,226,3313071.0,3299250.61,64.94,14,9156.0,14677.3,6.6204
RouteID_30529dec-7015-44d8-ba1d-b6bd9cf24fc7,DLA8,143,21,242,242,3313071.0,2471216.41,77.78,16,10657.2,18823.0,8.1889
RouteID_305e0b41-5d58-49ae-8ea2-1a46f4f0adfc,DLA9,123,17,221,221,3313071.0,2158721.42,83.32,13,8925.8,18414.6,7.5946
RouteID_305fa157-0799-408b-a5a7-4694b3ba77cf,DSE4,163,24,256,256,3313071.0,2822141.3,72.29,15,10800.2,18506.7,8.1408
RouteID_30665b13-bb8d-4b12-b97e-a67448928962,DLA7,167,25,238,238,3313071.0,2600868.94,61.87,15,12085.9,14724.6,7.4474
RouteID_307217da-5466-4551-a6f5-cdca21610198,DLA8,168,19,274,274,3313071.0,3079640.44,65.55,17,10681.6,17961.9,7.9565
RouteID_307b3b5d-2192-4c66-a2d7-398b68d1c63e,DSE4,85,15,176,176,4247527.0,1848625.83,116.35,16,6289.2,20477.3,7.4351
RouteID_30921b43-8adf-4303-aa79-65d219a17317,DLA9,151,21,264,264,4247527.0,3019278.41,61.38,14,10522.8,16204.4,7.4242
RouteID_3094a340-46f0-4d81-8284-05029e13cdc0,DCH3,203,17,273,273,3313071.0,2586489.67,44.98,14,15393.4,12279.5,7.6869
RouteID_309863df-4d96-4cef-aab2-9ef5c80b32b1,DLA9,140,20,218,218,3313071.0,2611669.85,69.32,14,11543.1,15111.4,7.404
RouteID_3099fac8-b6f7-40cb-83c2-5354b85bc48d,DLA8,134,18,241,241,3313071.0,2233849.88,88.73,16,7224.7,21384.4,7.947
RouteID_30a280ce-93ac-4dc6-92a5-de843e0e5d8a,DLA7,152,21,284,284,3313071.0,3283746.89,55.77,14,9919.4,15839.2,7.1552
RouteID_30ad3e01-dde1-4cf4-9b8d-c9825da3a2a2,DLA4,182,15,257,257,3313071.0,3088303.96,64.82,16,11718.5,16659.5,7.8828
RouteID_30ba5aef-b213-4fc1-9a12-2203ac03fdfa,DCH2,78,22,276,276,3313071.0,3276273.05,71.11,14,5522.2,19626.4,6.9857
RouteID_30caf8bd-0105-4ce5-b768-02fd5f1cf265,DLA7,140,21,225,225,3313071.0,2398294.55,55.55,16,12567.9,12499.3,6.9631
RouteID_30d661ec-021c-4471-b4b6-6a145e3d5a8e,DLA9,149,21,257,257,3313071.0,2281765.59,56.73,15,9376.2,14580.8,6.6547
RouteID_30da62e8-2411-4b93-a707-6f7e2ad804b3,DLA9,173,25,281,281,3313071.0,3244911.83,68.26,15,9120.9,19179.7,7.8613
RouteID_30e05636-ae2c-44cc-bc73-b40592a5c72d,DSE4,113,15,206,206,4247527.0,2684396.31,61.84,15,8901.7,12740.0,6.0116
RouteID_30e11739-4ac3-4428-8dba-25861ac6cbf5,DLA5,193,21,256,256,3313071.0,2291692.08,57.86,14,16004.3,14813.4,8.5605
RouteID_30f34e98-a08b-4085-bb3a-5f291a78581c,DBO2,167,23,254,254,4247527.0,2849604.59,57.18,13,12178.1,14522.6,7.4169
RouteID_30f7acd9-5253-4904-9ebf-baebfb119449,DCH4,150,15,204,204,4247527.0,2211391.27,69.93,13,13788.4,14265.8,7.7928
RouteID_30fa467f-054c-4d9e-acd2-b7dd347fcd26,DBO2,146,23,223,223,4247527.0,2805536.16,77.49,12,13996.5,17280.6,8.6881
RouteID_310b4adc-6c78-414a-9208-6c888aba3174,DAU1,136,26,176,176,4247527.0,2079839.14,66.98,14,15609.9,11789.2,7.6109
RouteID_31108e50-7540-456b-9068-ec339bf15bee,DLA8,93,16,207,207,3313071.0,2331690.04,90.76,17,5298.2,18786.4,6.6902
RouteID_311220c3-73c7-4f6e-be3c-79eb138f862c,DBO3,157,20,205,205,4247527.0,2761145.7,66.38,12,14677.3,13607.4,7.8569
RouteID_311f1462-3ad6-46ec-a49b-f1c774ea5d2b,DCH1,109,25,243,243,3313071.0,2604156.07,59.43,13,8187.7,14442.6,6.2862
RouteID_311f41bd-7244-4c8f-a759-d62deeb6417c,DLA9,117,22,209,209,3313071.0,2331888.53,81.08,15,10224.2,16944.9,7.547
RouteID_3126ad22-48bd-4de4-83bc-b1e3bc6238d2,DLA4,152,12,245,245,3313071.0,3207583.29,61.81,16,8135.8,15142.5,6.4662
RouteID_312a4874-8c6d-48ee-b3f9-2d1138d04bcf,DLA9,165,27,291,291,3313071.0,3087821.82,64.6,14,11382.5,18798.1,8.3835
RouteID_312f9a06-70c3-413c-8658-ec121b053ca3,DSE5,153,13,215,215,3313071.0,2730857.03,76.17,15,13653.8,16377.1,8.3419
RouteID_314d5f77-ac29-439b-b860-3b1b2614ff4e,DLA7,162,29,248,248,3313071.0,2531146.41,65.09,14,13131.0,16141.9,8.1314
RouteID_314e91e1-bd37-40e5-b8a0-9ccf183e93ef,DBO3,160,21,215,215,4247527.0,2659326.36,57.75,12,17114.4,12416.3,8.203
RouteID_314f7668-a26f-4dfe-be1c-509e5c4e22d4,DCH2,177,22,267,267,3313071.0,3001013.79,63.84,12,10251.0,17045.1,7.5823
RouteID_315651ac-bc80-4c50-99ac-25349bf3c5f9,DBO3,166,23,210,210,3313071.0,2969875.3,78.76,13,12861.9,16539.4,8.167
RouteID_315dbc18-78a9-403b-b157-b237d517fc9a,DLA4,143,11,227,227,3313071.0,3095194.96,88.84,17,10688.9,20165.9,8.5708
RouteID_316e7e36-93a4-40a6-a98c-0f5077cd5aeb,DLA7,172,20,278,278,3313071.0,3259345.95,60.53,16,11285.7,16827.8,7.8093
RouteID_316fbf0f-2632-4634-9c41-02ef77bff058,DSE5,137,17,266,266,3313071.0,2592594.42,73.41,15,8304.8,19526.8,7.731
RouteID_317a9c56-1b7d-4f57-8239-02e583f112ab,DCH1,119,10,186,186,3313071.0,1520594.76,75.1,15,11294.7,13967.8,7.0174
RouteID_31903cb5-e21e-41a2-9232-b6462f1f9d23,DLA8,91,25,227,227,3313071.0,2638117.28,88.15,17,5259.2,20010.3,7.0193
RouteID_3192e9cf-4b20-41d0-a178-4f06351e9284,DSE5,137,8,202,202,4247527.0,2666190.81,81.62,14,12620.8,16487.5,8.0856
RouteID_319f8bdd-08a6-4298-bb14-191d5e3d5325,DLA9,157,20,258,258,3313071.0,2608677.64,73.13,15,11298.8,18868.6,8.3798
RouteID_31bb816a-e5b6-4851-8292-0e9527f146b4,DBO3,161,31,239,239,4247527.0,3005698.15,56.15,12,12481.3,13419.9,7.1948
RouteID_31bd5c21-dd83-4ade-95c8-9c4943e533a7,DCH4,150,20,201,201,4247527.0,2240383.67,56.89,15,12142.4,11434.5,6.5491
RouteID_31bf59b3-3a2d-448f-bbae-af7aa0bb3350,DSE5,139,7,191,191,4247527.0,2394025.86,62.36,15,10768.8,11911.2,6.3
RouteID_31c13a3c-d0bd-41e5-9ab1-008943cba968,DBO3,175,32,252,252,4247527.0,3026032.58,62.77,12,11831.3,15819.2,7.6807
RouteID_31c25440-74f2-4cee-8732-d9b884d24c37,DLA7,181,26,261,261,3313071.0,2927652.81,61.42,14,12283.3,16030.6,7.865
RouteID_31c4bca9-5a1d-434a-aece-086de0f2699d,DSE4,107,20,234,234,4247527.0,3040379.76,57.33,15,7680.4,13416.3,5.8602
RouteID_31c66eff-109f-4796-b568-0407ef20198e,DLA9,140,31,295,295,3313071.0,2856121.51,76.93,15,10806.8,22695.8,9.3063
RouteID_31c7d29b-3ee4-4394-8638-0ec8c898408d,DSE5,180,13,243,243,3313071.0,2132526.57,64.86,15,12985.2,15761.6,7.9852
RouteID_31c9c3eb-1636-445f-9e4d-59d0b1af6d53,DBO3,169,25,245,245,4247527.0,3044036.53,59.36,12,14665.5,14544.2,8.1138
RouteID_31c9e02e-c92d-43eb-9190-f42221d9a2f3,DLA3,53,14,165,165,3313071.0,2288261.5,86.57,15,6377.7,14284.8,5.7396
RouteID_31e2e625-6575-4bc9-996d-316d751324c8,DLA9,153,19,227,227,3313071.0,2318364.58,78.33,15,11029.7,17780.1,8.0027
RouteID_31e2e8f4-23b4-40c9-898a-2e5e9afddb55,DBO1,61,17,180,180,4247527.0,1940860.0,108.87,13,6182.9,19596.5,7.1609
RouteID_31e81d17-2ba0-4b6b-a56e-507f3a27e414,DBO3,177,26,240,240,4247527.0,3048296.35,43.8,13,15852.1,10512.0,7.3234
RouteID_31ec52f9-845b-46a9-87df-d121596edd54,DLA7,125,21,202,202,3313071.0,1876123.07,84.74,16,10235.8,17117.5,7.5981
RouteID_31f25f06-9e3c-4ca3-b788-8809877e7c2e,DSE4,164,27,275,275,3313071.0,3270705.58,63.05,14,11915.8,17339.2,8.1264
RouteID_32082435-c4cc-446f-9430-9d46e42f40ab,DCH3,180,18,241,241,3313071.0,1927389.5,62.02,15,11590.3,14946.1,7.3712
RouteID_3215c3f1-0119-4cbc-ae59-11c68e96d21b,DLA9,120,19,222,222,3313071.0,2269555.1,78.54,15,9277.9,17436.4,7.4206
RouteID_3217c114-0f45-4b25-a954-9f5d4733f1c4,DLA3,102,19,191,191,3313071.0,1962735.44,93.17,15,9265.5,17795.3,7.5169
RouteID_321932f3-0d27-44bc-8bc0-26989e95b363,DBO3,190,24,255,255,3313071.0,3114413.97,58.78,12,15705.4,14989.6,8.5264
RouteID_321d7c0c-dcac-4fb2-aae2-7d83706b5bdc,DLA7,132,24,215,215,3313071.0,2256107.05,73.33,14,10125.0,15765.3,7.1918
RouteID_32312e61-aafb-40c0-9ffd-b90c202da598,DLA9,189,22,287,287,3313071.0,3024403.45,67.64,16,11583.1,19413.2,8.6101
RouteID_3233760e-5732-450b-b77e-f227732a52ea,DSE4,116,14,226,226,4247527.0,2081631.03,96.26,16,7163.9,21754.9,8.033
RouteID_323dd1dc-2e5f-47b6-8de8-eecd0e227994,DBO2,166,30,245,245,4247527.0,3124629.68,67.73,11,14197.3,16594.8,8.5534
RouteID_323f0547-d988-4c67-818d-594bb38c8200,DLA3,142,13,221,221,3313071.0,2083502.07,84.6,16,8753.9,18695.6,7.6249
RouteID_324a9f8b-7e0d-4715-b476-23bfdc84f827,DCH4,143,13,191,191,4247527.0,2068543.64,63.93,14,15441.5,12209.7,7.6809
RouteID_3250f0cc-cffb-4adb-9995-e4fce1797ac6,DBO1,111,16,282,282,4247527.0,2984757.69,66.77,12,9107.2,18828.7,7.76
RouteID_32560369-e517-4c2e-9aa0-046417dab413,DLA8,115,22,256,256,3313071.0,2598545.84,77.76,16,5562.9,19906.9,7.0749
RouteID_325848f4-4a72-4af8-9205-2562d79d6086,DLA7,160,22,241,241,3313071.0,3279951.43,64.17,16,8569.0,15464.3,6.6759
RouteID_326305b6-2e50-43b8-8c30-694c6f266c6c,DCH1,167,15,221,221,3313071.0,2071757.97,75.95,13,14414.9,16785.3,8.6667
RouteID_326b5d14-cc43-44a1-8a92-1ee9943f0c07,DLA9,122,20,255,255,3313071.0,2831148.71,79.15,15,6987.1,20183.9,7.5475
RouteID_326fd190-c150-4d29-90d6-fe3835a1c03b,DSE5,173,14,232,232,4247527.0,2470640.34,61.41,14,13894.5,14246.4,7.8169
RouteID_3271dd04-e485-401f-a084-f2db88b36fd3,DBO3,138,19,165,165,4247527.0,1971719.08,53.79,11,15033.5,8876.1,6.6416
RouteID_3276a7be-ab42-4e75-aeb9-b411c402297f,DLA4,142,12,274,274,3313071.0,3026164.48,61.99,14,6823.0,16985.0,6.6133
RouteID_3277046b-c5a2-424b-96c1-fad88faea64e,DLA7,150,18,209,209,3313071.0,2343752.29,55.73,15,11343.5,11646.9,6.3862
RouteID_3299cac7-b4a7-4ea6-8c0d-3ba4b63eedfd,DLA8,156,22,281,281,3313071.0,2745825.21,71.36,17,8060.2,20052.8,7.8092
RouteID_32a8b599-90ab-4f07-af83-9ae9c4bc65d4,DLA7,126,18,218,218,3313071.0,2387760.08,82.96,14,9564.7,18085.6,7.6806
RouteID_32b0c699-8410-4a25-8912-77e4f86b67fb,DBO3,131,28,206,206,4247527.0,2769751.0,76.96,12,10999.3,15854.7,7.4594
RouteID_32b617fa-11d1-4b08-a0ee-5271d30895f7,DAU1,171,25,274,274,4247527.0,3157108.62,61.65,14,10501.0,16891.8,7.6091
RouteID_32ba20d1-3045-4bd5-b1b6-1acaa44be26e,DBO3,124,23,180,180,4247527.0,2069243.46,86.5,11,10956.9,15569.9,7.3686
RouteID_32c3876c-a448-40b4-ab56-20ca60e41790,DCH3,206,23,271,271,4247527.0,2899191.15,70.84,14,14266.9,19197.5,9.2957
RouteID_32c9a146-86a7-4979-b6c2-c137e22fc9a7,DLA3,71,19,205,205,3313071.0,2309717.24,103.82,16,4747.4,21282.5,7.2305
RouteID_32d72c09-4a44-4ee8-9b2d-acea3833db8b,DBO3,164,22,234,234,4247527.0,2519386.64,63.62,11,11741.4,14888.1,7.3971
RouteID_32f76ed9-c12a-4328-9126-110611423397,DBO3,160,26,229,229,3313071.0,2712489.41,68.37,13,13989.3,15656.8,8.235
RouteID_33047154-1022-4bfe-8deb-bf19f5ceafea,DLA7,161,19,259,259,3313071.0,2401868.56,47.36,16,10683.0,12265.5,6.3746
RouteID_330a58b2-7648-466f-8908-ba3f1f7b7708,DLA9,117,18,261,261,3313071.0,2377295.61,76.98,16,7134.5,20091.3,7.5627
RouteID_330e401e-12a0-44af-bab1-94db21eaf946,DCH3,178,15,252,252,3313071.0,2266265.85,66.36,13,13454.5,16722.7,8.3826
RouteID_330f0752-794c-4f53-81d2-a2a464e393a6,DCH4,168,18,275,275,3313071.0,3136146.72,52.49,14,14053.7,14434.6,7.9134
RouteID_3311502c-0d0a-4ae7-becf-f71dd6b2a390,DCH4,135,21,233,233,4247527.0,2869078.3,65.55,14,10970.4,15272.9,7.2898
RouteID_3317bf52-6be2-4663-807f-aff284f91207,DLA9,132,18,254,254,3313071.0,2758392.27,102.2,15,7221.8,25958.4,9.2167
RouteID_332f057b-2034-42d0-aaaf-d2c7667e6be0,DCH3,199,21,270,270,3313071.0,2690105.75,55.49,14,13123.3,14982.7,7.8072
RouteID_332f33d1-7d73-413b-8be3-a90bb7440865,DBO2,78,25,234,234,3313071.0,2606408.16,52.14,13,7868.7,12200.2,5.5747
RouteID_33301fa4-7fc2-49be-9e93-b99b1cb07ae3,DLA8,147,23,284,284,3313071.0,3070152.48,69.97,15,6338.9,19871.3,7.2806
RouteID_333363d3-7f54-4bf8-839d-7d11a4f803a5,DLA9,176,34,289,289,3313071.0,3303999.02,45.58,16,11752.7,13171.7,6.9234
RouteID_333da0a1-00da-4a38-8bc8-0887b764497a,DAU1,172,33,272,272,4247527.0,3268005.15,55.95,15,12874.0,15217.5,7.8032
RouteID_333dbf90-d6f6-43da-b8fa-d7da4449f597,DBO3,144,28,239,239,4247527.0,2248839.5,63.5,12,12043.9,15176.0,7.5611
RouteID_333f4358-d0de-4651-accf-82ab23e49577,DSE5,128,10,204,204,4247527.0,2212859.53,85.31,14,8019.4,17403.6,7.0619
RouteID_33400281-e8fc-439e-b550-045ecb5d5d60,DSE4,141,26,229,229,3313071.0,2396294.43,56.61,14,9950.0,12963.7,6.3649
RouteID_3360a020-8666-4eda-8748-0d6b64d33f9f,DLA7,121,18,210,210,3313071.0,2135627.74,79.88,14,8042.5,16775.4,6.8939
RouteID_3371790e-acf0-44d7-9291-787cb67b499f,DBO3,188,30,240,240,4247527.0,2765982.67,52.84,12,14717.2,12682.3,7.611
RouteID_3376dca0-7185-40e6-a71c-f809addd38df,DBO1,94,9,269,269,3313071.0,2991410.16,77.99,11,6365.7,20980.6,7.5962
RouteID_3383825c-e42c-42cb-b4fb-9c992d79e3d7,DLA7,166,20,243,243,3313071.0,3100661.65,55.8,16,11678.9,13560.4,7.0109
RouteID_3387fe16-d804-4b28-b0ab-ee43f9cfcc84,DLA9,149,24,245,245,3313071.0,2218642.22,66.23,15,10548.3,16225.8,7.4372
RouteID_338b12bd-11b2-4ee0-8b53-f34d617fa763,DBO1,151,9,236,236,3313071.0,3299484.07,84.26,11,11312.4,19884.2,8.6657
RouteID_338c2b44-fc6f-486b-b4d9-56e879eb6889,DAU1,160,33,269,269,4247527.0,3286007.19,65.21,13,12520.7,17540.8,8.3504
RouteID_33a1c91d-4019-425c-9b45-149105e729bb,DBO2,134,23,246,246,3313071.0,2688873.11,69.55,13,9340.7,17108.6,7.347
RouteID_33a2375f-02cc-4bd3-bf8a-5463c1bcee16,DCH2,181,19,287,287,3313071.0,2594197.33,58.09,12,10945.9,16671.4,7.6715
RouteID_33a3fbff-c3ec-4b4e-9a37-04c24429f94e,DSE4,177,31,294,294,3313071.0,2953497.66,56.11,15,11245.1,16496.9,7.7061
RouteID_33bac1d8-1edc-4f1e-b3ef-b6f251626265,DLA9,122,22,181,181,3114853.25,1853324.07,99.99,13,12107.3,18098.6,8.3905
RouteID_33d66e4c-af00-44f0-989f-546ae920b0b4,DLA9,151,23,277,277,4247527.0,2552997.71,53.71,14,11294.9,14876.7,7.2699
RouteID_33d94686-0453-4bd2-b407-44ad23c1a56c,DLA7,133,23,231,231,3313071.0,2726057.94,77.38,14,10555.4,17874.3,7.8971
RouteID_33db7d10-0d09-466d-8365-ed2c62a9d863,DBO3,169,25,261,261,4247527.0,2909527.51,49.01,12,13360.0,12792.7,7.2646
RouteID_33dcdca7-603d-4ff7-b9b3-200fdfef531d,DLA7,166,22,252,252,3313071.0,2462233.29,66.66,14,11966.1,16797.3,7.9898
RouteID_33e2d94d-92fc-47f8-aead-efd2b846e5bb,DAU1,149,30,236,236,4247527.0,3308644.04,71.86,13,11365.3,16959.8,7.8681
RouteID_33f6b1ca-dd82-49ea-be33-f9cc52e13cdf,DBO3,172,21,230,230,4247527.0,3119375.83,57.82,12,12196.2,13297.6,7.0816
RouteID_33fb2476-0e86-47f0-ad91-0a29a9c90ca7,DLA7,164,24,251,251,3313071.0,2475765.23,60.22,16,10966.3,15114.3,7.2446
RouteID_33fcd9ae-5f40-41be-a82c-a24f8cf3ea46,DLA7,174,23,258,258,3313071.0,2254129.74,46.67,16,12315.7,12042.0,6.766
RouteID_3420e082-f7fb-4332-96cf-7e2a28055d85,DLA8,133,25,258,258,3313071.0,3268150.37,62.91,16,7026.1,16231.8,6.4605
RouteID_34261e1b-03b5-4ac0-81b1-bee1e06c035d,DSE4,140,21,224,224,4247527.0,2687791.18,74.33,15,9463.4,16650.4,7.2538
RouteID_342ad625-18a5-4c26-9af4-c68ee6822154,DCH1,87,21,208,208,3313071.0,2092237.3,101.06,14,6480.3,21019.7,7.6389
RouteID_342bf23d-4ba3-457e-b31f-e8fc3b31d62a,DLA7,147,24,210,210,3313071.0,2497195.33,48.44,16,9123.1,10171.4,5.3596
RouteID_344d8f76-88ff-4abc-a94b-2a96a4248750,DLA7,189,23,261,261,3313071.0,2790803.46,54.52,14,10230.7,14229.1,6.7944
RouteID_34601628-49e6-4c9e-92a5-a06ffe301e7f,DLA7,190,25,260,260,3313071.0,2518172.73,37.18,16,12859.6,9667.2,6.2574
RouteID_34628b01-eb42-4008-a0b5-9e91d7261485,DAU1,138,25,194,194,4247527.0,2446843.54,59.57,15,13192.8,11555.9,6.8746
RouteID_34693cf9-97fe-4ce5-8fae-ed8e5c36c9cd,DLA5,138,19,221,221,3313071.0,2388093.84,56.57,15,17129.9,12502.3,8.2312
RouteID_346c3d8c-2953-44cd-8439-560df8f23ddf,DCH2,192,19,251,251,3313071.0,2120122.88,61.84,12,17966.3,15522.9,9.3026
RouteID_34755acf-846d-4304-855c-013b9eaa55c7,DLA7,138,18,198,198,3313071.0,1710152.83,50.89,16,11160.8,10076.9,5.8994
RouteID_3484a110-b82b-4c64-b13a-14cae99d5a4f,DCH3,138,21,176,176,3313071.0,2046565.01,68.04,15,13609.0,11974.7,7.1066
RouteID_348fe936-86d1-4daf-a3cb-c3265648459c,DLA7,152,22,226,226,3313071.0,2030675.11,69.79,16,11073.6,15771.6,7.457
RouteID_349e8635-ffe5-4116-96d5-186412e5a693,DCH3,204,21,260,260,4247527.0,2602137.23,53.15,15,14145.6,13818.7,7.7679
RouteID_349fe1a3-b174-415c-bf90-d3218c0afc30,DSE4,106,23,252,252,4247527.0,2963942.96,85.66,14,7293.4,21586.5,8.0222
RouteID_34ae8029-be7e-482e-9c6a-a62dd8841ae3,DLA5,152,24,236,236,3313071.0,2074915.54,59.89,14,9609.0,14134.6,6.5954
RouteID_34aed0fd-3b51-4a7c-8456-797a2435e565,DCH3,189,24,258,258,3313071.0,2572859.76,55.66,15,13247.3,14360.0,7.6687
RouteID_34c16599-a881-40fa-839b-b1b458692ea1,DSE5,170,14,252,252,3313071.0,2940102.89,64.38,15,12446.0,16224.0,7.9639
RouteID_34c6f9ec-7801-4c31-a828-badcf539b5a3,DSE5,153,16,263,263,3313071.0,3177878.17,61.86,15,11885.0,16269.7,7.8207
RouteID_34cdfe7f-f54b-451e-a25e-0a5544f2db41,DBO2,160,38,260,260,4247527.0,4211240.44,67.65,13,10314.5,17588.9,7.7509
RouteID_34e9da38-304c-4a9e-96ba-ecdce2ff9982,DBO1,200,19,293,293,4247527.0,3660898.8,55.94,11,11085.7,16389.4,7.632
RouteID_35117cdf-a2f0-4d16-8b7f-fb3aaa715803,DLA7,162,24,215,215,3313071.0,2070145.32,68.24,14,11427.3,14671.9,7.2498
RouteID_35149220-f0ed-42e9-a243-f573e8bcd6ea,DLA9,134,24,245,245,3313071.0,2627120.12,85.35,15,8938.6,20909.8,8.2912
RouteID_35222ae6-1540-4b5c-ae35-20e9db557acd,DSE5,159,14,253,253,4247527.0,2916350.56,51.1,14,13827.1,12927.6,7.4319
RouteID_3522376f-811e-4fb2-997d-8827aeb84950,DSE2,141,16,236,236,3313071.0,3159947.85,75.42,14,8800.0,17799.1,7.3886
RouteID_3529f17c-d59a-449c-ab60-d2a4b760c688,DCH3,193,18,274,274,3313071.0,2968852.1,50.44,14,11946.5,13820.8,7.1576
RouteID_3532695f-e73c-4fd1-9e4a-39eb8a33d2a9,DLA7,174,24,297,297,3313071.0,3253664.51,61.18,15,8277.3,18169.8,7.3464
RouteID_353863a5-53c6-4bd7-922a-dcebe40d5a2d,DBO3,182,22,241,241,4247527.0,2372879.18,67.68,11,15078.3,16312.0,8.7195
RouteID_353ef551-db8d-4204-acb6-a25ce10f68db,DLA7,156,18,215,215,3313071.0,2006438.27,73.16,16,12666.3,15730.0,7.8879
RouteID_353fc935-5d8e-4d12-be06-0b4c8e698618,DAU1,187,37,292,292,4247527.0,3354077.11,61.57,15,11691.4,17977.4,8.2413
RouteID_35413d3d-9eac-4a9c-beb7-2ccc324ebf8d,DLA9,150,25,273,273,4247527.0,3028809.89,53.74,14,11086.1,14671.8,7.155
RouteID_3542d89e-6824-451d-943d-4a6e924c2dad,DCH3,174,16,239,239,3313071.0,2289973.79,63.41,13,10892.5,15154.5,7.2353
RouteID_354b50cb-d204-4e21-b723-1e561903eae3,DCH3,189,21,261,261,3313071.0,2705431.27,45.74,14,12507.0,11938.8,6.7905
RouteID_354c6325-aede-4546-90e4-867a3f17c0ae,DLA9,174,18,256,256,3313071.0,2540000.13,72.31,15,9485.2,18510.1,7.7765
RouteID_354f3496-f3b2-432d-8a42-650f431fe9e8,DLA3,152,16,260,260,3313071.0,2256181.4,68.85,17,8742.8,17901.7,7.4013
RouteID_3552afd7-508a-4c67-992b-7716e297c97d,DLA7,124,23,201,201,3313071.0,2008601.7,89.51,14,11391.8,17991.8,8.1621
RouteID_3555b18c-dd74-4aae-bde3-caff4ebf67d2,DCH2,175,18,289,289,3313071.0,2438914.92,68.36,12,10470.7,19755.2,8.3961
RouteID_35624ed6-dcd6-4442-b251-2e91b32e78d4,DCH3,192,22,274,274,4247527.0,2441192.32,54.33,12,13606.5,14886.2,7.9146
RouteID_35648cd4-4a82-440a-8183-70da74410ddf,DLA9,143,25,247,247,3313071.0,2420948.75,67.33,15,9778.1,16631.5,7.336
RouteID_3567e694-8715-4064-86eb-042254a67a7f,DLA9,156,21,247,247,3313071.0,3334518.4,74.87,15,9310.3,18492.9,7.7231
RouteID_356d77ad-db48-493b-a0f5-bd5e16102309,DLA9,181,21,289,289,4247527.0,3029359.6,46.87,14,10606.8,13544.4,6.7087
RouteID_3583940a-3b68-44e6-8f61-e39a6679d871,DLA8,112,20,252,252,3313071.0,2258375.13,72.21,17,6318.6,18197.4,6.81
RouteID_358efc40-ca41-40c8-bf20-323366d00573,DLA7,142,22,215,215,3313071.0,2598344.45,75.01,14,11108.7,16128.2,7.5658
RouteID_35a060f6-881c-4fc1-bb06-a951e244eb27,DLA4,187,16,275,275,3313071.0,3192220.11,47.3,15,12128.3,13007.1,6.9821
RouteID_35bb95c3-ed69-4965-bc4e-774e06dea554,DLA7,155,24,219,219,3313071.0,2909334.34,67.4,14,11691.4,14761.0,7.3479
RouteID_35eff35c-d33b-41b4-81f2-f0dc9c0bd44d,DLA7,172,23,235,235,3313071.0,2692946.1,60.87,15,13849.0,14305.3,7.8206
RouteID_35f1944d-8af8-4a2c-9fb6-5446d405be39,DLA4,131,11,224,224,3313071.0,2897309.56,71.48,13,7733.4,16011.2,6.5957
RouteID_35f217ab-dcf3-424f-8ea6-730fa74ac8b5,DLA4,146,13,242,242,3313071.0,3315688.64,71.86,16,8669.1,17390.5,7.2388
RouteID_35fff3e3-0ab3-4c5e-b3cf-586e01b02500,DCH3,199,21,271,271,4247527.0,2549603.28,51.51,13,13687.9,13959.2,7.6798
RouteID_3601a45c-9eed-400b-801a-535f496a98f2,DLA3,91,16,170,170,3313071.0,1632022.39,118.51,15,7105.9,20147.1,7.5703
RouteID_36038c4f-c92c-424e-90dc-18f4fa41a286,DLA7,170,25,232,232,3313071.0,2233466.34,53.9,16,12762.9,12503.9,7.0186
RouteID_360a34bb-36b1-437f-90ff-7cd9da1518c7,DLA4,106,14,246,246,3313071.0,3205137.49,76.12,13,9198.8,18726.2,7.7569
RouteID_360d26f8-3f07-49d0-956d-cd73f36ba865,DLA4,84,16,212,212,3313071.0,3264470.11,77.01,13,6156.1,16327.1,6.2453
RouteID_36124571-ec4d-44ea-be46-1091b6abea2e,DSE4,161,24,288,288,3313071.0,3210437.11,50.44,14,10536.8,14527.2,6.9622
RouteID_3622549d-1e92-4bca-904d-f95b229dc1ae,DLA8,147,17,246,246,3313071.0,2809686.32,80.65,16,10807.5,19840.6,8.5134
RouteID_36265efa-86e1-47a8-9968-5ef0bf9adc83,DCH4,146,23,204,204,4247527.0,2495879.98,48.66,15,16011.0,9925.9,7.2047
RouteID_363306e9-cc27-4d14-996e-4a674ef0523a,DBO3,114,13,155,155,4247527.0,2538197.62,80.01,12,14695.4,12402.2,7.5271
RouteID_363d1622-7e89-4b51-bd6f-1bb76ff82c86,DLA4,151,13,275,275,3313071.0,2986536.71,85.54,15,9422.5,23522.9,9.1515
RouteID_363f8a31-7d39-410a-82c3-fb522bcb5eaa,DAU1,187,32,296,296,4247527.0,3052931.4,46.24,15,12390.4,13687.9,7.244
RouteID_3656f15e-02da-4baa-b91f-114d3d4109f9,DLA7,173,24,276,276,3313071.0,3230782.69,63.29,16,7811.4,17467.2,7.0218
RouteID_365dcd65-1bcd-4089-a25f-5d63767c66a8,DAU1,160,37,249,249,4247527.0,3021150.14,47.41,15,13213.7,11806.2,6.95
RouteID_366e024d-fbc2-4136-94b0-489dfd8ba957,DAU1,94,27,228,228,4247527.0,2153989.55,84.1,14,6890.8,19175.3,7.2406
RouteID_3682b9b4-e73c-4ca1-b8f7-50d1031e1657,DLA7,166,27,239,239,3313071.0,2435417.48,65.9,16,12854.7,15749.2,7.9455
RouteID_3692219a-8c6d-4c2b-b91b-98437af464a6,DLA5,195,19,262,262,3313071.0,2367991.47,66.22,15,13019.8,17350.9,8.4363
RouteID_36990f8e-c4a9-4b80-8bce-6d45915fb0bc,DSE5,155,13,236,236,3313071.0,2905743.51,87.98,15,11347.3,20763.8,8.9198
RouteID_369bde7e-abfa-45a9-8de0-31a2cabf834a,DLA9,131,26,231,231,3313071.0,2472460.49,78.91,14,10335.1,18227.4,7.934
RouteID_36a3755c-b49f-450d-b640-17321abcc8b0,DLA9,118,26,233,233,3313071.0,2415254.44,76.01,13,8891.7,17711.1,7.3897
RouteID_36b9486e-aed8-4b0e-927a-304a83506d5f,DLA7,148,22,210,210,3313071.0,2200745.23,68.19,15,11090.3,14320.6,7.0586
RouteID_36c686bf-0c99-483f-90d7-d3fd17f30640,DLA9,130,23,217,217,4247527.0,2395012.24,83.28,13,11112.9,18071.4,8.1067
RouteID_36cac0e5-8285-48a4-b67c-1f577c904d5c,DCH1,162,25,286,286,3313071.0,3267509.11,54.43,13,9978.9,15565.6,7.0957
RouteID_36cb762d-6c25-4e74-aab4-c6508ed80bdc,DLA9,103,17,225,225,3313071.0,2425010.65,75.71,14,6835.6,17033.7,6.6304
RouteID_36cc3e07-cc8e-432b-9f63-85d0bc23ac79,DLA7,148,20,254,254,3313071.0,2471568.78,58.41,15,10815.4,14836.7,7.1256
RouteID_36d6879d-69ff-4348-8ebc-25f159ec34f7,DLA7,170,24,255,255,3313071.0,2681581.18,41.46,16,10536.3,10571.5,5.8633
RouteID_36e2ac14-d135-4292-8095-c25ec5a7d54a,DLA7,148,19,228,228,3313071.0,2386477.64,54.47,14,11041.5,12419.7,6.517
RouteID_36eda224-e7d0-4b30-826c-f761429e58dc,DLA3,114,26,251,251,3313071.0,2780248.15,47.56,16,7509.7,11936.4,5.4017
RouteID_36f4b35b-f165-4fb2-a4a6-4e43cfad1909,DBO3,172,19,239,239,4247527.0,2607044.43,67.68,12,13842.3,16175.4,8.3382
RouteID_3705a456-1cd9-49de-9651-bed8bf6ae7e9,DCH4,119,18,220,220,4247527.0,2421908.98,47.07,15,9799.5,10355.5,5.5986
RouteID_370b3eaa-5942-4b64-8aea-1c630189986c,DSE5,151,12,218,218,4247527.0,2510124.59,75.61,14,11320.9,16483.5,7.7234
RouteID_3714d587-d1ae-45a3-9020-b33b790b0324,DSE5,167,13,228,228,4247527.0,2265952.94,66.66,15,11428.6,15198.5,7.3964
RouteID_37261e18-f9bd-4ad1-a70b-1995be3ef874,DLA7,140,19,210,210,3313071.0,1889062.35,67.3,16,10801.1,14132.4,6.926
RouteID_373a7b8c-eefc-4a34-9eb3-24db255ebcc2,DLA8,110,20,238,238,3313071.0,3264277.83,59.67,16,6161.7,14200.9,5.6563
RouteID_3741a01f-2e2a-4f3c-8c26-120063f378fb,DLA7,134,18,200,200,3313071.0,2193813.36,59.55,16,11979.4,11910.9,6.6362
RouteID_375d70c7-00ba-45bc-968b-a9b565a1cfd7,DCH4,168,16,227,227,3313071.0,2946156.39,54.62,14,14331.8,12399.3,7.4253
RouteID_37616121-eed8-432f-bea5-da4355844ad5,DSE4,149,25,246,246,3313071.0,2467196.67,66.14,15,12340.0,16271.4,7.9476
RouteID_37776116-c874-4e10-98b8-8bc5c7b13bcb,DLA4,153,13,215,215,3313071.0,3223273.96,54.69,15,14092.7,11757.8,7.1807
RouteID_3785c6b6-cf11-4c01-8499-497fc3e59bb3,DSE5,128,7,190,190,3313071.0,1826310.27,87.33,15,10019.9,16592.8,7.3924
RouteID_37865167-b064-4f42-bc64-d20c1dd67a56,DBO2,76,19,202,202,4247527.0,2317732.27,85.21,12,7604.7,17212.2,6.8936
RouteID_378cb728-680a-4aef-8673-59d53d936fc7,DBO3,146,29,176,176,4247527.0,2091029.58,55.37,12,13832.0,9745.6,6.5493
RouteID_3791162b-86a1-4f33-a8a5-353670ba3315,DLA3,73,20,211,211,3313071.0,2275164.19,87.37,16,5344.3,18434.4,6.6052
RouteID_3792abbe-67d1-4ea1-a128-3700b2aaf247,DLA8,161,18,243,243,3313071.0,2203922.67,69.68,16,10537.6,16932.0,7.6304
RouteID_3795df9a-13df-4ed2-97bd-499086783238,DAU1,112,22,219,219,4247527.0,2334813.73,73.28,14,6249.0,16048.4,6.1937
RouteID_379827d1-197f-4e10-aa9d-320862a67d0d,DSE2,114,14,205,205,3313071.0,2630588.48,111.93,14,7147.4,22946.5,8.3594
RouteID_37a33550-a0e6-4669-9cb1-8e1d8a07b508,DSE5,141,15,214,214,3313071.0,2418402.88,87.83,15,11014.9,18796.0,8.2808
RouteID_37a68cb0-3b88-41ab-8b58-7d21b1fd356b,DBO2,81,12,176,176,4247527.0,2402181.1,90.68,12,8668.6,15960.0,6.8413
RouteID_37cd8689-ba2b-4f2f-961a-e2a9fe49e48e,DLA9,104,26,269,269,3313071.0,2995117.35,70.79,16,9376.6,19042.7,7.8942
RouteID_37de9947-2631-41f9-946f-775e94b8a806,DLA8,106,21,240,240,3313071.0,2729714.22,91.92,16,5827.9,22060.6,7.7468
RouteID_37e2ba04-42ef-4d3f-9cd3-bd1e924792cb,DSE4,114,16,252,252,4247527.0,2466384.77,78.18,15,6543.0,19702.5,7.2904
RouteID_37ecfebe-967c-4be1-9392-04c273fa951e,DLA7,144,22,235,235,3313071.0,2493355.82,72.09,16,12327.5,16941.6,8.1303
RouteID_37edd3c9-f472-450f-a2ac-2e770920fbfa,DLA8,67,20,209,209,3313071.0,2167375.5,115.96,16,4081.2,24235.3,7.8657
RouteID_37ff4419-741f-4b06-9551-7e4179a5a560,DLA4,105,11,213,213,3313071.0,3307955.33,70.06,14,9726.5,14922.3,6.8469
RouteID_37fff983-d5b2-4556-8d11-e1841ee5b815,DLA7,140,24,206,206,3313071.0,2058696.48,83.47,16,9581.4,17195.2,7.4379
RouteID_38089b72-9fac-405f-b238-31ec4d60f4ed,DLA9,151,23,243,243,3313071.0,2464403.91,72.31,15,9884.6,17571.5,7.6267
RouteID_381aa8f1-6424-4025-9855-f389f6e7bf7b,DBO3,123,21,201,201,4247527.0,2016024.23,57.28,12,11480.0,11513.8,6.3872
RouteID_3836378f-6f01-413a-85b6-36fa805bf264,DSE2,117,21,267,267,3313071.0,2883063.35,74.26,14,6833.0,19826.4,7.4054
RouteID_384bafad-5604-4bd9-9bad-fcf240635cd2,DLA7,176,27,260,260,3313071.0,2906698.8,61.36,14,10132.9,15954.8,7.2466
RouteID_386144ab-ba26-413b-8644-8c88db55b042,DSE5,174,14,241,241,4247527.0,2472101.74,61.1,13,14903.1,14723.9,8.2297
RouteID_3862d269-d228-46a4-901c-befb74d11581,DSE4,120,14,215,215,4247527.0,2574846.0,65.22,15,9347.9,14023.3,6.492
RouteID_38746ae1-5f43-4784-b760-8b266d9d713d,DLA9,133,33,269,269,4247527.0,2992564.77,49.09,14,10606.3,13204.4,6.6141
RouteID_387bb16e-0c56-406b-87e2-a706a8663ce8,DLA7,147,22,223,223,3313071.0,2297664.69,60.41,16,10530.9,13471.3,6.6673
RouteID_388b572f-65b1-4b9e-9028-aaceffa962c6,DCH4,196,26,289,289,4247527.0,3526559.06,42.93,13,11364.2,12407.7,6.6033
RouteID_388bfe67-b779-4590-b859-a613a2e6fc0e,DBO3,176,19,233,233,3313071.0,2860440.66,62.6,12,13770.3,14585.1,7.8765
RouteID_388fac5d-ab51-4faa-9d56-1504f6f2e0d0,DBO3,172,22,234,234,4247527.0,2157393.82,74.29,11,13684.6,17384.3,8.6303
RouteID_3896aca0-c730-4df5-ad1d-ca80bbd66fe3,DLA8,192,18,299,299,3313071.0,2491555.05,73.58,16,10929.0,21999.5,9.1468
RouteID_38c7f3fe-f7a0-4394-bd21-3d6fb0f9f600,DCH1,100,26,256,256,3313071.0,2767468.34,86.41,14,5296.7,22120.6,7.6159
RouteID_38cbf69d-2724-495e-b861-ea8b2a1ac70f,DCH4,163,25,262,262,4247527.0,2911877.28,62.48,13,13753.9,16370.0,8.3678
RouteID_38d8894a-ff8d-4d60-afb7-e9b60be6410d,DCH3,190,20,274,274,3313071.0,2982381.77,76.41,14,12195.1,20936.9,9.2033
RouteID_38e85f87-f1b5-4b0f-8e4c-b74d35ec5615,DBO2,167,20,228,228,4247527.0,2561934.37,64.5,11,12228.3,14706.6,7.4819
RouteID_38edfc35-1e83-4107-8732-580b3aa17a61,DBO3,156,31,208,208,4247527.0,1869603.92,45.33,11,17103.5,9429.1,7.3702
RouteID_38f093f0-6e67-4a13-b88a-7a44e8736062,DBO3,160,32,224,224,4247527.0,2562778.84,61.98,12,13585.5,13883.0,7.6301
RouteID_38f779e8-f082-435e-b46d-2ff0c1a9c4f7,DSE2,151,18,226,226,4247527.0,2083052.35,71.77,15,8950.7,16219.4,6.9917
RouteID_38fa3dbd-7ead-425b-ae40-b28e0c7b0857,DLA4,116,16,237,237,3313071.0,2719168.46,65.31,14,7141.5,15478.8,6.2834
RouteID_390f5c8d-b355-45bf-a3d5-202ad6481475,DLA8,65,19,204,204,3313071.0,2556198.02,106.56,15,4833.1,21739.2,7.3812
RouteID_39254494-5883-46a8-96a5-3fe6decaa622,DBO3,128,25,176,176,4247527.0,3006675.04,59.23,12,12592.7,10425.2,6.3939
RouteID_3929fb55-2343-4528-b7f9-964301f72b2a,DCH3,182,23,249,249,3313071.0,3122620.56,68.93,13,9977.8,17163.5,7.5393
RouteID_393c7fff-7b46-49aa-a50d-1f79e0d49686,DSE5,152,10,238,238,3313071.0,2449228.94,66.29,15,9625.1,15777.7,7.0563
RouteID_39469384-3d35-4197-b127-8e08942bac4d,DLA7,171,28,257,257,3313071.0,2148313.74,70.22,14,11529.5,18046.7,8.2156
RouteID_394736e4-f960-48b6-939e-b02e892d0484,DLA9,164,22,252,252,3313071.0,2392409.2,75.1,15,10935.3,18925.8,8.2947
RouteID_394e2262-23b5-4540-b1a7-e5df216517b0,DBO3,174,26,227,227,4247527.0,3202586.07,54.01,12,13792.3,12259.7,7.2367
RouteID_394f406c-0114-41b2-92c4-43dcdc95f42a,DLA7,179,24,256,256,3313071.0,2865884.09,54.88,15,12400.9,14048.2,7.347
RouteID_39544983-6dac-4e28-881c-c9510e974ef4,DLA5,161,28,215,215,3313071.0,1859272.64,101.5,16,11595.7,21822.6,9.2829
RouteID_3956c2c7-21e6-41c4-ac18-8343efaa6fa0,DSE4,160,23,240,240,4247527.0,2569411.27,76.21,15,10314.7,18291.1,7.9461
RouteID_395cb9a6-43fd-4691-8743-ada22aa7478d,DLA3,121,13,192,192,3313071.0,1507611.61,118.57,14,7965.4,22764.7,8.5361
RouteID_39629297-3e4d-4935-95c4-19a2d5336a3b,DLA9,189,28,290,290,4247527.0,2791287.89,48.59,14,12740.6,14090.8,7.4532
RouteID_39680395-d0a0-445e-9003-c0570f552f4c,DSE2,125,20,217,217,3313071.0,2732173.45,97.99,14,6913.8,21263.7,7.8271
RouteID_396b2ecc-29c1-4932-8360-4d9588f1f835,DLA4,125,16,247,247,3313071.0,3085102.78,63.39,14,7589.1,15657.1,6.4573
RouteID_397abf35-8191-4a3d-9243-7f3465fb77a8,DLA7,144,20,233,233,3313071.0,2888894.82,69.42,14,9138.4,16174.8,7.0314
RouteID_3984334b-4165-47f3-8b34-d381a730646c,DCH2,203,20,262,262,3313071.0,2905300.88,45.82,12,13701.0,12004.9,7.1405
RouteID_398ac827-c84b-4b47-86d4-3dfcee1ba4b7,DCH1,112,20,260,260,3313071.0,2913230.08,71.29,14,6281.3,18535.3,6.8935
RouteID_39b3e0f2-56aa-4670-9ef4-426bf2cbe85e,DBO3,174,35,223,223,4247527.0,2274882.39,74.43,12,13040.4,16599.0,8.2332
RouteID_39ba8798-36dc-42cd-9ab5-7a3a96666d1d,DLA9,156,24,232,232,4247527.0,2846770.12,47.8,14,12983.8,11088.6,6.6868
RouteID_39be76ca-2025-488a-8005-f31281d0cb06,DLA9,159,16,267,267,3313071.0,2517541.87,65.46,15,10850.7,17476.9,7.8688
RouteID_39c3ddf9-6c06-415a-bf5c-e73c0cd7db11,DCH4,132,21,232,232,4247527.0,3070235.39,68.14,15,12164.9,15808.1,7.7703
RouteID_39d064ae-1a2f-47e3-8631-83931932bc93,DLA8,146,25,278,278,3313071.0,2767139.32,78.75,17,7225.2,21891.2,8.0879
RouteID_39d0e251-8fd5-42ed-b703-fb2cb2854c86,DLA9,139,26,280,280,3313071.0,3278908.64,42.63,16,8170.9,11937.4,5.5856
RouteID_39d215ce-02d3-4ca7-9d73-1c6567d5dda8,DCH1,110,24,283,283,3313071.0,2707503.06,67.26,15,9335.1,19035.3,7.8807
RouteID_39dd1562-e86c-489a-a538-00964fd2646e,DLA9,173,24,258,258,4247527.0,2732584.64,51.28,14,11474.0,13229.3,6.862
RouteID_39e1c636-5a37-4f77-b20f-d07d01004100,DLA7,169,28,231,231,3313071.0,2773919.56,60.6,15,11404.5,13999.4,7.0566
RouteID_39edd03d-0df5-49fa-868a-9de71302bf4b,DLA7,184,22,280,280,3313071.0,2399991.15,40.65,14,11499.8,11381.3,6.3559
RouteID_39f16101-b9f8-497f-a819-38c0dfb49e8f,DBO3,104,22,171,171,4247527.0,2171312.78,84.85,11,10504.4,14510.2,6.9485
RouteID_3a013dbb-7f9a-40ca-b588-7a5a116baf08,DBO3,147,21,202,202,4247527.0,2786750.86,76.81,12,14005.4,15514.9,8.2001
RouteID_3a02237f-90ef-4a9e-9a98-4bdbf34d39e4,DLA7,175,24,233,233,3313071.0,2231611.1,75.11,14,13064.4,17501.7,8.4906
RouteID_3a15b6ec-41f2-4666-8999-9f3a2a04e4d7,DLA9,106,21,202,202,3313071.0,2008652.33,63.76,15,9286.3,12878.7,6.1569
RouteID_3a191a76-f290-430e-a600-63d141fd98d8,DSE5,155,15,213,213,4247527.0,2031334.0,59.21,14,13895.4,12610.8,7.3628
RouteID_3a29aeb2-e625-4619-a115-f3f3112e0c44,DLA7,173,22,229,229,3313071.0,2429420.08,62.26,16,10799.8,14257.5,6.9604
RouteID_3a2f0de8-2cee-4f85-bf8a-7fc9126088ac,DLA9,179,22,268,268,3313071.0,2054809.02,57.4,15,12388.9,15383.7,7.7146
RouteID_3a309244-1ab8-4b15-b9b2-0112212b5318,DLA7,158,20,218,218,3313071.0,1907032.71,70.72,16,13178.8,15415.9,7.943
RouteID_3a31487a-305c-4b47-91de-bb551e769a03,DCH4,160,25,250,250,4247527.0,3197495.76,72.81,13,12230.6,18203.4,8.4539
RouteID_3a314d8e-cc4d-4076-ab6e-e0ae1afcb19f,DCH3,200,21,272,272,3313071.0,3049342.89,59.09,15,12602.5,16071.3,7.9649
RouteID_3a37cd6b-b539-47ec-b102-9d540e78db5b,DCH4,170,27,265,265,4247527.0,3016791.99,44.6,13,13182.0,11819.6,6.9449
RouteID_3a426557-3c49-42c6-a10e-c453606fcad5,DLA9,149,30,280,280,3313071.0,3229929.05,71.79,15,11469.0,20101.8,8.7697
RouteID_3a4fb973-fd42-43f8-a8de-73ed099d6723,DCH3,187,18,253,253,3313071.0,2530618.02,70.44,13,13330.4,17820.1,8.6529
RouteID_3a65a106-397d-4f91-b569-2c328ad8a883,DLA5,114,14,170,170,3313071.0,1859324.91,66.63,16,14117.1,11327.9,7.0681
RouteID_3a6768a2-9a25-4d5a-b4ad-1a9b76a8397e,DAU1,95,17,182,182,4247527.0,2502614.03,73.25,14,11958.1,13331.1,7.0248
RouteID_3a6f0f3d-5e1a-49a3-acf7-3b5f92d93c96,DLA9,149,18,231,231,3313071.0,2482709.81,57.3,16,11109.2,13235.4,6.7624
RouteID_3a7c7e63-0728-4ac5-9137-024b9fce612a,DCH3,195,19,274,274,3313071.0,2407702.16,44.47,13,15679.5,12184.6,7.74
RouteID_3a8b6456-85f1-4e74-a336-88497f784c21,DCH3,181,22,274,274,3313071.0,3145969.41,46.29,15,12012.5,12682.9,6.8598
RouteID_3a915225-afab-4414-bfee-438aac3ce2cc,DLA9,106,21,248,248,4247527.0,2837494.34,77.06,15,8475.1,19110.0,7.6625
RouteID_3abb8cde-e4a3-4fa9-80d5-d711d2006afe,DLA9,124,25,260,260,4247527.0,2908482.9,46.16,14,8395.3,12001.0,5.6656
RouteID_3ac29bd9-99cd-49b7-a541-23d142d312b9,DLA7,169,23,249,249,3313071.0,2721671.31,53.16,15,13024.5,13236.2,7.2946
RouteID_3acc2a86-ac05-45d4-8702-24fca828244e,DLA8,177,21,297,297,3313071.0,3115279.13,57.77,16,10402.1,17157.8,7.6555
RouteID_3ad13f78-3471-4c51-8e86-e30e382d6ff4,DLA9,140,19,229,229,3313071.0,2149435.51,82.93,15,10410.1,18990.9,8.1669
RouteID_3ad8a622-a549-4d7a-8545-071b9afeb2d4,DBO3,178,21,235,235,4247527.0,3085178.91,77.56,12,14636.2,18227.0,9.1287
RouteID_3b0cca24-6065-4f44-be1f-68ffb7d410ec,DLA9,108,26,267,267,3313071.0,2843167.48,73.11,16,8014.9,19519.9,7.6486
RouteID_3b12f89e-dc4b-4925-806b-eae8c50039b8,DLA9,168,21,228,228,3313071.0,2189466.24,78.51,16,11634.9,17901.3,8.2045
RouteID_3b2d81e4-94c2-4b5d-bfa5-79ad3b9c6495,DCH4,174,23,240,240,4247527.0,4044031.52,74.77,13,15722.9,17943.9,9.3519
RouteID_3b31b856-d7ae-409f-82c6-7bfee499dbb1,DAU1,113,19,178,178,4247527.0,2159594.81,91.41,15,12135.1,16270.9,7.8906
RouteID_3b583678-5cad-475b-b117-af034d15aae2,DLA7,148,20,202,202,3313071.0,1732289.32,54.43,16,11155.9,10994.6,6.1529
RouteID_3b5f5408-dbdb-458d-b0f2-783221986b9d,DLA4,139,20,275,275,3313071.0,3218283.65,77.75,16,7736.3,21380.2,8.0879
RouteID_3b607442-b9f9-4b17-85a9-0f7fefe2b2d7,DLA4,147,17,263,263,3313071.0,3224099.08,37.59,14,8784.5,9885.3,5.1861
RouteID_3b676853-3ed7-4401-8ef6-f346b18be700,DLA8,158,18,266,266,3313071.0,2355165.9,65.06,16,9957.2,17305.7,7.573
RouteID_3b9f3471-7f84-4452-864f-81340bd2387b,DCH4,180,26,270,270,4247527.0,3858402.73,67.21,13,11989.4,18147.9,8.3715
RouteID_3ba7447b-dcee-4cfa-adf4-119376d332b1,DLA9,151,26,265,265,4247527.0,2639947.38,61.18,14,10525.0,16213.6,7.4274
RouteID_3bbf6364-905f-4b72-bd35-1e905f0d6030,DLA7,147,13,206,206,3313071.0,2150487.47,91.7,16,11085.7,18889.7,8.3265
RouteID_3bc56a80-aa91-434c-aadf-eae3170c110f,DLA9,182,26,266,266,3313071.0,1951991.52,76.93,15,11470.9,20464.6,8.871
RouteID_3bc604d8-a81c-434c-854d-309419c22b3d,DCH3,174,16,261,261,4247527.0,2695978.06,66.12,15,10573.0,17256.4,7.7304
RouteID_3bc8017a-33c8-48dc-b754-0dc7fdf9d5e2,DLA7,154,16,197,197,3313071.0,1622218.32,55.26,15,11230.7,10886.8,6.1437
RouteID_3bc90a35-2d8f-4375-8608-ab3d2022ed0b,DCH2,196,23,298,298,3313071.0,3312754.32,38.3,14,11870.1,11413.3,6.4676
RouteID_3be507c1-d32e-43cd-8694-21d0744d19dd,DCH4,141,18,218,218,4247527.0,2535470.62,75.65,15,11688.5,16492.5,7.8281
RouteID_3befded7-2a45-473e-b6dc-1241ee259ae2,DCH4,164,16,235,235,3313071.0,2962090.18,45.79,14,15583.3,10760.1,7.3176
RouteID_3bf41c39-bf32-407f-8b90-5ce23030c920,DLA9,155,23,273,273,4247527.0,2560533.32,51.5,15,11005.4,14058.7,6.9623
RouteID_3c02dafa-8ab8-4e66-b663-2ef98bdfe911,DSE5,131,11,188,188,4247527.0,2294089.63,79.08,15,10631.9,14866.2,7.0828
RouteID_3c07276d-c213-4278-94fc-33046f48bcbf,DCH2,186,21,293,293,3313071.0,2403089.77,71.03,12,9830.5,20812.0,8.5118
RouteID_3c08b8cc-3198-4cee-9363-cfbfe5573422,DLA7,145,23,217,217,3313071.0,2193321.36,90.6,15,10928.8,19661.0,8.4972
RouteID_3c152246-8115-4333-a972-382f81b7c015,DBO3,165,19,209,209,4247527.0,1893602.82,67.75,12,13695.8,14159.2,7.7375
RouteID_3c27aa18-0a80-42bc-a48b-f140f02fcdd6,DLA7,192,24,289,289,3313071.0,2854610.41,53.18,15,11402.3,15369.6,7.4366
RouteID_3c28b650-ccda-43ac-a474-dcf88336a822,DLA9,169,23,245,245,4247527.0,2370755.06,47.71,14,11571.0,11689.3,6.4612
RouteID_3c3df004-7eb4-428a-9c02-09cb71481e94,DLA7,145,26,250,250,3313071.0,2654609.16,64.56,14,10658.1,16139.1,7.4437
RouteID_3c476cef-0e22-4347-88b4-6106925cd689,DLA7,165,24,256,256,3313071.0,2687959.51,61.66,14,11085.2,15783.7,7.4636
RouteID_3c4a3048-87a0-48ff-9254-cca0fbe4aaec,DLA7,143,20,227,227,3313071.0,2956473.0,71.96,15,9799.4,16335.4,7.2597
RouteID_3c4d3348-5a44-4aad-bafc-15d5da9168e3,DLA7,166,22,256,256,3313071.0,2759604.53,56.8,16,10467.9,14539.6,6.9465
RouteID_3c5018d1-aae5-465a-b4b2-9fe4e25a8ea8,DLA8,160,22,271,271,3313071.0,2940987.61,65.6,18,10810.9,17776.8,7.941
RouteID_3c502133-f305-41bd-a707-bec4922296ac,DLA7,169,24,233,233,3313071.0,2356113.28,58.79,16,11319.7,13697.1,6.9491
RouteID_3c731ed4-b932-474a-ad41-2710b4389698,DLA7,175,23,235,235,3313071.0,2061512.12,57.55,16,11868.2,13523.3,7.0532
RouteID_3c7f2f66-86cb-4915-a58e-33c96d9300e8,DLA7,176,21,262,262,3313071.0,2846791.63,50.67,16,12728.6,13276.5,7.2236
RouteID_3c8018ac-1733-47e8-a037-1fba9d193607,DBO3,185,32,227,227,4247527.0,2687237.3,52.28,12,15082.7,11867.0,7.486
RouteID_3c896b9d-349b-4324-a32d-c8c4d8dff7e7,DCH2,163,22,279,279,3313071.0,3276119.14,66.63,15,8047.9,18588.9,7.3991
RouteID_3c94d1aa-d42d-4ad3-b33b-768122f91a96,DLA7,157,21,227,227,3313071.0,2001735.31,49.37,14,9922.2,11207.5,5.8694
RouteID_3c983c94-8f7f-4f13-b516-2a75947e8781,DCH1,116,24,251,251,3313071.0,2803121.61,85.38,15,6052.8,21431.6,7.6346
RouteID_3cb62fdb-461f-439f-9909-d030d7e8855f,DLA9,138,25,296,296,3313071.0,3125355.08,72.48,16,7876.1,21455.2,8.1476
RouteID_3cd1e7b0-ffb2-495e-97b0-5a7fe6a8e5e6,DSE2,71,12,209,209,4247527.0,2601640.43,107.46,14,5150.0,22459.2,7.6692
RouteID_3cf57650-5fa8-492c-8460-4c2bb776753b,DLA9,157,22,254,254,3313071.0,2269866.66,40.37,14,11002.3,10254.8,5.9047
RouteID_3cfa9be0-707a-4111-b5c2-c46678a2e23e,DLA4,102,19,215,215,3313071.0,2874045.1,111.82,14,5885.5,24040.6,8.3128
RouteID_3cfbceed-9942-4a81-8779-aab64d07f2f5,DCH4,171,24,251,251,4247527.0,3486990.66,56.93,16,13243.6,14290.0,7.6482
RouteID_3d08fddf-85a1-45b4-b6e8-7a541f9661b0,DBO3,130,22,218,218,3313071.0,2714974.44,65.51,12,12491.7,14280.9,7.4368
RouteID_3d0d8561-0b68-4acf-b0b3-1173deb524b8,DLA7,159,23,242,242,3313071.0,2457775.83,66.86,14,11205.7,16180.1,7.6072
RouteID_3d1a53e2-a016-467b-a838-fa61a862070d,DSE5,162,15,251,251,3313071.0,3016143.26,78.5,15,12768.3,19704.2,9.0201
RouteID_3d1c19b1-7ba6-4325-946f-222069688a0d,DLA7,172,23,277,277,3313071.0,3272247.8,62.04,16,11737.1,17184.3,8.0337
RouteID_3d345dba-3c3b-4335-b306-3c8a45bd20ac,DLA7,156,27,228,228,3313071.0,2112460.16,58.52,14,13239.4,13343.4,7.3841
RouteID_3d39e2dd-75b3-4341-b690-0447eb4d2573,DLA7,204,22,267,267,3313071.0,2560364.29,50.2,16,11948.4,13402.3,7.0419
RouteID_3d4282c2-4d81-4d3f-9d2a-3081013f98e9,DLA9,124,20,196,196,3313071.0,2039077.42,77.57,15,11921.7,15203.4,7.5347
RouteID_3d4c9fc0-7630-43e5-8d1d-3069c5475341,DLA8,118,20,218,218,3313071.0,2242533.82,83.23,14,7180.1,18143.7,7.0344
RouteID_3d56029d-9739-469d-86fa-f9e5d3ea3da7,DSE4,173,27,240,240,3313071.0,2850180.52,66.74,15,11677.4,16017.3,7.693
RouteID_3d5646ee-8960-4909-b370-83ba7b97c0de,DCH4,148,26,186,186,4247527.0,2279129.91,91.29,13,14206.2,16980.1,8.6629
RouteID_3d5834b5-0ab7-4c67-9522-a287b478370c,DSE4,111,13,191,191,4247527.0,2224041.42,88.66,15,6804.0,16934.0,6.5939
RouteID_3d5aa0f9-7bd6-4714-aa9a-b82ee47d0668,DLA7,123,20,189,189,3313071.0,1965183.7,89.04,14,10060.7,16828.6,7.4692
RouteID_3d5ccabe-26ed-48b9-91d3-d0358b46f348,DSE2,102,20,255,255,4247527.0,3945558.01,93.64,15,6195.9,23877.5,8.3537
RouteID_3d5cd4fb-0ed2-4373-88d0-812749fc7115,DLA9,164,21,266,266,3313071.0,2248262.04,69.91,15,11147.0,18597.2,8.2623
RouteID_3d88f0d8-a007-4eab-9229-5d7b96abf53e,DLA7,172,24,258,258,3313071.0,2545935.42,56.71,15,11151.4,14631.1,7.1618
RouteID_3da25600-25c9-4afb-89cc-68793362f25d,DLA7,165,21,252,252,3313071.0,2581617.48,73.01,14,10909.1,18398.7,8.1411
RouteID_3da7a128-1dd6-46bc-9446-b0210d1c63b4,DLA3,102,26,251,251,3313071.0,2634092.89,54.19,16,5871.0,13601.6,5.4091
RouteID_3db51e0a-e571-490e-b470-a7c4d126310a,DLA4,97,18,229,229,3313071.0,2466479.91,93.44,14,5990.6,21397.9,7.6079
RouteID_3ddbcb9b-ffe4-4fde-8b1f-8b5b0ad1a2ce,DSE5,196,15,267,267,3313071.0,2567696.65,68.11,15,12229.4,18185.6,8.4486
RouteID_3de71d89-7ebe-40c9-b5c1-d617f6608833,DLA9,147,16,208,208,3313071.0,1934849.22,71.4,15,12913.9,14851.8,7.7127
RouteID_3de748d8-4151-4048-85fd-ab64a7644d19,DSE5,182,15,254,254,4247527.0,2344866.72,52.0,13,13439.7,13207.2,7.4019
RouteID_3df50218-258c-45cf-804d-79accb01c249,DSE4,151,23,239,239,3313071.0,2675379.51,78.17,15,11731.7,18681.6,8.4481
RouteID_3df6516d-3deb-448f-a524-c88aee03452d,DLA9,145,25,223,223,3313071.0,2249928.24,91.52,13,11230.0,20409.1,8.7886
RouteID_3dfca529-f5fd-4363-8364-88fd16aa6f77,DCH3,164,13,209,209,3313071.0,2304461.3,74.15,15,13418.2,15497.5,8.0321
RouteID_3e05fa99-cb59-4042-822f-5e0f41ffdf9e,DLA7,161,21,244,244,3313071.0,2805051.24,54.49,16,12185.3,13295.5,7.078
RouteID_3e087683-c2ba-485c-9f72-04153fc289e9,DCH4,185,23,243,243,3313071.0,3001059.45,58.86,16,14818.4,14303.0,8.0893
RouteID_3e09a7b9-a9cb-451e-9cf5-7dfd63462053,DLA4,119,16,264,264,3313071.0,3057154.93,62.25,14,6496.0,16434.8,6.3697
RouteID_3e0bd236-3213-4ee4-bcca-8c7066538ca1,DLA8,121,18,223,223,3313071.0,2571478.85,86.95,16,9964.7,19388.9,8.1538
RouteID_3e373ec2-0d4c-40be-95a3-8ad433792680,DLA7,142,18,200,200,3313071.0,2216963.98,78.13,14,9739.6,15625.5,7.0459
RouteID_3e40db5a-9f6b-4d43-bbcc-7ec7d19393ac,DLA9,188,27,287,287,3313071.0,2937918.56,63.5,15,13029.1,18225.0,8.6817
RouteID_3e53a58a-3755-4c9f-b082-c79181b3883f,DLA7,148,27,259,259,3313071.0,2467923.54,59.24,14,11140.7,15342.1,7.3563
RouteID_3e54ed23-e1e3-40d6-9b7c-da13803a62f2,DLA7,156,23,252,252,3313071.0,2373093.73,58.36,14,10375.7,14707.8,6.9676
RouteID_3e5e9b2d-d396-4e36-93e5-ae03f37c805d,DCH2,129,21,260,260,3313071.0,2761447.58,64.58,14,9068.6,16792.0,7.1835
RouteID_3e75fb55-5471-4c9e-a709-e09b279d9ad9,DLA9,131,20,196,196,3313071.0,1885063.36,90.03,16,10783.7,17645.4,7.897
RouteID_3e8bc64e-0e47-4e9e-903b-9f5c5d13580f,DLA7,146,20,214,214,3313071.0,2584411.89,44.27,16,11888.3,9473.6,5.9339
RouteID_3e965dbb-eb45-4c11-ad8e-1f488c359f67,DLA7,138,20,211,211,3313071.0,2184350.52,64.16,15,10393.6,13537.0,6.6474
RouteID_3e97b5dd-6bf7-4b19-8078-88ee44eb9dee,DSE2,122,21,212,212,3313071.0,2256288.0,99.69,14,6607.1,21133.5,7.7057
RouteID_3e9833ff-2eda-4a7d-9c74-c752fb8b7543,DCH1,219,23,282,282,3313071.0,2485875.89,42.86,15,13469.3,12087.2,7.099
RouteID_3e9d4e48-228f-4a28-a4a4-1b3e39ae1bf5,DSE5,177,15,251,251,3313071.0,2327489.15,58.26,13,11303.8,14622.1,7.2016
RouteID_3ea3922b-c8c6-4c97-957f-88f7d03877f0,DLA7,172,25,249,249,3313071.0,2477820.54,68.25,14,10255.6,16994.8,7.5696
RouteID_3ea91f2b-e1bb-41e1-9849-c867c7f8d941,DCH2,175,22,292,292,3313071.0,3270559.66,44.56,13,9108.9,13012.3,6.1448
RouteID_3eaab78f-ddcd-4738-9991-0210ffbaedf9,DLA9,128,26,280,280,3313071.0,3270893.5,67.52,16,7100.4,18905.6,7.2239
RouteID_3eacb89f-17f9-4b2b-bccd-1dc42828aaf5,DLA7,150,19,227,227,3313071.0,2681334.94,54.31,16,10634.5,12328.4,6.3786
RouteID_3eaf5434-82be-47d4-aad9-419601f2607c,DLA7,136,19,218,218,3313071.0,1937226.06,46.62,15,9854.5,10163.4,5.5605
RouteID_3eb11f23-b042-409f-ae33-2d52e8f253fd,DLA7,186,24,251,251,3313071.0,3077735.77,64.2,14,10029.0,16115.2,7.2623
RouteID_3eb3f5a3-ef86-4c15-a249-55d7ef1af3a9,DLA9,150,29,263,263,3313071.0,2754764.11,66.28,15,12206.3,17431.1,8.2326
RouteID_3ebc23cc-f78c-4a1c-b3f0-63bf8a1bcef1,DLA3,161,16,257,257,3313071.0,3230352.83,71.83,17,11412.9,18459.3,8.2978
RouteID_3ecdfa07-ffa8-4403-ac97-10d251507758,DBO2,90,15,284,284,4247527.0,4145106.14,65.44,12,5304.2,18586.2,6.6362
RouteID_3ed5fdae-234b-4580-881e-79992a69a246,DSE4,105,13,171,171,4247527.0,1980761.77,97.35,14,7195.7,16647.7,6.6232
RouteID_3eda9108-78a6-44f9-9f72-d3344b45f5c0,DLA7,120,23,214,214,3313071.0,2048689.1,76.7,15,7928.2,16414.7,6.7619
RouteID_3ee33558-4681-44ae-b274-9bbd0c3aa6ef,DSE4,179,33,291,291,3313071.0,3118641.76,61.52,15,11694.7,17902.9,8.2216
RouteID_3ee88232-6969-4088-b260-929229a8b2a3,DSE2,119,19,244,244,3313071.0,2551419.8,78.05,14,6119.3,19044.7,6.99
RouteID_3f074f11-dc47-4fff-a9bd-a4f73350bd41,DLA5,155,19,243,243,3313071.0,1823842.9,55.18,14,14730.5,13408.1,7.8163
RouteID_3f166f0e-fd2e-47ab-96a0-6cbc99cc6eef,DLA7,166,22,238,238,3313071.0,2390069.83,68.17,16,11868.9,16224.5,7.8037
RouteID_3f3276e1-0109-4535-8a24-123c2bba4aad,DLA7,148,22,218,218,3313071.0,2179805.48,71.88,16,11968.1,15669.9,7.6772
RouteID_3f4452c6-fdd3-434e-8d29-38a65de555d3,DCH3,202,19,264,264,3313071.0,2708650.75,52.03,14,14606.8,13735.6,7.8729
RouteID_3f48ffcb-e583-4b0f-8015-5bdde2bbd142,DCH3,204,23,263,263,3313071.0,2744125.16,44.7,14,14418.6,11755.6,7.2706
RouteID_3f4f357a-7fe7-45ea-a1dc-98bc265fc788,DLA7,163,24,273,273,3313071.0,2618725.55,55.65,15,10617.7,15191.9,7.1693
RouteID_3f531cec-49cf-4209-a1a0-3997b5648a5e,DLA8,72,15,201,201,4247527.0,2056301.71,104.42,15,5934.1,20987.6,7.4782
RouteID_3f5cab24-ce9f-4eca-b10c-6bcba85424f1,DLA7,142,24,228,228,3313071.0,2610129.19,55.0,14,10762.8,12539.5,6.4729
RouteID_3f6bc445-d402-41a4-9eef-87129567a023,DLA9,131,24,229,229,4247527.0,2633369.12,76.15,14,10176.9,17437.5,7.6707
RouteID_3f733b9c-3a7a-46a0-ac61-defb77505041,DLA7,168,23,249,249,3313071.0,2311317.44,54.2,14,11553.4,13496.7,6.9584
RouteID_3f845183-c88c-4204-95dc-394d799dd8ad,DLA9,108,17,195,195,3313071.0,1919939.65,91.87,13,9437.8,17913.9,7.5977
RouteID_3f89788a-6211-4aa9-8513-4857b03e0275,DLA7,169,25,283,283,3313071.0,3001835.42,55.1,15,10558.7,15593.4,7.2645
RouteID_3f8d3ced-7539-48f0-be5d-497907715831,DBO3,144,19,222,222,3313071.0,3260455.09,80.73,13,10338.5,17922.2,7.8502
RouteID_3f8e145a-231b-45e8-8238-fafb32c24241,DCH3,163,24,272,272,3313071.0,2964660.99,88.26,14,7705.0,24007.4,8.809
RouteID_3f9aa220-b402-4bc7-8a3d-e844b20057b9,DSE5,166,11,218,218,4247527.0,2277860.06,55.98,14,12274.8,12204.0,6.7997
RouteID_3fa2cc97-2c60-497f-82f4-8e5ee7ab15a2,DLA7,154,24,244,244,3313071.0,2578782.66,67.0,16,9618.4,16347.9,7.2129
RouteID_3faddeb0-f762-4545-9ad4-ce24432e68fa,DLA7,168,28,236,236,3313071.0,3191357.7,59.23,14,11819.7,13979.2,7.1664
RouteID_3fb6e0c3-8a28-462e-9f13-d51d90498e3d,DLA7,154,27,223,223,3313071.0,2288056.81,70.2,16,10506.7,15654.8,7.2671
RouteID_3fcd6e73-c461-4d33-9010-c831347aa679,DLA8,120,18,211,211,3313071.0,2990864.35,77.25,16,11010.7,16299.8,7.5862
RouteID_3febb400-6c60-4c51-a760-9dc0802bec0a,DLA7,160,26,236,236,3313071.0,2455379.64,60.96,15,12348.4,14387.6,7.4267
RouteID_3ff61e93-fcfb-41cd-9463-668d75b961a3,DSE5,132,9,231,231,4247527.0,2423344.29,71.56,14,12040.2,16530.9,7.9364
RouteID_3ffa7ca8-1488-4e69-94ca-261db4584840,DSE4,175,29,258,258,3313071.0,2720957.22,66.78,15,11080.9,17230.5,7.8643
RouteID_3fff6288-f601-4eba-84c5-ab72e0ad7f03,DLA9,150,24,270,270,3313071.0,2950177.91,63.88,16,10871.6,17246.4,7.8106
RouteID_4001eb18-9051-42bf-b469-7f124c91eb0a,DLA7,135,19,226,226,3313071.0,2184109.61,88.89,15,10813.6,20089.8,8.5843
RouteID_403077fc-2907-4740-b50f-fa6d0d9a7d30,DLA9,77,22,195,195,3313071.0,2282900.9,91.4,15,5866.1,17822.3,6.5801
RouteID_403116dc-8cac-4e95-a1c2-9a3eff73db3a,DSE5,185,14,254,254,3313071.0,2703939.16,55.27,15,11209.6,14038.1,7.0132
RouteID_40434caf-9b19-42e2-aaa5-ee9f56325db1,DLA9,105,20,242,242,3313071.0,3144676.47,78.22,14,8973.9,18930.1,7.7511
RouteID_40515bc5-a731-478f-af8b-9140d10022e7,DCH4,144,26,248,248,4247527.0,2884909.3,58.17,15,12321.2,14426.7,7.43
RouteID_40665ef9-479f-401f-b26d-198c952365b6,DCH4,189,26,261,261,4247527.0,3065007.68,52.84,13,15056.8,13790.2,8.0131
RouteID_4066d91f-514c-4950-bc53-d92022929fa3,DBO3,152,24,241,241,4247527.0,3173304.18,80.32,11,12205.4,19356.2,8.7671
RouteID_406ab702-e971-46c4-80d1-1660994a2dbc,DCH3,161,26,255,255,3313071.0,2991805.62,74.68,13,10517.7,19044.3,8.2117
RouteID_406c97f8-7c8a-464e-84dc-17b0cd03489a,DBO3,174,28,247,247,4247527.0,2829060.93,57.94,13,14541.7,14312.3,8.015
RouteID_407500ae-03f2-4d5f-a233-435f0a8235cd,DBO2,162,23,242,242,3313071.0,3243859.7,74.11,12,10456.3,17935.1,7.8865
RouteID_4075bcdb-ed96-404b-841a-493c7e586ddc,DSE5,166,14,230,230,4247527.0,2548332.86,75.9,14,12864.5,17456.8,8.4226
RouteID_409c10cd-2609-4624-957a-bf606cd1b8e6,DLA7,173,22,260,260,3313071.0,2360376.84,70.34,16,11914.7,18289.6,8.3901
RouteID_40a29e61-0030-4d43-9348-e6d3b26947b3,DCH4,153,20,216,216,3313071.0,2334945.88,48.34,15,14192.2,10441.2,6.8426
RouteID_40a94601-2a40-4561-99c2-cadb614abe30,DBO1,180,18,289,289,4247527.0,3608321.5,42.91,14,11620.3,12401.5,6.6727
RouteID_40b5e511-650b-44e0-8748-4cf6ed6eaa94,DSE4,170,27,261,261,3114853.25,2674274.17,75.58,15,12712.7,19727.3,9.0111
RouteID_40bd3c21-33f1-462d-8f6b-8e87d815d049,DLA9,130,22,222,222,3313071.0,2414865.26,112.04,16,7730.6,24873.7,9.0567
RouteID_40c0feff-8790-403f-a095-1cb1938555d8,DLA9,136,18,245,245,3313071.0,2209460.38,73.3,13,8635.2,17958.7,7.3872
RouteID_40de7cab-aed7-488d-ba53-322900222c7b,DCH4,175,23,272,272,3313071.0,2816996.54,38.7,15,12863.1,10526.6,6.4971
RouteID_40df29e4-d5a3-4f3c-adc0-04465a890696,DSE4,73,27,178,178,4247527.0,2552494.02,98.84,16,7441.4,17594.4,6.9544
RouteID_40ed9b43-c996-4432-ae2f-372f9533082c,DLA4,196,15,278,278,3313071.0,3229345.44,69.88,15,12346.9,19425.6,8.8257
RouteID_40f87ac3-6cee-4468-b400-664f32c2554c,DBO2,171,23,253,253,4247527.0,2849020.15,56.79,13,15782.9,14367.9,8.3752
RouteID_410cfd1a-a562-4d20-95a0-e0e084573f25,DAU1,148,26,278,278,4247527.0,4195206.9,52.6,14,9341.2,14623.7,6.6569
RouteID_410d477d-94e1-4e18-b7df-fbeac64938ab,DCH2,144,20,244,244,3313071.0,2962706.46,80.22,13,11142.2,19574.7,8.5325
RouteID_41124cef-9057-4484-817a-9f26d7f25d85,DLA8,87,14,175,175,4247527.0,1811580.48,67.3,15,11083.4,11777.8,6.3503
RouteID_412ace27-2a6b-4312-913f-9a56fc62bcdf,DSE2,127,15,228,228,3313071.0,2705336.18,111.07,14,8216.9,25324.5,9.3171
RouteID_4130e948-43ae-479c-8cab-3fe16c8ff5aa,DCH4,164,15,249,249,4247527.0,3432162.03,67.91,14,14213.3,16910.5,8.6455
RouteID_414c6bbd-cb54-4ef0-b52f-d9919241f165,DCH1,96,25,255,255,3313071.0,2532112.29,93.64,14,5296.0,23877.1,8.1036
RouteID_4158b0b8-1bbd-4526-8fec-a661557b6548,DLA5,170,17,266,266,3313071.0,2800708.32,63.62,15,12916.6,16923.1,8.2888
RouteID_415b6fc0-4a88-4b33-ac11-c292b80aa00f,DCH3,179,23,270,270,3313071.0,2843573.72,72.79,14,11786.9,19654.1,8.7336
RouteID_416284e3-8072-4042-85cf-c6ac948e5723,DBO2,157,16,233,233,3313071.0,3163591.15,73.96,12,8916.2,17232.1,7.2634
RouteID_4167b371-09f7-4d2b-b191-ab891eecfc70,DCH4,191,31,283,283,4247527.0,3596738.74,59.16,13,12970.1,16741.1,8.2531
RouteID_416921e2-b706-47e7-9de8-c2ada3fea9b7,DSE4,103,36,228,228,4247527.0,2824503.39,68.88,15,8290.2,15704.4,6.6652
RouteID_416d50cc-81c3-47b5-8638-c4cad5764df2,DSE5,147,19,268,268,3313071.0,2790753.41,81.27,15,9401.4,21781.3,8.6619
RouteID_416dc2f1-1697-4443-ab4a-755a89b78499,DAU1,105,30,156,156,4247527.0,1711064.13,105.62,14,7928.4,16476.2,6.7791
RouteID_418b37f8-85cd-424e-a9fe-392af2131743,DBO3,140,22,236,236,4247527.0,3138435.68,58.49,11,10657.7,13803.1,6.7947
RouteID_418d1df9-0dbe-474b-a091-3c428ec6b213,DBO3,179,28,254,254,4247527.0,2931513.97,54.17,12,15730.0,13759.0,8.1914
RouteID_41a343e3-80fa-4073-aca6-eee03beaa4bf,DLA8,92,16,181,181,4247527.0,2661545.88,67.54,16,12397.0,12225.0,6.8394
RouteID_41aaf468-e168-48ce-ac13-fa5195745f5a,DLA9,147,21,242,242,3313071.0,2157290.52,69.91,15,11224.2,16917.4,7.8171
RouteID_41b37a38-8fd0-4ab8-82c4-3e9bc30ef185,DLA7,141,20,208,208,3313071.0,1854781.95,66.11,15,9300.4,13750.1,6.4029
RouteID_41d79900-22f1-4eb4-bda9-cffdd9f88043,DLA4,179,13,243,243,3313071.0,3004235.51,77.93,17,11052.1,18936.2,8.3301
RouteID_41d8c851-184c-4870-98ae-767c35af3f7f,DBO2,105,9,177,177,4247527.0,1921339.58,86.0,12,9229.4,15222.2,6.7921
RouteID_41e3914a-c1c0-43ae-aa07-c7afa0d84583,DLA8,165,18,249,249,3313071.0,2700247.63,84.61,16,10751.3,21067.2,8.8385
RouteID_41e41276-2263-4bdc-bb67-ad5a6308eb69,DLA4,177,16,287,287,3313071.0,3108320.43,67.53,16,9299.2,19380.0,7.9664
RouteID_41f97e6a-11a7-4037-9bc3-7fc17e15f6f5,DLA7,163,22,252,252,3313071.0,3256372.97,58.89,16,10878.0,14840.5,7.144
RouteID_42017eb9-e34f-46fc-8beb-760b86fe3fe0,DBO3,192,31,254,254,4247527.0,2729373.07,50.53,12,14123.2,12835.4,7.4885
RouteID_420560f7-859b-40c8-b7c4-c997f913cece,DCH4,170,25,254,254,4247527.0,3208198.26,68.09,13,10962.5,17296.1,7.8496
RouteID_420669f8-6ebe-4658-b1e4-ce3b65fa0ffb,DCH3,207,19,273,273,3313071.0,2815881.43,59.47,14,13199.8,16234.0,8.1761
RouteID_421683f0-5e20-4679-81c8-5774b83d603c,DSE5,127,9,184,184,3313071.0,2279003.23,56.89,14,13665.4,10468.2,6.7038
RouteID_4233ad72-959d-4e69-995f-5d71162dae13,DCH4,150,22,216,216,4247527.0,2735755.61,78.36,14,13293.9,16925.7,8.3943
RouteID_423aa100-6d85-4805-ac6b-71bbbc18797c,DCH1,90,15,214,214,3313071.0,2425427.74,93.84,14,7329.6,20081.2,7.6141
RouteID_424259ee-6890-466d-9dd2-76b0f17c2202,DSE5,123,13,204,204,3313071.0,1995988.73,84.38,14,11066.7,17212.6,7.8554
RouteID_424d1707-3799-4d20-a7df-01fbd107d483,DLA9,139,27,269,269,3313071.0,3058775.65,70.92,16,7792.6,19078.3,7.4641
RouteID_425b7756-0203-4c81-a71c-16279520774c,DLA8,85,19,217,217,3313071.0,2138469.59,102.22,15,5088.9,22180.7,7.5749
RouteID_427573e2-0faf-4139-abb8-21426b741772,DCH4,193,24,264,264,4247527.0,2983924.97,53.12,15,14555.2,14022.7,7.9383
RouteID_4276f248-21d6-4247-943c-c5c4a2a04a1e,DBO3,172,21,239,239,4247527.0,2843112.33,72.15,12,13714.0,17242.8,8.5991
RouteID_4277741d-ffe3-4594-a70a-b06d4c5b0936,DLA3,111,28,204,204,3313071.0,2734037.17,89.21,15,7318.6,18198.6,7.0881
RouteID_42844f7a-6050-4107-b8c6-cf6f2dd589cd,DCH1,114,19,263,263,3313071.0,3159527.67,76.96,14,6505.7,20241.5,7.4298
RouteID_4287ebd4-651d-4c65-84bc-3575339bf6f9,DSE5,110,10,176,176,4247527.0,1776369.83,99.73,14,7384.6,17552.6,6.927
RouteID_4295ab5a-c8ab-4823-9115-f5f409368705,DSE5,144,10,203,203,4247527.0,2143506.36,73.14,14,10162.5,14846.9,6.9471
RouteID_42aceda3-7e8c-417a-82d6-70b6098fe00a,DSE4,172,26,282,282,3313071.0,3297353.89,53.96,15,12683.7,15215.7,7.7498
RouteID_42b3561b-d2f6-47c2-9e19-0810688239ee,DLA7,141,21,218,218,3313071.0,2281182.04,79.45,14,9954.8,17320.6,7.5765
RouteID_42d19e98-851e-4d5e-9fca-8060c1c12ed7,DSE2,118,19,224,224,4247527.0,2777912.87,90.75,15,6410.5,20328.7,7.4276
RouteID_42d51f08-d43d-4a60-8d12-538461d742ae,DSE2,124,16,199,199,3313071.0,2269402.46,101.14,14,9494.3,20126.7,8.2281
RouteID_42e1ee14-e0fe-4a71-b8b2-045cb6a2d767,DCH1,103,15,198,198,3313071.0,1959336.04,109.11,14,9360.8,21603.4,8.6012
RouteID_42e7d467-b118-46a0-b609-d53e8b168543,DSE4,157,28,235,235,3313071.0,3105979.13,59.79,15,13157.5,14050.0,7.5576
RouteID_42eaae80-7d36-43a7-bd1a-7b8ed8b7b3d5,DCH2,178,22,294,294,3313071.0,3231473.14,74.96,15,9485.2,22036.8,8.7561
RouteID_42ec642f-018f-4498-a05e-9a7e2cf3fd2f,DLA7,149,30,211,211,3313071.0,2444803.25,71.41,14,13764.2,15066.8,8.0086
RouteID_42efc86e-3425-4fa5-afd9-bbf3c34f2e31,DLA9,137,23,219,219,4247527.0,2103740.41,86.01,14,10385.5,18835.4,8.1169
RouteID_430b3398-b635-423a-bfb0-09a6ca8c0412,DLA7,146,27,224,224,3313071.0,2261423.25,59.08,16,14236.0,13233.9,7.6305
RouteID_43111a46-baca-446d-ad84-3d2d0c236381,DBO3,146,20,215,215,4247527.0,2461361.34,81.99,12,11884.7,17628.1,8.198
RouteID_43142eba-92cb-4be6-8d24-416bf0c70723,DCH4,157,22,242,242,4247527.0,2636032.14,53.75,14,12092.7,13008.0,6.9724
RouteID_4317b6fb-43a1-4fd2-9528-7b92e500e496,DCH1,113,15,176,176,3313071.0,1384150.24,90.37,14,12304.7,15905.8,7.8362
RouteID_4338a9e4-8ad0-4020-b912-5350788eb45f,DLA7,169,23,228,228,3313071.0,2519205.4,52.79,16,12047.4,12035.8,6.6898
RouteID_433f5bfb-47d0-472b-b8c3-8f205868f0e9,DSE2,108,16,188,188,3313071.0,1870582.13,109.32,14,7615.9,20551.4,7.8243
RouteID_4342da29-6167-4baa-a556-5cc085a970b7,DBO1,119,13,276,276,3313071.0,2795415.82,62.33,12,7558.6,17204.1,6.8785
RouteID_43468dbc-221d-4d1a-a025-67b539817861,DLA7,150,21,239,239,3313071.0,2359137.0,59.0,15,9687.6,14101.4,6.6081
RouteID_434f5a5d-2d92-46b8-abde-934ab80cef2b,DSE5,137,10,205,205,4247527.0,2126556.63,85.86,15,8687.4,17602.1,7.3026
RouteID_4358d059-9a07-4141-9008-36cea866a8bb,DAU1,130,31,218,218,4247527.0,2383177.1,68.33,15,7575.1,14895.6,6.2419
RouteID_43592c37-156e-4268-a013-d6e78671ad4c,DBO3,117,14,169,169,4247527.0,1875701.2,84.51,12,13048.2,14282.8,7.5919
RouteID_435f5347-f924-48d3-8219-3a06ccb32c84,DCH4,144,15,180,180,4247527.0,2324203.65,92.99,15,14119.9,16737.5,8.5715
RouteID_436fe1a0-09db-4b51-b436-aa7e2aa38df9,DSE5,131,11,172,172,4247527.0,1989109.45,65.11,15,12652.1,11199.4,6.6254
RouteID_43767e82-7ffd-4b7e-9fb0-044a723f8878,DAU1,168,27,248,248,4247527.0,2974053.79,60.68,14,9941.0,15048.5,6.9415
RouteID_438dba37-58b5-4cc0-bae7-488a1d32a3da,DSE5,118,11,205,205,4247527.0,2333800.74,82.14,14,10051.6,16838.0,7.4693
RouteID_43933a4b-1a29-457b-a0df-36223ad1d3bc,DBO2,129,22,243,243,3313071.0,3009503.42,94.73,13,8483.0,23018.2,8.7503
RouteID_439dfa62-eb8c-47b1-9b28-af165863dff2,DLA7,112,19,194,194,3313071.0,1921049.24,96.13,14,8907.2,18649.7,7.6547
RouteID_43a9861f-2403-43f7-8d6c-38fb62f8a597,DBO3,150,18,192,192,3313071.0,2201828.7,74.81,12,12994.3,14364.2,7.5996
RouteID_43a9d332-6915-46c5-9862-15a868e84038,DLA7,152,21,240,240,3313071.0,2884734.07,57.82,14,11033.6,13877.1,6.9196
RouteID_43aa044b-75d0-4fb6-bd65-f86c51846d9f,DLA8,91,24,225,225,3313071.0,2729096.52,95.04,15,5385.6,21384.3,7.4361
RouteID_43c3796f-10d3-4dc8-a66e-c86387c9b177,DBO3,170,29,227,227,4247527.0,2941378.18,50.53,12,14033.2,11470.8,7.0844
RouteID_43c5479c-69d5-415c-af7d-ec09bcc4c92d,DLA7,143,20,225,225,3313071.0,2348203.71,63.93,14,11260.8,14384.2,7.1236
RouteID_43d07a01-6751-492a-9233-e14ea684804d,DCH3,207,21,272,272,3313071.0,2839847.2,57.67,15,14432.5,15685.0,8.366
RouteID_43d6f077-0ef6-4e39-bad5-6ef1d699aa38,DCH4,175,22,253,253,4247527.0,2894425.68,52.09,14,14358.6,13178.7,7.6493
RouteID_43ddc48b-f428-44aa-8c4e-a68545d0bb6d,DLA9,129,22,269,269,3313071.0,2539363.67,77.78,15,7579.0,20922.9,7.9172
RouteID_43dffcb4-b327-4a81-8a1f-41487dd84876,DCH4,190,35,282,282,3313071.0,3127623.53,55.31,14,15192.4,15597.7,8.5528
RouteID_43eebb1d-c70b-4372-9cf9-48c42f06144d,DCH3,182,17,274,274,3313071.0,2687983.5,46.02,14,10883.3,12610.2,6.526
RouteID_43eff27b-a40b-44ee-b729-caca0f560716,DLA7,157,25,241,241,3313071.0,2304148.41,50.01,16,13823.1,12051.9,7.1875
RouteID_43f1ec8f-e45c-4f13-a08c-2f6e37e8ddfd,DLA3,110,17,189,189,3313071.0,1869735.9,90.72,15,10128.2,17145.8,7.5761
RouteID_43f5cde7-87b8-4f2f-bf29-6bc1d9e08d00,DBO3,170,25,198,198,4247527.0,2541723.33,48.46,11,14887.7,9594.2,6.8005
RouteID_440142d0-e650-4d5c-8c15-e88541e0c0aa,DSE4,164,15,264,264,4247527.0,2349052.03,61.42,15,8378.7,16216.2,6.8319
RouteID_4403addb-64a0-447c-a3a2-8317c498897e,DLA9,168,22,289,289,3313071.0,2636988.31,52.08,13,9596.2,15050.1,6.8462
RouteID_44210f00-bf2e-4e37-a081-be5a4606fdf0,DLA9,150,24,240,240,4247527.0,2372756.11,73.45,14,10360.4,17627.5,7.7744
RouteID_442e55e7-90c0-4f87-af31-819c71a83314,DLA7,189,26,280,280,3313071.0,3102658.98,58.17,15,9293.9,16286.4,7.1056
RouteID_4430db80-e89c-4a32-8791-25f785fd05f4,DSE5,163,11,208,208,4247527.0,2363766.86,91.17,15,11801.4,18964.3,8.546
RouteID_4437c267-d648-4a6c-ae4e-114375dab475,DSE5,175,15,224,224,3313071.0,2193407.65,68.93,14,13276.1,15439.3,7.9765
RouteID_4437d348-1be7-45e0-bbcf-6d9819da0377,DLA9,123,31,272,272,4247527.0,2917687.4,80.37,15,7589.6,21859.6,8.1803
RouteID_444019a5-0419-4329-b915-3944c175af4b,DLA7,167,27,257,257,3313071.0,2964642.58,80.51,14,10762.9,20690.2,8.737
RouteID_4449a5ec-3a32-4188-86bb-c4c7253de5c2,DCH3,145,16,182,182,3313071.0,2446853.99,78.13,13,15213.6,14219.9,8.176
RouteID_44585757-796e-4db2-93b6-f5c7b27f42e3,DBO3,116,24,231,231,3313071.0,2939209.48,75.75,12,12647.6,17499.4,8.3742
RouteID_446dad63-8a4a-48f1-a332-bba9c8d24c8c,DLA5,171,22,254,254,3313071.0,2847191.78,62.09,14,12819.3,15769.6,7.9414
RouteID_446f5a82-3a7c-47c5-8b0f-6957b8a5b34d,DCH1,154,17,203,203,3313071.0,1542670.36,59.32,14,14432.2,12041.1,7.3537
RouteID_4475d9b6-b148-43e4-9ffe-a13224d2b7e3,DLA7,168,23,229,229,3313071.0,2409049.89,66.0,15,10958.3,15113.6,7.2422
RouteID_447e725b-f364-4292-8e11-fc3c5f2bf86f,DCH3,156,12,222,222,3313071.0,3226006.94,55.06,13,10416.5,12222.5,6.2886
RouteID_4497ac23-a8f7-4717-b598-47c2a72e6617,DLA7,148,21,263,263,3313071.0,2553036.34,67.81,14,10173.4,17834.1,7.7799
RouteID_44a88e4f-3d5e-48df-91ad-b61aa465a348,DCH3,195,21,266,266,3313071.0,2685704.4,55.5,14,13879.7,14763.0,7.9563
RouteID_44ac8904-5504-4623-bf2e-eb959a062bc0,DSE2,136,15,196,196,4247527.0,2063808.97,98.07,14,8785.0,19222.5,7.7799
RouteID_44b4299d-24a9-4153-b081-904d5580cbc5,DCH3,202,18,269,269,4247527.0,2425305.11,58.51,13,15486.1,15738.9,8.6736
RouteID_44b9118b-edbe-436b-a916-7621b0cc0731,DLA5,175,23,259,259,3313071.0,3127107.65,71.58,16,11385.4,18538.3,8.3121
RouteID_44eaa33d-401e-4a61-bbdf-0b29e819543a,DCH2,103,24,294,294,3313071.0,3285592.73,61.74,14,6868.6,18152.6,6.9503
RouteID_44f05e18-630d-48e2-b07f-ae93261c1ba3,DBO2,129,20,274,274,3313071.0,3067223.07,63.43,14,7585.4,17380.7,6.935
RouteID_450e7d9a-fa77-40e5-ac6c-4971f79e7ab4,DCH3,195,18,247,247,3313071.0,2306458.14,51.52,12,12520.7,12725.5,7.0128
RouteID_451a5232-f32b-4eb1-9051-945bae918d36,DSE5,138,10,201,201,4247527.0,2015794.95,76.41,14,13090.9,15357.7,7.9024
RouteID_452b0b8e-df19-4965-b9c9-36cfc700721b,DCH2,161,22,285,285,3313071.0,3256039.14,51.04,13,8643.4,14546.7,6.4417
RouteID_452c0278-638f-4f85-8f2b-63c030d3af43,DSE5,197,16,280,280,4247527.0,3543389.06,48.5,14,12092.1,13579.3,7.1309
RouteID_453c9b75-6341-4f85-a47d-ed0c51a5cb16,DLA7,151,22,228,228,3313071.0,2652927.7,69.29,15,9730.5,15797.4,7.0911
RouteID_4541d1fc-3ce6-4fc8-99be-3e0d4b5383c2,DSE4,76,13,206,206,4247527.0,2613008.38,66.16,15,5732.9,13628.9,5.3783
RouteID_4544f2d1-edc1-4ac9-8b0a-5118e844045a,DSE4,90,11,202,202,4247527.0,2773747.37,100.95,15,6602.4,20392.2,7.4985
RouteID_4569e072-a4c3-4d5f-974f-439b1d9b91bd,DAU1,188,33,285,285,4247527.0,3455471.67,51.91,15,13532.9,14793.4,7.8684
RouteID_4572dcba-e4a0-4de7-9470-055f8722979b,DLA9,124,20,239,239,3313071.0,2293325.96,70.68,15,9089.0,16891.7,7.2169
RouteID_45873b4c-da47-4e8d-9b3c-bdcd53a7449d,DSE2,125,20,231,231,3313071.0,2613918.26,96.22,14,7771.9,22226.0,8.3327
RouteID_458d8ea6-d48e-4fa7-bae4-7750f0c9954a,DLA7,158,22,216,216,3313071.0,2373254.25,68.18,16,10410.6,14726.1,6.9824
RouteID_45c00152-26e3-4d97-b4ed-2ea44ca03afb,DCH4,187,23,246,246,3313071.0,3232039.81,38.17,15,14851.9,9389.6,6.7337
RouteID_45d665b7-f5c4-475a-8237-0ec3f21597e9,DLA7,149,26,212,212,3313071.0,1855565.59,69.74,16,11579.5,14784.2,7.3232
RouteID_45d8fba9-02b5-4f6d-b7a2-3ea1779cd9f9,DLA3,99,15,163,163,3313071.0,1678303.97,116.52,14,6779.2,18992.6,7.1588
RouteID_45da35ee-e369-4303-a7d7-37ff90fe6dce,DLA9,142,21,246,246,3313071.0,2519902.02,74.62,16,7847.2,18356.4,7.2788
RouteID_45f55036-b864-4399-9b69-b8c6bd0a6d65,DBO2,170,26,246,246,4247527.0,3112727.89,62.93,13,12921.4,15480.3,7.8894
RouteID_46032303-ab9b-45de-8ebb-10596e261b3b,DLA7,141,22,229,229,3313071.0,2512457.72,73.18,14,9187.2,16757.4,7.2068
RouteID_4604dbcd-6b1f-4941-8b2b-28809e54dd9e,DCH4,151,16,209,209,4247527.0,2990091.02,56.55,13,12715.6,11818.4,6.815
RouteID_461362c5-9c9a-4570-b98f-f8617a4e3de4,DBO3,143,27,235,235,4247527.0,2594920.49,73.57,12,13331.9,17288.8,8.5058
RouteID_461d7ad7-e85d-47f1-b367-64a36c002b7a,DBO3,145,25,189,189,4247527.0,2497206.52,53.17,12,15060.3,10049.0,6.9748
RouteID_4627833f-6e12-4980-9cf0-7a4ee8bed3ce,DLA7,171,22,237,237,3313071.0,2126111.63,68.78,16,12979.0,16301.8,8.1336
RouteID_462dcfbb-edda-4204-bc82-c859b8890f66,DLA9,119,24,237,237,3313071.0,2762427.47,82.97,13,8749.5,19664.7,7.8928
RouteID_4642b6e3-62d1-46e8-bb5d-fbb9eb4bfa71,DSE5,166,15,232,232,4247527.0,2627692.83,54.6,13,15638.4,12666.4,7.8624
RouteID_464479a8-74a9-4e08-b8af-16fa628d3d50,DCH4,167,25,294,294,3313071.0,2913723.48,53.89,14,10483.0,15843.5,7.3129
RouteID_464488dc-917f-4823-9d17-714d8fc44b9d,DLA7,186,22,277,277,3313071.0,3039303.89,55.26,15,10743.9,15308.2,7.2367
RouteID_464576f3-ed2d-4797-995c-238c0a0f09ab,DSE5,157,14,206,206,4247527.0,2116009.07,69.17,13,14113.9,14249.1,7.8786
RouteID_4673173f-cb2a-47c4-9bab-bbb7b46e83ba,DLA7,141,19,223,223,3313071.0,2519270.64,74.06,16,8426.9,16514.3,6.9281
RouteID_4674d12a-24c1-4665-9dbb-1ec21f451234,DSE4,147,24,257,257,3313071.0,3309277.38,54.09,14,12958.5,13900.1,7.4607
RouteID_468a08d3-4f88-4059-9190-95053d4436b7,DCH4,178,27,255,255,3313071.0,3277803.36,45.58,14,17068.2,11624.1,7.9701
RouteID_46a0f815-4afe-4eaa-b34a-754e712e9b9a,DLA7,132,20,255,255,3313071.0,2587794.66,60.03,15,9514.9,15307.4,6.8951
RouteID_46a3091f-d960-4b2f-8d02-f7f2b0197aa7,DCH1,175,18,258,258,3313071.0,2332433.55,48.43,14,12941.4,12495.2,7.0657
RouteID_46a7e9e1-56d1-4492-9ddf-e8a4f0093760,DSE4,172,23,255,255,3313071.0,2665293.47,88.28,15,11759.4,22511.4,9.5197
RouteID_46aa4a73-b48b-4d87-a5f6-1ee4614c64d6,DLA3,169,23,245,245,3313071.0,2636561.62,86.62,15,6575.7,21222.0,7.7216
RouteID_46aac938-688c-4671-80f4-406cc7b3e1e7,DSE5,153,12,208,208,4247527.0,2098640.19,76.32,15,10037.8,15874.0,7.1977
RouteID_46ad0f6e-1e1c-4e42-b851-e33cbfb0466a,DCH2,157,22,271,271,3313071.0,2954652.52,69.4,14,9995.2,18808.3,8.001
RouteID_46bd777c-fe55-4bf4-a0d9-6094ee4b07db,DLA7,152,17,232,232,3313071.0,2669489.92,59.4,16,11826.9,13780.2,7.1131
RouteID_46cb85fd-a14e-4500-bb23-e5a23572b52f,DSE5,162,12,237,237,3313071.0,2583424.64,69.97,14,13222.8,16583.9,8.2796
RouteID_46d6745b-dfb2-4242-969a-599a49db14c4,DBO2,126,18,229,229,3313071.0,3107745.69,65.02,13,8779.2,14890.3,6.5749
RouteID_46de55e4-b5bb-48fd-baa1-6d8b147e3535,DLA9,151,27,267,267,3313071.0,2221285.32,78.89,15,10215.8,21063.3,8.6886
RouteID_46ead2f2-e1e3-4ab3-838f-835a944d6a59,DLA3,88,19,242,242,3313071.0,2047544.61,76.22,16,4802.3,18445.7,6.4578
RouteID_46ec78c2-54e8-4c59-a3c5-c19927d0c886,DSE4,175,25,263,263,3313071.0,3208076.52,60.07,15,11680.7,15797.7,7.6329
RouteID_4702bd1b-4553-42b3-bab9-dde9dab1c31f,DSE4,132,26,250,250,3313071.0,2609638.65,57.48,14,10270.4,14370.1,6.8446
RouteID_47031169-4f7e-45b2-851f-221ff269b054,DLA7,159,22,265,265,3313071.0,3233852.92,69.65,16,11788.4,18458.4,8.4019
RouteID_47098b63-05a2-4dd7-9998-49abb6db18ce,DLA8,175,18,266,266,3313071.0,2756616.66,62.88,16,11798.4,16726.2,7.9235
RouteID_4711a81d-e30d-42d9-be13-036970e61832,DBO3,135,25,253,253,4247527.0,2717331.38,51.98,11,10404.5,13151.2,6.5433
RouteID_47499a90-e9cb-4292-ba31-d68e67212b79,DSE4,148,21,236,236,3313071.0,2549368.27,60.43,14,11386.9,14262.2,7.1248
RouteID_474fd8e0-c4c4-4fbd-9823-b9b2184cd73d,DAU1,136,27,207,207,4247527.0,3322659.7,98.49,14,10928.1,20386.5,8.6985
RouteID_47634668-1bba-4783-9fb1-be88822a3e78,DLA7,174,25,267,267,3313071.0,2850633.21,42.66,16,9687.2,11390.2,5.8548
RouteID_4765734b-1db4-47c0-b391-af8a6084eb38,DBO3,172,31,228,228,4247527.0,2861616.16,58.94,12,14269.1,13437.8,7.6964
RouteID_476da649-cb39-45d0-a9c5-5f2a0af43301,DLA9,123,21,229,229,3313071.0,2240221.78,94.73,16,7404.8,21693.6,8.0829
RouteID_4774356d-68a9-4ec9-931e-7da95882fafe,DCH1,144,25,249,249,3313071.0,3150523.25,81.19,14,7090.6,20215.8,7.5851
RouteID_4777b19b-d4f8-4b72-9cc7-c7a70f1954af,DCH1,162,19,218,218,4247527.0,2229609.86,77.8,14,13417.5,16960.9,8.4384
RouteID_47805220-642f-4293-bc20-bf3a1c4f5b24,DLA9,118,22,279,279,3313071.0,3210441.73,81.21,14,7643.9,22657.7,8.4171
RouteID_479657fa-4210-427c-b5cc-06267c91636f,DCH4,195,29,287,287,4247527.0,3521220.27,59.86,15,11465.2,17181.2,7.9573
RouteID_47a15b54-0a83-4152-86cd-ce9eaf400c39,DLA5,168,19,255,255,3313071.0,2700786.99,57.71,15,11706.5,14715.2,7.3394
RouteID_47a640a0-19b4-4a82-b675-00da3fd29b3d,DCH3,166,19,255,255,4247527.0,3621005.05,56.95,14,10924.2,14521.0,7.0681
RouteID_47a76580-bd09-4e77-91bc-a6778ceda7f9,DBO2,151,25,262,262,3313071.0,2941944.58,70.67,13,9652.2,18515.2,7.8243
RouteID_47a84731-eced-422f-b3c8-56137ec6d772,DBO3,165,28,212,212,3313071.0,2426158.08,69.32,12,15129.7,14696.5,8.2851
RouteID_47ab2d15-2eaf-4a78-ab56-65a65586d629,DLA7,166,23,233,233,3313071.0,2093395.91,54.07,14,12485.4,12598.6,6.9678
RouteID_47ad9422-08c1-4ba0-a135-10cd9433b302,DCH4,142,24,224,224,4247527.0,2076653.65,66.36,15,11578.8,14864.5,7.3454
RouteID_47afeff8-d7b2-4f18-9858-fe337950aa2b,DSE4,183,21,275,275,3313071.0,2417447.75,54.37,14,11745.6,14952.7,7.4162
RouteID_47bfbc99-9703-4e42-9e6e-ed6164522653,DBO3,205,26,267,267,4247527.0,3668172.81,44.77,12,14646.5,11953.8,7.389
RouteID_47c74567-2e76-4d97-ac26-43e9197b9829,DLA8,107,11,206,206,3313071.0,3138786.44,107.7,16,6180.0,22186.6,7.8796
RouteID_47c9ed8a-a4e7-42ca-8358-236fd06e9f59,DLA9,130,23,251,251,3313071.0,2931968.78,80.46,13,8860.7,20194.6,8.0709
RouteID_47d09204-e2af-4293-b151-7ec5c992ba96,DBO3,169,24,215,215,4247527.0,2854790.5,78.04,12,14361.6,16779.1,8.6502
RouteID_47d13b50-08a2-470f-9769-35f0bc0e9c3b,DLA9,121,18,232,232,3313071.0,2694309.78,85.62,15,9853.7,19862.9,8.2546
RouteID_47d52d08-bf08-4632-a0b5-dc6397cba32f,DSE5,123,11,185,185,4247527.0,2098837.62,86.97,15,10680.7,16088.8,7.436
RouteID_47f38c7b-541d-4906-8dc8-eb397451b294,DLA9,182,22,265,265,3313071.0,2914073.71,79.9,15,11805.8,21173.6,9.1609
RouteID_47f85093-e0ae-40b1-8de1-eafb7b40542e,DBO3,150,15,211,211,4247527.0,2617131.91,60.3,11,12418.7,12722.8,6.9837
RouteID_47ff76de-3e60-4f87-bc7a-2b2fa8f724a3,DSE2,119,19,230,230,4247527.0,2656215.1,93.48,14,5797.6,21500.3,7.5828
RouteID_48002fe3-19ce-4438-af15-536f019b012e,DLA8,130,22,266,266,3313071.0,2750589.78,58.18,15,6369.9,15476.4,6.0684
RouteID_48274e67-29e0-4db7-8f67-eb2d2c3465a0,DLA7,118,23,208,208,3313071.0,2313308.46,91.53,14,8604.5,19037.3,7.6783
RouteID_4832e138-2d99-43e5-bc69-ce0e227440d0,DLA3,87,17,180,180,3313071.0,1839030.78,116.92,14,5642.3,21046.3,7.4135
RouteID_483c89cd-41cd-4995-a1f1-432eb9fddeed,DLA5,191,26,268,268,3313071.0,2823420.62,52.37,16,12901.5,14036.1,7.4827
RouteID_48454abb-1c54-4ba1-9ca2-468eb287525c,DLA8,135,25,282,282,3313071.0,2360281.2,52.64,14,6874.6,14843.1,6.0327
RouteID_4848e48f-2d39-4306-a83b-d866172a9a6a,DLA4,131,12,222,222,3313071.0,3186305.26,68.82,15,10335.7,15278.5,7.1151
RouteID_4853a875-8cc9-4cd8-ab54-6e137907503c,DLA9,138,26,258,258,3313071.0,2750849.61,76.95,15,9103.2,19854.2,8.0437
RouteID_485ecbba-31b8-488d-872e-32fd4565e694,DSE5,151,14,219,219,3313071.0,2311817.67,54.41,15,11392.3,11916.5,6.4747
RouteID_485fe6e4-9e23-4df5-ac1b-1b9dfebf0051,DSE4,163,28,261,261,3313071.0,3029833.65,70.47,14,13934.9,18392.5,8.9798
RouteID_48610cd4-79a0-4191-b0d2-8ac3da3efd09,DSE5,177,15,250,250,3313071.0,2424633.65,60.94,14,11310.0,15234.8,7.3736
RouteID_4868549b-ed30-4b83-af03-0201f78974ae,DBO1,180,28,262,262,4247527.0,3463100.51,74.51,13,12262.7,19521.8,8.829
RouteID_487471cb-b4c2-4f71-a9c1-b11d7a8e8970,DSE2,87,19,203,203,4247527.0,2721076.0,96.31,14,5012.1,19550.9,6.8231
RouteID_4876274c-ac2a-4d5f-a1d3-e0879352ccf1,DLA3,158,19,225,225,3313071.0,2120742.57,76.17,16,10890.3,17137.8,7.7856
RouteID_487a97c7-12c1-427e-90e3-f43562ccd9fa,DSE4,184,25,274,274,3313071.0,2968340.55,67.48,15,11530.0,18488.7,8.3385
RouteID_488c0478-2fc2-4687-956d-12fea458fa4e,DLA7,125,19,225,225,3313071.0,2460492.12,60.02,15,10522.4,13504.7,6.6742
RouteID_4893f932-c8d5-4f01-80d9-b3e4c0e16fdc,DLA4,122,16,243,243,3313071.0,2722176.52,68.26,14,6652.8,16586.9,6.4555
RouteID_48941770-22e1-4c37-9d62-b3db81900ba6,DLA7,165,16,275,275,3313071.0,2828576.22,53.46,15,7972.1,14701.9,6.2983
RouteID_4895db7d-cd33-40e5-a1b1-e6259fc02528,DLA8,134,24,290,290,3313071.0,3174734.45,75.77,16,6439.4,21973.0,7.8923
RouteID_489c725a-0693-46ad-bb2f-fbed82dc5837,DLA7,130,20,168,168,3313071.0,1806175.63,106.75,14,11175.1,17934.1,8.0859
RouteID_48a5536a-7ee7-41d8-aac2-2e5cea375987,DAU1,106,24,234,234,4247527.0,2502816.74,67.35,14,7766.0,15760.8,6.5352
RouteID_48a9235d-3613-4cd9-aa8c-abdf64c9940c,DBO2,80,20,225,225,4247527.0,3268747.24,69.86,13,7365.1,15717.6,6.4119
RouteID_48b81b0b-4502-40c8-8a0a-0e67178f1bb3,DCH1,91,22,241,241,3313071.0,2646247.17,82.45,15,5502.8,19871.2,7.0483
RouteID_48c140d4-c791-4b5f-9d8f-cc9758297b7a,DLA7,149,19,191,191,3313071.0,1704198.84,65.17,15,13222.1,12447.0,7.1303
RouteID_48d12006-30d7-411d-91f8-a35eeef548ec,DLA7,141,23,224,224,3313071.0,2305419.32,62.09,16,11679.4,13907.8,7.1076
RouteID_48da8106-c758-4ff7-96d1-826bd6b90212,DBO3,150,21,283,283,4247527.0,3035747.89,65.34,11,9432.7,18490.2,7.7564
RouteID_48e08959-987e-4746-bf10-3eb08ca299d5,DAU1,161,29,237,237,4247527.0,3498199.69,64.55,14,9304.6,15297.3,6.8339
RouteID_48e2d5d6-ec00-4a6e-8df0-ed31b78410f3,DSE5,161,14,248,248,4247527.0,2606059.43,51.15,13,14342.9,12684.0,7.5075
RouteID_48e5adb4-daf6-4c2a-a9dc-0576a45721a3,DLA9,158,28,251,251,3313071.0,2639070.85,67.37,14,11117.2,16910.0,7.7853
RouteID_48f4cfad-d734-4683-b61e-4d25ae3153ab,DLA8,121,21,274,274,3313071.0,3008842.87,72.81,17,6294.4,19951.1,7.2904
RouteID_48f9b32e-0f38-431b-a0b0-69bfbef633f0,DLA9,124,24,254,254,3313071.0,2689834.61,51.95,16,9521.0,13194.3,6.3098
RouteID_490bc1a9-1899-41f2-b05f-e88a2bc18570,DBO3,170,31,227,227,4247527.0,2435657.56,54.74,12,14085.8,12426.8,7.3646
RouteID_4911a788-48d0-4229-ac92-a70d3a5fa2cf,DCH4,168,20,232,232,4247527.0,2180709.96,59.44,15,13756.5,13790.5,7.6519
RouteID_491b6101-ac90-4b30-82b1-86cadb2df6a8,DBO2,180,26,278,278,4247527.0,3573467.1,65.67,13,9216.3,18256.9,7.6314
RouteID_49241a0e-00eb-401a-93ab-ce909f56dd8a,DLA7,131,22,215,215,3313071.0,2223792.09,80.05,14,9458.2,17209.7,7.4077
RouteID_4929e984-b062-4f4f-9513-c1f7cefea730,DCH4,161,21,221,221,4247527.0,2415353.06,72.3,13,14586.0,15979.2,8.4903
RouteID_492ce47a-9335-4631-be76-87ab87744cdc,DCH4,175,26,281,281,4247527.0,3414572.68,58.83,14,10883.2,16530.5,7.6149
RouteID_49462c90-b093-4cf6-a0a9-a9d8aa382c7d,DLA9,114,24,219,219,3313071.0,2489114.95,95.81,15,7855.6,20982.2,8.0105
RouteID_494a66df-24d3-426e-9305-b48e04f4c899,DLA7,139,22,201,201,3313071.0,1826198.44,82.2,15,9559.6,16522.4,7.245
RouteID_4980361c-9672-43d5-9097-ca7d66cdb83b,DLA8,81,17,260,260,3313071.0,3166800.87,77.3,15,5527.0,20098.5,7.1182
RouteID_49923878-b335-40da-9584-6153a1f8eca1,DLA3,96,20,215,215,3313071.0,1821712.42,102.09,15,6050.9,21948.9,7.7777
RouteID_49961695-52b0-4efd-b85c-690a056f7de6,DBO2,94,14,221,221,4247527.0,2568507.24,102.26,12,7646.1,22598.4,8.4012
RouteID_49a6e711-1006-494f-b4c9-847cbbbf0cbf,DLA7,157,22,232,232,3313071.0,2106283.23,60.83,16,12033.7,14113.3,7.2631
RouteID_49aefc69-73cc-4e12-86d4-2d1953b90f37,DCH4,151,24,224,224,4247527.0,2101945.05,69.28,15,11089.4,15518.7,7.3911
RouteID_49bd90dc-53bb-4bb0-b021-de56763bc405,DCH3,191,19,267,267,3313071.0,2644295.99,52.43,15,13214.1,13997.9,7.5589
RouteID_49c71725-58f8-4365-8b74-6c5fce67ecef,DBO3,200,34,246,246,3313071.0,3268706.25,60.14,12,14836.3,14794.8,8.2309
RouteID_49c9fd9b-6a3b-4b97-a121-575f3cd69578,DCH1,80,26,265,265,3313071.0,3177241.66,83.52,14,4747.4,22132.1,7.4665
RouteID_49ca91d5-1cd5-4efa-9fed-7fca0de15f89,DLA7,130,15,180,180,3313071.0,1792035.25,62.22,15,10145.7,11199.0,5.9291
RouteID_49df3871-c437-47a2-aa71-658abcba5f9c,DLA9,150,24,242,242,4247527.0,2458219.02,73.86,14,10587.9,17875.1,7.9064
RouteID_49ef11ce-d64e-4025-903c-8de13b52e63b,DLA8,175,22,287,287,3313071.0,2731746.24,66.76,17,9017.6,19160.2,7.8272
RouteID_49f82f0d-95e3-486c-be9c-0bf6b71b77ee,DLA7,132,27,179,179,3313071.0,2023377.71,73.16,15,12284.0,13095.2,7.0498
RouteID_49fbd281-adbe-48c7-9a99-587bcf5a9435,DBO2,151,31,239,239,3313071.0,2954801.48,63.3,14,8598.5,15128.9,6.5909
RouteID_49fdeaf1-936b-4f96-85b6-cc1a5cc07569,DSE4,121,13,203,203,4247527.0,2976420.75,80.07,15,7881.1,16255.1,6.7045
RouteID_4a0472b0-c5d2-450b-b4fc-9e725092134e,DLA7,158,25,249,249,3313071.0,2612279.86,62.22,15,11839.2,15491.9,7.592
RouteID_4a08b1ea-e05b-40da-86c0-02c623747663,DSE5,200,15,280,280,4247527.0,2875456.2,54.47,14,10747.4,15251.8,7.222
RouteID_4a112202-c581-4d03-b44c-3c94cfb2b347,DLA7,127,21,210,210,3313071.0,2406074.89,79.43,14,10595.7,16679.4,7.5764
RouteID_4a128593-fe8a-4e47-a95b-b391fdd9668a,DCH4,196,29,268,268,4247527.0,3001439.54,62.26,13,15076.6,16686.5,8.8231
RouteID_4a17ea28-88d4-4437-9fd8-69b7d5c9fc9b,DSE4,100,24,222,222,4247527.0,2859396.62,70.84,15,7175.1,15727.0,6.3617
RouteID_4a181647-05ea-44e8-8f97-4bfe99767d0c,DSE4,160,27,255,255,3313071.0,2634568.59,61.01,15,11349.7,15558.3,7.4744
RouteID_4a3b2f02-cdfe-45a9-be1c-746d2d2827bb,DLA7,180,23,292,292,3313071.0,2646974.53,47.15,16,11098.0,13766.8,6.9069
RouteID_4a421e29-d853-4132-9a76-194fdb82c67a,DBO2,153,24,221,221,3313071.0,2825959.02,63.88,13,13198.1,14116.4,7.5874
RouteID_4a43f8e8-4b6d-4454-b312-62d6759688d6,DSE4,176,22,261,261,3313071.0,2516999.79,78.5,15,11424.2,20489.1,8.8648
RouteID_4a48cec1-86b0-442b-9edf-02a07bdc07d3,DLA7,157,22,220,220,3313071.0,2047843.7,63.01,14,10147.5,13861.7,6.6692
RouteID_4a55ad0d-d039-4c05-b5e7-78b7bba78c3d,DLA4,125,11,183,183,3313071.0,1721473.38,109.93,16,10591.5,20116.8,8.5301
RouteID_4a6788f2-62dc-428f-a5b9-f7f9bfacba96,DBO3,172,23,243,243,4247527.0,3954495.15,48.49,13,14265.0,11783.6,7.2357
RouteID_4a68c371-bd49-4327-a798-88c0a62f03f7,DLA7,167,24,267,267,3313071.0,2783092.31,44.17,16,10433.6,11794.7,6.1745
RouteID_4a7b7894-f2a8-4ce8-9046-70bacb59cb01,DLA7,182,23,262,262,3313071.0,2896126.5,57.47,16,12670.6,15056.6,7.702
RouteID_4a873b5e-4a66-4156-aea6-6206f6d95f4e,DCH3,203,23,274,274,4247527.0,2870633.37,60.1,13,15673.7,16467.9,8.9282
RouteID_4a8fe215-9746-4b0c-94f0-dd0127bb07ff,DSE4,141,16,242,242,4247527.0,2714755.27,77.25,15,8341.3,18695.1,7.5101
RouteID_4a9ba924-33dd-480b-b10a-243631b9673d,DLA7,147,22,221,221,3313071.0,2399746.52,58.42,14,11101.5,12911.9,6.6704
RouteID_4aadbfdb-3928-4b4b-bd14-072f9d60fa0f,DSE5,188,15,288,288,4247527.0,2949700.68,59.05,15,11307.5,17006.6,7.865
RouteID_4ac5068d-f0db-45d3-8201-1dac6892d3d0,DBO1,153,19,284,284,4247527.0,3306478.89,58.58,13,10430.7,16635.4,7.5184
RouteID_4ace7e5a-c2ce-4d2e-b1a7-83e3696442b2,DSE4,116,13,213,213,4247527.0,2565320.3,82.98,15,6957.8,17673.9,6.8421
RouteID_4ad4622a-f156-474c-aa2f-c0e80824ddbe,DBO2,189,20,245,245,4247527.0,3141707.98,43.99,12,14371.9,10778.5,6.9862
RouteID_4ad4ddf8-61da-4947-a4ad-3da624c9bf03,DCH4,185,23,257,257,4247527.0,2877069.91,52.38,15,13011.8,13462.2,7.3539
RouteID_4ad59250-4ad4-41ce-83fc-129767c22283,DCH1,110,28,245,245,3313071.0,2912873.66,95.59,14,5841.2,23419.2,8.1279
RouteID_4ada5c23-a76d-4137-88b8-3d0e6c851575,DLA7,153,27,238,238,3313071.0,2324154.59,62.28,14,9762.9,14822.3,6.8292
RouteID_4aea89a5-7f4b-4c3b-946b-943bc36148fa,DLA4,169,13,272,272,3313071.0,3262566.7,58.29,15,12221.9,15856.2,7.7995
RouteID_4af4142c-1f8e-4f08-bb12-e46084393fd2,DBO2,137,26,247,247,3313071.0,3220659.97,86.47,13,8655.8,21358.7,8.3374
RouteID_4b0a7777-49c8-4442-b515-754c37e968ab,DBO3,118,16,174,174,4247527.0,1748097.64,66.82,11,10103.9,11626.3,6.0362
RouteID_4b0d937a-2513-4bca-9833-bbf1a5d63590,DSE4,93,34,197,197,4247527.0,2366513.43,78.24,15,7556.6,15413.7,6.3806
RouteID_4b0f8b14-9dbf-4cd0-9ad0-f9b6ce31bb4d,DLA7,97,9,161,161,3313071.0,1906648.54,49.12,16,7451.6,7909.0,4.2668
RouteID_4b163e49-3e85-43e6-b994-9ca8ae72ea1a,DLA9,110,20,215,215,3313071.0,2440784.65,88.1,16,7845.2,18940.5,7.4405
RouteID_4b23c253-d842-40cd-b3e4-14ba69d2e679,DCH1,108,18,271,271,3313071.0,3190711.78,73.6,14,6061.5,19945.6,7.2242
RouteID_4b2c6211-0573-4c7e-840d-c2e8b1db468f,DSE4,120,15,190,190,4247527.0,2328034.75,87.92,15,9149.7,16704.4,7.1817
RouteID_4b2d1472-a97f-4331-ae2b-d0a9b3851e4e,DSE4,167,26,258,258,3313071.0,2942232.35,73.96,15,10557.3,19081.9,8.2331
RouteID_4b35ee2e-75b7-4286-97cd-0a559e3b230c,DLA7,150,20,238,238,3313071.0,3053811.12,56.08,15,10683.5,13347.6,6.6753
RouteID_4b3e7da9-5627-4b1e-af9e-63e549a76152,DLA7,183,27,258,258,3313071.0,2899109.53,55.15,16,12775.4,14229.0,7.5012
RouteID_4b4a91db-cf27-4f99-92b1-1776afd7daff,DSE5,178,20,277,277,3313071.0,3024166.75,44.53,15,11678.0,12334.1,6.67
RouteID_4b4d8e72-7e4d-4a97-94c3-1c2b653c8503,DSE5,115,6,183,183,4247527.0,2235668.07,98.3,14,13104.5,17988.8,8.637
RouteID_4b5582b2-ad30-46b5-a814-eef450c82107,DBO3,176,22,250,250,4247527.0,3296269.26,61.83,12,12084.3,15458.6,7.6508
RouteID_4b5df090-96f1-491e-91e2-0799de36bd93,DLA7,156,25,232,232,3313071.0,2335723.64,69.77,15,13896.7,16186.3,8.3564
RouteID_4b6de95e-9ce9-4622-8665-55e527f36e0a,DCH1,63,22,199,199,3313071.0,2222239.5,91.38,15,5183.5,18183.8,6.4909
RouteID_4b732bb5-3016-4df8-941d-9c61ea1c4b93,DSE5,188,16,281,281,3313071.0,3161205.09,56.63,15,12763.0,15913.8,7.9658
RouteID_4b87f7c6-6f56-48d7-9dd8-916e6213fd7b,DLA4,85,13,205,205,3313071.0,2532224.92,75.43,14,4986.0,15462.7,5.6802
RouteID_4ba0d71d-b87a-4bad-81a8-e4645e118ca4,DCH1,85,13,192,192,3313071.0,1882292.71,92.38,14,9006.4,17736.3,7.4285
RouteID_4bcd7569-a73e-442d-a246-f4549d2191fb,DLA8,80,22,210,210,3313071.0,2239287.3,80.88,14,5403.9,16985.2,6.2192
RouteID_4bdd10f2-f001-49c7-8ec9-d43e7b9a2109,DLA9,152,26,242,242,4247527.0,2763477.9,58.39,14,12350.7,14130.3,7.3558
RouteID_4be375b3-a89d-406f-9605-08e0a7ffc4da,DLA7,156,26,204,204,3313071.0,2011908.16,48.73,14,12426.1,9940.1,6.2128
RouteID_4be756fe-f03d-40e1-a1fe-09c45c8b608f,DCH4,179,20,276,276,3313071.0,3070578.34,48.16,14,15446.2,13293.0,7.9831
RouteID_4bf6d9a4-2c45-4a3c-b9e3-49a48715df06,DSE4,164,23,261,261,3313071.0,2879512.04,61.48,14,11469.1,16045.1,7.6428
RouteID_4bfb788e-9ac8-4fce-b513-7da84e7de698,DSE4,155,23,294,294,3313071.0,2937917.38,61.65,15,10738.0,18124.2,8.0173
RouteID_4c06b261-0443-46af-8deb-555e34156507,DLA3,93,24,209,209,3313071.0,2157206.12,107.3,16,6887.1,22425.0,8.1423
RouteID_4c13d6b3-6365-4f00-8c7e-e41c646166b4,DCH2,97,21,277,277,3313071.0,3234047.03,77.32,14,7637.6,21418.1,8.071
RouteID_4c2beef4-22d2-49b4-94d2-b59b9ca2fb4a,DLA7,181,23,269,269,3313071.0,2810272.98,70.23,16,12886.2,18893.0,8.8276
RouteID_4c2de082-63b5-4eaf-8932-97fc441af165,DLA4,145,18,254,254,3313071.0,3273587.14,61.38,14,8627.5,15589.4,6.7269
RouteID_4c41f82f-0a8a-4bf8-924a-3aa71df59478,DLA3,134,12,215,215,3313071.0,1834903.86,63.13,14,9475.5,13573.6,6.4025
RouteID_4c5e413e-b8b5-4a3d-96fa-f50a55cddf12,DLA9,154,19,261,261,3313071.0,2645839.65,86.77,15,10897.4,22646.2,9.3177
RouteID_4c5edacb-b2d9-4532-aa56-b6f5c8f323ef,DLA9,105,24,287,287,3313071.0,3264681.13,78.54,16,9031.0,22541.7,8.7702
RouteID_4c5fa0a1-95d0-416a-8189-5988f4b9a77c,DCH3,190,19,273,273,3313071.0,2692379.1,44.57,14,12443.8,12168.1,6.8366
RouteID_4c74b4bb-2a34-4d7d-a38c-f66584f1e478,DBO2,61,20,167,167,4247527.0,2188516.24,126.33,11,6383.1,21097.3,7.6334
RouteID_4c7c1e59-bdef-4f62-b237-7bb61964a1a2,DCH4,163,22,256,256,4247527.0,3295918.6,64.12,13,12781.6,16415.4,8.1103
RouteID_4c7ff8bc-4533-448b-a253-0c502571ec76,DLA9,107,16,277,277,3313071.0,3020774.34,64.52,14,9176.5,17872.8,7.5137
RouteID_4c891ac7-a6c7-4258-808d-10d006273620,DLA7,129,23,200,200,3313071.0,2213956.43,101.06,15,10129.2,20212.3,8.4282
RouteID_4cab5921-6d5d-4530-99d4-e00cd672cc0b,DLA5,183,19,250,250,3313071.0,2249621.21,64.31,16,12640.3,16078.3,7.9774
RouteID_4cb01a85-ffa0-45e6-b3c0-0d3dfd3374cd,DLA3,66,23,209,209,3313071.0,2997374.65,100.12,15,4441.5,20925.4,7.0464
RouteID_4ccc8f33-d04b-47de-8465-0b5c3a96d5e2,DSE4,115,14,208,208,4247527.0,1995088.44,87.27,15,7577.4,18151.8,7.147
RouteID_4cd2cad5-e50c-40d7-af2f-8fc5fc6b56b0,DLA9,126,23,231,231,3313071.0,2491181.69,90.86,15,10854.9,20989.7,8.8457
RouteID_4cd39093-4444-4bee-b342-444a00a70dfc,DCH4,180,26,293,293,4247527.0,3839610.19,63.67,15,12205.9,18655.2,8.5725
RouteID_4ce87306-6d7d-49ce-8198-ab00a6fa7f4d,DSE5,137,10,188,188,4247527.0,2589017.4,68.0,14,13715.8,12784.9,7.3613
RouteID_4d0a01f5-526a-4f35-a113-7d6847fdc0cb,DBO3,211,26,293,293,4247527.0,4234231.56,42.15,12,15557.3,12351.2,7.7524
RouteID_4d118278-6f3d-4ed3-9983-dd8f580aea61,DLA7,202,26,293,293,3313071.0,2727131.73,58.73,15,11052.4,17206.8,7.8498
RouteID_4d123e52-f8da-4d59-b4e4-6d2c225435e0,DCH4,179,24,242,242,3313071.0,3091267.76,76.77,15,13114.6,18579.2,8.8038
RouteID_4d246681-549e-4e28-a834-4efacbedec9b,DAU1,184,38,271,271,4247527.0,2920683.74,70.32,15,12612.9,19057.7,8.7974
RouteID_4d258d43-b053-4f00-96ef-55bb58cca10a,DCH4,162,17,241,241,4247527.0,3576669.73,53.32,15,12395.1,12850.5,7.0127
RouteID_4d2c7f2b-3863-45ed-962a-bc0d07727eeb,DSE4,164,29,253,253,3313071.0,3007952.15,67.23,14,12257.7,17009.4,8.1297
RouteID_4d3d69c6-28b9-44fe-9b04-4d5d643eb26f,DSE5,162,15,231,231,3313071.0,2162099.74,84.34,14,12391.6,19482.0,8.8538
RouteID_4d460f58-115e-43b9-b39b-29c4d4236326,DSE5,205,16,291,291,3313071.0,3129539.06,52.23,15,13182.0,15199.1,7.8836
RouteID_4d4a68f3-982f-4fc2-ba37-a897902e3013,DCH2,149,17,224,224,3313071.0,2497745.49,62.49,14,11048.5,13997.5,6.9572
RouteID_4d529881-1843-46d1-b94d-161030939c6e,DLA9,201,19,283,283,3313071.0,2924487.28,67.3,16,11748.5,19045.3,8.5538
RouteID_4d57edec-1cea-482c-9e00-1748e3e08b21,DLA3,108,18,183,183,3313071.0,2095637.1,76.76,16,10739.2,14047.0,6.8851
RouteID_4d5d2a1d-dbf2-421c-81be-577e95c723b9,DLA9,165,25,288,288,3313071.0,3275477.4,64.33,16,8926.7,18526.9,7.626
RouteID_4d60fbeb-9860-4995-8f5c-145416eb24c2,DLA3,157,13,249,249,3313071.0,2049141.18,76.93,14,9680.6,19155.9,8.0101
RouteID_4d763cb6-27c4-4f87-aca7-4b66ecf04c1d,DSE2,147,18,230,230,4247527.0,2835457.85,88.09,15,9898.0,20260.9,8.3775
RouteID_4d79bf85-4521-44ec-aebc-b64ef04e56df,DLA7,141,22,216,216,3313071.0,2036979.99,64.41,15,12596.2,13912.1,7.3634
RouteID_4dafd262-7537-43e9-a084-884b96c541d2,DBO3,154,31,212,212,3313071.0,2332419.78,45.37,12,14954.8,9619.1,6.8261
RouteID_4db24e6e-58e3-489f-8422-a1c3515b0591,DLA3,117,29,227,227,3313071.0,3135012.97,99.93,15,7313.7,22683.2,8.3325
RouteID_4dbd5173-6f32-46c3-94be-8ffc91953de7,DBO3,145,16,195,195,4247527.0,2422239.33,72.2,11,12304.7,14079.9,7.3291
RouteID_4dc98443-88a4-4ee2-a4ff-76a9cddbf947,DCH2,146,17,262,262,3313071.0,2394783.86,47.41,14,9982.7,12421.0,6.2233
RouteID_4dcd5392-9ae4-48a3-9056-a29e42b99d8b,DAU1,158,31,271,271,4247527.0,2866213.94,52.08,15,11514.2,14114.2,7.119
RouteID_4de283f3-bf15-4b42-b48c-52cf20d11db8,DLA8,86,26,232,232,3313071.0,2312499.53,90.83,15,4403.3,21071.9,7.0764
RouteID_4df0e27a-1875-43e7-9e27-b5b095cd31cf,DSE5,112,8,165,165,3313071.0,1803318.29,65.37,14,14509.7,10785.6,7.0265
RouteID_4df8fc23-9f6a-48ad-97ab-4b49918c2c68,DSE5,134,8,174,174,3313071.0,2085298.18,67.72,14,15954.0,11784.0,7.705
RouteID_4e0329b7-6ae9-4125-9e94-4703129f7d97,DCH1,85,26,205,205,3313071.0,2053148.15,103.89,14,7036.1,21296.6,7.8702
RouteID_4e0b9d0a-1aca-4a6e-a3ee-edad92990ff8,DBO3,124,20,184,184,4247527.0,2692000.75,68.99,12,11682.1,12694.5,6.7713
RouteID_4e0ba736-945b-40f9-8773-a0abfd273cac,DCH3,191,23,274,274,3313071.0,3177676.6,85.36,15,9045.5,23389.8,9.0098
RouteID_4e0f1142-3e28-4537-b661-f2bfdb3419fc,DBO3,173,18,243,243,4247527.0,3627861.97,71.21,12,13773.4,17303.2,8.6324
RouteID_4e15c904-2e4d-4bf8-8b00-c1c911e7cff0,DCH2,185,20,260,260,3313071.0,2876107.82,59.28,12,15360.0,15412.7,8.548
RouteID_4e2585d2-8443-4767-865a-3b2ae994eb00,DSE4,175,26,277,277,3313071.0,3070521.74,59.25,15,10256.0,16411.1,7.4075
RouteID_4e29a605-0633-4472-b3ec-1e3a5ee6dae5,DLA9,150,26,241,241,3313071.0,2316485.07,74.59,13,11451.0,17975.3,8.174
RouteID_4e2f5cf8-00e2-4ae5-8d04-47803cdd944f,DLA9,126,20,217,217,3313071.0,2259175.22,89.68,13,9998.7,19460.1,8.183
RouteID_4e38c550-0fbc-4459-8797-8f4c329ba0db,DSE4,169,31,264,264,3313071.0,3238094.53,69.83,14,13086.5,18435.8,8.7562
RouteID_4e52b964-70f4-4f90-a388-24ec1fc89c54,DAU1,145,33,220,220,4247527.0,2590734.8,96.07,13,8425.3,21136.2,8.2115
RouteID_4e52e108-9f9f-4c23-ad03-de78121daa38,DLA8,154,19,212,212,3313071.0,2113746.5,90.21,16,8681.2,19124.4,7.7238
RouteID_4e5a3902-45ef-458b-994f-078abde86dd6,DCH3,173,19,255,255,3313071.0,2977163.73,66.75,13,11818.4,17020.8,8.0109
RouteID_4e5cef8d-029f-43c4-944e-b60f61e7abf8,DLA5,181,22,261,261,3313071.0,2521002.89,76.85,14,12129.8,20058.2,8.9411
RouteID_4e64eea8-784f-4486-90ba-572700a16933,DSE5,118,9,210,210,4247527.0,1966111.71,81.98,14,8994.0,17214.9,7.2802
RouteID_4e6a1048-3174-4c3e-8e7f-e9982a5d1f72,DSE2,103,17,190,190,3313071.0,2066027.15,137.11,13,6676.5,26050.6,9.0909
RouteID_4e6f9dd3-7949-45ed-aa93-d1bb033dc649,DBO3,75,17,191,191,4247527.0,2085813.26,71.38,11,6797.5,13634.4,5.6755
RouteID_4e77db93-16ae-4e5d-bce9-33aecee5bb1c,DBO2,106,20,261,261,3313071.0,3247261.89,91.01,12,7413.3,23754.6,8.6577
RouteID_4e957c42-bcfd-47ea-90a0-f0d2b361cbad,DLA7,134,22,254,254,3313071.0,2626568.38,61.18,15,8909.3,15539.1,6.7912
RouteID_4e987be9-fe95-48ff-92bb-67d76ba983f9,DLA8,86,19,279,279,3313071.0,2900848.28,80.68,18,4806.9,22510.6,7.5882
RouteID_4e9d9377-5f48-4a7d-a8ec-b9d2a184de13,DLA9,177,24,298,298,3313071.0,3270493.75,75.19,16,9625.0,22406.1,8.8975
RouteID_4ea5ff5f-3456-4809-8568-6fda7022f4aa,DCH3,195,32,274,274,3313071.0,3048514.14,49.03,14,9578.6,13433.3,6.3922
RouteID_4ea6084c-0bd4-4877-8532-89fc4b3bf68e,DCH1,182,17,259,259,4247527.0,2317778.92,52.99,15,15251.3,13724.3,8.0488
RouteID_4eaa27f5-8816-4888-a7db-addf9f5d3ee0,DLA9,106,17,215,215,3313071.0,2197566.18,94.69,13,7810.5,20359.4,7.825
RouteID_4eaa5670-c2e9-44e9-bffa-09e24592c22d,DLA8,182,25,293,293,3313071.0,3003867.19,64.12,17,10202.6,18787.8,8.0529
RouteID_4ebf3b13-1bcb-45f3-a9b1-9e956813805b,DLA7,173,20,247,247,3313071.0,2275878.02,62.33,16,11261.0,15395.4,7.4046
RouteID_4ebf5fd1-a7fd-4763-b052-bd34f8632708,DLA5,174,20,225,225,3313071.0,2355562.75,59.68,14,14904.4,13428.9,7.8704
RouteID_4ec52062-78b9-444a-8899-8f46ddef050e,DBO3,168,23,210,210,4247527.0,2171224.11,76.89,12,13954.8,16147.6,8.3618
RouteID_4eccb79b-a588-4886-aa3a-195bd5df0b17,DLA5,170,22,256,256,3313071.0,3040838.43,57.14,15,11740.7,14627.9,7.3246
RouteID_4ee08a2b-476c-4f63-a0a8-9c0e79d240a0,DLA5,163,22,244,244,3313071.0,2217367.48,56.87,15,14734.1,13875.5,7.9471
RouteID_4ee6e0c9-a4e9-4e61-8d09-e271daeaa28f,DSE4,102,19,210,210,4247527.0,2596583.13,78.31,15,6952.1,16445.0,6.4992
RouteID_4ef0f393-0ece-49cd-b5c4-524b53438199,DAU1,156,25,296,296,4247527.0,4001410.72,40.3,15,11301.3,11927.9,6.4526
RouteID_4f05b93f-0fea-4673-a749-7b32e0dec5c4,DLA4,184,15,255,255,3313071.0,3231085.71,50.65,15,11902.1,12915.7,6.8938
RouteID_4f186b3d-6198-48d9-aa87-ec638aae2ac2,DCH1,160,17,257,257,3313071.0,3302819.8,78.58,14,11165.7,20196.0,8.7116
RouteID_4f24bb57-2e5c-401c-aa28-56248499d15a,DCH4,172,20,267,267,4247527.0,2878273.28,64.87,13,14080.1,17320.1,8.7223
RouteID_4f3a5b7a-3731-4519-88ff-c6664d0aa130,DLA9,99,19,169,169,3114853.25,1903482.17,95.06,13,8727.1,16064.9,6.8867
RouteID_4f5da18b-8a76-4ab9-99bf-aa8e266e4ab1,DLA3,172,19,262,262,3313071.0,2698113.48,73.27,16,9027.1,19197.5,7.8402
RouteID_4f66141e-d116-4ff2-807b-eccea9b45171,DLA9,132,22,262,262,3313071.0,2788832.18,51.2,15,9274.5,13415.6,6.3028
RouteID_4f68e69a-fba0-460e-9549-08843453b1a5,DBO3,162,29,249,249,4247527.0,3399064.46,57.05,12,12377.2,14204.3,7.3838
RouteID_4f6d6e78-2f6a-4463-b487-2e27989fce38,DCH2,187,24,274,274,3313071.0,3250213.4,72.49,15,10006.8,19861.3,8.2967
RouteID_4f87bd50-8d7d-4186-8936-b909f8fccdd7,DLA7,163,25,280,280,3313071.0,2666400.88,60.4,15,11544.5,16911.5,7.9044
RouteID_4fa1fd32-d27c-4c38-9a54-fd1bf765b305,DLA8,91,18,236,236,4247527.0,3327785.23,77.93,16,5722.6,18392.3,6.6986
RouteID_4fa51ef4-04db-4cfa-9c1c-0a97787a074a,DLA9,165,26,275,275,4247527.0,3170769.8,61.83,14,10606.7,17002.8,7.6693
RouteID_4fa6359b-652b-44e1-b287-3e3dc4d8c6d3,DCH3,202,21,275,275,3313071.0,2870835.06,72.34,14,12564.4,19894.6,9.0164
RouteID_4fc4a782-3b1a-47d6-b512-ed239066207d,DBO3,149,21,231,231,4247527.0,3008177.83,63.75,11,10824.3,14725.1,7.0971
RouteID_4fcff59e-6155-470a-be78-09cda8c1480b,DLA9,146,27,278,278,3313071.0,3307014.46,67.11,15,8297.4,18656.7,7.4873
RouteID_4fdce5e3-9097-44cd-a61b-7a88f8d42d43,DAU1,130,25,204,204,4247527.0,2951594.1,85.81,13,13692.0,17506.2,8.6662
RouteID_5001d1fc-7d6a-474d-84c7-fa4ff20857d0,DLA7,176,26,247,247,3313071.0,2360776.7,54.51,15,9895.3,13463.1,6.4884
RouteID_500498a6-2184-46c7-9df6-24b5f11bbbe3,DSE5,158,11,227,227,4247527.0,2103027.16,78.06,14,11150.4,17719.6,8.0194
RouteID_5004ad96-584b-4cb5-b9a8-0af9f3620adb,DSE2,108,16,221,221,3313071.0,2133167.35,94.47,14,6372.6,20877.7,7.5695
RouteID_501c81ef-9127-465a-a9fc-22ef9ac88ce8,DLA7,138,21,242,242,3313071.0,3093703.17,67.63,16,8828.1,16366.4,6.9985
RouteID_5030cbc4-ff0d-41eb-9659-6f7a1b03a434,DCH4,194,25,277,277,4247527.0,3648129.18,51.94,13,14221.9,14388.4,7.9473
RouteID_503df691-0708-450a-bef4-7658d33d2dd7,DSE5,161,14,213,213,4247527.0,2404454.54,54.72,14,13452.6,11656.1,6.9746
RouteID_503e4336-5e92-4d31-ae63-665c8c521373,DLA9,147,24,230,230,3313071.0,2378844.21,77.75,13,11632.6,17882.7,8.1987
RouteID_5059625b-4bf5-4576-b778-da34326ac4dc,DCH4,157,21,236,236,4247527.0,2921145.05,66.56,15,11256.5,15708.5,7.4903
RouteID_50797270-cb23-4f82-8782-fd0a7c05dddc,DLA7,180,22,251,251,3313071.0,2530639.4,40.68,16,12488.1,10211.5,6.3054
RouteID_50a5d1d0-c816-449c-9bd2-a9f1f88d9566,DBO2,172,26,246,246,3313071.0,2212772.23,61.85,13,11359.7,15215.6,7.382
RouteID_50a6e150-0a1c-4d47-b382-6be32e4c863f,DSE4,128,11,201,201,4247527.0,2118173.63,85.51,15,8868.8,17188.4,7.2381
RouteID_50aa921f-d65e-435b-9f2d-d675764160e0,DBO2,150,23,294,294,3313071.0,3271667.88,57.02,13,10482.2,16762.6,7.568
RouteID_50b07f01-e894-4337-ba70-068795833db7,DCH3,171,20,261,261,3313071.0,3267539.16,57.23,14,12807.7,14938.2,7.7072
RouteID_50c62b04-1f94-496d-893f-bac0d71e8ace,DCH2,184,21,291,291,3313071.0,3276783.35,64.28,14,12942.7,18706.4,8.7914
RouteID_50d65918-5846-4b9c-bd75-fb456dc0481e,DLA7,147,19,207,207,3313071.0,2050867.34,91.45,15,10246.9,18929.6,8.1046
RouteID_50d8b2b0-0c4b-4da6-bacc-546a3cb04293,DBO3,174,24,226,226,4247527.0,2686632.44,63.28,12,13560.2,14301.9,7.7395
RouteID_50dcddf3-8bea-4a2c-b1f6-3bfd5535e3ca,DCH3,186,18,271,271,3313071.0,2966141.81,54.45,14,12998.9,14756.0,7.7097
RouteID_50e0fba7-4e3e-466f-abdc-ffce115639b8,DLA7,150,22,249,249,3313071.0,2587103.84,68.47,14,10742.8,17049.5,7.7201
RouteID_50e628b9-c7fb-40f7-9db0-2740534ef67d,DBO3,113,19,169,169,4247527.0,1980894.29,62.93,12,12754.1,10634.5,6.4968
RouteID_50f647bf-63f2-4be3-af9d-81c6cb55e810,DLA5,173,20,225,225,3313071.0,1919432.21,61.29,14,13542.2,13791.2,7.5926
RouteID_50f8492b-1989-4643-b9cc-738ce27d791c,DLA9,122,20,227,227,3313071.0,2004631.8,86.15,15,9201.4,19556.6,7.9883
RouteID_50f8cb54-c9a4-470c-8e6d-634b1fea2403,DLA9,152,29,289,289,3313071.0,3125720.09,59.84,16,11667.7,17293.1,8.0447
RouteID_50f929fe-5f58-46dd-9cab-90574df65db4,DLA9,160,28,247,247,3313071.0,2237939.6,69.36,13,12147.9,17132.3,8.1334
RouteID_50fd429a-faec-41bb-84c5-1e4f17c7032e,DLA7,150,20,222,222,3313071.0,2795266.82,61.2,15,12164.1,13585.5,7.1527
RouteID_51194935-19ab-4948-b7ca-48e4fc0c88f3,DLA4,163,11,222,222,3313071.0,2610037.57,86.84,16,11822.2,19279.0,8.6392
RouteID_51405738-6d48-4ab7-a03c-c237cc4fca4a,DCH3,183,22,250,250,4247527.0,2278703.29,60.21,12,14533.1,15053.1,8.2184
RouteID_5142e911-e3c9-4387-a70b-b3199862d6f3,DCH3,199,21,275,275,4247527.0,2954611.05,63.28,15,12533.6,17403.2,8.3158
RouteID_51552b4e-509b-489c-8022-ceaedf84b5f7,DLA8,151,28,255,255,3313071.0,3228104.22,63.6,15,7366.2,16218.4,6.5513
RouteID_5158b56f-22b5-4a3f-9e57-2feacd281633,DLA7,118,22,235,235,3313071.0,3242068.3,73.53,14,9353.9,17280.0,7.3983
RouteID_516c0fc6-77df-4bfb-a0c8-f88a53072256,DCH1,111,11,173,173,3313071.0,1931106.15,94.4,13,8977.9,16330.6,7.0301
RouteID_51839f70-714c-4fe7-a1bc-73b2170c65af,DLA9,117,20,235,235,3313071.0,3013882.04,77.83,13,8385.3,18289.1,7.4096
RouteID_51871c29-4cbf-47d8-b980-6416032f0232,DLA8,100,26,270,270,3313071.0,2412806.37,95.82,16,5231.2,25870.6,8.6394
RouteID_5192f0c4-8b9e-4264-938c-049873a6942a,DLA7,147,26,238,238,3313071.0,2260691.94,79.55,14,10355.5,18932.6,8.1356
RouteID_5196944e-09bb-4d20-b70a-779046f07996,DLA3,95,24,202,202,3313071.0,2531926.8,114.32,16,5945.1,23092.2,8.0659
RouteID_51a2aca9-3f75-43d6-9e35-0bf0f5e6f44c,DLA9,117,25,271,271,3313071.0,3069296.37,68.46,16,8767.5,18551.8,7.5887
RouteID_51b50138-b502-43ab-b88d-8e36455e61b0,DSE2,94,18,197,197,3313071.0,2544306.09,81.39,14,7099.9,16033.4,6.4259
RouteID_51b6ead0-0714-4e2c-9284-3cb8ea14a34a,DLA7,156,22,220,220,3313071.0,2741471.53,69.95,16,10822.9,15389.1,7.2811
RouteID_51c446dd-1dba-422c-b79c-222077f8c84a,DSE2,123,19,196,196,4247527.0,2345156.01,80.0,14,6980.3,15679.8,6.2945
RouteID_51c8949a-11e0-459c-b60e-b65daedd74eb,DCH4,193,29,262,262,4247527.0,3070723.86,37.18,16,15223.5,9740.8,6.9345
RouteID_51cf7509-9dfb-4bc7-9c97-f4b9dc51b881,DCH4,184,22,257,257,3313071.0,3037429.5,60.84,14,14439.3,15635.4,8.3541
RouteID_51ddfbc6-4dd8-4c59-9dfa-dbec0ebc5eb8,DLA9,140,21,252,252,4247527.0,2433897.39,68.71,14,9227.8,17315.8,7.3732
RouteID_51e19278-a452-4b39-9974-f6f82b225ed9,DBO3,169,27,227,227,4247527.0,2491184.38,54.55,12,14939.4,12383.1,7.5896
RouteID_51e3dd4c-9e9d-4849-a548-c8370bd53738,DBO3,116,9,165,165,3313071.0,2521709.64,76.29,12,14183.3,12587.3,7.4363
RouteID_51f6a16b-4db6-450c-9236-23b60c00327c,DLA3,103,10,165,165,3313071.0,1396996.32,90.79,16,6257.5,14979.7,5.8992
RouteID_52083d91-046e-40ea-9697-e9c3982329e6,DLA9,124,23,228,228,3313071.0,2496529.35,75.71,15,11433.2,17260.9,7.9706
RouteID_52084da6-2f7d-4b95-9080-35a2971b71a2,DBO1,159,21,227,227,4247527.0,2967986.71,63.16,12,14256.3,14337.0,7.9426
RouteID_522e01fd-6ca9-4e2e-996b-f1dca9b9aae6,DLA8,122,20,234,234,3313071.0,2635125.15,90.94,17,7469.4,21280.9,7.9862
RouteID_522f582f-040b-45c7-90a1-7ff84787d5b5,DSE2,65,20,186,186,3313071.0,2045016.18,127.16,15,4020.2,23652.2,7.6868
RouteID_523b64fa-55d8-4731-878f-9aae7c4b3ffd,DLA8,106,18,213,213,3313071.0,2656979.15,82.95,16,8072.3,17669.2,7.1504
RouteID_5240ed70-895a-4bc9-90a6-b836fe81458e,DBO3,170,23,210,210,4247527.0,2309560.3,73.27,11,14272.5,15385.9,8.2384
RouteID_524ccce1-3fa2-4691-a928-c621ac00553d,DCH2,159,21,266,266,3313071.0,3025919.73,68.39,15,10051.5,18192.2,7.8455
RouteID_524f1f36-536b-43d2-82ff-ff6a1eade62f,DSE4,173,21,241,241,3313071.0,2550489.84,80.99,15,11359.9,19518.8,8.5774
RouteID_5265ec72-4ba1-418b-bcf3-b4de2e99166c,DSE5,132,9,184,184,3313071.0,2533063.33,56.4,14,13654.0,10378.1,6.6756
RouteID_52678b73-48d0-4cbd-a39d-3f96b271e7a5,DCH1,96,17,201,201,3313071.0,2048583.63,105.76,14,8307.8,21258.5,8.2129
RouteID_527451e7-c250-4de8-9f63-c217768c93cb,DSE2,100,16,187,187,3313071.0,2172011.03,95.57,14,6418.6,17871.7,6.7473
RouteID_528ac794-f7b3-4096-934d-36ca4357a734,DLA9,85,21,253,253,3313071.0,2683513.64,66.36,15,7166.1,16788.7,6.6541
RouteID_52a82475-83e3-4d0d-82d4-87655a74dfa8,DSE4,155,26,242,242,3313071.0,2710277.76,72.09,14,11254.2,17446.6,7.9724
RouteID_52cde6f3-d482-4296-91e1-1d2688ca88a7,DCH4,152,23,208,208,4247527.0,2874166.36,78.78,13,12680.8,16385.5,8.074
RouteID_52cec372-52dc-4491-8bf3-e1c96b3b14a6,DBO3,203,24,267,267,3313071.0,2955546.94,65.12,13,12729.6,17386.9,8.3657
RouteID_52de130c-ee5a-4403-9085-491d59faf5ee,DSE5,137,11,197,197,4247527.0,1844758.0,80.15,15,11827.2,15789.7,7.6714
RouteID_52e5608e-5f51-4ac3-9c16-658c28ee020a,DCH3,193,19,273,273,4247527.0,2851517.11,45.29,13,14413.5,12364.2,7.4383
RouteID_53024438-1392-405d-93f5-c30c38e7a981,DLA3,122,15,186,186,3313071.0,2334344.76,78.17,16,9099.3,14539.7,6.5664
RouteID_5308438b-7afd-406c-afee-83f1e2aa6fe9,DSE4,207,23,281,281,3313071.0,2426263.45,52.84,15,11778.7,14847.9,7.3963
RouteID_530a9ef1-10d1-4b8d-918d-da87858953c3,DLA9,130,20,223,223,3313071.0,2298379.12,88.78,16,11340.2,19797.0,8.6492
RouteID_53190a48-2fc2-484f-a5e8-561652ad559a,DLA8,98,13,188,188,3313071.0,2390611.79,94.4,16,10203.7,17747.4,7.7642
RouteID_53232ef3-63aa-427c-bbdc-e46e79ac798e,DLA8,132,17,272,272,3313071.0,3138884.12,47.03,16,6917.9,12792.1,5.475
RouteID_532e0000-67c5-4a66-a00f-764b0fe02a3c,DCH3,183,22,270,270,4247527.0,2745781.9,60.26,14,11651.6,16271.3,7.7564
RouteID_5331cad2-f5bb-4a38-a174-fc11d3078ca0,DLA7,144,25,203,203,3313071.0,2183451.5,64.22,15,11020.1,13036.0,6.6823
RouteID_53351a96-e689-41ed-a59b-bfad352cce0a,DCH2,156,16,277,277,3313071.0,2171745.77,42.05,12,11098.6,11647.7,6.3184
RouteID_5347b03d-b86d-4fd7-b78f-7275245bca3c,DLA9,107,24,189,189,3313071.0,2028255.42,100.64,16,9166.4,19021.3,7.8299
RouteID_534b1229-baf5-47c8-968a-7baa780251ce,DLA7,181,19,253,253,3313071.0,3048068.27,51.05,14,10419.5,12916.9,6.4823
RouteID_535175f8-e81e-44a8-b34f-82ca00b52fbf,DBO3,143,19,212,212,4247527.0,2102637.11,72.97,12,13132.3,15469.1,7.9448
RouteID_5351d642-1ff3-42c7-ad7e-836ffd6f20d3,DBO2,156,25,211,211,4247527.0,2690988.63,64.79,11,12923.9,13669.8,7.3871
RouteID_5354d2bf-bff3-4a0c-91ec-894b4b2d225c,DLA9,145,21,250,250,3313071.0,2687882.49,78.84,13,9913.6,19709.8,8.2287
RouteID_5358ee90-4175-4957-b7b3-53c228e555e4,DLA5,151,21,247,247,3313071.0,2448548.51,60.88,14,11036.0,15037.3,7.2426
RouteID_53697fe6-8f48-4e2d-a2ba-fe59c9050361,DLA9,103,20,229,229,3313071.0,2284344.55,92.21,16,7646.1,21116.1,7.9895
RouteID_5374484f-dd15-4e49-b09d-7aa5fa60960a,DLA9,111,25,214,214,3313071.0,2492760.38,84.8,15,9562.0,18148.1,7.6972
RouteID_538b2dc3-30d8-453b-b3a1-a9ad6d620031,DLA9,173,29,275,275,4247527.0,3490822.0,48.25,14,11841.2,13267.6,6.9747
RouteID_538e9947-4800-4b15-8d8d-b76a622b3106,DLA5,178,22,242,242,3313071.0,1988064.38,57.26,15,14862.2,13855.9,7.9772
RouteID_538ec175-af08-43b0-9853-97470472beb2,DLA7,164,24,200,200,3313071.0,2229934.07,63.97,15,12696.6,12793.9,7.0807
RouteID_53983e24-47d6-48e5-9218-cb359a96c8ad,DLA8,138,32,276,276,3313071.0,2999935.22,79.51,15,7433.3,21946.0,8.1609
RouteID_539bdbc0-be18-4c91-83ac-2a50726555c2,DLA8,51,13,180,180,3313071.0,2045102.29,115.71,15,3915.1,20827.0,6.8728
RouteID_539d83c2-0f77-496a-a68c-9431daf9186f,DLA7,119,17,183,183,3313071.0,2168825.71,94.13,15,11495.8,17225.4,7.9781
RouteID_539fc41a-4ef8-43bb-9bc6-cddc7ed4379b,DLA4,84,16,244,244,3313071.0,2825813.14,83.98,14,6068.2,20491.2,7.3776
RouteID_53a0ba1a-3fd4-41f2-86b7-976184c6c4e1,DSE5,176,15,239,239,3313071.0,2681142.9,51.54,14,11744.5,12317.9,6.684
RouteID_53b67b27-6f23-4a88-8d61-deab85fe3a9d,DLA7,170,25,238,238,3313071.0,2917480.75,71.52,16,11130.9,17022.4,7.8204
RouteID_53c0e0a6-63af-42e1-8e18-e5d923c24a27,DSE5,164,12,206,206,4247527.0,2060773.6,81.68,15,13386.8,16825.3,8.3922
RouteID_53f8ef36-f8f0-481f-b48c-3f199f2aae5f,DLA8,171,17,259,259,3313071.0,2891194.66,69.46,16,10665.9,17990.8,7.9602
RouteID_53fdc5d1-a9e8-4abe-833f-c6233ca6ef08,DSE4,173,20,233,233,3313071.0,2017008.43,98.81,15,11213.1,23022.2,9.5098
RouteID_5404e6dd-2459-4f3d-a153-681d420c3c7e,DLA7,176,20,233,233,3313071.0,2202370.27,58.72,15,12418.8,13681.0,7.2499
RouteID_540e3276-c530-44fd-ae2c-4baec101b97c,DLA8,149,22,268,268,3313071.0,2557761.42,57.94,17,10667.9,15527.4,7.2765
RouteID_5417d9e8-2639-45ac-a4d9-7368f8a6afb2,DLA7,172,25,222,222,3313071.0,2276611.25,59.78,14,13565.7,13272.1,7.4549
RouteID_54223ade-5a96-48d8-9e51-f43b0ba0e3b3,DSE4,159,25,272,272,3313071.0,2931813.22,61.34,14,10204.6,16685.5,7.4695
RouteID_54353bf0-17d3-4890-a4e5-27b601067357,DBO1,160,16,273,273,3313071.0,3115124.21,72.16,11,9393.9,19699.2,8.0814
RouteID_543bd176-5fbb-4b12-8bcf-a9b99b94ec78,DLA8,115,21,252,252,3313071.0,2564699.34,49.36,16,7259.6,12439.8,5.4721
RouteID_54474de8-35ad-4a0d-a68a-d03b47c5bf9c,DCH3,200,19,275,275,4247527.0,2793806.38,55.18,12,12994.4,15175.1,7.8249
RouteID_5447f44d-7286-42bd-9c17-65260ec9eeb6,DLA7,166,22,243,243,3313071.0,3291116.29,67.77,16,10800.7,16468.7,7.5748
RouteID_54566faa-4623-4f86-ae27-0e7d24e96b3b,DLA7,139,20,203,203,3313071.0,2244892.58,75.3,16,11928.7,15285.9,7.5596
RouteID_5461ac15-4445-49d2-997e-29ceb4d32335,DLA9,89,20,205,205,4247527.0,2410292.52,94.15,15,7896.3,19301.7,7.555
RouteID_54642494-039b-4edb-b54e-b3c939ea3462,DBO2,140,17,249,249,3313071.0,2969809.91,57.61,12,10295.9,14345.3,6.8448
RouteID_54756ba3-40b8-4c03-8465-7fd4fac2a7e1,DLA9,119,22,219,219,3313071.0,1922058.37,66.14,13,7859.9,14485.0,6.2069
RouteID_5486294a-503f-4346-b8a9-862e988cbe7c,DLA7,151,25,228,228,3313071.0,2276872.44,57.29,14,14255.5,13062.1,7.5882
RouteID_54a46612-ecdc-4384-b8ba-9c43854d6343,DAU1,128,22,201,201,4247527.0,3081135.92,44.8,14,14177.3,9003.8,6.4392
RouteID_54a52d70-8840-4fa3-81be-af11da123d59,DLA3,144,12,207,207,3313071.0,1696578.99,68.84,16,9735.8,14249.4,6.6626
RouteID_54ac8d11-46fa-438c-bf08-038c160a03dc,DLA7,175,27,256,256,3313071.0,2457944.66,52.07,14,13573.8,13329.0,7.473
RouteID_54bce2b9-20bc-42eb-85da-391874835204,DSE4,163,33,271,271,3313071.0,3157110.25,66.16,14,10648.2,17929.1,7.9381
RouteID_54c96270-28dc-456b-9a33-6e1650a8317d,DBO3,159,25,213,213,4247527.0,2526405.95,66.2,12,12780.5,14101.2,7.4671
RouteID_54cdd958-37bb-4862-902c-01ee65a2100c,DLA7,172,21,240,240,3313071.0,2665054.74,58.03,16,11649.7,13926.8,7.1046
RouteID_54e2cec8-1a26-402a-b838-8e17b6da331b,DLA8,160,15,272,272,4247527.0,3435661.79,85.8,14,9691.6,23338.6,9.1751
RouteID_54e36dc7-b409-419e-8c80-bbae7667ce29,DLA4,140,14,245,245,3313071.0,2669382.67,82.32,14,7852.8,20168.6,7.7837
RouteID_54f6dc02-827c-4258-9d95-03cf9b372d3a,DAU1,136,36,187,187,4247527.0,2350858.12,80.48,14,14746.0,15049.2,8.2764
RouteID_54f908c7-3c6a-48ba-b224-1f3103e6da70,DSE2,114,17,210,210,3313071.0,2545843.83,100.92,14,6516.0,21193.4,7.6971
RouteID_550488d7-0746-42a9-a279-319f4fa4f6f4,DBO3,182,34,247,247,4247527.0,2631241.68,55.6,12,15658.0,13734.1,8.1645
RouteID_551aa202-0406-406f-9b1a-077e96212484,DLA7,166,20,247,247,3313071.0,3281341.47,58.05,15,9860.9,14337.3,6.7217
RouteID_554fc365-f78e-4224-8ad1-72c1bfb2e910,DBO2,99,19,250,250,3313071.0,2824503.0,82.24,13,6590.0,20558.8,7.5413
RouteID_55510e20-c0b5-4a21-8756-fbe7e8394a1b,DLA7,157,21,227,227,3313071.0,2123146.85,79.66,16,11550.1,18083.7,8.2316
RouteID_555b3187-ab69-4e29-81cb-6ba4a99702dc,DLA9,119,23,240,240,3313071.0,2113733.66,90.88,16,8647.3,21810.7,8.4606
RouteID_556b46ba-d415-4184-befc-b9e9bd1de580,DBO3,162,19,238,238,3313071.0,2564487.0,55.77,12,13022.4,13272.9,7.3043
RouteID_557d303e-4492-4447-aaef-42b8f696c687,DLA7,110,13,177,177,3313071.0,1689503.95,53.85,16,8558.4,9531.0,5.0248
RouteID_557f0993-75be-4d5a-afe8-d9c978803865,DLA7,146,22,271,271,3313071.0,2670317.2,69.88,14,10684.4,18936.7,8.2281
RouteID_5588756f-5963-424d-ada6-cf0fb77c82cd,DSE4,168,22,228,228,3313071.0,2438661.32,72.26,15,13463.8,16475.5,8.3165
RouteID_559b59f7-ca9e-46b3-ab04-28c7c2007740,DBO3,170,25,219,219,4247527.0,2564057.01,72.53,12,14295.6,15884.1,8.3832
RouteID_55a3ec8e-b526-4d70-ad9e-b58b3606a638,DLA7,125,19,196,196,3313071.0,2521534.76,78.97,14,9266.5,15478.6,6.8736
RouteID_55b59c53-88a9-4789-9961-d9c53c469acf,DCH1,92,10,200,200,3313071.0,2087998.23,66.59,13,7699.9,13318.9,5.8386
RouteID_55c91bcc-bdda-4187-8836-12a586d00ba2,DLA9,120,26,246,246,3313071.0,2842400.81,58.72,16,9407.9,14443.9,6.6255
RouteID_55da9f43-0e5f-4d06-bdfb-9f440534fd3b,DLA9,134,21,232,232,3313071.0,2024011.44,66.31,14,8360.3,15383.4,6.5955
RouteID_55ed19dc-8677-4292-ab02-bc90551676cb,DSE5,117,8,172,172,4247527.0,1995486.23,71.96,14,11730.0,12376.7,6.6963
RouteID_55f39e2d-0eab-49a7-8160-2d2abf7e2a3c,DLA9,137,23,277,277,3313071.0,3027308.51,54.12,16,8819.6,14990.9,6.614
RouteID_5608ede3-f70b-473b-9f2a-20eccf92f64f,DLA3,148,23,288,288,3313071.0,3289088.7,61.54,15,6034.5,17723.8,6.5995
RouteID_56091001-7bc6-4478-9381-517ad525ee92,DLA7,166,21,258,258,3313071.0,3020479.44,39.81,16,12536.3,10271.3,6.3354
RouteID_56092cb7-b3c3-4b8d-9712-87fa16aac72c,DSE5,154,12,224,224,4247527.0,2769064.4,84.46,14,9822.7,18919.4,7.9839
RouteID_5610df96-59bd-46b3-9fc4-36867e804a0f,DCH3,204,18,273,273,4247527.0,2200828.35,53.87,13,14481.0,14706.7,8.1077
RouteID_562005aa-6626-4fcd-a2c4-ea42f0528bdf,DLA7,147,23,230,230,3313071.0,2479941.38,84.42,16,10036.0,19416.6,8.1813
RouteID_56382178-95dc-498f-889f-bbd9abe8a8e4,DLA5,188,30,282,282,3313071.0,3225383.27,46.5,16,12768.8,13111.7,7.189
RouteID_56442300-1cfd-4de6-9500-4fb3f05f3c89,DCH1,167,20,287,287,3313071.0,3119750.09,63.49,14,10015.5,18220.2,7.8432
RouteID_5644a04b-9599-4c8d-89ef-866b7bb15f41,DCH1,171,16,238,238,3313071.0,2030005.14,48.31,13,14657.2,11497.5,7.2652
RouteID_564bf3fd-d6c1-4472-a178-eee383b6a727,DCH2,166,22,295,295,3313071.0,2778289.59,62.42,12,11115.5,18413.9,8.2026
RouteID_565093b1-570d-4a0f-a854-456cb01f3b8a,DSE5,155,11,214,214,4247527.0,2249434.44,71.93,14,10336.6,15392.2,7.1469
RouteID_565aa867-7ad6-4b33-9179-989d34043e20,DCH4,174,22,241,241,4247527.0,3196886.66,67.48,13,11682.2,16263.5,7.7627
RouteID_566a5a54-e252-4640-83ff-11ec3a124929,DLA5,147,17,224,224,3313071.0,2392905.47,79.08,15,10968.4,17713.9,7.9673
RouteID_566a75a2-9b14-4795-9ca4-05bd866997a6,DSE2,91,22,203,203,3313071.0,2495411.4,115.44,14,4909.4,23433.9,7.8731
RouteID_566a8cb7-2f7f-49f3-b26b-0bdba0b63245,DLA7,135,18,201,201,3313071.0,1987203.47,88.8,15,9877.5,17849.3,7.7019
RouteID_566fe729-57ff-4911-8168-41ba90f9aab6,DBO3,198,24,272,272,4247527.0,3138435.54,48.1,12,13644.2,13084.5,7.4246
RouteID_56738dd6-f16b-4bcb-89c5-e750e338d659,DCH3,164,21,228,228,3313071.0,2540769.65,76.84,13,10928.6,17519.5,7.9022
RouteID_567ae078-26fb-4e84-ac52-29ac01500fe3,DLA3,147,14,241,241,3313071.0,2292797.31,71.39,16,8943.5,17204.0,7.2632
RouteID_5681dca6-48d8-48b1-b481-f1e31b03a3ed,DLA7,135,18,216,216,3313071.0,2065670.04,64.92,16,12842.7,14023.2,7.4628
RouteID_56a5b984-b11d-4841-ab3d-05f96a589895,DSE5,119,7,171,171,3313071.0,1959497.83,58.22,14,13194.2,9956.0,6.4306
RouteID_56a5bf95-18a9-48ef-a083-4a478af2e4ae,DSE5,157,13,225,225,4247527.0,2296034.68,64.21,14,12339.3,14448.3,7.441
RouteID_56d944b5-ee5d-4190-92ce-2c79e5f142f3,DLA7,185,24,278,278,3313071.0,3260674.77,58.44,16,13293.0,16245.6,8.2052
RouteID_56e66ffc-e668-4b42-ae4c-843c74406af0,DCH3,215,24,267,267,4247527.0,2796633.6,59.42,13,15043.5,15866.0,8.586
RouteID_56ef635f-96e9-4855-a95e-ae622bfe9482,DLA9,167,25,275,275,3313071.0,2563289.41,88.2,15,8978.0,24255.4,9.2315
RouteID_56f4d009-518b-417d-8bc6-6ed63b64d3d3,DCH2,116,19,233,233,3313071.0,2510706.05,56.62,13,6920.6,13191.7,5.5868
RouteID_56f838b7-285f-41ee-a77d-f499426ce9f2,DCH2,68,18,217,217,3313071.0,2547618.22,101.48,14,6218.2,22021.3,7.8443
RouteID_5701b7a5-7531-402d-a008-9f2441415a36,DBO3,172,21,229,229,3313071.0,2455216.95,54.87,12,12436.3,12565.9,6.9451
RouteID_57048e73-5959-4949-bfff-8e975c09260c,DBO3,143,20,267,267,4247527.0,3346316.06,66.18,11,10691.8,17669.9,7.8782
RouteID_5705c34a-fb6c-4a3e-b96e-c3ebc8ee9368,DAU1,180,24,284,284,4247527.0,3679850.91,67.24,13,10128.7,19094.8,8.1176
RouteID_570b43ee-c262-4418-97de-a5a9dcc7547e,DBO3,147,27,205,205,4247527.0,2836732.36,64.85,13,14045.9,13294.2,7.5945
RouteID_570da705-c87e-48e4-a788-29cb7063b74d,DLA8,113,20,217,217,3313071.0,3207025.93,67.04,16,12991.9,14548.6,7.6501
RouteID_57104be2-a333-4721-91a7-42c0a4957124,DCH4,161,23,239,239,4247527.0,3215854.39,54.47,14,11978.0,13018.6,6.9435
RouteID_572a851f-ad18-4033-b04e-21adac25f792,DSE5,190,16,274,274,3313071.0,2829019.0,50.6,15,13224.5,13864.1,7.5246
RouteID_57337783-1c1d-4917-b828-6bee33d858f2,DCH1,67,23,268,268,3313071.0,2853354.6,43.13,15,5428.6,11557.9,4.7185
RouteID_5737dfd0-a878-4065-96cf-fda8f6672005,DLA7,192,28,279,279,3313071.0,2479392.73,55.36,16,9725.4,15446.8,6.9923
RouteID_574a6f8f-91b9-4adf-979b-8a3db4b016c7,DLA3,50,18,188,188,3313071.0,2056728.52,116.25,15,3806.4,21854.4,7.128
RouteID_574baa38-5f17-49fc-a72c-1de7461af647,DLA9,135,19,203,203,3313071.0,2025920.27,63.63,15,11619.9,12916.8,6.8157
RouteID_57505d1f-c6b3-4888-862e-4c844dfd08ee,DSE4,179,28,281,281,3313071.0,2997834.36,44.19,15,15695.8,12416.7,7.809
RouteID_57555127-bbfd-4bbe-8b9e-d94ceaaac97a,DBO3,175,27,237,237,4247527.0,3112357.59,50.78,12,15711.8,12035.4,7.7076
RouteID_57556a85-abb9-4694-b664-c2bcd1d9ca3b,DLA4,168,16,255,255,3313071.0,3227059.66,54.69,14,13617.4,13946.2,7.6566
RouteID_5756f864-0311-422a-a8dd-911edae3f21e,DLA7,173,26,267,267,3313071.0,2777251.07,60.1,15,9279.7,16046.5,7.0351
RouteID_576a619c-9e93-4059-b13a-cb42b70f5e73,DBO3,152,22,201,201,4247527.0,2611405.88,72.06,12,15352.8,14483.2,8.2878
RouteID_576b2920-da3a-4a68-bcaf-ab98e3449b38,DLA7,189,20,259,259,3313071.0,2659272.89,55.63,16,12812.1,14409.4,7.5615
RouteID_576d72a8-c9f9-4f1a-b23e-dc2f170cbf57,DAU1,184,21,282,282,4247527.0,2814919.75,57.22,15,12822.9,16135.2,8.0439
RouteID_5791ca52-f624-4eca-ac8a-428b0c6e0d27,DSE5,159,11,237,237,4247527.0,2489702.72,77.55,14,13150.2,18378.9,8.7581
RouteID_57a142df-26e1-481d-8f99-2c43808c161e,DCH1,168,15,231,231,3313071.0,2059463.6,71.91,13,14283.1,16611.1,8.5817
RouteID_57a62f06-8af4-4d99-9c7e-0e9973aa113b,DLA8,147,19,217,217,3313071.0,2215517.76,74.29,16,11917.4,16120.2,7.7882
RouteID_57ae834f-313c-469e-8ac1-8f89f9b30694,DBO3,205,25,259,259,4247527.0,2920003.46,58.24,12,14407.7,15084.5,8.1923
RouteID_57af31ed-73bb-4183-8074-11ec6d1df083,DLA7,133,15,226,226,3313071.0,2545922.42,68.45,16,10399.6,15468.7,7.1856
RouteID_57bf5363-e471-49d2-a479-03e8cde0f0d7,DLA9,113,22,196,196,3313071.0,1922194.95,91.76,16,11015.3,17984.4,8.0555
RouteID_57c8ace6-38c2-462f-a85e-be0a77f0b4a3,DBO1,41,15,170,170,4247527.0,1655794.85,103.59,12,4935.2,17610.7,6.2627
RouteID_57cccf5b-1467-4c71-830c-7343c2098224,DCH4,145,12,210,210,4247527.0,2792714.21,85.02,13,13728.7,17855.1,8.7733
RouteID_57d6793b-e49b-478d-9acd-9d60d5ee5406,DBO3,153,25,222,222,4247527.0,2181402.67,60.75,12,14376.8,13487.5,7.7401
RouteID_57e75fc6-a866-486c-b693-2e48ab4b6436,DLA7,161,24,240,240,3313071.0,3125261.01,65.89,14,10495.5,15814.5,7.3083
RouteID_57e96591-d86d-4d77-84ae-85e2c08a7911,DBO2,167,21,249,249,3313071.0,2649528.11,78.65,12,11271.0,19582.9,8.5705
RouteID_58016688-db15-46d0-bf21-d64f323f8740,DCH4,152,21,237,237,4247527.0,3650285.69,61.18,15,12628.4,14498.8,7.5353
RouteID_5809741c-18f3-4152-a8c1-eb087a579b40,DLA7,119,20,200,200,3313071.0,2629134.73,59.87,16,10088.8,11974.7,6.1287
RouteID_580edacf-4f04-41b2-8432-673905e2c070,DLA7,181,18,240,240,3313071.0,2611723.22,83.95,16,10637.5,20147.9,8.5515
RouteID_581b70db-f11a-4bdf-a93f-2637f25c0e87,DLA9,134,19,213,213,3313071.0,2160318.13,84.45,15,10204.8,17987.4,7.8312
RouteID_5822725b-210a-4809-9f5c-f34c986fb0e2,DBO3,127,14,188,188,4247527.0,2368368.97,76.92,11,11408.2,14460.1,7.1856
RouteID_5839723c-9b10-4398-bacd-092924d9ac64,DSE4,187,38,287,287,3313071.0,2905257.73,47.11,14,13263.1,13519.6,7.4396
RouteID_583e5462-0015-4a27-83d8-991d0bd0cdd2,DLA8,118,18,223,223,3313071.0,2720073.14,83.16,16,8229.1,18543.8,7.4369
RouteID_58405a50-8e98-46d0-a99f-601d91393849,DLA7,147,18,228,228,3313071.0,2075144.83,58.92,15,10379.3,13433.5,6.6147
RouteID_584dc4bb-64cc-44fa-a078-3491be8d4fef,DBO1,178,22,246,246,4247527.0,3334914.92,68.51,13,14231.1,16852.3,8.6343
RouteID_5865e1c6-0feb-49f7-99c7-da35c99a253d,DCH3,178,20,252,252,4247527.0,3326145.0,68.5,15,9290.4,17261.0,7.3754
RouteID_586ebeef-3109-4bf0-a325-a8e3b95464fd,DLA7,173,21,277,277,3313071.0,3174537.26,60.63,15,10164.1,16794.0,7.4884
RouteID_5882b775-0a9d-4c54-bc51-f63c8b09e9de,DCH4,182,21,243,243,4247527.0,2932430.32,59.13,15,13874.6,14369.7,7.8456
RouteID_58858eaf-b42f-4a2a-b3bf-5a4df9f00c76,DLA4,163,15,235,235,3313071.0,2611651.69,91.49,15,9123.0,21499.8,8.5063
RouteID_588ce876-9aa0-4100-a791-212c50fdca24,DLA7,142,22,223,223,3313071.0,2246879.9,76.68,16,10728.4,17100.7,7.7303
RouteID_58914695-8100-4e81-9dd1-d6c57c2917a0,DLA7,153,24,233,233,3313071.0,2702717.36,48.44,14,11183.2,11285.5,6.2413
RouteID_58995bb1-936b-4363-a4a7-a5b1f2ff7d66,DSE5,169,13,220,220,4247527.0,2215555.0,63.94,14,13158.3,14067.7,7.5628
RouteID_58a6906b-aa93-4225-941e-8512c1e15aec,DLA7,135,23,242,242,3313071.0,2539771.48,60.44,14,11625.0,14625.3,7.2917
RouteID_58b0e6b6-13c6-4913-a5a6-8a75167da4e6,DBO2,194,23,298,298,4247527.0,4082704.63,43.82,12,12216.4,13058.3,7.0207
RouteID_58bee64a-4e27-447e-a45d-40983cb71169,DBO2,75,24,241,241,4247527.0,3156037.67,72.53,13,7680.7,17479.5,6.9889
RouteID_58ca4f5c-4b2e-4575-b6d0-37ad29eb08f0,DSE2,110,16,241,241,3313071.0,2944289.29,69.49,14,5830.7,16748.0,6.2719
RouteID_58d07521-f7a1-4650-b75c-a6760497e3a9,DLA8,117,20,238,238,3313071.0,2410504.67,67.77,15,8383.8,16129.3,6.8092
RouteID_58eb268c-8b24-4e8d-a143-32fb8eb7c9aa,DCH2,192,19,284,284,3313071.0,2597157.01,65.21,12,14732.3,18518.7,9.2364
RouteID_59063a31-08ed-41b5-9771-2acb695070c2,DBO2,130,23,257,257,3313071.0,3205531.75,53.49,13,8316.6,13747.6,6.1289
RouteID_591e892e-70c0-41d4-a53e-e739a7dcff18,DSE5,180,13,228,228,3313071.0,2571134.27,64.33,15,11840.7,14667.1,7.3633
RouteID_5926bce8-4855-4270-892e-cc609d826b16,DBO2,151,19,250,250,3313071.0,2775988.97,74.99,13,10251.3,18747.6,8.0552
RouteID_5928e9f3-e3ec-4df6-bccb-e7b416d05fcb,DBO2,167,21,240,240,3313071.0,3135208.81,66.84,13,11132.1,16042.2,7.5484
RouteID_59343af6-b53b-4425-a868-770e8febf1bf,DBO2,166,29,248,248,3313071.0,3231761.26,75.92,13,9468.7,18829.1,7.8605
RouteID_5937018f-af06-4dce-81f0-01d34342273c,DBO3,136,12,202,202,4247527.0,2674212.19,64.74,12,13219.5,13076.8,7.3045
RouteID_59444c75-ae09-4961-9f74-3f547319b7f6,DAU1,188,29,286,286,4247527.0,2959970.16,53.72,13,11599.2,15364.2,7.4898
RouteID_595f6e94-1d4d-4e65-8e45-dff69cc156bc,DLA8,135,16,235,235,3313071.0,2234691.27,86.46,16,10740.2,20318.4,8.6274
RouteID_596ad004-7413-4482-9d13-8ae514af8656,DAU1,135,25,184,184,4247527.0,2214444.94,64.57,14,16472.1,11880.0,7.8756
RouteID_5970790c-ef7f-455d-8162-740af880f42f,DLA7,166,23,242,242,3313071.0,2281299.27,40.18,16,13443.8,9723.8,6.4354
RouteID_59897c3f-d218-4a97-837f-f0724885d938,DBO3,156,19,217,217,3313071.0,2803138.52,68.79,12,13848.7,14926.6,7.9931
RouteID_598c477c-982b-4a5a-bb0b-ea60b1d94f12,DSE5,130,9,170,170,4247527.0,1702879.7,87.03,15,11483.7,14795.1,7.2997
RouteID_598c75ac-dd3a-4b0c-b091-4d7d3c6406d9,DLA8,107,24,297,297,3313071.0,3270536.13,55.66,17,6025.0,16529.8,6.2652
RouteID_599f5d4b-9066-41e8-82b5-f3791d13205c,DLA7,163,21,236,236,3313071.0,2532241.01,74.63,16,12027.5,17611.7,8.2331
RouteID_59a577b4-9b30-48e2-9038-d1da8e695d7e,DSE4,178,26,271,271,3313071.0,2959270.85,56.14,15,13596.2,15214.4,8.0029
RouteID_59abfaad-3d5b-46f0-a8b7-6e2889b17235,DLA7,194,21,274,274,3313071.0,2643134.51,52.31,15,12077.6,14333.9,7.3365
RouteID_59ac8c76-b560-4942-8e30-35b392e49051,DBO3,188,29,250,250,4247527.0,3432761.67,44.11,12,15689.1,11028.6,7.4216
RouteID_59b809b6-be7a-4e0a-8773-1c03209c0586,DLA9,181,31,283,283,3313071.0,2707004.71,47.47,15,11637.0,13433.9,6.9641
RouteID_59b8c778-dea5-411c-bfd6-d23d6058d5b7,DCH4,160,21,245,245,4247527.0,2976747.54,61.22,14,14242.4,14998.1,8.1224
RouteID_59cdcd1d-0dc4-44c1-a240-567baaa0b725,DSE5,156,12,228,228,3313071.0,2422855.03,81.13,15,12485.8,18497.5,8.6065
RouteID_59d024af-760e-45ea-a720-903d7ff67109,DLA8,177,18,296,296,3313071.0,2960163.61,59.78,16,11460.5,17694.4,8.0986
RouteID_59deb78b-6e64-4d40-b58b-a9da3353dbdf,DCH3,198,17,275,275,3313071.0,2823660.26,54.2,13,15387.1,14904.1,8.4142
RouteID_59dfa148-c89d-4ad4-ac4f-f44d1245bdcb,DLA7,161,20,249,249,3313071.0,2476604.8,62.8,16,10766.1,15637.7,7.3344
RouteID_59e5d64b-61a0-4207-85a4-f4327561f191,DLA7,157,25,243,243,3313071.0,3209440.94,66.31,14,11892.9,16113.1,7.7794
RouteID_59e9d4fd-01aa-48aa-a89d-54607042c7ca,DLA9,156,27,267,267,3313071.0,2720845.3,51.85,13,12062.8,13843.8,7.1963
RouteID_59eaa35d-04d9-48a1-a577-8a857999b75c,DSE5,168,19,260,260,3313071.0,3266533.01,48.48,14,15468.6,12603.8,7.7979
RouteID_59f3a83d-63b5-42fe-a18e-9eb145ef1ca1,DAU1,166,30,238,238,4247527.0,2350223.4,45.49,14,14704.6,10827.2,7.0922
RouteID_5a0bd838-5919-434a-88e5-28995b0b4e20,DLA3,101,14,201,201,3313071.0,2043924.31,122.16,14,6236.4,24553.6,8.5528
RouteID_5a1e4624-a5c7-4e5d-af12-293b1feb5d9a,DLA9,116,33,243,243,3313071.0,3073582.57,77.77,16,9733.2,18899.1,7.9534
RouteID_5a265b14-1b0f-4b50-a91f-42514e639b0b,DLA7,102,21,173,173,3313071.0,1595266.3,94.2,14,11465.3,16296.4,7.7116
RouteID_5a496d4d-0bc3-4316-8fa8-f2db72c4fc9f,DBO3,180,35,225,225,3313071.0,2762980.42,59.96,12,14273.8,13490.7,7.7124
RouteID_5a5702bc-7d7a-447a-9377-8464402e0c2f,DLA7,189,30,268,268,3313071.0,2740706.92,55.24,15,11350.1,14805.5,7.2654
RouteID_5a571cc7-0a75-423d-be9c-0f7cea4ba743,DBO3,135,20,187,187,3313071.0,1860295.21,62.43,12,11834.0,11674.2,6.5301
RouteID_5a6c0fb5-81ef-434c-9201-704a8c809221,DLA9,129,21,227,227,3313071.0,2256451.73,61.65,15,11506.3,13995.4,7.0838
RouteID_5a6f3943-d3c0-4b2e-9717-03a32d8a89be,DLA7,155,24,223,223,3313071.0,2270362.35,43.12,14,10727.5,9615.6,5.6509
RouteID_5a6f7b82-2bf7-4ace-9898-f4c19d021ba7,DLA7,165,28,259,259,3313071.0,2358887.36,51.87,15,9809.1,13435.4,6.4568
RouteID_5a774ce5-87f6-4a79-90dc-d89aa39ab18d,DLA3,84,24,266,266,3313071.0,2690789.89,71.85,16,4450.2,19111.9,6.545
RouteID_5a8713f4-ce4d-4684-82ab-063d17123500,DLA9,150,22,250,250,3313071.0,2386223.76,69.7,16,10433.9,17425.2,7.7386
RouteID_5a8b259d-736c-48c9-bda5-6b207f42c0aa,DLA7,131,21,197,197,3313071.0,1929787.3,75.3,16,12073.5,14834.6,7.4745
RouteID_5a9d5e01-5ed9-4862-beb0-9d582ac54f10,DCH3,186,23,246,246,4247527.0,2897643.2,59.53,15,11356.7,14644.2,7.2225
RouteID_5ab24a12-62bf-4b91-9b49-3be9c3509b7b,DAU1,138,19,204,204,4247527.0,2029305.28,67.4,15,14582.0,13749.4,7.8698
RouteID_5ab704be-b4c0-4d78-9935-1f9ed37d1303,DCH4,169,24,260,260,4247527.0,3259759.1,62.2,13,12707.0,16171.3,8.0218
RouteID_5aba8abc-16d8-4d96-8ab0-db12cc6e1927,DLA5,188,20,255,255,3313071.0,2527746.05,49.66,15,12769.3,12664.4,7.0649
RouteID_5ac1990e-8811-4228-87bc-0be7abb764ca,DSE4,97,14,165,165,4247527.0,1810816.61,109.54,15,6791.0,18074.6,6.9071
RouteID_5ac2f55e-4960-45d2-873e-2f854ee84046,DLA3,155,12,213,213,3313071.0,1868516.75,90.54,16,8752.3,19284.5,7.788
RouteID_5ac5589a-a088-456c-9925-f5a7a3d68098,DBO3,128,19,206,206,4247527.0,3002791.13,68.89,12,14199.8,14191.6,7.8865
RouteID_5ad0aa27-f172-4aa5-a5b6-ce86618ec180,DLA9,152,32,272,272,3313071.0,3255423.02,72.3,15,10168.8,19665.7,8.2874
RouteID_5ad43b12-e242-4ee5-a25a-08d8b0ed9e04,DLA9,182,20,286,286,3313071.0,3267620.94,69.65,15,9747.1,19918.7,8.2405
RouteID_5ad95424-9ff6-4612-b802-ce2b9a623c4c,DLA7,147,23,260,260,3313071.0,2633201.08,68.39,14,10901.5,17780.9,7.9673
RouteID_5adcf2b9-f7e2-4db7-b0e0-ef1231ea1bb6,DLA3,119,20,215,215,3313071.0,2655434.03,51.37,15,10882.0,11044.3,6.0906
RouteID_5ae28398-6835-417b-87c8-3fd893727bc9,DLA8,161,19,242,242,3313071.0,1741166.05,89.03,14,9886.8,21545.6,8.7312
RouteID_5ae55644-a110-4c87-a994-3342132ebfff,DLA9,131,28,282,282,3313071.0,2733612.18,79.91,13,8991.8,22534.1,8.7572
RouteID_5af5d62a-c0b0-4ff0-bcd9-a18ecee43b1b,DLA5,117,16,162,162,3313071.0,1877358.49,77.62,16,13015.7,12574.0,7.1082
RouteID_5affaf77-93cc-445f-a822-0df4540069e1,DLA9,171,32,249,249,4247527.0,2335000.55,60.87,14,11225.1,15156.4,7.3282
RouteID_5affbcef-7a2e-4d5f-a8a2-976115852193,DLA7,165,22,233,233,3313071.0,2504002.01,65.51,15,10708.2,15263.9,7.2145
RouteID_5b0122f2-b384-4c27-adcc-8d7eb50f347f,DSE5,156,17,247,247,3313071.0,2351006.44,74.28,13,9044.9,18347.4,7.609
RouteID_5b0cb784-87d6-4821-8d44-6b1807fae6e6,DLA9,114,24,241,241,3313071.0,2603495.46,94.81,16,8315.8,22849.3,8.657
RouteID_5b22064b-3abd-4ad5-b44d-a2a24ee24b2f,DLA9,178,25,267,267,3313071.0,2692203.11,59.05,14,13625.5,15765.5,8.1642
RouteID_5b253a36-8ef8-4e6a-bd1c-71180596e46f,DLA7,132,18,196,196,3313071.0,1933280.29,85.49,15,11196.8,16755.2,7.7644
RouteID_5b2828e3-f862-4a42-80ef-a6e184ee1922,DLA5,189,20,246,246,3313071.0,2074575.99,47.93,14,15864.8,11791.3,7.6822
RouteID_5b2be924-0ee8-4fa4-952c-25037ce5169f,DLA8,159,18,266,266,3313071.0,3294713.36,63.02,16,9831.9,16762.5,7.3873
RouteID_5b339e14-1d21-4607-b4cc-866babb08a62,DLA7,89,18,161,161,3313071.0,2433133.84,110.13,14,8421.0,17730.9,7.2644
RouteID_5b34950d-64c2-451b-b69d-b4d3cba3a1f5,DAU1,80,21,212,212,4247527.0,2172917.54,37.24,15,8307.6,7895.1,4.5008
RouteID_5b4e2125-7a25-47aa-b883-3675022011c5,DSE5,126,8,188,188,3313071.0,2156965.3,83.92,14,9686.6,15777.6,7.0734
RouteID_5b55afe6-86c9-4508-af9b-3f6522bb1979,DLA4,184,15,274,274,3313071.0,2641157.53,74.27,16,10028.3,20349.0,8.4381
RouteID_5b5b697c-b685-4b83-869f-51629b4dddd4,DCH4,149,16,210,210,4247527.0,2740928.2,61.23,13,14786.8,12858.8,7.6793
RouteID_5b6069c5-1b9f-46a6-b1f1-0e4e6dea6a6d,DLA5,180,24,242,242,3313071.0,2416511.52,64.83,14,15001.6,15690.0,8.5254
RouteID_5b68580f-14e4-43c5-a125-f2ca7c64fc7d,DLA9,155,24,258,258,3313071.0,2793683.15,67.67,15,10290.7,17460.0,7.7085
RouteID_5b6fc875-52db-4555-a0fb-bfad00788996,DBO3,167,28,265,265,4247527.0,2695409.99,51.96,11,11689.4,13768.3,7.0716
RouteID_5b7266a6-79f7-400c-b64b-111ce858665e,DCH1,98,23,256,256,3313071.0,3074835.65,73.22,14,6044.9,18745.5,6.8862
RouteID_5b7362fc-e490-49c8-a8cd-8ae3ad99bcd7,DLA5,167,22,247,247,3313071.0,2338632.59,57.52,14,13715.4,14206.9,7.7562
RouteID_5b7abdc4-876b-4a35-b371-ed7409bec01b,DLA3,67,13,159,159,3313071.0,1669500.84,108.7,14,4843.8,17283.1,6.1464
RouteID_5b84c0a1-9594-4afd-8904-375e747ea183,DLA9,148,33,266,266,3313071.0,2507041.35,74.29,16,13457.9,19761.7,9.2277
RouteID_5b8f09af-b478-4f36-967a-d031636b1a76,DLA7,141,16,195,195,3313071.0,2011320.5,100.92,15,9535.0,19679.9,8.1152
RouteID_5ba1c887-0fd1-4b4c-b7d8-500940287806,DBO2,147,25,231,231,4247527.0,2281787.13,76.02,11,12813.1,17560.6,8.4371
RouteID_5ba348e0-9879-4023-a755-bd7aea6e9273,DLA9,132,17,223,223,3313071.0,2686089.11,79.93,13,9071.3,17824.2,7.471
RouteID_5babc19b-e80a-439a-b1de-d69d23cfd3a9,DLA8,127,19,231,231,3313071.0,1859470.62,81.55,15,9499.5,18838.1,7.8716
RouteID_5bc6991c-6ee3-44b1-9da7-d26eae44d44e,DCH1,88,28,204,204,3313071.0,2048345.07,80.91,14,6838.1,16505.8,6.4844
RouteID_5bca5338-407d-43fd-bfea-90db3700d062,DBO2,155,23,228,228,3313071.0,3235264.58,78.83,12,12278.5,17973.2,8.4033
RouteID_5bd4b035-1ec7-48ec-87a0-ea8f54cafaaf,DLA8,114,18,236,236,3313071.0,2149930.43,75.36,14,6984.1,17784.3,6.8801
RouteID_5be5334c-9e09-4a6f-9658-f4821cd4ef88,DLA7,174,20,262,262,3313071.0,2629485.46,38.03,16,11813.5,9963.1,6.0491
RouteID_5bf303a5-7013-4272-a70c-e0b61e03afeb,DLA9,150,25,284,284,3313071.0,3306371.14,89.35,16,6963.7,25375.1,8.983
RouteID_5bf96cc3-6bb3-48cc-8cbf-8697f1424c45,DSE5,171,15,214,214,3313071.0,2335417.55,58.93,14,11510.8,12610.5,6.7004
RouteID_5c22f6c4-93d9-463a-93d5-d7f4eafb761a,DSE2,64,19,187,187,3313071.0,1919904.19,102.27,14,4607.9,19124.0,6.5922
RouteID_5c254029-6aa3-47f9-885b-1fc0d5e19c31,DLA7,164,23,274,274,3313071.0,3102794.14,49.02,15,10896.1,13431.6,6.7577
RouteID_5c29e832-e56a-4354-a99d-1a8c82488e0a,DLA7,168,22,257,257,3313071.0,2971845.09,64.55,16,11980.1,16589.2,7.9359
RouteID_5c2f0054-b50b-4fc4-a67a-a6f89bea1055,DLA9,194,19,277,277,3313071.0,2609580.21,51.85,16,10815.3,14363.6,6.9941
RouteID_5c330b18-81e1-4af7-9a32-67edaa0cab82,DLA7,151,18,205,205,3313071.0,1868291.53,55.22,15,11937.5,11320.1,6.4604
RouteID_5c3ebb31-030b-4c7a-8b58-8e15c5d46840,DSE5,197,16,275,275,3313071.0,3115200.29,52.02,14,13607.6,14305.9,7.7538
RouteID_5c3f964a-8453-44d9-8aaf-88781c8ccc44,DLA3,152,14,232,232,3313071.0,2112731.88,99.94,15,9392.8,23185.7,9.0496
RouteID_5c41535e-faa9-4225-a030-c0221910e81d,DLA8,73,22,219,219,3313071.0,3010642.62,63.59,15,6181.7,13926.3,5.5856
RouteID_5c43005c-f08c-4bbf-ae5b-c018047ea384,DLA8,126,28,264,264,3313071.0,2883443.82,84.8,15,6581.7,22386.3,8.0467
RouteID_5c4e2af6-7ada-4378-8a9c-a0a2a74a2424,DAU1,155,42,289,289,4247527.0,3675501.63,51.95,13,9477.2,15014.6,6.8033
RouteID_5c5167a8-861d-4cfd-a017-41ef613e1cbd,DBO2,95,23,221,221,4247527.0,2777858.46,102.96,12,8225.5,22755.0,8.6057
RouteID_5c5ea7c7-5dc3-4797-9d34-7de282df4818,DBO3,180,25,298,298,4247527.0,3897338.78,61.23,11,10679.7,18245.3,8.0347
RouteID_5c6a5d1d-7592-4583-9501-9b0e3acb4b99,DBO3,204,29,275,275,4247527.0,3288196.89,46.04,13,14315.6,12661.4,7.4936
RouteID_5c95858c-31d7-4e44-98e5-86c087b04b35,DLA9,126,20,241,241,3313071.0,2166085.89,91.29,16,10959.6,21999.7,9.1554
RouteID_5c962c08-90d0-4373-a7da-46e5f47be7d5,DBO3,162,22,201,201,4247527.0,2160209.47,77.46,11,15556.7,15570.0,8.6463
RouteID_5c999be3-a3fb-4f29-b7d4-9b0a0cd04d4b,DLA9,143,21,229,229,3313071.0,2435586.9,91.22,14,8394.2,20890.1,8.1345
RouteID_5ca7a11e-1922-498a-9a6b-baa29e4b19d0,DCH1,108,24,245,245,3313071.0,2889554.37,93.63,14,5996.1,22939.2,8.0376
RouteID_5caedd77-5956-4331-8139-52ff860213eb,DCH4,141,19,203,203,4247527.0,2349260.69,73.24,13,12718.1,14868.4,7.6629
RouteID_5cb66cca-5657-4d1a-930d-0da206555c85,DLA7,190,21,276,276,3313071.0,2807422.1,57.23,15,10832.9,15795.4,7.3967
RouteID_5cb6c8cd-271f-40b0-b81b-651d3c245fc4,DSE5,141,9,186,186,4247527.0,1999474.66,101.54,14,12434.2,18886.0,8.7001
RouteID_5cba2a9c-426b-4620-a36f-6f1032798ae7,DLA7,166,21,245,245,3313071.0,3300488.91,73.23,15,11089.7,17942.2,8.0644
RouteID_5cba4c58-7518-4733-865e-53b49aeb53f1,DSE4,100,11,185,185,4247527.0,1969331.12,87.34,15,6900.1,16158.5,6.4052
RouteID_5cbe4f41-139d-4c82-8109-648bda1b6852,DLA7,122,22,193,193,3313071.0,1785330.15,114.16,14,10572.7,22032.3,9.0569
RouteID_5cc00f81-1913-4a61-bafe-7a0bcd07215e,DLA9,137,22,270,270,3313071.0,2811579.55,62.85,16,8735.0,16969.0,7.14
RouteID_5ccca533-3e49-4990-a41a-f7f66a9e6552,DLA8,180,22,283,283,3313071.0,2779960.24,59.38,16,12475.7,16805.0,8.1335
RouteID_5cd92188-c7a1-4964-a84d-58bd85596502,DSE5,143,13,215,215,3313071.0,2797299.86,80.17,15,10919.0,17237.6,7.8213
RouteID_5ce012cc-8240-43fc-9ea5-0217b6e50ace,DLA7,139,18,221,221,3313071.0,2210190.79,69.56,15,10600.4,15372.6,7.2147
RouteID_5ce60f73-3fe6-4933-a6c9-a92c1513cadc,DCH2,138,17,196,196,3313071.0,2164739.73,65.67,12,14464.6,12871.0,7.5932
RouteID_5ce9a389-d2ee-4f81-9dda-274f10134446,DLA9,179,24,273,273,3313071.0,2668293.8,71.53,15,12116.6,19527.0,8.7899
RouteID_5cf49335-ffe1-445d-93ba-5030e422aa0b,DSE5,129,11,214,214,4247527.0,2395373.09,92.14,15,8043.6,19718.7,7.7117
RouteID_5cf64cce-c147-4cac-bb66-9b62fadf1347,DSE5,156,18,230,230,3313071.0,2671768.11,50.5,13,12802.0,11614.4,6.7823
RouteID_5d1438e5-22b9-437e-b625-73f556c51bf4,DLA7,147,28,230,230,3313071.0,2821641.33,71.38,15,11468.6,16417.6,7.7462
RouteID_5d180f3b-97d5-4880-860e-27fe70c62aad,DLA9,159,21,256,256,3313071.0,2554320.57,81.68,15,7815.5,20908.9,7.979
RouteID_5d3893c7-c410-486c-8f51-42f70942c376,DAU1,139,26,220,220,4247527.0,2195696.08,90.45,14,12530.6,19898.8,9.0082
RouteID_5d447a57-f6d6-4877-95c6-849bd9af497f,DLA9,159,18,271,271,3313071.0,2977810.12,68.91,15,10285.7,18674.0,8.0444
RouteID_5d4d635d-2a1c-49de-a58a-a9cffc89a772,DSE5,186,14,256,256,3313071.0,2943417.86,55.71,15,16965.3,14261.8,8.6742
RouteID_5d802de2-00e2-4c10-873e-a99c798a4620,DCH3,181,17,272,272,3313071.0,3150910.73,35.12,14,11801.2,9552.6,5.9316
RouteID_5d821fa9-05fd-431f-8584-5c9750556ad9,DCH4,172,16,241,241,3313071.0,2802669.2,57.62,14,15185.5,13885.7,8.0753
RouteID_5dba9b23-f96d-43e7-8299-faf9036ba619,DCH2,138,18,259,259,3313071.0,2691180.4,66.38,14,9986.5,17192.9,7.5498
RouteID_5dbc7adb-0f8b-45ec-a2eb-74970110c7bf,DLA5,192,19,284,284,3313071.0,3013312.52,52.02,16,15878.1,14773.7,8.5144
RouteID_5dc82460-5122-4587-9956-1736a5d1dddf,DBO3,114,10,159,159,3313071.0,2155973.93,80.0,13,14417.2,12719.4,7.5379
RouteID_5dddc50b-a79c-47e9-9688-ac24b97bf029,DBO3,147,30,219,219,4247527.0,2215457.98,68.38,12,12361.0,14974.8,7.5933
RouteID_5dde0300-f65c-4cce-b3c6-ad6408eed8a7,DLA9,136,19,224,224,3313071.0,2505407.77,68.99,13,10638.5,15454.8,7.2481
RouteID_5dec99eb-d5f0-4ee5-846f-42f23b02cb5c,DBO2,193,22,287,287,3313071.0,3198421.32,58.33,13,11356.1,16740.2,7.8045
RouteID_5def297f-94e6-47a6-89e3-52a6ea3bb7b3,DAU1,149,35,233,233,4247527.0,2436432.14,60.36,13,10563.6,14063.1,6.8408
RouteID_5e131b7e-518c-4c50-8243-c6c02c5fdc1f,DLA7,190,21,265,265,3313071.0,2803205.36,49.74,15,11059.5,13181.1,6.7335
RouteID_5e17aaec-fe56-4c4c-b3d3-8483f6210957,DCH1,139,24,274,274,3313071.0,3122614.39,71.87,15,7938.4,19693.7,7.6756
RouteID_5e432a71-f915-41ea-ac1c-2061c1442c09,DBO2,162,29,266,266,3313071.0,3007885.02,52.56,13,11483.6,13980.7,7.0734
RouteID_5e48e4f8-679f-4d50-84b7-0f1ac8849fe3,DSE4,181,22,252,252,3313071.0,2609019.47,90.61,14,10176.3,22834.7,9.1697
RouteID_5e49b882-00f1-40c8-8669-2b6ef5317a97,DSE5,164,15,206,206,4247527.0,2069727.8,78.54,14,13892.2,16179.5,8.3533
RouteID_5e513a64-9782-4169-af1a-d3177dec2788,DLA9,117,29,226,226,3313071.0,2337569.16,68.99,15,7213.0,15592.8,6.3349
RouteID_5e536da9-215b-45fd-8988-b069ca0c0e6b,DBO3,183,21,251,251,4247527.0,3121986.78,67.0,12,13164.9,16816.5,8.3282
RouteID_5e5a3282-58f3-475f-9311-050126bba442,DLA7,174,26,259,259,3313071.0,2795644.88,73.83,16,13700.6,19121.2,9.1172
RouteID_5e6a93dd-b0a0-41d3-bbd7-87ba276b958f,DLA9,141,20,244,244,3313071.0,2304792.23,82.16,13,10373.1,20048.2,8.4504
RouteID_5e751dbd-687c-4ac3-81ae-51a441ff633b,DLA9,125,19,257,257,3313071.0,3234971.42,47.68,13,8992.8,12252.6,5.9015
RouteID_5e8013c7-7778-467e-88c6-e78dce2b7c76,DBO3,154,15,205,205,4247527.0,2825012.88,67.1,12,14099.7,13754.8,7.7374
RouteID_5e811567-2598-4442-bd75-f165d7964d13,DLA7,161,20,237,237,3313071.0,2884617.0,60.51,15,12058.4,14339.7,7.3328
RouteID_5ea8d2e8-2611-45da-a810-f9b9719c5056,DLA7,186,25,295,295,3313071.0,2802669.78,61.75,15,10607.2,18216.9,8.0067
RouteID_5eabfb60-8bfd-4679-bb19-ed15110cd4fb,DLA7,165,21,258,258,3313071.0,2474189.15,56.23,15,12247.0,14508.4,7.4321
RouteID_5eccbcab-30b7-4a2f-a712-001c91327508,DLA7,155,23,264,264,3313071.0,2496775.21,71.6,15,11593.8,18902.5,8.4712
RouteID_5ecd4e6b-b45a-494b-983a-279c037f9599,DBO3,122,21,203,203,3313071.0,2470704.02,62.03,12,12050.9,12591.8,6.8452
RouteID_5ee4cdd5-6c29-4306-a6cd-8943bde87002,DLA7,169,24,224,224,3313071.0,3135069.47,62.42,15,11980.1,13983.0,7.212
RouteID_5ee528fb-5046-4f84-9d0a-f7cc827c87fa,DSE5,175,16,294,294,3313071.0,3025500.62,58.04,15,10146.9,17063.6,7.5585
RouteID_5ee61285-7898-4109-b38a-1dfb2b6498cf,DBO2,150,23,195,195,4247527.0,2151613.85,82.19,11,15366.2,16027.2,8.7204
RouteID_5ee7cf65-37c6-4454-822b-74c0de6e2fb0,DBO3,172,31,256,256,4247527.0,2931835.42,52.81,12,13986.3,13519.7,7.6406
RouteID_5f0ec4fa-956d-4ec5-8c96-cdfad7e4cf3c,DSE4,159,26,247,247,3313071.0,2727901.78,67.76,15,9951.5,16737.5,7.4136
RouteID_5f261852-f5ad-4c8b-8e66-f9253cf851fc,DLA9,109,30,230,230,3313071.0,2356058.44,98.92,15,6970.1,22751.2,8.2559
RouteID_5f318faa-c9d2-4e60-b065-03271f33b21a,DLA7,149,19,220,220,3313071.0,1947674.43,67.55,15,12483.7,14860.1,7.5955
RouteID_5f33ca96-22df-479a-a48b-6935b7349b88,DSE5,136,14,216,216,4247527.0,2707500.25,68.27,14,8545.1,14746.7,6.4699
RouteID_5f404f3e-ea91-4b2c-8ebd-0041b5ecdbd3,DLA7,170,18,217,217,3313071.0,2242010.77,62.28,16,12306.0,13514.7,7.1724
RouteID_5f4afb8b-80f1-4e6d-9fa5-faabcdff63fd,DCH3,145,20,200,200,3313071.0,2471318.45,79.18,13,14389.2,15836.3,8.396
RouteID_5f5de232-3d54-411a-95cf-004f691dc9bc,DSE4,175,25,254,254,3114853.25,2710181.71,64.4,15,11232.6,16357.1,7.6638
RouteID_5f5e1105-a11b-4071-8942-f16fa2e23c6b,DLA7,170,27,289,289,3313071.0,2930507.4,61.95,15,8958.7,17902.6,7.4615
RouteID_5f615d57-e1f8-450a-8710-64a78fb355a2,DBO3,140,27,215,215,4247527.0,2496350.09,57.96,12,12223.2,12461.3,6.8568
RouteID_5f7493c4-2adb-4f07-9174-a4652af2c4de,DLA3,149,15,250,250,3313071.0,1808878.91,66.95,16,9686.0,16736.5,7.3396
RouteID_5f7e5456-07fb-4f94-8217-a61be1e834f7,DLA7,116,21,239,239,3313071.0,2778730.49,66.75,14,9302.3,15952.9,7.0153
RouteID_5f7f8109-28b2-4f47-a4b6-c616d6e996e5,DBO3,153,20,255,255,4247527.0,2904358.7,57.72,11,8247.7,14719.7,6.3798
RouteID_5f8d9c67-df02-453d-93d2-429a2c21a2c1,DBO2,119,9,186,186,4247527.0,2231254.93,98.32,12,11212.3,18288.2,8.1946
RouteID_5f967c6f-6a37-4eec-b521-0daa809499cb,DCH3,192,19,271,271,4247527.0,2942899.16,56.35,13,10237.3,15270.8,7.0856
RouteID_5f99a51b-9fc2-4506-804a-893e1af47584,DSE2,63,17,163,163,3313071.0,2052257.33,150.08,14,3580.5,24462.3,7.7897
RouteID_5f9e2b55-0d2d-4604-9914-2f7ee9ce4d93,DBO1,151,8,248,248,3313071.0,3288110.18,52.81,11,9018.0,13096.7,6.143
RouteID_5fad5698-4e40-40df-9fc6-5fcb73521211,DBO2,161,28,241,241,4247527.0,3904590.01,70.01,13,11778.1,16873.1,7.9587
RouteID_5faed8d6-c57a-42cf-8078-596ab61031e7,DSE5,138,10,187,187,4247527.0,2110879.68,86.29,15,10009.9,16135.9,7.2627
RouteID_5fb1552b-bc5c-46f1-b91e-4c9399c72b72,DLA3,130,27,255,255,3313071.0,2625323.93,81.59,15,6901.6,20806.7,7.6968
RouteID_5fc3ef05-deac-4641-870d-4e4a6ec521f0,DCH4,157,28,251,251,4247527.0,3019501.5,66.34,15,13047.4,16650.5,8.2494
RouteID_5fcdc39b-7b7f-4802-acbb-f1fcbfd5fc34,DLA8,138,25,267,267,3313071.0,3133025.6,64.41,16,7182.4,17196.5,6.7719
RouteID_5ff14aee-7eb1-4abd-9bb1-0ff84638405d,DLA7,169,28,251,251,3313071.0,2847622.47,66.5,16,11186.4,16692.6,7.7442
RouteID_5ff865d3-ccd5-4764-ace6-cbc794511d89,DLA9,135,20,247,247,3313071.0,2366965.34,71.07,15,11124.4,17553.7,7.9661
RouteID_600dca32-cfe6-4e8d-8ab2-43d20dcc7d80,DLA7,168,22,262,262,3313071.0,2967032.14,64.51,16,10966.8,16902.0,7.7413
RouteID_60116b35-0716-4377-9d93-b75f44ac2dcc,DCH4,132,17,226,226,4247527.0,3145785.93,72.74,14,11027.6,16439.7,7.6298
RouteID_6017f7e8-369e-44e5-bd52-7e71e2aeb570,DLA9,172,23,275,275,4247527.0,3000794.82,52.13,15,10315.4,14336.7,6.8478
RouteID_60213f3a-0b5f-46f2-b15d-7877cd7b263d,DCH4,164,21,252,252,4247527.0,3304219.89,64.68,14,10504.8,16300.2,7.4458
RouteID_603c0c32-083f-46c6-8fb1-6912811af9d0,DLA5,158,18,211,211,3313071.0,1963473.09,85.6,15,13417.0,18062.2,8.7442
RouteID_603e83cc-2971-47a7-8595-ad2b14c394b4,DSE5,118,7,176,176,3313071.0,1985910.59,92.24,15,10833.0,16233.8,7.5186
RouteID_604e5490-62ef-4ed7-ac32-615177caeccd,DLA7,145,22,245,245,3313071.0,3005380.89,65.16,14,9245.9,15963.5,7.0026
RouteID_60562b8b-adbb-484b-bda8-e3c701c8d760,DBO3,109,22,242,242,4247527.0,2651915.17,74.96,11,7536.5,18139.6,7.1322
RouteID_605c8c3f-1bb5-413a-9e7a-2ffdb459a223,DSE4,157,28,270,270,3313071.0,3056284.13,68.12,14,13257.3,18392.5,8.7916
RouteID_606217f3-b754-4b7b-94be-579fe5f06475,DLA7,182,24,255,255,3313071.0,2763138.57,47.05,14,15584.7,11998.3,7.6619
RouteID_6068ae7b-2422-4571-8ac4-494402222339,DLA4,141,12,243,243,3313071.0,2355095.24,63.53,13,7359.4,15436.6,6.3322
RouteID_606b779e-f2bf-41ee-8bb2-bbf0850aef90,DLA9,125,23,256,256,3313071.0,2378079.68,59.19,14,9840.7,15152.6,6.9426
RouteID_60702e3c-0c3d-45db-9525-c6e01932c005,DBO3,130,22,186,186,4247527.0,2094590.14,92.22,12,12185.3,17153.3,8.1496
RouteID_6072d011-b3c4-48e5-8a92-b0d9466cb5e0,DSE5,161,11,211,211,4247527.0,2449105.03,79.91,14,12053.4,16862.0,8.0321
RouteID_6077d00f-3b0c-4ba9-827f-fd279d2994ea,DLA3,127,26,274,274,3313071.0,3141920.42,49.78,16,8455.9,13639.3,6.1376
RouteID_6085f1ab-0d07-47c2-b5fe-d69df586113e,DLA7,143,23,248,248,3313071.0,2782313.34,56.49,14,12125.9,14009.7,7.2599
RouteID_608e02d5-5ecd-45ee-99b0-274dfaecef7f,DLA4,123,14,269,269,3313071.0,3249287.12,54.85,13,7504.6,14754.4,6.1831
RouteID_60906205-46ea-4848-b99f-899b475c89e0,DLA7,148,24,227,227,3313071.0,2142412.72,85.4,14,10501.6,19386.3,8.3022
RouteID_609e9875-c67f-4255-804b-0de3659d729b,DLA7,133,29,180,180,3313071.0,1711853.42,84.73,15,12549.5,15252.1,7.7227
RouteID_60a74c91-68f5-4034-9792-c87329f1c5a5,DLA7,159,28,254,254,3313071.0,2260333.04,54.74,15,11257.6,13903.4,6.9892
RouteID_60a8e1b4-21a4-4dac-831b-8648ec597412,DSE5,109,6,180,180,4247527.0,1705444.65,85.32,15,12719.7,15358.1,7.7994
RouteID_60b176ea-694a-4ba1-b598-06c253f01e0c,DSE5,209,20,297,297,4247527.0,2889976.03,53.95,13,13681.4,16023.0,8.2512
RouteID_60b304da-3402-4791-b06b-3b52321199da,DCH4,183,26,247,247,4247527.0,2842843.13,62.55,13,13355.5,15449.7,8.0014
RouteID_60c70dbe-e28b-4c27-a4da-737ee54dd62e,DLA7,195,27,275,275,3313071.0,2826702.05,69.31,16,13336.9,19061.5,8.9996
RouteID_60dc2b72-fb7d-4167-8f4d-1d6c5a699af4,DLA7,190,22,269,269,3313071.0,2776398.35,44.04,15,13622.2,11845.9,7.0745
RouteID_60dfcbc6-212b-43d8-86f2-a1aeb3cb5224,DSE4,98,16,185,185,4247527.0,2328612.96,116.78,15,6253.5,21604.1,7.7382
RouteID_60e00623-a3c7-4db9-9b5b-7e674099568f,DSE4,161,22,224,224,3313071.0,2016434.61,93.18,15,10969.2,20872.3,8.8449
RouteID_60e8facb-695f-4339-ad68-1abe869ff10a,DBO3,142,25,207,207,4247527.0,2586394.47,66.16,12,12771.2,13695.4,7.3518
RouteID_60f08fdc-8dce-4211-a00d-db145f29ce49,DLA8,153,19,277,277,3313071.0,3025329.08,73.41,17,8343.1,20333.7,7.9658
RouteID_61005305-96d1-4b7e-a4a8-322c03924993,DLA8,120,20,206,206,3313071.0,2522219.54,89.42,16,9461.6,18420.6,7.7451
RouteID_61045937-ddc9-4d0c-928a-9dd8fa22643e,DLA7,173,23,258,258,3313071.0,2764267.36,40.62,16,11774.1,10478.9,6.1814
RouteID_610c9755-db00-4dd3-b12b-8dd855b5d60b,DSE5,122,11,186,186,4247527.0,1964725.98,97.48,15,8010.6,18130.7,7.2615
RouteID_611a0158-4acc-4964-be32-0581f0e7c92a,DSE4,158,25,229,229,3313071.0,3144425.37,57.41,15,14613.0,13146.2,7.7109
RouteID_611c2404-dac5-4b21-83a4-c49bb43f0ee0,DCH4,171,20,242,242,4247527.0,2476579.53,69.12,15,12212.5,16727.6,8.0389
RouteID_612058d3-5465-49e4-b0c5-0493523b3358,DBO2,81,16,212,212,4247527.0,2150730.19,96.16,12,6241.9,20386.5,7.3968
RouteID_613148fd-77b8-4388-b27e-d8c81fee04d7,DLA7,153,20,217,217,3313071.0,2663787.13,51.44,16,10669.8,11163.1,6.0647
RouteID_613c9460-5629-4d2c-9f07-f67bf2f423b7,DSE5,165,15,238,238,3313071.0,3049067.4,75.13,15,11250.3,17882.1,8.0923
RouteID_613ec5c0-bbca-4920-b78b-c5cdffdba499,DCH4,154,18,229,229,4247527.0,2423375.98,71.72,15,12136.2,16423.5,7.9332
RouteID_6143151b-b301-44c5-afd9-a58db95eb41a,DSE5,128,8,171,171,4247527.0,2284989.74,74.74,15,10921.9,12780.1,6.5839
RouteID_614f11dc-46cf-4c52-821d-5b65f480a87b,DLA8,186,21,295,295,4247527.0,2982052.94,66.95,15,9180.6,19751.4,8.0367
RouteID_6151ed34-9a5b-401e-9317-305862a35a23,DLA7,150,25,238,238,3313071.0,2084171.32,62.5,14,11235.2,14875.7,7.253
RouteID_61612c45-4ab6-4ad7-af11-a9ad4ded4765,DCH1,95,17,200,200,3313071.0,2105434.93,78.43,14,8143.3,15685.1,6.619
RouteID_6166339b-5cb1-494a-be05-5987684dc61e,DSE5,189,16,243,243,4247527.0,2502074.87,48.2,14,11809.6,11713.0,6.5341
RouteID_616ec5e2-af19-4906-89f6-b949955d42f8,DCH1,181,16,238,238,3313071.0,2415575.0,59.1,13,14307.1,14065.7,7.8813
RouteID_6170d139-b870-424e-9b66-c64608b12925,DLA8,194,15,282,282,3313071.0,2653544.87,64.51,16,11005.1,18190.8,8.11
RouteID_61776177-188b-48f5-b1cc-a1c2e324f2eb,DBO3,149,26,219,219,3313071.0,2303617.29,61.58,12,13741.4,13486.6,7.5633
RouteID_6180bb45-0c26-462b-a3a2-fe35c85840dc,DLA3,150,14,217,217,3313071.0,1772722.34,87.17,14,10644.6,18916.2,8.2113
RouteID_61843a20-200b-4586-b9de-e620269fbc6e,DLA9,140,22,209,209,3313071.0,1892177.55,78.71,15,11717.9,16449.8,7.8244
RouteID_6189a279-1ff6-4b08-93c3-abc0a756142f,DLA7,162,20,205,205,3313071.0,2004195.5,45.33,15,12557.4,9292.4,6.0694
RouteID_619e93e8-a889-41c1-86ae-d74142fcb685,DLA8,162,22,295,295,3313071.0,3380672.43,53.53,15,6822.8,15791.0,6.2816
RouteID_61a1ed8a-ec8a-499d-affd-02c3c351d779,DLA8,108,22,253,253,3313071.0,2971319.38,104.8,16,5865.6,26514.9,8.9946
RouteID_61c0fe82-17c4-4fff-bd1a-0e59d876583d,DLA7,129,29,200,200,3313071.0,1583640.39,72.9,14,11208.5,14579.3,7.1633
RouteID_61c69aa1-6a4d-4f1a-99f0-ccb407592c03,DCH4,132,23,225,225,4247527.0,2745967.6,62.83,15,12487.8,14136.9,7.3958
RouteID_61d0e045-d323-417f-864c-22fc1150dfe3,DLA8,129,16,221,221,3313071.0,2589934.15,95.97,16,7088.0,21210.3,7.8606
RouteID_61e31080-389f-4885-b6b5-dfa139305d54,DLA7,140,21,205,205,3313071.0,2222943.19,63.3,15,12662.9,12977.2,7.1223
RouteID_61fd9321-e708-4506-aa99-05b723eb426d,DLA9,168,20,238,238,3313071.0,2456051.22,90.33,15,10605.4,21498.8,8.9178
RouteID_61fdb9ca-b75f-4d86-8cca-ad11066e520b,DLA3,178,18,260,260,3313071.0,2219959.96,80.05,16,10482.9,20812.2,8.6931
RouteID_623109ad-3da5-4e0e-acc8-b8defb63e463,DBO2,170,29,262,262,3313071.0,3065902.13,52.31,14,9817.7,13706.1,6.5344
RouteID_62351624-6da4-4e8b-9525-0a89668c2827,DBO3,139,15,185,185,4247527.0,2363524.6,85.18,12,12724.2,15758.3,7.9118
RouteID_623caa2c-d3a2-4b50-9f0c-6aa46a59c608,DAU1,164,30,282,282,4247527.0,3493226.49,48.09,13,11989.9,13561.4,7.0976
RouteID_623dc562-7620-437a-a011-2d6ae75997c4,DLA7,152,24,232,232,3313071.0,1872243.37,77.48,15,10444.3,17974.2,7.894
RouteID_624b3eab-df72-4431-85d3-74f7aa5cf5e8,DCH4,159,24,222,222,4247527.0,2765034.9,72.88,13,12029.0,16180.3,7.8359
RouteID_6250ba47-dd0f-4247-a507-df15bdf41fba,DLA8,174,18,242,242,3313071.0,2043698.19,62.21,16,11197.0,15055.1,7.2922
RouteID_62586f93-e9da-498e-a983-2cad560788a1,DLA4,95,15,217,217,3313071.0,2755238.78,90.78,13,5226.5,19698.6,6.9236
RouteID_625d20d4-3c8f-4aef-b344-0329b1808b58,DAU1,121,25,229,229,4247527.0,2822672.97,69.28,14,8430.6,15865.5,6.7489
RouteID_62617fcb-0ed5-444a-aaff-ffba75f83e5f,DCH2,149,21,272,272,3313071.0,2680643.19,69.88,14,10958.5,19008.0,8.324
RouteID_626ced03-23e8-4d61-8e84-9b53a90de69b,DAU1,108,24,196,196,4247527.0,2113960.15,69.94,13,7933.5,13708.8,6.0118
RouteID_6279c544-812a-41ce-bca6-18533ec9fd21,DBO3,123,23,245,245,4247527.0,3016229.54,71.76,11,8194.3,17581.0,7.1598
RouteID_62862572-a72b-430a-be50-b7e7c125d730,DAU1,149,33,238,238,4247527.0,3288770.51,79.52,15,12705.3,18925.0,8.7862
RouteID_6286d607-c2f1-4547-87a9-0d813f946f42,DSE4,127,19,225,225,4247527.0,2140948.58,85.19,15,10055.4,19167.0,8.1173
RouteID_6289f1d5-acae-4b3d-a816-302b6b08b835,DBO2,137,24,272,272,3313071.0,3152612.31,61.47,13,7588.6,16721.1,6.7527
RouteID_62911aa7-8a7b-4485-98c3-8d2866b5f70a,DLA7,135,22,230,230,3313071.0,2223864.39,68.34,14,9345.3,15719.2,6.9624
RouteID_62955f5e-57a2-4425-bfe6-6989d8dae565,DLA7,136,19,204,204,3313071.0,2466564.66,92.09,15,10380.5,18786.7,8.102
RouteID_629662ac-688c-46e6-a678-82c5198677c4,DLA9,96,22,257,257,3313071.0,2890586.05,69.62,16,8519.8,17892.4,7.3367
RouteID_62a791cf-bd6d-4bc0-aea0-68b28f0d4cde,DLA7,194,21,269,269,3313071.0,2651379.07,52.62,15,12234.2,14153.5,7.3299
RouteID_62a86425-87e7-4d8e-9111-0998b1b6614b,DSE5,134,9,247,247,3313071.0,3329962.54,64.51,15,9351.3,15935.1,7.024
RouteID_62af093a-8635-4387-ac46-74207d7401d8,DCH3,153,18,204,204,3313071.0,2054616.17,66.72,13,14106.6,13610.5,7.6992
RouteID_62b58454-1885-49b5-b70a-2108768f7969,DSE2,153,17,236,236,4247527.0,2464696.6,60.71,15,7483.9,14327.9,6.0588
RouteID_62be4946-fa18-4560-b0e1-a9eb1ba6c294,DLA5,208,31,276,276,3313071.0,2902321.46,70.27,15,14033.0,19395.6,9.2857
RouteID_62c365e7-19c8-4cf7-901a-09f8ad23f293,DBO2,135,24,212,212,3313071.0,3151505.16,71.31,13,9692.1,15118.0,6.8917
RouteID_62c8b9eb-ae40-45ce-86bd-e19cc459b3db,DLA8,142,15,225,225,3313071.0,2181226.55,74.26,16,12842.8,16709.2,8.2089
RouteID_62e0eb6f-ab70-47aa-80bf-488660609545,DLA9,149,22,287,287,3313071.0,2608914.48,59.62,13,11166.0,17111.6,7.8549
RouteID_62e16389-9dc4-46f2-80f7-f35a0295bd46,DBO3,139,19,194,194,4247527.0,2595810.2,75.49,12,12343.2,14645.5,7.4969
RouteID_62e7a4d1-76e0-45af-a87e-55dfaf5898ef,DBO3,133,24,209,209,3313071.0,2368815.08,58.83,12,12669.3,12295.3,6.9346
RouteID_62fe4dc5-985a-4549-8daf-61f793a5a977,DLA9,167,24,288,288,3313071.0,3199024.9,56.4,16,9507.7,16243.4,7.1531
RouteID_63082340-9355-4199-8701-836748c0918f,DLA7,172,19,266,266,3313071.0,2767020.47,43.26,16,10408.4,11506.1,6.0874
RouteID_630cc5d8-7ea7-4124-8d54-94b92684acab,DAU1,164,22,252,252,4247527.0,2831255.24,47.85,14,11600.5,12059.4,6.5722
RouteID_631b51e3-0491-4649-951a-388ccecce8a5,DLA9,179,25,288,288,3313071.0,3038721.79,59.5,15,11001.4,17135.4,7.8158
RouteID_631fe619-21ff-4765-83e8-72591af418c7,DLA7,165,19,221,221,3313071.0,2045037.1,66.59,14,12665.0,14716.9,7.6061
RouteID_632016d6-8c03-4763-83f1-88a844b90435,DBO2,177,18,267,267,3313071.0,2838870.29,80.86,12,10772.9,21588.9,8.9894
RouteID_6322fde9-ae70-4935-b8bb-80583214ae69,DBO3,188,25,242,242,3313071.0,2949623.65,59.71,13,13265.3,14449.1,7.6984
RouteID_6324649c-bc02-4259-8382-706b081fe71c,DBO2,117,34,299,299,4247527.0,3601053.81,77.35,13,7029.7,23126.5,8.3767
RouteID_632b4060-1b32-4b22-992f-37c6ecfb64e6,DSE4,107,17,222,222,4247527.0,2550389.37,98.47,15,6470.6,21861.4,7.87
RouteID_633673ab-92da-4233-ad75-b5a4ed3228b6,DBO3,139,18,216,216,4247527.0,2690930.44,59.23,11,11298.2,12792.8,6.6919
RouteID_634b5256-0a60-4533-90aa-3c918c02d7d2,DLA7,129,21,210,210,3313071.0,1651788.72,72.2,14,10338.2,15162.4,7.0835
RouteID_63642a5f-f946-4dbc-8bc8-15bef17921b1,DLA7,159,37,227,227,3313071.0,2181833.6,68.88,16,12023.0,15636.2,7.6831
RouteID_6365c696-1805-4140-ab13-960962175726,DLA7,153,22,209,209,3313071.0,2718401.45,81.21,16,10708.7,16972.7,7.6893
RouteID_63741244-de6c-47d7-a784-7ef025ed35d1,DLA3,111,23,249,249,3313071.0,2698284.41,75.92,16,5253.9,18905.2,6.7109
RouteID_639c9d7e-52d4-4d01-bb56-f0b3bd81310d,DLA7,175,18,256,256,3313071.0,2688785.64,54.15,16,8946.0,13863.3,6.3359
RouteID_63a2c6a7-2ff5-4271-8f09-c8fa383523c7,DLA5,132,17,207,207,3313071.0,2163391.57,89.73,16,11221.0,18574.2,8.2764
RouteID_63aba43a-1712-46a9-97e5-b26e3cb893e1,DLA9,127,21,230,230,3313071.0,2349673.34,80.42,16,9678.5,18497.3,7.8266
RouteID_63ae8576-b045-470b-b682-00779247555c,DSE5,178,14,237,237,4247527.0,2578561.92,73.06,14,11048.5,17315.9,7.879
RouteID_63b0a1c5-6899-415d-bf11-ccd52f05b17a,DSE4,151,23,253,253,3313071.0,3301344.11,74.39,14,10055.9,18821.9,8.0216
RouteID_63b75725-2cb9-4c2e-93fa-8ecce33e9db1,DLA9,140,22,227,227,3313071.0,2160629.46,85.78,13,10247.8,19471.8,8.2554
RouteID_63c45e40-6c7f-4383-8044-9a19eff9e524,DBO3,175,24,246,246,3313071.0,2794982.36,50.67,12,16980.8,12464.9,8.1794
RouteID_63dc3f55-bd53-4063-a444-dbc621cc02f0,DLA3,88,24,239,239,3313071.0,2490596.23,83.98,14,5510.9,20072.3,7.1064
RouteID_63e310c6-b523-41c0-a242-96de6573f711,DLA9,125,24,209,209,3313071.0,2348693.03,69.08,13,9988.2,14437.5,6.7849
RouteID_63e5cdf2-a38b-4a65-bc7c-885dc68806b5,DCH4,137,16,176,176,4247527.0,1933984.14,69.59,13,12122.2,12248.1,6.7695
RouteID_63f77d68-4ed0-4522-b6b6-e70b1d462285,DBO2,153,22,251,251,3313071.0,3132591.14,47.3,13,9262.8,11873.5,5.8712
RouteID_641ff4fc-32da-4dc0-a599-2cfb31a8ad1a,DLA5,175,19,250,250,3313071.0,2271320.28,64.05,14,12557.2,16012.7,7.9361
RouteID_6439336d-d619-42f4-bcf3-887dcf63449b,DCH4,188,24,277,277,4247527.0,3909859.91,56.15,13,13705.9,15553.7,8.1277
RouteID_64440098-50b1-4c76-bd8e-c2461e313518,DSE4,101,32,212,212,4247527.0,2008816.59,74.61,15,7452.7,15816.5,6.4637
RouteID_6450098a-c98f-49d2-99de-6fe1166dfa52,DLA7,163,25,231,231,3313071.0,2325264.8,72.56,15,11959.4,16761.1,7.9779
RouteID_646212aa-2d94-4b20-a3e9-41db73873a73,DLA7,146,23,225,225,3313071.0,2316248.13,49.59,14,10495.6,11157.6,6.0148
RouteID_646519c0-65f0-4026-9462-803f10a307ab,DLA3,97,22,246,246,3313071.0,2682720.13,83.42,14,5074.3,20521.8,7.11
RouteID_6467d727-5eb9-40ef-bb0b-5275641f2abe,DLA3,112,17,231,231,3313071.0,3206701.81,83.2,15,6563.2,19220.0,7.162
RouteID_646aa8a7-499b-4b82-a91c-1bd25e11110c,DLA8,154,19,251,251,3313071.0,2395986.14,76.77,16,10861.9,19268.8,8.3696
RouteID_6483e9d1-846d-4b78-a904-88752be16537,DLA7,171,23,268,268,3313071.0,3190364.14,55.59,14,11502.6,14899.3,7.3339
RouteID_6499013e-ff35-4428-a95f-709b0b164814,DLA9,130,22,233,233,3313071.0,2426763.92,70.91,13,11227.6,16521.9,7.7082
RouteID_64a9be29-2885-4587-b3a5-fbef8e1d72a3,DSE2,99,13,231,231,3313071.0,2235724.85,93.13,13,5828.8,21513.1,7.595
RouteID_64cb7ba5-342d-46db-9e04-962248c6f667,DCH1,33,13,235,235,3313071.0,3281600.59,62.11,15,3660.9,14596.5,5.0715
RouteID_64cebba9-7c42-4e18-96d5-98dc847f736a,DAU1,147,26,221,221,4247527.0,2593932.58,68.83,14,10021.4,15211.6,7.0092
RouteID_64e3d4f0-decb-42c7-b01d-702703dc2e6a,DSE2,59,28,179,179,3313071.0,2421163.32,115.13,14,3867.6,20609.1,6.7991
RouteID_64e4fb54-05a4-4d8e-b36b-a27494a2c619,DAU1,125,30,239,239,4247527.0,2889536.96,97.12,14,8269.9,23212.2,8.745
RouteID_64fa4abf-e4ef-440f-b535-25e59f83358a,DLA9,163,28,253,253,3313071.0,2012613.14,62.72,13,10812.7,15868.2,7.4114
RouteID_650b1a28-9f2d-447f-a1ab-10cc10e8bbe8,DLA4,102,17,216,216,3313071.0,2430084.17,113.46,14,6382.4,24507.8,8.5806
RouteID_65121e63-6982-488c-8b17-d259bc6d5d9a,DSE4,192,29,274,274,3313071.0,2600261.24,48.57,15,12998.8,13307.0,7.3072
RouteID_65186a23-6846-40b5-93ef-efa494b67c75,DLA7,166,24,269,269,3313071.0,2695603.65,61.82,16,9459.5,16630.6,7.2472
RouteID_65400539-0868-4bf2-bcb4-acf19f270ce7,DBO3,94,18,195,195,4247527.0,2245326.16,77.64,11,8085.9,15140.2,6.4517
RouteID_654720c5-4de5-488d-8d16-70c7f6df2a7a,DCH3,175,16,235,235,3313071.0,2764193.69,66.22,13,12262.7,15562.6,7.7293
RouteID_655348b1-861c-476d-9816-611f68b6bf33,DSE4,137,15,234,234,4247527.0,2789693.81,81.08,15,9726.8,18972.4,7.972
RouteID_65536dd0-c9d5-430e-beaa-4011f59686d3,DCH2,190,18,276,276,3313071.0,2655348.23,62.78,12,11316.6,17327.8,7.9568
RouteID_656eb5a6-511e-4835-a0d0-6fb2b9bcc72c,DLA7,136,23,208,208,3313071.0,2307967.42,72.85,14,9165.3,15152.9,6.7551
RouteID_657b0dfd-ec9a-4a27-bf92-4e234a4b53d1,DLA7,159,26,261,261,3313071.0,2887147.5,64.01,15,12365.6,16705.9,8.0754
RouteID_657d89cb-ff99-4fb8-92b1-c7eba122c3f3,DLA9,169,24,266,266,3313071.0,2238162.48,79.61,13,10874.2,21177.2,8.9032
RouteID_659348ac-0b6f-4438-8e55-efebeb3e8cf6,DLA9,184,25,297,297,3313071.0,3089559.61,67.1,15,8936.3,19928.3,8.0179
RouteID_65950c5f-ee82-40c0-a0db-d0b6060274a8,DLA4,112,9,186,186,3313071.0,2074866.56,88.06,17,8242.4,16379.1,6.8393
RouteID_65a336ab-f388-4cdb-9d5a-23bbd388553e,DLA8,110,12,228,228,3313071.0,1975336.04,97.92,16,10238.7,22326.0,9.0457
RouteID_65afce43-9ef2-47e2-8875-5d94d01d2a10,DBO3,160,21,222,222,4247527.0,3649958.65,62.53,12,13902.1,13882.7,7.718
RouteID_65b5077f-7df3-4bd9-bc12-cbdc955a649c,DLA8,125,16,238,238,3313071.0,2120919.74,83.3,14,8811.9,19824.4,7.9545
RouteID_65bac361-24ba-4458-aa9c-2c00ab0ffef3,DCH1,68,20,227,227,3313071.0,2210160.2,95.43,15,5727.6,21661.9,7.6082
RouteID_65bf725d-9a2f-4af4-9cba-f063dedbcb5c,DLA5,170,20,246,246,3313071.0,2368901.48,55.48,15,10706.5,13648.7,6.7653
RouteID_65d5754f-be3d-44f1-b7bb-4a3ff6475885,DBO3,133,24,191,191,4247527.0,2075766.22,63.23,12,13997.8,12076.4,7.2428
RouteID_65e09b77-4be6-439b-ab45-53009bda41cb,DLA4,120,15,222,222,3313071.0,2798456.7,85.59,16,8367.8,19002.0,7.6027
RouteID_65e3b2f8-b0aa-4af6-ba16-cf64b283859f,DLA3,159,15,262,262,3313071.0,2504122.88,71.04,16,10004.4,18613.3,7.9494
RouteID_65e3d6f6-9873-49c9-8c1d-6b3c3e7e0be0,DLA3,118,27,232,232,3313071.0,2677932.9,47.26,15,8263.3,10963.9,5.3409
RouteID_65e53a29-3e94-44a7-8072-f6cd1c4b2af1,DLA7,139,18,182,182,3313071.0,1919387.7,99.96,15,10054.8,18193.1,7.8466
RouteID_65f1cd8f-daf9-4d28-a2f3-954c7c12c759,DAU1,163,24,291,291,4247527.0,4037011.93,60.63,15,11187.8,17643.7,8.0087
RouteID_65ffc50d-0057-4ffd-b090-90a3034d1aa0,DLA7,163,23,245,245,3313071.0,2056146.05,50.09,14,11909.0,12271.0,6.7167
RouteID_660368e2-3066-4b7e-836f-ed1d934ee3e0,DSE5,161,12,227,227,3313071.0,2018431.26,77.32,15,12405.3,17551.8,8.3214
RouteID_6613e5c5-ec2e-473b-99f4-211157876571,DLA7,126,19,201,201,3313071.0,2344800.32,84.17,15,11101.0,16917.5,7.7829
RouteID_66180473-1535-4cb3-a894-445075528aaa,DAU1,155,23,206,206,4247527.0,2236779.0,73.14,14,12003.5,15066.8,7.5195
RouteID_661d6aa9-06a2-47c1-87bc-6b69104dc77a,DCH4,209,25,292,292,4247527.0,3363437.56,42.3,15,14867.2,12351.9,7.5609
RouteID_661eb935-f4d3-49bf-9718-deb80e95affa,DLA7,148,23,238,238,3313071.0,2091523.28,68.71,14,9987.2,16352.2,7.3165
RouteID_6621c579-408a-4443-9443-ea7be787c908,DSE5,158,17,213,213,3313071.0,2299019.08,76.08,14,12873.2,16205.6,8.0774
RouteID_6626f3dd-d391-4fa7-8313-687ac7b86524,DLA9,180,20,278,278,3313071.0,2467820.67,39.08,15,12633.6,10864.8,6.5273
RouteID_6656a281-934b-4d60-8958-ed3886564c12,DCH2,93,21,252,252,3313071.0,2544750.1,90.48,14,6808.9,22801.2,8.225
RouteID_665e04d0-861d-407f-b510-650d6b80b241,DBO2,96,16,226,226,4247527.0,3547226.79,90.97,13,8214.8,20559.6,7.9929
RouteID_665ffac7-069e-4f5b-9a33-6f6a2e6c2c1b,DCH1,156,20,253,253,3313071.0,3213121.07,55.72,14,10021.0,14096.5,6.6993
RouteID_66631c43-a475-4c8d-a038-0a3401ab6a14,DLA8,126,27,293,293,3313071.0,2687967.42,79.85,16,6789.0,23397.3,8.3851
RouteID_66826990-270e-4c0c-bbb6-d35cf21e8ec3,DSE5,190,15,254,254,3313071.0,2931435.3,52.84,14,11890.9,13420.7,7.031
RouteID_668be283-2e93-488e-9184-94c144c4a6fb,DBO2,166,20,260,260,4247527.0,3495872.49,68.72,11,11980.8,17867.5,8.2912
RouteID_668dd483-512e-4436-bd5b-867e552b4785,DBO3,184,28,269,269,4247527.0,3406038.1,46.09,13,13809.9,12398.2,7.28
RouteID_66948913-e797-48bb-8126-8181edb1c368,DCH3,178,17,268,268,3313071.0,3089908.86,45.88,15,12230.1,12294.6,6.8124
RouteID_66b5e2bd-c1d9-47d2-beee-ba32a5efc125,DSE5,207,15,293,293,3313071.0,3155351.01,56.41,15,13442.5,16528.8,8.3254
RouteID_66bb397a-ddb9-47cf-a641-099c0aeff0d1,DLA8,104,19,250,250,3313071.0,3147490.47,74.56,18,5373.0,18640.8,6.6705
RouteID_66c0719a-932b-41de-9ee7-73f4b6798521,DLA9,190,25,291,291,3313071.0,3132578.7,59.55,16,11246.2,17327.9,7.9372
RouteID_66c0b57e-d9c3-4417-9f75-bd309e9a491f,DBO3,155,22,217,217,4247527.0,3330863.88,57.23,12,13384.0,12418.5,7.1674
RouteID_66c9e7f2-23cc-4e8a-a6e1-4b2d75b6385a,DCH3,169,16,236,236,3313071.0,2823852.83,54.2,13,10903.3,12791.3,6.5818
RouteID_66d4dd35-07cb-4869-bd79-650bca6ef1f7,DLA7,165,21,244,244,3313071.0,2234347.68,56.5,14,10155.6,13785.5,6.6503
RouteID_66df5461-03d8-4634-9ae2-30dca7692b21,DBO3,143,25,224,224,4247527.0,3363721.14,54.87,11,11684.6,12291.8,6.6601
RouteID_66dfeba8-71d7-4f4a-9f9d-9397e46b3029,DSE5,162,16,206,206,4247527.0,2262736.05,68.96,13,14697.9,14205.9,8.0288
RouteID_66e8f2b9-bfeb-4328-8c5a-26f62e7ae51b,DLA7,135,23,220,220,3313071.0,2013197.15,62.32,14,10735.6,13710.5,6.7906
RouteID_670ce767-c3d3-46d2-971c-14b208d9d680,DSE4,148,27,237,237,3313071.0,2846482.88,84.97,14,10693.3,20137.8,8.5642
RouteID_67188405-b57c-4d2b-aa0a-40d860c34e72,DCH3,200,20,271,271,3313071.0,2399219.48,72.59,14,11005.6,19671.3,8.5214
RouteID_671eb5e0-fc61-42a7-a530-24d4c4e771ab,DBO2,170,32,265,265,4247527.0,4001507.79,65.68,13,11321.7,17404.0,7.9794
RouteID_672a6034-59eb-4f8e-a819-b7444b4ed66d,DSE4,136,15,230,230,4247527.0,2052794.75,81.52,15,9519.2,18750.2,7.8526
RouteID_673568ec-249b-434a-9826-1ad7aa20964f,DCH1,111,21,289,289,3313071.0,3261614.35,49.78,14,7994.7,14386.5,6.217
RouteID_67438082-4a7e-4e28-b4ac-3a4ac7e4d16b,DLA8,118,13,221,221,3313071.0,1833301.66,73.73,16,10286.4,16293.4,7.3833
RouteID_67585629-0817-4229-b626-6515ad26df04,DLA8,71,18,210,210,3313071.0,3149060.24,118.92,16,3904.4,24973.2,8.0216
RouteID_67631229-cf48-44ea-8605-25e28e7ebf75,DCH4,177,22,224,224,4247527.0,2542405.83,61.32,15,14283.2,13735.8,7.7831
RouteID_6766813c-0c78-4cca-b196-d828aae5c20d,DLA3,65,15,152,152,3313071.0,1591912.83,101.92,15,6802.4,15491.8,6.1928
RouteID_6777b545-6169-4a1c-9187-0df4ba58534f,DLA9,129,19,227,227,3313071.0,2427691.77,101.78,15,10616.1,23103.7,9.3666
RouteID_67869971-c56f-4149-86cc-36f2e943ab89,DLA7,149,28,233,233,3313071.0,2056824.56,58.87,15,12750.9,13715.7,7.3518
RouteID_679369bd-44cd-440a-a962-e7400d52e21b,DLA9,175,16,262,262,3313071.0,2302996.85,65.47,15,11548.0,17154.2,7.9728
RouteID_679e5d67-ea5f-44db-911f-03e5568d32ca,DSE4,165,25,233,233,3313071.0,2629637.84,52.46,15,13362.9,12223.2,7.1072
RouteID_67a2762a-f3a2-483f-a6ae-272517ec63b0,DSE5,163,15,253,253,4247527.0,2387578.25,49.3,13,12463.1,12472.6,6.9266
RouteID_67a8f48a-12e8-49e2-bac5-543f30c0eb7e,DLA7,161,23,240,240,3313071.0,2322938.63,55.58,15,9178.5,13338.4,6.2547
RouteID_67adaf89-4b4b-4a7f-8852-bded944138b6,DLA9,173,23,284,284,3313071.0,3233251.78,45.16,15,8132.1,12825.4,5.8215
RouteID_67c3614a-6bed-447c-9486-f10384e27bfa,DLA7,178,20,277,277,3313071.0,2976321.52,54.33,15,11065.7,15048.3,7.2539
RouteID_67ceb20e-8309-4f13-b7b7-7b4f3e93fef9,DSE5,163,12,223,223,4247527.0,2650542.15,75.02,14,11918.4,16729.3,7.9577
RouteID_67da99e8-4bf6-4045-b5f7-816780a0099f,DLA3,124,15,241,241,3313071.0,3327458.31,85.21,15,5832.7,20536.4,7.3247
RouteID_67db6de9-7f52-4f32-9a4f-5f6a911a37de,DLA9,95,20,214,214,3313071.0,1924293.82,81.24,14,7367.4,17384.5,6.8755
RouteID_67f386ed-c27b-4db0-99f0-296c97e453a5,DSE4,176,31,298,298,3313071.0,3018630.22,64.51,15,12800.5,19225.0,8.896
RouteID_67fbe551-9b38-4850-b50e-0476ed14a2b2,DLA9,143,18,232,232,3313071.0,2492072.29,73.61,15,8860.6,17077.1,7.2049
RouteID_68099150-69d5-4b84-aaeb-b07a9e2749ca,DCH1,114,32,227,227,3313071.0,2530068.62,75.24,13,7895.1,17079.1,6.9373
RouteID_680c2278-5a83-4111-bee8-decc9841adce,DAU1,181,36,286,286,4247527.0,4096505.72,50.34,14,12671.7,14397.6,7.5193
RouteID_680d0ea5-ced0-4beb-9700-39ef3fb02929,DLA9,136,23,217,217,3313071.0,2114470.4,72.17,13,11487.3,15661.3,7.5413
RouteID_6816cc26-88ab-419f-96d7-9569a10d2345,DSE5,155,11,228,228,3313071.0,2407988.97,58.25,14,12110.4,13281.6,7.0533
RouteID_6818b10c-8ead-42ce-8ee6-3e1ab7e307f6,DLA8,90,23,231,231,3313071.0,2277407.84,88.08,14,6638.5,20347.0,7.496
RouteID_682281a1-9dc0-4d14-8e67-1c9343f5ae8e,DAU1,170,27,295,295,4247527.0,3312186.54,57.4,13,10893.2,16933.3,7.7296
RouteID_6825f868-bd13-44ca-8437-8022ea6b7fb4,DSE2,56,18,204,204,3313071.0,2866401.18,89.42,14,3804.1,18242.1,6.1239
RouteID_683f9027-aa76-4acc-bb6a-0c006d3d4e0f,DLA8,116,28,283,283,3313071.0,2994672.28,62.67,16,6333.1,17735.0,6.6856
RouteID_685d8874-3d43-44d6-916b-e4609357ecef,DLA8,122,18,250,250,3313071.0,2388830.52,82.17,17,7161.3,20542.7,7.6956
RouteID_68607cb0-10eb-40b2-b318-c71a381308fe,DCH2,177,18,256,256,3313071.0,2952857.06,62.39,12,16860.4,15970.8,9.1198
RouteID_686fb09f-ef59-4de1-89d6-4a5be4556f11,DBO2,152,22,239,239,3313071.0,3269317.92,76.85,13,9768.6,18366.5,7.8153
RouteID_68725bc8-152e-468f-9301-49eeb0fb845f,DLA7,140,20,194,194,3313071.0,1920611.8,93.9,15,9911.4,18217.0,7.8134
RouteID_687cf927-944b-41e1-a6f9-db7c28a03e77,DSE4,165,30,287,287,3313071.0,2268859.87,67.69,15,12942.8,19426.8,8.9916
RouteID_68a10d5b-cee8-4b55-9dab-18492bf8e95f,DLA8,88,30,293,293,3313071.0,2925848.81,60.06,16,4566.1,17596.7,6.1563
RouteID_68a53d7d-c755-40d1-9fe4-16049fd35c62,DBO3,197,26,261,261,4247527.0,3689781.98,57.25,13,14856.1,14943.1,8.2776
RouteID_68af3c44-db51-4e0b-82fb-06a5805f3cbc,DSE4,129,22,203,203,3313071.0,2533239.15,86.79,14,11550.2,17618.2,8.1023
RouteID_68b23bfa-0af2-4735-ba46-3293f0b5e5d3,DSE5,124,10,183,183,4247527.0,2160893.73,96.01,15,9718.1,17570.2,7.5801
RouteID_68b265c4-f39b-497b-bcb7-1d206ad1bb0d,DAU1,191,34,285,285,4247527.0,3625794.39,58.35,15,12579.6,16629.0,8.1135
RouteID_68c2ed3b-c2a0-4cb2-a875-ea518f2bb784,DLA8,117,16,216,216,3313071.0,2883081.9,76.77,16,11467.6,16583.2,7.7919
RouteID_68ca27a6-7523-42af-91da-4a9376520b7d,DLA9,93,23,245,245,4247527.0,2571082.69,88.32,13,7367.9,21637.5,8.0571
RouteID_68cec835-c697-41c1-91b9-a080cff5debf,DSE2,125,20,219,219,4247527.0,2757336.98,96.3,15,5872.2,21088.9,7.4892
RouteID_68d78955-70c8-4dfd-9e00-a928a4341673,DLA8,103,19,261,261,3313071.0,3125609.5,95.38,18,5352.4,24892.9,8.4015
RouteID_68dd81c5-08cb-4b5a-8242-39168c7f08be,DLA4,120,16,209,209,3313071.0,2578621.63,79.43,15,8417.7,16600.0,6.9494
RouteID_68e55cc3-61b1-478b-b7a0-13b5ee216d14,DCH4,196,25,288,288,4247527.0,3689107.59,54.3,14,14260.4,15637.3,8.3049
RouteID_68ed90ff-0d3a-483f-9ac7-748340ff0f53,DAU1,169,37,231,231,4247527.0,2636234.04,56.74,15,12321.7,13105.9,7.0632
RouteID_68ef1565-1813-4de8-aaa6-31e474807b0b,DLA9,130,18,233,233,3313071.0,3036094.89,67.83,15,9902.5,15805.1,7.141
RouteID_68f23e25-b821-4894-b4ed-6b94507c6f33,DBO3,150,20,202,202,3313071.0,2571286.51,61.63,12,13406.4,12449.6,7.1822
RouteID_68f42766-f00a-49a3-bd0e-0beaf64f3e5c,DBO3,171,31,218,218,3313071.0,3171261.54,61.78,12,14225.2,13468.9,7.6928
RouteID_68febd8c-6800-4311-9792-bead607477c2,DSE4,151,23,238,238,3313071.0,2409058.4,85.16,15,10989.5,20268.4,8.6828
RouteID_6901d04d-dc8b-4a16-91fe-69cfdf647e88,DAU1,120,19,177,177,4247527.0,2112771.53,49.49,14,15839.8,8758.9,6.833
RouteID_69233ee9-1ac4-4d89-b322-94fb13df54a3,DLA8,138,15,241,241,3313071.0,2528722.81,86.51,16,9931.2,20849.9,8.5503
RouteID_693060a6-88bb-4324-9e9c-925d5240263c,DSE5,168,14,237,237,3313071.0,2384885.97,61.18,14,11654.3,14498.9,7.2648
RouteID_69312f7c-f948-446a-b92d-2e83fec26395,DCH3,193,22,273,273,3313071.0,2817797.98,57.3,14,12149.4,15643.3,7.7202
RouteID_693365f8-7f8f-4b9f-82de-41ac6fcc4f81,DLA7,150,21,245,245,3313071.0,2985020.69,60.39,15,9557.6,14796.5,6.765
RouteID_6935632e-4d10-4896-8a92-f5de8cea63df,DLA7,168,23,255,255,3313071.0,2351933.82,59.37,14,11327.0,15140.1,7.352
RouteID_69371147-15a1-4e25-87bc-12be04447909,DLA7,127,22,209,209,3313071.0,2309234.69,77.78,14,9456.4,16256.0,7.1423
RouteID_69458eb9-a627-4b42-b269-c7b63f2204c5,DLA7,132,21,230,230,3313071.0,3225081.91,74.98,16,9558.5,17244.3,7.4452
RouteID_694eaff2-fdf7-41f4-b321-02d6914e8ef6,DCH1,163,25,271,271,3313071.0,3161668.8,62.73,14,8194.9,16998.8,6.9982
RouteID_6972f073-2dbc-4447-905d-56b23b3e08a5,DSE2,131,19,219,219,4247527.0,2773546.75,104.09,15,6706.0,22795.3,8.1948
RouteID_697a665a-e381-4865-b20e-26aff64c7ba9,DSE4,191,27,290,290,3313071.0,3218314.56,37.87,15,11941.2,10981.7,6.3675
RouteID_698161d4-50bb-4b9c-916f-9859a2ef3235,DLA5,161,20,232,232,3313071.0,2409153.76,62.75,15,12058.0,14558.0,7.3933
RouteID_6981c236-f07d-4813-96d8-64982d5dcfd8,DLA7,169,22,230,230,3313071.0,2265481.02,45.46,14,10690.5,10455.5,5.8739
RouteID_6989e0b7-a9af-4d3d-ad0d-f67e73420982,DBO3,159,27,226,226,4247527.0,2350195.87,54.28,12,11915.9,12267.4,6.7176
RouteID_698d4944-3164-41c6-bad8-f9d5ece358cc,DCH3,178,21,272,272,3313071.0,2838061.45,58.71,15,13516.5,15969.8,8.1906
RouteID_69adf937-8457-4116-83e4-74c1a223f59a,DSE5,174,15,239,239,4247527.0,2664260.34,75.23,14,11665.1,17980.5,8.2349
RouteID_69b7e365-b21e-41e6-a42a-8558cb148542,DCH2,153,22,256,256,3313071.0,2949617.78,87.09,14,11000.6,22295.0,9.2488
RouteID_69c7947c-7e94-4fdb-bca5-8ba017f4fb69,DBO3,123,23,242,242,4247527.0,2325136.76,76.35,11,10115.2,18477.4,7.9424
RouteID_69dad619-561f-4ba4-8b34-4dec2f7d8ce0,DLA7,152,22,210,210,3313071.0,2000653.7,77.47,15,11888.8,16269.4,7.8217
RouteID_6a109849-1503-4d1d-9c19-1178be36e33f,DSE5,160,14,232,232,3313071.0,2267767.56,77.52,15,11620.9,17984.8,8.2238
RouteID_6a1bc14c-dec6-4771-beb0-71d5952ff8ae,DLA7,182,22,244,244,3313071.0,2616217.05,66.94,14,11486.2,16333.5,7.7277
RouteID_6a22aca7-1631-4be6-9577-50e3ce2b0dce,DLA9,126,20,238,238,3313071.0,2409559.71,87.08,15,8119.6,20725.0,8.0124
RouteID_6a243030-f4e1-40fd-b32a-2f414268318f,DCH4,183,27,229,229,4247527.0,2369381.07,64.45,13,12507.3,14760.1,7.5743
RouteID_6a2472db-bfda-4584-aa78-9522964d94b9,DCH3,180,27,273,273,3313071.0,2852072.18,82.96,14,9225.3,22647.5,8.8536
RouteID_6a374555-42e8-4218-b5a5-f9abecf1caf5,DLA7,160,16,243,243,3313071.0,2152773.61,55.34,14,9500.2,13447.0,6.3742
RouteID_6a402b63-7a94-495b-81f1-4c626a649a50,DCH4,169,19,225,225,4247527.0,2472276.11,54.46,14,13707.9,12254.0,7.2116
RouteID_6a4796d6-8bf6-4768-95e1-98531a41b133,DBO1,162,14,289,289,3313071.0,2784026.87,47.58,11,10619.7,13749.3,6.7692
RouteID_6a59472a-e70b-4f8d-aed6-a93840a27cbe,DLA8,90,23,240,240,3313071.0,2862297.54,82.8,15,5005.7,19871.1,6.9102
RouteID_6a5a148e-607b-4ada-a808-f11ab3f05cc1,DSE4,187,21,273,273,3313071.0,2702690.57,51.93,15,13512.0,14175.8,7.6911
RouteID_6a667e1d-f2fa-49ea-b3cf-b752eed41085,DSE5,170,15,233,233,3313071.0,2450663.76,60.73,14,12729.9,14150.2,7.4667
RouteID_6a6d2ca9-0013-4890-91ef-5e22f5d069cf,DBO1,191,25,262,262,4247527.0,2766163.06,63.26,12,12447.1,16574.9,8.0617
RouteID_6a7b9642-1c20-4a6e-9b7a-a85580bbd15d,DBO3,184,27,234,234,4247527.0,2422663.22,70.72,11,16880.1,16549.4,9.286
RouteID_6a83c1a0-8ee2-4e30-b78e-6893af91f373,DLA8,123,26,236,236,3313071.0,2524069.21,74.72,14,9108.5,17634.0,7.4285
RouteID_6a84ed3a-920e-4e9a-9af7-b62e94efc4e5,DBO3,147,24,230,230,4247527.0,2595686.24,57.43,12,11429.5,13207.9,6.8437
RouteID_6a906f18-d67c-4c31-9d87-1b70739c3a66,DLA3,165,14,264,264,3313071.0,2403304.19,76.1,17,9309.4,20089.7,8.1664
RouteID_6a92fb48-f4ef-475c-87d5-7b42cf60279d,DLA3,98,29,268,268,3313071.0,2756101.18,67.1,16,5648.4,17983.6,6.5644
RouteID_6a975f4d-2403-4d53-8992-83d0738cd9a5,DLA7,128,21,215,215,3313071.0,2546370.16,76.24,15,10079.4,16392.0,7.3532
RouteID_6a9c1f38-804e-4808-a5bf-284ad5fd3997,DLA8,140,21,261,261,3313071.0,2686135.42,83.95,17,8532.3,21911.8,8.4567
RouteID_6a9cdc5f-7560-4ff3-a7df-88ca5c27fb08,DLA9,106,25,237,237,3313071.0,2428898.13,94.7,15,9877.2,22443.0,8.9778
RouteID_6a9ce132-e943-4d70-91ed-5b3334352aec,DSE5,166,14,237,237,4247527.0,2388843.75,51.51,14,13753.5,12207.4,7.2114
RouteID_6aae0744-8aa8-48a4-97b7-9d5445cc67c8,DLA7,128,15,201,201,3313071.0,2285864.4,71.59,15,10413.5,14388.9,6.8896
RouteID_6ab30a30-0b8a-4b25-9b5a-9f70cc78556a,DLA7,193,25,282,282,3313071.0,3076690.77,56.54,15,9136.9,15944.1,6.9669
RouteID_6ad75c1f-8ece-4a07-a8c3-b8c7f75de98c,DLA7,147,24,224,224,3313071.0,2423458.7,77.99,16,12221.5,17470.0,8.2476
RouteID_6ad84afa-b546-4ca1-a749-6373d5fc5fd2,DLA7,147,24,210,210,3313071.0,2384455.69,61.67,14,11343.7,12950.6,6.7484
RouteID_6ae37566-f1cb-45a7-8bda-12efb2daf607,DCH3,165,18,240,240,4247527.0,2040703.74,66.9,15,13800.2,16055.2,8.2932
RouteID_6b069939-42dc-4c32-bda9-7f715d2744de,DCH4,172,19,228,228,4247527.0,3041106.14,50.85,13,14509.3,11594.3,7.251
RouteID_6b0e3a73-6be0-455c-9e2e-d9f22bdb1ec1,DLA7,122,11,178,178,3313071.0,1477168.74,65.68,16,8110.1,11691.4,5.5004
RouteID_6b308348-39e6-45d8-8621-7cf8efaeae0f,DLA3,130,11,198,198,3313071.0,1804469.55,105.0,14,9678.7,20789.1,8.4633
RouteID_6b45e1fa-92ad-4b3b-85ae-d39f4d3d7818,DSE5,114,9,205,205,3313071.0,1751434.96,58.03,14,10223.7,11895.6,6.1442
RouteID_6b4b2e1a-36cd-4532-ac80-fd18886de70b,DLA8,74,16,202,202,3313071.0,1966649.36,106.72,17,5921.6,21557.3,7.633
RouteID_6b4fde35-3e5d-4545-b5b5-f8e76d07f13b,DSE4,144,21,242,242,3313071.0,2720168.03,74.7,15,11147.2,18076.6,8.1177
RouteID_6b55b0de-c144-49d2-9d19-238dc31469e5,DBO3,197,30,249,249,3313071.0,2786984.95,50.21,12,14862.1,12503.1,7.6014
RouteID_6b58a26e-3722-4dd4-9435-17fac3a3c8da,DSE5,182,14,234,234,4247527.0,2409826.45,45.48,14,13641.8,10642.0,6.7455
RouteID_6b633be3-c835-4fd3-af37-632841515e42,DBO3,185,28,250,250,4247527.0,3074417.2,59.05,11,15096.1,14762.1,8.2939
RouteID_6b7c34ba-101b-4cb3-a4d3-03788f6de519,DLA7,200,31,287,287,3313071.0,2809162.06,43.03,15,11564.3,12350.1,6.6429
RouteID_6b7ce85a-b117-4af2-b586-2390cdb49d9e,DSE2,79,21,188,188,3313071.0,2195283.87,130.97,14,4999.7,24622.0,8.2282
RouteID_6b7f00d4-bb6d-480b-b90b-42604dab4563,DLA7,145,22,220,220,3313071.0,2158308.83,67.99,15,11373.6,14957.5,7.3142
RouteID_6b8cafe3-2e69-4322-b2a3-1035a52d7f9e,DBO3,125,21,184,184,4247527.0,2493687.36,84.63,13,11349.7,15572.5,7.4784
RouteID_6ba6f0e0-18be-4e03-9155-e6e4f45a885b,DLA7,153,18,234,234,3313071.0,2387366.67,62.07,15,11898.6,14524.3,7.3397
RouteID_6bb40dfc-1df5-4603-a461-9719d1c7efca,DLA7,171,30,235,235,3313071.0,2502861.4,63.26,16,13354.4,14865.1,7.8387
RouteID_6bb9acca-a9d7-4cc6-8f6e-82a2734e58ac,DLA7,136,31,230,230,3313071.0,1874029.36,76.02,14,12844.8,17483.7,8.4246
RouteID_6bc40959-1be8-4a10-af24-264656de7fab,DCH4,149,23,224,224,4247527.0,2373142.72,63.65,15,14301.0,14256.7,7.9327
RouteID_6bc7fb1b-07a8-4a82-ae73-729d606702f6,DLA7,137,23,207,207,3313071.0,2060742.35,62.09,15,11540.4,12852.0,6.7757
RouteID_6bd49a99-cc02-4bdd-b420-618c3db5b029,DLA9,171,23,266,266,3313071.0,2895152.8,70.31,14,12646.1,18702.6,8.708
RouteID_6be551e1-5e3b-4241-84e1-2c47357700d3,DSE5,161,13,233,233,4247527.0,2590670.48,69.46,14,10324.1,16183.8,7.3633
RouteID_6bfd0a9c-d946-465d-a376-8a04a886695a,DLA3,167,22,262,262,3313071.0,2458704.23,77.53,16,9720.1,20313.8,8.3427
RouteID_6c00af83-01c8-40a0-a9f4-3dfd82eec3d0,DLA3,88,21,201,201,3313071.0,2360218.46,107.2,16,4165.5,21547.1,7.1424
RouteID_6c0d97a8-71b2-4eeb-8e32-e4a4fbf605f6,DLA8,89,21,207,207,3313071.0,2386096.66,75.21,15,4961.1,15567.8,5.7025
RouteID_6c442893-0a1b-427f-86b7-600455c66ad5,DLA9,157,21,212,212,3313071.0,2128750.78,80.2,15,12511.8,17003.0,8.1986
RouteID_6c494492-1d00-4bf6-9b65-b7c43eaa09f5,DLA7,165,21,259,259,3313071.0,2404250.03,64.94,15,9495.4,16819.7,7.3097
RouteID_6c52ac4e-f0c3-4719-8350-a095dc382381,DBO1,43,18,205,205,4247527.0,2635709.79,118.15,12,4940.2,24221.6,8.1005
RouteID_6c606721-7099-4f6e-9175-aa150aa57c42,DBO2,179,25,264,264,3313071.0,3250617.33,64.42,13,13742.8,17006.2,8.5414
RouteID_6c627360-4900-4bc9-9105-ee73d173b848,DLA9,123,18,199,199,3313071.0,2096386.95,86.86,15,9590.0,17285.1,7.4653
RouteID_6c6559f5-ca56-4b78-8543-0c803c0c2e40,DCH4,172,20,268,268,3313071.0,3208903.26,65.98,15,12439.1,17683.5,8.3674
RouteID_6c68b8b6-9a3d-4d57-abf0-f2772c915745,DLA8,83,18,224,224,3313071.0,1988797.49,61.27,17,5913.3,13725.4,5.4552
RouteID_6c77b160-2e73-43d6-98f3-70b5c18668ad,DBO3,150,24,228,228,4247527.0,1898804.77,51.45,12,14970.4,11729.9,7.4167
RouteID_6c7d2230-88ae-4819-a031-a4464b2357e4,DBO2,141,26,289,289,3313071.0,3031572.8,55.87,13,9914.1,16146.4,7.239
RouteID_6c7f39e4-7a80-4f5d-a713-5049563dbebe,DLA7,125,20,192,192,3313071.0,1930451.36,90.51,14,14228.8,17377.1,8.7794
RouteID_6c816d5b-4c14-44f1-9857-910f657011a4,DCH2,141,20,265,265,3313071.0,3087234.29,59.76,12,8776.4,15837.5,6.8372
RouteID_6c9200d4-7353-4245-a4e1-cc6ca0573164,DCH2,133,19,223,223,3313071.0,2436213.97,83.3,14,9317.8,18576.2,7.7483
RouteID_6c9228bd-aa41-41b7-82fa-2b07a887feb0,DCH3,176,20,272,272,4247527.0,2376557.36,67.7,14,10670.7,18414.0,8.0791
RouteID_6cb190b5-19ed-4149-9f95-2ccc58471b14,DLA7,164,24,243,243,3313071.0,2923237.72,72.64,15,11217.0,17650.7,8.0188
RouteID_6cb97316-5d19-4233-b5c0-db08cdd25cb4,DLA8,132,17,203,203,3313071.0,2744261.82,65.45,16,10731.2,13286.1,6.6715
RouteID_6cb9b8e2-22ed-48d1-afca-f6780757ed2c,DSE2,116,17,222,222,4247527.0,2607671.43,88.47,15,6460.4,19639.4,7.2499
RouteID_6cd76551-1d10-48dd-b754-29c3ee58ec06,DSE4,78,12,175,175,4247527.0,1768098.35,125.51,15,5718.6,21964.8,7.6898
RouteID_6cebaf24-0a39-4a6b-825e-df5e9002a1b1,DLA8,49,21,186,186,3313071.0,2265108.82,116.41,16,3220.1,21651.7,6.9088
RouteID_6cee0ebf-fc14-4e87-950f-9131f41d2c85,DSE5,195,17,292,292,3313071.0,3108692.77,68.45,15,13339.6,19986.3,9.2572
RouteID_6ceffed8-aad6-4e11-ad59-0f37bfe44537,DLA9,192,24,269,269,3313071.0,2107364.13,56.43,15,14855.2,15180.7,8.3433
RouteID_6cf33571-966e-41bf-8f07-beef4070b187,DBO3,129,21,184,184,4247527.0,2764820.89,77.13,12,12683.5,14192.2,7.4655
RouteID_6cf4bdb6-c09d-4aff-b575-345bdbd225c1,DSE4,183,25,281,281,3313071.0,3026322.8,57.01,15,13069.5,16021.0,8.0807
RouteID_6cfc6850-65c8-4833-95ab-6304d642ae18,DSE4,107,36,220,220,4247527.0,2375846.97,81.25,15,8566.9,17874.0,7.3447
RouteID_6d161f1c-7a6a-4ff7-92a1-cf522399ece3,DLA7,193,22,289,289,3313071.0,3018614.56,51.31,16,11428.2,14827.5,7.2932
RouteID_6d168fd8-7e46-424f-bc76-9e9f35a9d203,DSE5,186,15,270,270,3313071.0,3107010.67,54.66,14,14454.4,14756.9,8.1142
RouteID_6d1a587d-385d-4d6c-a5c2-ce2cb0ca1597,DCH1,164,12,248,248,3313071.0,1987349.09,71.78,14,13211.8,17801.3,8.6147
RouteID_6d299520-fd1c-42a3-a121-cf74fdcb93f6,DAU1,127,28,238,238,4247527.0,2840107.07,76.25,14,6775.0,18148.6,6.9232
RouteID_6d3b072d-dcf7-439d-ba8d-cb850fb8f985,DLA7,140,27,204,204,3313071.0,1817701.65,96.57,14,9813.6,19700.2,8.1983
RouteID_6d44a315-5559-4358-a544-cb66318f5af2,DLA3,112,20,242,242,3313071.0,3006912.25,98.88,15,6567.3,23930.1,8.4715
RouteID_6d4bdf16-5aa0-45fc-a2db-6f8ae17854d9,DBO3,160,18,198,198,3313071.0,2036780.52,72.42,13,14264.9,14340.1,7.9458
RouteID_6d4c1493-7a52-4346-8951-fb899fb3875a,DLA3,102,13,150,150,3313071.0,1651875.91,139.13,14,7854.1,20869.7,7.9788
RouteID_6d4caf2d-deb1-45a5-8bad-135060431277,DLA7,102,19,178,178,3313071.0,1752174.4,90.32,16,9548.9,16076.2,7.1181
RouteID_6d4d6ccc-b208-4219-a7ae-c96d1a6874ab,DLA7,137,16,196,196,3313071.0,1906181.11,85.38,15,10190.3,16734.1,7.479
RouteID_6d556189-f506-471e-974c-09087f926a80,DLA7,180,22,274,274,3313071.0,2937385.51,46.37,16,12379.4,12705.9,6.9681
RouteID_6d63b2b9-5a7a-4095-a12b-f6f484ac3c80,DBO3,166,32,228,228,4247527.0,2497665.91,50.49,12,13637.7,11511.0,6.9857
RouteID_6d6496a2-eec2-41d0-9db3-e9d287fe103a,DLA4,128,14,254,254,3313071.0,2850135.45,78.63,16,9138.6,19971.6,8.0862
RouteID_6d6eed71-b27f-4355-9bd3-c9f3eae39282,DBO3,134,28,173,173,3313071.0,1713094.85,62.64,12,12622.9,10836.0,6.5164
RouteID_6d725309-c249-4106-bdc1-4efcbc019f1a,DLA7,143,22,209,209,3313071.0,1901502.57,63.77,14,10842.3,13328.1,6.714
RouteID_6d7e8d5a-6b94-4cc6-a026-528ea2a94d1c,DLA9,129,23,238,238,3313071.0,2606478.29,75.93,13,10779.3,18070.3,8.0138
RouteID_6d7ee647-cf03-41d7-aca0-4544c35f3dfe,DLA4,180,12,276,276,3313071.0,3252653.68,43.22,14,10585.5,11928.4,6.2539
RouteID_6d890156-0b28-4cce-bcee-560413da1678,DBO3,129,26,251,251,4247527.0,2752489.24,63.68,11,8919.6,15983.1,6.9174
RouteID_6d895a04-5239-4244-a63c-ed8cdd80eb31,DCH1,104,27,237,237,3313071.0,2671308.32,88.95,14,5945.4,21081.4,7.5074
RouteID_6d8e8218-9287-473e-a656-7bea9c22a123,DBO2,132,25,278,278,3313071.0,3019695.99,62.99,13,8676.3,17512.6,7.2747
RouteID_6d8f3489-19a7-4bce-a3a9-3c4f8e986137,DLA3,62,17,151,151,3313071.0,1779651.11,123.34,14,6486.4,18624.1,6.9751
RouteID_6d97fca3-ebf9-4a03-b0e3-2dd99a73421e,DCH3,177,18,257,257,3313071.0,2375376.43,77.13,14,10655.8,19822.8,8.4663
RouteID_6dafb8fb-4503-47b8-b626-f33a3465657e,DLA7,163,23,234,234,3313071.0,2568090.76,60.76,15,11416.9,14217.0,7.1205
RouteID_6db9f2fd-6d04-4c84-bfd5-10756d15b3ec,DLA8,88,27,299,299,3313071.0,3219224.02,59.51,16,4839.8,17793.3,6.287
RouteID_6dc9a51f-19a1-435f-a2bc-94b774e3ee2f,DLA7,144,21,195,195,3313071.0,1872436.72,79.58,16,13364.4,15517.6,8.0228
RouteID_6df28542-4a5a-4ff6-97c6-10cf6d678d85,DLA7,160,22,236,236,3313071.0,2570113.94,53.27,15,9386.5,12570.6,6.0992
RouteID_6e062355-979c-4a88-ae80-37930aed83a4,DBO2,114,23,272,272,3313071.0,3056348.74,71.2,12,9013.6,19366.3,7.8833
RouteID_6e1cadcc-0686-4837-8dfe-221f5a0f88be,DLA7,143,25,223,223,3313071.0,2543036.48,74.56,15,9777.3,16627.9,7.3348
RouteID_6e3cd387-ebc3-44bc-9b09-8f928bf36b91,DLA8,109,24,259,259,3313071.0,3192966.96,52.74,16,6816.4,13658.6,5.6875
RouteID_6e586120-b544-438c-8698-6a7eb57c2a1f,DLA7,152,22,233,233,3313071.0,2586666.77,74.44,14,10569.1,17344.7,7.7538
RouteID_6e58a427-d7e7-4efb-9d5c-cd8c6220957d,DCH2,140,17,267,267,3313071.0,2449159.73,80.39,14,10253.9,21464.2,8.8106
RouteID_6e653b20-4ee0-409e-bed7-11296dd830b1,DLA7,168,25,231,231,3313071.0,2105925.13,77.23,15,11032.5,17839.8,8.0201
RouteID_6e6bf8b8-6359-4b42-aa9b-1caaaccd0930,DLA9,148,25,249,249,3313071.0,2633939.26,68.92,16,8836.1,17160.0,7.2211
RouteID_6e7f842c-6c09-4a2d-99c1-c5f71e6f06ba,DBO1,134,18,232,232,4247527.0,2593779.71,75.22,12,11514.6,17452.1,8.0463
RouteID_6e809954-5b83-4fbd-b847-133ed7681e46,DLA5,168,21,252,252,3313071.0,2592825.66,51.18,16,12474.9,12896.9,7.0477
RouteID_6e977d0c-878c-4417-88fc-0c029bbe5d36,DBO1,174,20,235,235,4247527.0,2326472.61,62.88,13,13853.2,14777.0,7.9528
RouteID_6ea76195-52b1-4a06-aa90-1cc6da3cabdc,DLA9,108,21,216,216,3313071.0,1953951.08,76.22,14,8248.2,16463.3,6.8643
RouteID_6eb0c8c1-5fb5-4725-b16c-84b5b0c5c634,DLA5,214,17,294,294,3313071.0,2665479.87,49.58,15,15480.2,14576.8,8.3492
RouteID_6ebee763-30f3-4128-aa2d-dd8592062bcc,DLA5,134,18,181,181,3313071.0,1511779.84,75.29,15,11305.9,13626.6,6.9257
RouteID_6ef5ac13-f69c-46b9-b3bf-45464fd3acd3,DLA7,140,22,212,212,3313071.0,2216055.66,64.46,14,12172.8,13666.5,7.1776
RouteID_6f03f8ef-0118-4628-8add-265369c2c915,DLA8,161,18,257,257,3313071.0,2748841.28,66.48,16,11232.2,17084.4,7.8657
RouteID_6f04d628-4e76-4c1e-ac1b-03edf7ad88dc,DLA8,153,14,199,199,4247527.0,1993600.71,86.01,15,14947.4,17115.0,8.9062
RouteID_6f0a23c5-f26f-4f64-83b4-b37ee2120214,DLA3,110,27,241,241,3313071.0,3163699.83,52.13,15,7504.3,12562.2,5.574
RouteID_6f1f1b47-d7d4-48a1-a8e9-68b0a3c80adf,DLA9,139,22,263,263,3313071.0,2857004.76,64.53,15,9662.1,16972.0,7.3984
RouteID_6f298843-f1e5-43c8-97e5-eab26b7ddaf8,DCH4,195,22,280,280,3313071.0,3306828.89,43.1,14,13518.2,12066.7,7.1069
RouteID_6f4377b1-8120-4b14-ab47-96c4860a1853,DCH4,197,30,252,252,4247527.0,2455615.7,53.43,14,14592.7,13463.1,7.7933
RouteID_6f59b71d-818d-4a39-a01e-6e86276ff79b,DBO2,150,23,180,180,4247527.0,2251664.5,74.37,12,18268.1,13386.2,8.7929
RouteID_6f5ae7c9-0a78-4cf0-b8cc-36954a827d54,DSE4,201,33,298,298,3313071.0,3145254.05,40.57,15,13487.6,12089.1,7.1046
RouteID_6f5c8b6b-5b7f-46b4-854d-7db0085e4dbe,DLA9,172,26,259,259,4247527.0,3039070.64,52.93,15,11698.5,13708.7,7.0576
RouteID_6f624ac4-5e69-48d2-83d5-89d8c06bd732,DCH4,177,25,253,253,4247527.0,2669024.25,68.38,15,13235.3,17300.8,8.4822
RouteID_6f830b1f-2273-4331-b748-9d217e0ab022,DLA7,135,20,217,217,3313071.0,1994451.72,53.76,16,11383.0,11665.8,6.4024
RouteID_6fbdffbf-bb2a-4128-a7b5-b3cf69e801b1,DLA7,131,20,211,211,3313071.0,2408567.7,73.62,15,9485.9,15534.7,6.9502
RouteID_6fc94627-3755-4ad9-89fb-4ff1487667dc,DLA5,126,20,183,183,4247527.0,2140912.85,60.06,14,14459.7,10990.6,7.0695
RouteID_6fd45936-8921-49bd-b9c3-e690bbd1b11d,DSE4,97,15,203,203,4247527.0,2145013.82,109.21,15,6170.8,22170.2,7.8725
RouteID_6fe631b5-f0ae-4b4c-9f66-a7aee4d053d5,DCH1,133,12,194,194,3313071.0,1865807.48,87.99,11,12142.1,17070.5,8.1146
RouteID_6ff94b76-44d6-4888-9bbd-64fb2bc870e8,DBO3,143,20,232,232,4247527.0,3578765.87,63.85,12,10896.2,14813.2,7.1415
RouteID_6ffa4d58-b2cd-4e44-a2d0-de1e9c02030f,DSE5,167,12,219,219,4247527.0,2227050.3,71.23,14,12163.6,15599.5,7.712
RouteID_70050c4f-19ad-4b40-8726-b712b4001004,DSE5,190,18,279,279,3313071.0,2727248.31,60.04,15,11352.9,16751.7,7.8068
RouteID_70056a85-980e-4100-815e-524b70a51805,DLA3,110,23,223,223,3313071.0,1865771.69,93.21,15,6766.5,20786.1,7.6535
RouteID_700603c8-2a18-4392-a2e8-d05d7ab9910b,DLA4,157,16,231,231,3313071.0,3197519.21,86.86,14,10632.2,20064.0,8.5267
RouteID_7025b74c-ae67-4d68-adb9-7a726f8171eb,DCH4,180,30,263,263,4247527.0,3089178.81,62.47,13,12607.0,16428.3,8.0654
RouteID_7045ba89-6644-4525-8475-286f1d31686d,DLA8,92,24,226,226,3313071.0,2411655.69,88.37,17,5925.9,19970.5,7.1934
RouteID_70476a4b-f0de-4536-a0c6-b4e48e45e687,DAU1,138,24,214,214,4247527.0,2714027.87,52.39,14,12617.3,11211.9,6.6192
RouteID_70493eef-bfcb-4e38-8664-b2a070e24749,DBO3,157,23,207,207,4247527.0,2342936.04,61.66,12,14926.8,12762.8,7.6916
RouteID_704d3561-8e35-44c8-b529-d101a617973b,DLA7,118,20,192,192,3313071.0,1824516.13,100.93,14,9173.5,19378.3,7.9311
RouteID_7063dcdc-b9ec-4503-8354-21bcbce94498,DLA9,113,20,216,216,3313071.0,2453918.12,102.25,13,8195.7,22085.4,8.4114
RouteID_706d5e58-2b44-4fa3-823f-54ee97bd38c8,DCH3,194,18,269,269,4247527.0,3508007.36,48.21,13,14279.3,12967.6,7.5686
RouteID_706decfb-7c3a-4b94-828e-b9116a474e2f,DSE5,133,6,181,181,4247527.0,2229448.28,92.02,14,11454.9,16655.4,7.8084
RouteID_706e94ad-6a29-4275-a090-13ade456be4f,DAU1,162,24,210,210,4247527.0,2240686.65,77.37,14,11463.3,16247.8,7.6975
RouteID_7077ef32-e682-448b-b892-6241e619cddd,DSE5,152,14,227,227,4247527.0,2297907.76,61.44,14,10871.1,13945.8,6.8936
RouteID_70784950-d1f4-4ed0-9a77-98065c99b44a,DLA8,132,23,258,258,3313071.0,2382604.71,89.34,14,7239.4,23050.6,8.4139
RouteID_707a7e78-f50a-4a3d-8c10-b1063f7c075f,DSE5,117,9,174,174,4247527.0,1958329.79,77.97,15,9544.6,13566.9,6.4199
RouteID_7085ce43-6cfd-44c7-9cdb-83ca52145911,DLA7,154,21,232,232,3313071.0,3063285.38,61.37,14,10555.9,14236.9,6.8869
RouteID_70960728-d0c1-413a-aad4-eb34f807ba75,DSE5,170,15,239,239,3313071.0,2316473.28,62.12,15,12505.6,14847.4,7.5981
RouteID_7096a0fa-0344-48bc-b38e-b94a0352ac51,DAU1,110,26,217,217,4247527.0,3364304.72,82.28,15,8001.0,17854.5,7.1821
RouteID_70ba1f1d-c3a6-4ca5-a0ac-956ee12eb296,DCH1,173,16,262,262,3313071.0,1985869.22,57.31,13,15530.0,15016.5,8.4851
RouteID_70cd60a1-6579-42a3-8622-44a937c588cd,DBO3,110,21,167,167,3313071.0,2147770.29,77.92,12,10959.0,13013.2,6.6589
RouteID_70d8e0c7-1e61-477a-be64-e2e4e63ac103,DSE4,147,21,271,271,3313071.0,3286217.42,58.14,15,10422.2,15756.3,7.2718
RouteID_70d99ce0-a765-43f0-9cbb-aa126bf84ea2,DLA7,149,26,217,217,3313071.0,2094297.2,80.28,14,12539.9,17421.2,8.3225
RouteID_70f9fa71-a0d4-49f0-b13b-9758f713830f,DLA9,120,16,192,192,3313071.0,1833390.41,101.09,15,11127.2,19408.5,8.4821
RouteID_71074bfe-1d32-4036-b5d1-0dd61eb721ab,DLA5,193,24,283,283,3313071.0,2358818.91,47.59,14,14319.0,13468.2,7.7187
RouteID_710da320-e658-469e-b0f0-f811301fadfd,DCH3,166,15,247,247,3313071.0,2127582.55,56.9,13,11361.6,14053.9,7.0599
RouteID_71119e83-6387-496a-8ff1-83ddaf8dea1f,DSE5,147,11,203,203,4247527.0,2458124.12,94.93,15,13393.5,19270.3,9.0733
RouteID_71177cbe-ef30-4ef0-949e-9368363a97a2,DLA9,117,23,242,242,3313071.0,3115662.59,80.65,15,8227.6,19517.0,7.7068
RouteID_712566a0-4d0e-4865-ab22-dcfaadc3d9c5,DCH4,176,24,270,270,3313071.0,2699597.9,59.16,14,15038.9,15973.0,8.6144
RouteID_71333e16-54d5-439e-8cb3-a1873a73d5ea,DBO2,153,24,239,239,3313071.0,2969866.43,60.19,13,10326.4,14385.1,6.8643
RouteID_71424669-5e0d-4c7f-89d1-11095230777d,DSE5,191,18,285,285,3313071.0,3300932.84,65.67,15,13823.1,18715.6,9.0385
RouteID_714db43b-d251-4a62-99cc-c3cd4667bbc9,DLA7,184,22,263,263,3313071.0,2754659.46,39.68,16,11496.0,10435.8,6.0922
RouteID_714f1d8f-3661-4de4-85aa-fe416d09b83e,DBO3,115,19,167,167,4247527.0,2316540.43,65.94,12,12961.4,11012.2,6.6593
RouteID_715063f1-4c84-4435-9019-6cd19d80216d,DLA9,149,21,228,228,3313071.0,1993364.62,69.59,15,11138.5,15865.9,7.5012
RouteID_71546245-1996-4b5e-8d25-ba474b53356b,DLA9,155,27,243,243,3313071.0,2659521.23,65.64,14,11557.8,15951.4,7.6414
RouteID_715fafcd-6699-435b-b959-e89cce7f7ac7,DAU1,202,35,297,297,4247527.0,3290538.17,43.17,15,10880.1,12822.0,6.5839
RouteID_71602721-342c-4561-bf59-2d626f1eed6e,DSE5,183,14,241,241,3313071.0,2613949.8,58.69,14,13463.6,14145.0,7.6691
RouteID_7177fb88-bfac-43c6-bbcf-e57234649cba,DLA4,109,17,257,257,3313071.0,2984044.19,100.78,14,6530.6,25901.3,9.0089
RouteID_71a0a0f7-e1e1-42e1-b852-8d57e9fadc7e,DLA8,119,29,263,263,3313071.0,2810772.11,84.01,16,7306.4,22095.9,8.1673
RouteID_71a48348-4bd6-4cbb-9041-0bd1299b67f2,DBO3,127,20,212,212,4247527.0,2475881.55,57.7,11,12306.4,12233.0,6.8165
RouteID_71c3c465-c95b-4515-9dc7-85e423f0bbcc,DBO3,163,22,220,220,4247527.0,3040235.77,57.72,12,15415.0,12698.0,7.8092
RouteID_71d03c02-5086-4e6b-8b3d-5a6fc85e3c5e,DSE5,127,17,243,243,3313071.0,2973354.75,87.18,15,8231.3,21185.2,8.1713
RouteID_71e2c7fa-1705-49b7-991e-6d84728c34d6,DSE4,131,16,195,195,4247527.0,2381002.48,80.77,15,9689.5,15749.9,7.0665
RouteID_720f7426-0c73-43e3-bee8-2af920fab8b9,DCH4,161,25,245,245,3313071.0,2168120.85,73.43,14,14405.1,17990.2,8.9987
RouteID_721eb5a6-2aa7-4778-861f-5fef4956993c,DAU1,149,25,241,241,4247527.0,2899298.6,72.91,14,10369.7,17572.3,7.7617
RouteID_72277fe0-08bc-4d6a-a7d9-23efa383f850,DLA8,99,20,245,245,3313071.0,2931776.04,77.89,16,5197.6,19083.7,6.7448
RouteID_723f4f06-395b-462e-9bc2-c7fe9c314863,DLA3,175,15,256,256,3313071.0,2246398.71,72.81,16,10007.2,18639.8,7.9575
RouteID_724e4077-0ff8-48b6-b917-13089701c1d5,DSE2,89,20,211,211,3313071.0,2216881.08,130.87,14,4789.9,27613.0,9.0008
RouteID_724f766b-f79f-4c5c-942f-b0b3873d9cd1,DLA7,138,26,204,204,3313071.0,1865239.53,72.8,14,10669.3,14851.7,7.0892
RouteID_7251298c-993a-41f5-b9c4-cc241853089c,DBO2,150,26,221,221,3313071.0,3111711.78,39.7,13,9005.4,8774.7,4.9389
RouteID_72517266-2a07-4d54-970c-a539cd3e8ffe,DSE5,117,10,208,208,3313071.0,2162827.94,55.25,14,10620.6,11492.8,6.1426
RouteID_7253629e-46d5-4dbb-a9dc-6c8b4ccb0213,DLA7,176,24,250,250,3313071.0,2425097.69,68.48,14,10452.2,17119.3,7.6587
RouteID_727fe740-8875-4feb-91bf-78f02ee38cb4,DCH4,160,20,220,220,4247527.0,2117702.63,62.5,13,11258.3,13749.0,6.9465
RouteID_728eb77b-0bba-4690-81b7-e6cf193bcc13,DLA7,168,17,256,256,3313071.0,2735150.22,58.27,14,10802.5,14918.3,7.1447
RouteID_7296bfa5-6321-4cb2-b9ef-d0432123fcfc,DLA7,155,21,208,208,3313071.0,2239156.58,49.61,16,11928.1,10319.8,6.18
RouteID_72b46314-ad6c-486a-954b-f3ac4570dbf0,DSE4,129,15,229,229,4247527.0,2314734.37,68.33,15,8899.3,15646.7,6.8183
RouteID_72c396a6-f60b-49b3-90ed-c3a37aa43258,DLA4,140,13,238,238,3313071.0,3310514.1,74.45,16,7050.8,17718.0,6.8802
RouteID_72d6d0fd-d339-4478-a3e4-1711aaf78ff1,DSE5,159,15,237,237,4247527.0,2350077.03,61.5,13,13406.7,14575.5,7.7728
RouteID_72e32b69-0cd1-4ca9-b784-e5c0ee6b89ca,DCH4,132,17,219,219,3313071.0,2018168.22,68.05,15,10646.4,14902.1,7.0968
RouteID_72e6137c-7f33-4eaf-b84c-7b3350a49fb9,DLA3,94,16,194,194,3313071.0,2181434.53,84.39,15,8349.4,16372.4,6.8672
RouteID_72e9d41f-878b-467a-a278-6aeb266ee648,DLA9,120,28,256,256,3313071.0,3030435.81,59.86,13,10806.5,15323.4,7.2583
RouteID_72ed01c7-3b92-4a47-90a8-12ce451e6431,DLA7,145,19,206,206,3313071.0,2365780.42,87.53,15,10665.3,18031.5,7.9713
RouteID_72fea748-5b3d-4d0a-b273-fd3cc93f3a00,DCH2,190,22,267,267,3313071.0,2726738.26,57.2,12,15517.9,15272.7,8.5529
RouteID_73020468-1195-4f33-b8e9-dbd89926f5e1,DLA3,84,24,217,217,3313071.0,2656627.82,99.49,14,5158.1,21588.5,7.4296
RouteID_731b810f-e6c6-4fba-be06-724cb9439696,DLA9,181,22,246,246,3313071.0,1941971.27,47.66,15,12041.5,11725.2,6.6019
RouteID_7345ebc0-76f3-4166-bd21-d3166c784a73,DSE4,166,21,284,284,3313071.0,3272233.28,63.68,15,11095.5,18084.5,8.1056
RouteID_735242f3-7931-4b82-be48-ca5e742ae631,DLA4,122,17,275,275,3313071.0,3264952.34,54.13,13,10375.0,14886.3,7.017
RouteID_73646c01-b671-4b17-972f-9f572ef9209e,DSE4,150,25,217,217,4247527.0,2401248.42,83.85,15,11041.5,18196.3,8.1216
RouteID_738c4cd7-6437-4e16-b7d3-d1467577f45e,DLA9,147,27,271,271,3313071.0,2981552.72,63.79,16,9373.5,17286.3,7.4055
RouteID_7397c9e0-398f-4b82-9c13-d109db3f5002,DSE4,90,13,195,195,4247527.0,2253772.82,49.98,15,7808.4,9746.5,4.8764
RouteID_739a70f6-8fee-4630-8793-28af0c9c0e13,DLA7,164,23,216,216,3313071.0,2512745.59,62.87,14,10791.9,13580.9,6.7702
RouteID_73aa0fe5-9cdb-4960-8faa-c77dca76e6bb,DSE5,165,11,261,261,3313071.0,3078105.07,60.37,13,9910.0,15756.6,7.1296
RouteID_73b0b410-8c10-4d67-9a66-f21692cc102d,DCH1,171,18,247,247,3313071.0,2639225.28,51.33,15,12387.2,12678.0,6.9626
RouteID_73b1145e-3bd1-4720-9f5f-991d63bcb65c,DBO2,148,26,214,214,3313071.0,3011829.99,74.99,14,12721.0,16046.8,7.9911
RouteID_73b11eb4-e052-4652-a561-9fa71b2efcf6,DCH1,130,31,242,242,3313071.0,2339231.97,85.88,14,7383.1,20783.3,7.824
RouteID_73b62f87-5edb-49f4-9a4a-57f0650e1e03,DSE4,87,12,189,189,4247527.0,1868352.03,109.61,15,6538.2,20716.5,7.5707
RouteID_73ba4b08-0278-4153-ba1b-a2673c0bddda,DCH3,171,17,240,240,3313071.0,2767068.63,71.23,13,13532.3,17095.8,8.5078
RouteID_73c57618-0f3c-4c40-8056-8a832dc88e05,DLA7,146,22,211,211,3313071.0,1964864.18,70.36,14,11207.9,14846.6,7.2374
RouteID_73ce9c8d-8fa2-4b52-87d0-632729d1cd9f,DSE4,118,14,221,221,4247527.0,2651509.36,84.01,16,8062.2,18565.2,7.3965
RouteID_73cedfa8-c5e8-4048-971f-96822e708a20,DCH4,195,24,259,259,4247527.0,3372693.48,49.42,14,11929.0,12800.3,6.8693
RouteID_73e6e59b-ba48-405f-a72f-b0a831ebbbfc,DCH4,175,29,285,285,3313071.0,3248545.99,55.24,15,11681.5,15742.8,7.6179
RouteID_73e8ec4a-480a-40d7-b95d-21305b89d73a,DLA5,142,18,228,228,3313071.0,1986010.86,68.54,16,10332.0,15626.2,7.2106
RouteID_73f98fd1-d5b7-4e91-acd1-cbcac18475d1,DLA5,117,18,198,198,3313071.0,1662137.89,87.67,16,10538.1,17358.6,7.7491
RouteID_740b42b1-edf8-4b1b-bca3-d77c021620be,DLA7,143,20,227,227,3313071.0,2399106.89,63.23,15,10117.4,14353.2,6.7974
RouteID_7419a5ec-c467-4dc4-8602-329c06584580,DLA9,164,25,268,268,4247527.0,2618796.82,57.27,15,11144.5,15348.0,7.359
RouteID_742693b8-63b3-4756-8c2f-f652989ff44e,DLA8,63,23,210,210,3313071.0,2770345.73,57.25,16,4930.6,12021.8,4.709
RouteID_7427fdd5-9246-43fb-a81c-d64a989e1986,DLA7,153,22,244,244,3313071.0,2878427.18,77.81,15,9150.7,18985.9,7.8157
RouteID_74298fb3-cd50-40af-b48c-d89f99f30dd1,DBO3,186,29,255,255,3313071.0,2537841.37,42.73,12,15041.4,10896.6,7.205
RouteID_742abd15-41ce-4554-b711-ed488ea71e44,DAU1,124,22,216,216,4247527.0,2327411.07,78.58,14,11862.4,16973.5,8.01
RouteID_742d48d5-2a3f-4e4e-81f7-900daaf7a429,DLA9,153,22,224,224,3313071.0,2439381.99,73.36,14,9813.8,16433.7,7.291
RouteID_742d9d90-6474-461e-bf35-767ca23150ff,DLA7,179,26,229,229,3313071.0,2666451.38,67.88,15,10811.0,15545.2,7.3212
RouteID_743579c2-24fb-416d-9e42-7248041b9989,DSE5,122,6,159,159,4247527.0,1557861.98,93.94,15,10998.0,14937.0,7.2042
RouteID_743bb359-f47c-416d-920f-499b05cfb8af,DBO3,136,24,169,169,4247527.0,1952509.26,102.75,12,15306.7,17364.3,9.0753
RouteID_743d07a3-2d21-4650-ac0a-ab67069a9a5e,DBO3,161,23,224,224,4247527.0,2275361.65,72.05,11,14299.9,16139.5,8.4554
RouteID_744b3a9f-4813-4d4a-8b5b-3145790b5f92,DSE4,134,15,249,249,4247527.0,3010390.09,79.57,15,8432.9,19813.4,7.8462
RouteID_7458d284-7e87-4c20-a120-0d0fcd70b00c,DLA4,138,13,216,216,3313071.0,2749151.59,74.54,14,9255.1,16099.9,7.0431
RouteID_745f43ab-15ab-4d82-9899-9b6bb443e64f,DLA4,164,16,233,233,3313071.0,3090678.47,78.91,14,11568.0,18387.0,8.3208
RouteID_74697643-a1bc-4a60-9e0e-af08bf8e2782,DCH3,174,24,261,261,3313071.0,2807315.44,61.33,14,14363.2,16006.9,8.4361
RouteID_748ff4bc-be4b-4415-a35b-e60c279d431a,DLA5,188,24,289,289,3313071.0,3147482.88,62.46,15,12966.1,18051.5,8.616
RouteID_74a0a75d-72ac-46c4-b768-1fac80782d28,DLA7,117,21,175,175,3313071.0,1616432.77,101.18,14,9760.7,17706.4,7.6298
RouteID_74a0d89b-f0fd-41d2-9e58-0816928f2800,DLA7,177,31,258,258,3313071.0,2811695.07,68.42,16,11844.8,17651.1,8.1933
RouteID_74a4e7c2-d7a3-4f47-a6f1-a2d4cd38ef3c,DLA3,74,17,163,163,3313071.0,1810416.23,108.52,14,4865.3,17688.2,6.2649
RouteID_74ba0fe5-59ed-47a7-9e8d-066a97c653f8,DSE5,182,15,273,273,3313071.0,2664765.11,52.13,13,14018.6,14232.1,7.8474
RouteID_74c52b8d-3a95-4f14-9855-9159c707e6c4,DBO3,168,18,231,231,3313071.0,2862372.72,69.73,12,13436.3,16108.6,8.2069
RouteID_74cd7515-a15f-459e-b67b-aa156895a510,DCH3,194,20,275,275,3313071.0,2530079.69,35.26,14,13070.6,9696.4,6.3242
RouteID_74cf8ad8-e884-42a9-9a94-179945407dd5,DBO3,148,28,214,214,4247527.0,2979005.75,68.62,11,10779.1,14684.2,7.0731
RouteID_74cfeb0b-0168-4a23-9e5c-5d362d68f6b9,DAU1,141,26,271,271,4247527.0,2811836.24,47.4,13,11414.3,12845.5,6.7388
RouteID_74d2b48c-d203-483e-b2b1-3fe4c66de4ba,DLA8,85,17,211,211,3313071.0,3008018.55,109.16,16,7107.5,23031.9,8.3721
RouteID_74da288c-f564-4062-8987-0189695e1393,DSE4,177,23,264,264,3313071.0,2577287.8,66.64,15,13281.5,17592.1,8.576
RouteID_74efb214-88ff-4e2a-b326-331208733fea,DLA3,69,14,187,187,3313071.0,2742597.45,104.72,15,6327.5,19582.8,7.1973
RouteID_74fdc75d-825d-413f-b284-ebd0a57611da,DLA8,163,22,261,261,3313071.0,3174731.61,76.1,16,11112.3,19861.2,8.6038
RouteID_75006043-c8d8-4304-a43b-619b8f7bab73,DLA8,139,34,299,299,3313071.0,3025054.9,59.14,15,7473.9,17682.7,6.9879
RouteID_7501eef4-17c1-4287-be32-8d6614a931b5,DBO2,168,24,271,271,3313071.0,3263212.54,53.06,13,11250.9,14379.2,7.1195
RouteID_750c1f5d-fe21-43f6-8e80-7c149c208995,DLA4,177,9,224,224,3313071.0,2445699.95,79.82,15,13098.7,17879.0,8.6049
RouteID_751a2d3d-3705-4beb-b3e1-c43b9be18462,DSE5,125,9,177,177,3313071.0,2244606.18,71.12,15,14789.4,12588.2,7.6049
RouteID_7520b1df-2c96-4f31-b9c5-92aa7384cf3f,DLA7,169,20,244,244,3313071.0,2522875.62,57.84,15,10325.4,14113.2,6.7885
RouteID_75383236-95bd-4a55-8bad-1f7c8b05deee,DLA3,149,12,240,240,3313071.0,2106272.65,86.55,15,9638.6,20772.2,8.4474
RouteID_753944f4-3782-4598-90ea-345a3bbae693,DLA3,90,15,172,172,3313071.0,1457998.05,89.7,16,6274.8,15428.4,6.0287
RouteID_7546109b-42da-44d3-9af7-1772fcfa8a3b,DLA8,112,17,294,294,3313071.0,3272159.84,60.04,16,5208.6,17650.6,6.3498
RouteID_75489a65-39ec-435c-a127-e0964b50bb4e,DBO3,154,22,226,226,4247527.0,3418324.6,63.78,11,11910.6,14414.8,7.3126
RouteID_754d4b2e-76e1-4e47-b41a-1d71d051ee10,DLA7,110,19,187,187,3313071.0,1626196.07,90.24,14,10880.7,16874.8,7.7099
RouteID_755d294e-5b17-46e3-ab86-b6ea607a0eff,DSE2,129,20,220,220,4247527.0,2045563.5,88.73,15,6102.6,19521.1,7.1177
RouteID_75623fb1-f04a-40d9-b1b1-e5617f09266a,DLA7,191,25,294,294,3313071.0,2800015.65,47.69,15,10079.2,14021.4,6.6946
RouteID_7567fe4c-134b-4d69-be51-a48414404f27,DLA4,93,20,195,195,3313071.0,2145825.97,77.5,13,6566.5,15112.8,6.022
RouteID_757e80bd-c653-4158-bd6e-599629ad59dd,DLA7,136,23,189,189,3313071.0,1972167.87,82.02,14,11385.3,15500.9,7.4684
RouteID_7591bd07-8457-4be9-b228-6f449caf0ebd,DAU1,132,20,243,243,4247527.0,2447157.54,57.71,14,9477.7,14023.7,6.5282
RouteID_759ad57e-28f0-4575-8388-a2f5e8b59df8,DBO3,174,16,223,223,3313071.0,2969491.55,59.84,12,15499.8,13344.2,8.0122
RouteID_759f41d2-797e-479f-a442-bfe82c2d9050,DSE4,175,29,261,261,3313071.0,2951585.98,53.62,14,11372.4,13994.7,7.0464
RouteID_759fe5c1-519f-4adb-9a58-6e2262cb2d1a,DLA7,129,15,227,227,3313071.0,3276347.64,74.55,15,9398.9,16921.8,7.3113
RouteID_75a280d6-4ee7-4f81-80b7-c03eef7cfe23,DLA9,129,21,234,234,3313071.0,2877665.33,74.59,15,9012.8,17455.0,7.3522
RouteID_75ae7a82-c85f-4d10-b6fa-e0cb7191ca12,DLA7,148,16,184,184,3313071.0,1821790.15,50.97,15,11801.6,9378.2,5.8833
RouteID_75aeec68-49fc-4ca5-9e0c-36dac98e2f13,DBO3,162,15,198,198,3313071.0,2506618.22,52.91,12,13561.6,10476.7,6.6773
RouteID_75b935ab-337c-483d-ab00-94c16ae847e7,DLA5,160,19,235,235,3313071.0,2701168.95,49.18,15,11179.2,11558.4,6.316
RouteID_75c3df34-f96c-4e47-bff3-ae190fbf341c,DLA7,142,19,238,238,3313071.0,2288809.51,62.66,16,10374.7,14912.2,7.0241
RouteID_75cc212f-60f2-44fe-8822-7552ab5702fe,DLA9,123,25,244,244,3313071.0,2599579.63,75.1,15,7169.7,18324.7,7.0818
RouteID_75ce278b-c891-4678-be9b-2cc53377e03e,DLA7,159,21,239,239,3313071.0,2247129.72,80.39,15,11433.6,19214.3,8.5133
RouteID_75d3ac4f-4615-4e4f-b584-66788436bff4,DBO3,155,24,210,210,4247527.0,2613000.48,55.08,12,13258.8,11567.2,6.8961
RouteID_75d8bf01-7cc2-4d50-9323-61ea565a8d0d,DSE4,131,15,212,212,4247527.0,2285957.27,77.75,15,9907.5,16482.6,7.3306
RouteID_760c0026-84d3-4307-89ad-956b34917123,DBO3,164,20,221,221,4247527.0,2986131.9,75.19,12,14299.6,16617.5,8.5881
RouteID_761a0e75-6121-46ac-9457-1be412f26f41,DLA8,137,17,210,210,3313071.0,2317811.25,67.54,16,13401.6,14182.8,7.6623
RouteID_7636a515-d0e8-49fa-88ee-b3f6b4c8955c,DLA7,160,20,249,249,3313071.0,3295564.43,52.78,16,10182.5,13141.7,6.4789
RouteID_763de3b7-15c7-43de-af9d-9d5a3e43595e,DLA4,137,17,290,290,3313071.0,3175436.05,77.86,13,6962.2,22580.7,8.2064
RouteID_76a048df-2e7e-4e65-946b-87810f5ffc76,DLA7,140,18,252,252,3313071.0,2150122.85,67.04,15,10835.6,16893.6,7.7026
RouteID_76a19e20-f554-4076-8965-3b4c2805e8eb,DLA7,181,20,268,268,3313071.0,2635274.55,44.26,15,11826.3,11862.3,6.5802
RouteID_76a373ae-3fc3-4d8c-ad78-eb7c3a700f32,DLA4,171,12,238,238,3313071.0,2448885.85,85.58,17,11087.3,20369.0,8.7379
RouteID_76a58927-77b7-4198-9247-23ad9f48b4a9,DLA9,189,23,263,263,3313071.0,2483464.09,67.36,15,13153.1,17716.4,8.5749
RouteID_76a9a85f-1b40-44cd-a51b-a506a8d14488,DLA4,156,11,233,233,3313071.0,2644676.96,78.37,16,11429.0,18260.6,8.2471
RouteID_76b89367-4e74-4dbf-8478-0f6558bacfab,DBO3,156,25,232,232,3313071.0,2730737.62,71.47,12,13932.1,16582.1,8.4762
RouteID_76be35b2-06d1-41b4-975f-f1fc1bb7b155,DCH2,187,22,286,286,4247527.0,2610976.29,66.57,12,12069.6,19038.6,8.6412
RouteID_76c0fb16-8297-40be-bce3-6d76e2e65e03,DLA7,131,18,211,211,3313071.0,2325352.54,73.68,15,8861.2,15545.9,6.7797
RouteID_76cd7fcb-9faf-44e5-afb3-9e9acf2403ea,DSE5,188,21,277,277,4247527.0,3154203.44,56.91,13,14224.8,15763.6,8.3301
RouteID_76f22159-a7b6-43d5-b424-fe21033d7784,DSE5,123,12,217,217,4247527.0,2210660.67,97.73,14,8906.0,21207.0,8.3647
RouteID_76f64205-26e9-4af3-80f7-2e0c95c71ee3,DBO1,186,22,267,267,4247527.0,3419468.0,62.7,13,13277.9,16739.7,8.3382
RouteID_76f9c88c-3ba0-411f-a8ed-283dca48a7f7,DCH3,174,21,273,273,3313071.0,2491521.27,44.13,14,12287.5,12048.2,6.7599
RouteID_76fdbf9c-80cd-4ed1-acca-e425167da02b,DLA8,117,15,245,245,3313071.0,3270770.18,85.88,18,6231.3,21039.6,7.5753
RouteID_76fe1aff-c5cf-4627-bd50-5b36279ef088,DSE4,125,14,207,207,4247527.0,2376238.36,87.56,14,7926.5,18124.8,7.2365
RouteID_76fe308e-7e7e-4eac-b3dc-2fc2c721e357,DLA7,160,19,229,229,3313071.0,2030312.54,63.59,14,11216.6,14563.1,7.161
RouteID_7708d7f5-0a10-4c6b-b8fc-6b0ef72778ae,DSE5,173,14,229,229,4247527.0,2878775.8,70.97,14,11736.3,16252.5,7.7747
RouteID_7718ec20-5755-43f9-bc76-fadfc152dae7,DBO3,125,18,183,183,4247527.0,2311332.17,76.56,12,14038.4,14010.2,7.7913
RouteID_771d9b19-7e8a-450e-9c36-5289f328610d,DLA7,175,23,243,243,3313071.0,2792904.49,62.64,16,13359.6,15221.1,7.9391
RouteID_77288cc8-8dcd-49bd-8510-59a846979f71,DBO3,194,23,268,268,4247527.0,3783572.68,54.0,13,13058.8,14471.4,7.6473
RouteID_773abed8-5c28-43db-8a44-0a50f85df7c3,DLA8,161,17,292,292,3313071.0,3261922.8,65.8,18,7726.1,19213.0,7.4831
RouteID_7748ecc1-61c1-4cc3-9598-a149608aa36c,DLA7,159,18,215,215,3313071.0,2878699.31,67.77,15,11244.1,14571.6,7.171
RouteID_774c1a3f-8954-4f97-9549-8f7d47b5cfa7,DLA5,162,21,233,233,3313071.0,1989495.07,54.33,15,15442.6,12658.7,7.8059
RouteID_77540b50-ad69-4ee1-96fd-c9af295d047e,DBO3,156,11,210,210,3313071.0,3294739.57,60.41,13,14002.0,12685.9,7.4133
RouteID_77565dc9-d8ed-46e0-a08e-90a931f35c9c,DLA9,149,21,274,274,3313071.0,3025646.45,62.3,15,10340.9,17069.5,7.614
RouteID_77628ff3-0743-4d71-9dda-9cc81b6ffd76,DBO3,183,24,234,234,4247527.0,2551476.89,62.33,12,13366.0,14584.6,7.7641
RouteID_77641303-c91e-47a5-b4f7-18f681b21e66,DSE5,189,17,266,266,3313071.0,3172012.24,61.53,15,13232.5,16366.3,8.2219
RouteID_776d43e6-db17-448c-92b8-5c44d11121d3,DLA3,152,19,226,226,3313071.0,2303920.0,65.97,15,11047.4,14909.0,7.2101
RouteID_777d6f98-7483-40d9-9276-a93fb071523d,DLA5,161,18,220,220,3313071.0,2347422.92,60.83,15,12193.3,13382.2,7.1043
RouteID_779136da-5652-4e01-8184-0af8e8695e98,DLA9,120,18,198,198,3313071.0,2032029.36,82.43,15,10690.4,16320.3,7.503
RouteID_7791e324-9506-4c83-b5d0-d8108e43bc0e,DLA7,163,25,248,248,3313071.0,2514076.8,59.85,15,10588.6,14843.5,7.0645
RouteID_779fffba-e463-4680-8686-7621c5413453,DLA7,156,22,222,222,3313071.0,2072546.55,68.4,16,10494.5,15184.1,7.1329
RouteID_77a6f5bb-cea2-4b6c-905b-29be92760089,DSE5,189,15,266,266,3313071.0,2599944.29,54.69,13,13823.7,14546.6,7.8806
RouteID_77a6fee7-67e8-4bb9-bf3f-24e8c2079c6d,DBO3,131,23,206,206,4247527.0,3069450.55,81.02,13,12217.3,16689.2,8.0296
RouteID_77a7311c-7c9e-4290-be9b-f3137828b05d,DBO3,191,38,299,299,4247527.0,3859071.97,40.52,12,12742.6,12115.0,6.9049
RouteID_77ad62b1-d7ff-4bd2-ad06-73eeacbd9e84,DBO3,149,12,186,186,3313071.0,2252056.49,67.52,13,12950.4,12557.9,7.0856
RouteID_77aeb7f9-e1d2-443d-b2b1-257b59cb64c0,DLA9,103,27,236,236,4247527.0,2466207.05,91.94,14,7988.5,21696.8,8.2459
RouteID_77b3bcae-af1e-4792-8f01-391e5cf1a99e,DSE5,117,11,187,187,4247527.0,2135842.09,94.99,15,9455.4,17763.6,7.5608
RouteID_77c7db6e-260b-4e42-b921-36f117c83f82,DLA9,119,18,257,257,3313071.0,2646120.96,74.16,13,7637.2,19060.0,7.4159
RouteID_77d7f295-006d-4bdd-9a5d-536edc58fa0f,DCH1,197,31,290,290,3313071.0,2571328.63,58.97,13,14025.2,17101.0,8.6462
RouteID_77e5e489-7021-41a0-827b-517cc6cefada,DCH4,173,24,284,284,4247527.0,4065373.15,41.93,15,11329.0,11907.6,6.4546
RouteID_77ea19bb-3f67-4474-ae8a-dc24f2739bab,DLA5,153,20,211,211,3313071.0,2066909.43,62.42,15,12517.5,13170.7,7.1356
RouteID_77eeaa74-5243-46a5-a80e-ed9221211613,DCH1,57,17,216,216,3313071.0,2183847.03,86.6,14,4995.5,18706.2,6.5838
RouteID_77f2d787-6139-4960-8454-5201463cf5de,DLA3,150,14,240,240,3313071.0,2253679.6,81.3,16,10211.8,19510.9,8.2563
RouteID_780c349e-4b3b-4335-91ea-bd997d907f08,DSE4,117,17,236,236,4247527.0,2882809.38,60.94,15,7756.1,14382.5,6.1496
RouteID_780fa781-189d-42c7-ab4b-bc3ac946e54d,DLA3,77,16,230,230,3313071.0,2705194.74,98.41,15,4811.1,22634.9,7.6239
RouteID_7816a9f3-1fd2-4d65-829a-f8e669c5ade1,DBO2,184,23,265,265,3313071.0,2845222.85,46.78,12,11172.6,12396.4,6.5469
RouteID_781d1f76-a44d-4b20-af9d-f249a9b2906c,DLA7,149,21,258,258,3313071.0,2670401.04,54.71,16,10467.4,14116.0,6.8287
RouteID_7823292f-f250-4045-8e77-9265de0a27ac,DLA3,67,18,210,210,3313071.0,2300902.31,113.27,14,4851.0,23785.8,7.9547
RouteID_784c4e4b-d31b-4289-84fe-11cf6b1ca0b3,DBO3,173,23,223,223,4247527.0,2470873.35,67.21,11,15109.1,14987.2,8.3601
RouteID_78693358-d9df-4056-9fa3-70d1df598e07,DSE4,150,25,258,258,3313071.0,2947872.62,57.35,14,11675.8,14797.3,7.3536
RouteID_78786ffe-763d-4a0a-82f0-ff108e56df6d,DLA8,120,38,237,237,3313071.0,2257806.44,88.96,15,8217.8,21084.7,8.1396
RouteID_787fee16-fd91-4e5a-a3b9-aecc7b3e0975,DLA4,148,12,224,224,3313071.0,2303314.23,105.08,16,7823.1,23537.8,8.7114
RouteID_78965fe7-35a7-4364-8fd1-dc08b54be4f6,DLA7,158,23,233,233,3313071.0,2653801.4,65.51,16,10377.8,15263.3,7.1225
RouteID_7898798d-be14-4573-af17-3c07bca945c2,DAU1,116,17,187,187,4247527.0,2445050.35,80.58,13,14470.9,15069.0,8.2055
RouteID_78a1dedd-dbc5-4e7e-b7bc-ce2d61ebcfdd,DLA9,124,22,255,255,3313071.0,2743840.17,76.7,15,9014.4,19558.7,7.937
RouteID_78ad2579-9c8c-4b24-bd4c-b700b81c7bd5,DLA5,160,24,253,253,3313071.0,3002021.18,81.9,15,10910.5,20720.1,8.7863
RouteID_78afdd0b-206d-40dd-8c2c-48e67b602fd6,DLA9,145,17,230,230,3313071.0,2153319.73,72.05,15,12018.3,16571.9,7.9417
RouteID_78bdb8c3-ebd8-4ad8-b9c4-e5a8826aa2ca,DBO2,144,24,207,207,4247527.0,3250529.43,78.28,12,13824.8,16204.2,8.3414
RouteID_78d881a1-6272-4ca3-93a8-2b04d98d5cde,DSE2,103,19,207,207,3313071.0,2572963.58,114.99,14,5062.3,23802.7,8.0181
RouteID_78deca91-7522-4f8c-b6a7-5407813fe259,DLA7,141,25,190,190,3313071.0,2089385.61,68.5,16,10285.9,13014.1,6.4722
RouteID_78e1bb10-27af-414e-825f-42ec4ac64f41,DLA7,153,26,212,212,3313071.0,2096649.73,46.92,16,12271.5,9947.3,6.1719
RouteID_78f99a61-4576-4f3b-a273-1a0d055ee8ad,DLA4,175,14,280,280,3313071.0,3113773.84,52.8,14,13003.5,14783.2,7.7185
RouteID_792f1973-90f2-4a13-b2b8-77b6ae745b08,DLA7,95,23,175,175,3313071.0,1709890.82,119.47,14,9445.3,20907.6,8.4314
RouteID_7945f999-f9d6-4aba-9352-87975d87e35c,DLA3,83,18,187,187,3313071.0,1924268.35,84.36,15,4648.9,15775.3,5.6734
RouteID_794a97b1-5b9d-4bf7-9739-f916f18009d0,DLA5,186,22,278,278,3313071.0,2752331.31,68.69,14,11437.3,19096.0,8.4815
RouteID_794bc22d-7b1e-4e89-954b-d949c2699f4f,DLA7,144,22,246,246,3313071.0,2716351.93,76.7,15,10216.4,18867.1,8.0788
RouteID_794d1fad-8c95-476e-9fac-b1fb652f13f8,DBO3,190,27,252,252,4247527.0,2720650.2,49.92,12,15039.1,12580.0,7.672
RouteID_79624584-9d68-4a05-80ee-7b5e3fd3f775,DLA4,86,12,185,185,3313071.0,1898329.61,134.14,13,6266.9,24816.7,8.6343
RouteID_7967520d-8108-48b4-a6c6-86b800d46113,DLA7,172,26,246,246,3313071.0,2745199.77,49.68,15,11103.7,12222.4,6.4795
RouteID_7969ac51-06d2-4b83-8b92-cf4dbf33f529,DAU1,157,28,250,250,4247527.0,3139487.25,54.84,14,12495.3,13710.4,7.2794
RouteID_796ce303-271e-4323-bd53-9c6716bf62e7,DSE5,88,13,197,197,3313071.0,2763563.55,57.96,14,7013.2,11418.1,5.1198
RouteID_797c0579-0ef4-4ef9-931e-9fb0924862bb,DLA5,202,27,286,286,3313071.0,3206784.79,58.67,16,14349.1,16778.8,8.6466
RouteID_79a673da-e1c8-4c0c-b5b1-e94f7e976087,DBO3,183,24,240,240,4247527.0,2315898.02,59.46,11,14249.2,14271.2,7.9223
RouteID_79ae01f4-15dd-467a-88e5-34fc99228081,DLA7,192,24,285,285,3313071.0,3254517.68,48.81,16,13724.7,13910.2,7.6764
RouteID_79cab360-a093-4790-85d5-06beb0fd44ab,DSE5,104,7,166,166,3313071.0,1915484.99,104.49,15,10581.1,17345.8,7.7575
RouteID_79d4552b-c49b-4709-9b16-e4d028df61d9,DLA8,139,28,269,269,3313071.0,2678558.18,74.89,15,6876.7,20145.5,7.5062
RouteID_79d7d207-d3bf-4a86-951e-aad578b93711,DBO3,123,22,242,242,4247527.0,2592643.65,68.74,11,9022.7,16634.7,7.1271
RouteID_79e40cf5-96ca-4751-be87-8d69b61ad51c,DCH4,199,26,298,298,3313071.0,3132988.1,57.17,14,10610.5,17036.8,7.6798
RouteID_79e529ac-83b8-4ef2-8d48-2f76ced3838a,DLA7,117,20,241,241,3313071.0,2681137.62,65.71,15,9395.2,15836.5,7.0088
RouteID_7a02d562-8927-4330-ad88-19f8bcf75c31,DSE4,182,23,255,255,3313071.0,2897299.09,77.09,15,13266.2,19657.0,9.1453
RouteID_7a0a6f10-4ee0-4f9d-bad8-7733fe97413c,DCH3,197,21,264,264,3313071.0,2964989.98,48.74,15,15706.3,12867.2,7.9371
RouteID_7a0cc407-8b3f-4c47-a855-f31b16d4beab,DLA7,128,20,225,225,3313071.0,1860269.41,77.06,16,11644.1,17339.6,8.051
RouteID_7a11e723-f7d5-41bf-8e0b-53d97ca7e45d,DSE5,159,14,231,231,3313071.0,2793496.75,61.8,15,11534.1,14275.6,7.1694
RouteID_7a19e862-7dd7-459f-b70f-a014444bc354,DLA7,156,24,234,234,3313071.0,2859215.94,64.21,16,12016.3,15024.0,7.5112
RouteID_7a1ea7d1-2a75-4d2e-9b0a-3d0ec1678092,DLA7,169,24,236,236,3313071.0,2354978.78,78.04,16,10262.9,18417.1,7.9667
RouteID_7a20593c-83a7-4ca0-be8b-6e04d5298ed4,DLA9,199,22,277,277,3313071.0,2742352.56,47.82,15,12862.3,13244.8,7.252
RouteID_7a2b34e5-a7c9-4b44-86af-d7592d50e0fa,DCH3,162,18,228,228,3313071.0,2118014.78,70.26,13,13016.3,16019.4,8.0655
RouteID_7a2f75fc-da47-48b0-a15f-a191b76b521d,DCH1,94,23,296,296,3313071.0,3299614.68,82.51,13,4585.8,24423.3,8.0581
RouteID_7a33cce4-a66f-472f-ae30-e0506ce6dd87,DBO3,185,25,266,266,3313071.0,3081139.99,54.23,12,13892.2,14426.2,7.8662
RouteID_7a392304-fabd-403f-9932-9eb6416472cf,DSE5,138,15,205,205,3313071.0,2291748.13,81.0,15,11585.7,16604.1,7.8305
RouteID_7a39b485-294b-47e2-a774-b76fb20e98f6,DLA7,174,19,229,229,3313071.0,2451219.38,60.14,14,10417.6,13771.5,6.7192
RouteID_7a480d64-4368-4858-93f4-0537354d87b0,DLA7,145,22,210,210,3313071.0,2590529.63,50.27,16,11846.0,10556.3,6.2229
RouteID_7a49814d-8c58-4237-b56b-63f64c2c29f9,DCH4,140,20,298,298,4247527.0,2861220.64,54.11,15,10156.2,16124.3,7.3001
RouteID_7a4d2ae5-8861-4f9d-a2dd-90d9c36baa3a,DSE2,72,20,213,213,3313071.0,2027371.16,108.48,14,4529.0,23107.1,7.6767
RouteID_7a561300-a2c4-4fda-ab6e-9f4a1393c54b,DSE5,132,13,208,208,3313071.0,2280738.26,61.6,15,12220.4,12813.1,6.9537
RouteID_7a562420-3604-4b49-86e4-e54be08f64d8,DLA3,114,31,200,200,3313071.0,2103920.58,103.58,15,6938.0,20715.8,7.6816
RouteID_7a69969b-4c61-4860-8fed-6703f4c6d527,DBO3,167,26,207,207,4247527.0,2919308.26,74.95,12,14299.7,15515.2,8.2819
RouteID_7a7ce8c2-4241-4293-8bcf-29fe22aa506b,DLA9,104,21,229,229,3313071.0,2571308.32,93.64,15,7905.4,21443.3,8.1524
RouteID_7a81cf08-b87e-483e-8117-5523b06355be,DLA8,172,17,255,255,3313071.0,2132152.29,63.69,16,10933.2,16240.9,7.5484
RouteID_7a847b3b-db2d-4e43-bd2b-4a9ca0beb1de,DLA4,120,11,198,198,3313071.0,3273964.8,60.24,13,6876.8,11927.0,5.2233
RouteID_7a892398-6e85-4d14-8b8b-1d1b947a6934,DLA8,85,19,232,232,3313071.0,2444239.02,66.04,17,5015.2,15321.7,5.6491
RouteID_7a8b6c6e-1538-4a8f-8a79-83e1d4980205,DCH3,175,19,241,241,3313071.0,2478306.03,67.81,13,11761.4,16341.3,7.8063
RouteID_7a8bcea6-0797-4053-a3a9-c22118f43ec7,DBO2,112,25,192,192,4247527.0,4132429.64,62.39,13,8017.6,11978.8,5.5546
RouteID_7a8f9fc3-e392-4559-9f23-1ff282e40b6a,DCH1,126,24,241,241,3313071.0,2588533.38,74.81,14,8744.7,18029.0,7.4371
RouteID_7a916540-3e21-42a8-b51a-db3170cb2bca,DLA9,150,24,279,279,3313071.0,2905597.81,61.29,15,10003.3,17100.1,7.5287
RouteID_7a95deaa-443e-488a-8239-0e5534c23591,DAU1,170,46,255,255,4247527.0,3428622.84,66.88,14,10058.6,17054.1,7.5313
RouteID_7aaf509e-cf04-4ec1-9944-dc72b197d7c7,DBO1,158,14,294,294,3313071.0,3207263.34,89.86,11,8313.9,26418.6,9.6479
RouteID_7ab0fa1b-d67d-4403-a5af-467f245955d7,DBO3,146,18,207,207,4247527.0,2048858.62,49.94,12,14196.0,10337.0,6.8147
RouteID_7ada6bbe-3aba-45d3-8870-99b1b12e7208,DSE5,153,15,208,208,3313071.0,2184078.42,75.48,14,11522.0,15700.6,7.5618
RouteID_7adc8546-c8f4-4ca2-bc3a-eed19d2d180c,DSE5,160,14,216,216,4247527.0,2372020.46,73.85,13,13090.7,15952.2,8.0675
RouteID_7adf662f-d2bb-4eca-983d-0e107630fd4e,DBO3,160,26,194,194,3313071.0,2358842.36,70.04,12,15518.8,13587.8,8.0852
RouteID_7ae17428-aaf3-4849-adc2-6490fb31050c,DSE5,187,20,268,268,3313071.0,2876003.31,68.62,15,14031.7,18389.6,9.0059
RouteID_7aea17e1-9312-4b85-ab39-8b3ad6dbfd27,DCH3,194,24,275,275,3313071.0,2667047.75,48.1,15,13960.7,13228.0,7.5524
RouteID_7af29c8f-8c55-4274-a387-fdae2781e2fe,DBO2,103,26,248,248,4247527.0,2772208.84,78.74,11,7483.1,19527.9,7.5031
RouteID_7af40c1f-8335-406c-8b7f-cc9c9f7ffaa1,DCH4,129,20,263,263,4247527.0,2836653.18,49.1,15,9607.3,12913.2,6.2557
RouteID_7afd9ce7-99ab-413d-be62-17e3a7ed72ec,DBO3,151,20,199,199,4247527.0,2731295.27,48.39,12,15667.7,9628.7,7.0268
RouteID_7b04c650-18f4-477f-83a4-15814464a094,DSE2,140,20,236,236,3313071.0,3236870.57,105.0,14,7497.7,24780.2,8.9661
RouteID_7b0b97db-b3e3-46d2-8d49-3dbf1392774c,DLA7,145,25,209,209,3313071.0,2123289.52,73.62,15,11376.8,15385.6,7.434
RouteID_7b0d7185-1024-4504-b2ec-75dbd37f162f,DSE5,177,19,253,253,3313071.0,2899771.63,55.18,14,11975.6,13959.4,7.2042
RouteID_7b27eef5-f742-49ac-a80e-e7dc75bf6b1e,DLA7,144,22,212,212,3313071.0,2001831.11,66.17,16,13005.0,14028.4,7.5093
RouteID_7b40b6d3-6afb-4943-9047-262ac9b7b8a5,DAU1,151,35,273,273,4247527.0,3277816.95,54.28,16,9247.3,14818.2,6.6849
RouteID_7b56265a-562b-4f2b-9d70-54cbdd13df19,DLA8,130,21,282,282,3313071.0,3102445.45,76.29,16,5748.3,21513.6,7.5728
RouteID_7b6b052a-d535-4018-8cd7-fd39df70290c,DCH2,190,21,288,288,3313071.0,3168448.67,54.06,13,12280.6,15569.3,7.7361
RouteID_7b73f846-9017-4b78-ab33-435ca8fd6961,DCH4,156,24,233,233,4247527.0,2630155.47,67.24,13,14938.8,15666.7,8.5015
RouteID_7b83c7bb-cfc5-4e10-ae45-ab3b201a0595,DBO3,151,27,267,267,4247527.0,3944675.21,56.43,11,11468.9,15066.3,7.3709
RouteID_7b9673d8-6a20-4610-b35e-86ab7ad1efbe,DLA3,154,21,223,223,3313071.0,2128487.98,87.44,16,9902.2,19500.1,8.1673
RouteID_7b9fb0c9-bf8e-4b94-a3fb-4c0e6da2eda0,DCH1,93,24,265,265,3313071.0,3174076.69,75.55,14,7288.0,20021.8,7.5861
RouteID_7b9fb4d1-9c00-444e-b55a-2c4af7f285cd,DBO3,134,17,228,228,3313071.0,3143628.62,62.79,12,12400.0,14316.2,7.4212
RouteID_7bafccef-f620-405e-8e94-4013497ea1e4,DCH4,163,20,235,235,4247527.0,3770224.82,59.0,15,11566.4,13866.1,7.0646
RouteID_7bb6598d-7ecf-4f93-8e46-54931ba1725d,DCH4,180,24,279,279,4247527.0,3910284.56,48.6,14,16657.2,13560.2,8.3937
RouteID_7bb7cd8e-c4a3-4e08-b5ed-180cf7f4a1ca,DLA7,130,22,205,205,3313071.0,2261671.96,60.84,16,11754.1,12472.0,6.7295
RouteID_7bbaa0f2-06bd-4175-817e-1670a2af18f1,DCH1,126,20,250,250,3313071.0,2508749.78,78.42,15,8949.4,19605.3,7.9319
RouteID_7bc70687-fbe1-46ef-acb0-bc9724a26547,DBO3,160,23,233,233,4247527.0,2802440.5,52.88,11,11125.5,12320.0,6.5126
RouteID_7bc86110-9ac0-4998-99b2-89e4ed99c43d,DBO2,138,12,229,229,3313071.0,2308918.27,85.89,13,10055.7,19668.6,8.2567
RouteID_7bc9b017-5254-4107-a598-d7dfded895ba,DSE5,134,13,187,187,4247527.0,2156481.03,84.31,14,9236.2,15766.1,6.9451
RouteID_7bcaab28-d408-4b9f-9297-ce18e0dd2365,DLA8,177,24,291,291,3313071.0,3230417.77,61.75,16,11272.4,17970.0,8.1229
RouteID_7bdf05d9-70ac-4655-8606-a57a49812c24,DLA5,138,18,204,204,3313071.0,2002561.76,73.9,15,10569.7,15076.2,7.1239
RouteID_7be1baab-d4d0-4d74-aec3-4292ee38c71f,DLA7,147,20,248,248,3313071.0,2198883.65,48.12,15,9749.7,11932.9,6.0229
RouteID_7be5cea0-ed81-4e09-a1f6-95433104331d,DLA9,164,17,252,252,3313071.0,2364716.65,83.53,16,10527.2,21049.6,8.7713
RouteID_7bf39dd9-7f93-4722-bbab-28ca69a989da,DLA7,177,19,255,255,3313071.0,2682699.55,58.59,16,11613.7,14940.8,7.3763
RouteID_7bf41665-b9c4-4c5c-9e09-475990634349,DLA9,173,26,274,274,3313071.0,2875810.39,54.0,14,12338.6,14794.8,7.5371
RouteID_7c056e7c-4919-463f-be91-8429ddcadcbc,DSE4,158,26,250,250,3313071.0,3244036.12,64.4,15,11555.8,16099.5,7.682
RouteID_7c16c181-450b-4e08-8ae6-f9d7c2e8664a,DSE5,162,13,225,225,3313071.0,2026211.24,68.96,15,12874.3,15517.1,7.8865
RouteID_7c1c909d-9f77-4f7a-9572-8cb6a892b0eb,DBO3,147,21,189,189,4247527.0,2370897.69,76.07,11,14541.7,14377.1,8.033
RouteID_7c234060-cc71-49a6-bbef-3dbe535a657b,DBO3,190,29,245,245,4247527.0,2539786.89,52.35,12,15383.0,12826.8,7.8361
RouteID_7c25f478-fe19-45bd-9b94-197b06044fe9,DCH4,193,25,275,275,4247527.0,3528647.41,58.42,15,14604.8,16065.4,8.5195
RouteID_7c2cdcb0-7906-4c82-892e-1fc896647248,DLA5,166,20,239,239,3313071.0,2524271.16,59.47,14,12145.2,14214.1,7.322
RouteID_7c3418fd-da5f-4732-b5d8-75a7f8fe1158,DSE5,174,14,247,247,3313071.0,2995486.83,70.8,14,9690.7,17487.8,7.5496
RouteID_7c36b9b2-3084-46eb-9b45-0309ec4b0d19,DLA4,147,11,240,240,3313071.0,3246498.1,57.27,15,8358.2,13744.1,6.1395
RouteID_7c465a07-ead6-476a-b6ba-331560e9c638,DLA4,158,13,275,275,3313071.0,2989332.7,82.08,15,9839.0,22572.8,9.0033
RouteID_7c4e35af-e056-475e-a099-809d89ea81d5,DLA7,136,23,183,183,3313071.0,1767936.68,78.4,14,12523.9,14347.4,7.4642
RouteID_7c5b2e3a-7b3d-44a6-ae51-19da3ca0e16b,DLA9,120,26,227,227,3313071.0,2391128.09,73.58,13,8457.0,16703.4,6.989
RouteID_7c5d2dfa-664f-4c04-aea8-878e08c92f34,DLA8,147,18,239,239,3313071.0,2629235.12,88.94,16,8497.1,21257.5,8.2652
RouteID_7c744e04-75ba-4f80-915c-d838b8a39827,DLA8,134,20,245,245,3313071.0,2347952.4,83.63,17,9713.4,20488.5,8.3894
RouteID_7c81499a-bacc-44ca-93db-a6e053785dbb,DSE5,166,15,239,239,3313071.0,2409056.85,74.67,13,11004.5,17845.8,8.014
RouteID_7c883be7-e553-4a4a-92c3-bc8f46fb3e6d,DLA9,129,23,286,286,3313071.0,2721517.85,65.39,13,10431.6,18701.2,8.0924
RouteID_7c94872f-02d9-46dd-8ce6-87cdef7c228b,DCH4,176,25,259,259,4247527.0,2930592.71,53.07,14,13715.8,13746.0,7.6283
RouteID_7c97d3b1-499f-47da-adb9-7ec57b0758d4,DCH4,172,22,259,259,4247527.0,3045050.1,47.34,16,11200.4,12261.0,6.5171
RouteID_7cab8756-a55c-4de6-b7d0-2303d410338d,DLA8,147,20,252,252,3313071.0,2609849.36,74.83,16,8081.7,18858.3,7.4833
RouteID_7cb2c8fc-51c1-4b47-a0e2-fa100742453b,DSE2,111,23,218,218,3313071.0,2392555.8,99.08,14,6581.6,21599.7,7.8281
RouteID_7cb3aae3-76f9-4ecd-96d0-69fbbf002235,DBO3,164,14,222,222,3313071.0,3139852.21,67.06,12,11910.2,14888.0,7.4439
RouteID_7cb7cc52-7e0d-44b0-9b22-7ab27d5fb159,DCH4,137,15,185,185,4247527.0,1898089.09,55.7,13,14400.5,10304.1,6.8624
RouteID_7cbca851-d05a-4a4d-876c-485e42e4b322,DLA8,149,17,217,217,3313071.0,2244738.24,75.2,16,12000.5,16318.1,7.8663
RouteID_7cc622cd-d54b-4868-afcb-8712ad5cea43,DCH4,166,24,227,227,4247527.0,2720925.9,55.49,15,12307.3,12596.3,6.9177
RouteID_7cd062b0-94e7-430d-9649-877277e66869,DBO3,147,17,206,206,3313071.0,3129713.6,55.41,12,12014.7,11413.9,6.5079
RouteID_7cd46dde-c440-4097-a897-3eba5870a8df,DCH1,62,17,195,195,3313071.0,2447642.35,97.06,13,4022.7,18927.2,6.375
RouteID_7cec3aaf-a7e4-452f-881f-cc28faf6adba,DLA9,140,20,245,245,3313071.0,2427699.44,72.14,13,9443.7,17675.1,7.533
RouteID_7d0cbc69-6eb4-4bef-94f9-ba2b6981e696,DCH4,175,28,273,273,4247527.0,3127115.52,50.94,15,11511.1,13906.0,7.0603
RouteID_7d13a420-434a-4bc6-b3d5-70007efd9d85,DAU1,180,32,264,264,4247527.0,2683206.15,54.96,15,11826.8,14510.1,7.3158
RouteID_7d1a7ccb-b1df-4248-98e1-d5a5a49da2a5,DLA7,164,26,269,269,3313071.0,2479632.42,56.2,15,11163.8,15118.2,7.3006
RouteID_7d1e338f-ab2b-4b28-a1a0-200d7ab6c535,DBO2,162,25,232,232,3313071.0,2415129.35,59.27,13,10831.3,13750.7,6.8283
RouteID_7d233ba2-bc21-41ca-8a8d-e498c0724e0b,DLA8,103,23,264,264,3313071.0,3298441.48,78.36,17,7117.9,20686.5,7.7234
RouteID_7d263fbe-285a-4ec7-9f7c-468605d61aba,DLA3,161,16,269,269,3313071.0,2536199.52,69.37,16,10454.2,18660.0,8.0873
RouteID_7d4a454d-3107-49d9-b103-73c3415238b3,DLA7,158,17,234,234,3313071.0,3240888.06,80.64,15,10757.5,18868.9,8.2296
RouteID_7d5e1acf-2ced-4f37-9936-177a5485a02c,DLA7,146,21,231,231,3313071.0,2503898.34,65.38,15,11768.9,15103.0,7.4644
RouteID_7d8eb7d9-3719-478f-b62e-0d9b41e754b1,DCH4,180,24,281,281,4247527.0,3467049.55,58.39,15,11629.2,16407.4,7.7879
RouteID_7d90a7cf-709e-41f3-a17f-7fe21e2a85af,DBO3,182,27,259,259,3313071.0,2615336.36,49.24,12,15222.2,12754.2,7.7712
RouteID_7dbebcc4-3681-4146-889c-98f9c11afa08,DSE5,184,14,235,235,3313071.0,2853556.22,63.37,15,11597.7,14893.1,7.3586
RouteID_7dc5167c-6cc3-4852-9273-6aebad858c23,DLA4,130,14,232,232,3313071.0,2441224.83,82.62,14,7469.7,19167.4,7.3992
RouteID_7decc507-a329-499a-b91c-b8016040692e,DLA9,152,30,274,274,4247527.0,3478630.03,61.32,14,10443.4,16802.8,7.5684
RouteID_7dee560a-73ce-4121-894b-fe5b1fb296da,DLA7,176,25,274,274,3313071.0,2294231.07,62.48,16,12038.3,17118.8,8.0992
RouteID_7df5345a-3913-48cf-926d-21887b01f227,DLA9,121,25,264,264,3313071.0,3075624.0,78.96,13,8570.0,20846.3,8.1712
RouteID_7e09f85f-632d-417e-9ad3-c7f5466f65ee,DLA9,154,23,240,240,3313071.0,2552414.64,69.54,13,10484.5,16689.2,7.5482
RouteID_7e18e1b4-f21f-46c1-91b2-420a6d847019,DBO2,107,25,238,238,4247527.0,3031200.33,84.0,13,8652.9,19992.5,7.9571
RouteID_7e2e1160-754b-4fb2-8d0b-4583d0a9e002,DSE2,98,20,251,251,3313071.0,2536290.36,78.96,14,6208.5,19817.8,7.2295
RouteID_7e2edfb1-1d68-4278-9904-5267a01e02a7,DCH2,186,21,273,273,3313071.0,2836443.89,54.94,12,13745.1,14999.4,7.9846
RouteID_7e3f308e-2acd-4b98-baa4-740b350ae8b0,DLA9,113,20,207,207,3313071.0,2078400.83,88.76,15,10117.0,18373.0,7.9139
RouteID_7e44091f-6cf5-4304-b022-10ab66927dfc,DBO3,159,27,214,214,4247527.0,1969893.81,66.12,12,13576.7,14150.3,7.7019
RouteID_7e4e1028-2c61-48d6-89c7-1b0b351213c5,DCH2,142,17,194,194,3313071.0,1607199.5,67.24,12,15251.2,13044.0,7.8598
RouteID_7e534f55-93a9-46b2-80b6-ba8dec7940f5,DLA7,140,26,206,206,3313071.0,1917486.1,68.28,14,12678.8,14065.5,7.429
RouteID_7e53839f-4295-46ba-b895-d0567e80d47c,DLA7,126,19,212,212,3313071.0,3022286.66,72.94,14,10499.1,15464.2,7.212
RouteID_7e6adb6c-46f9-4cc3-af29-f711e487993c,DBO1,38,17,215,215,4247527.0,2580547.46,119.98,12,2761.9,25795.3,7.9326
RouteID_7e848423-8ef1-4285-9381-02edb992e603,DBO3,190,41,248,248,4247527.0,2975099.31,57.76,11,16110.1,14324.1,8.4539
RouteID_7e8cdc0e-0e4f-452c-aded-6622d2cc68e1,DCH2,176,24,296,296,3313071.0,3288765.28,54.72,15,10518.8,16195.7,7.4207
RouteID_7e992840-21cc-4cbe-919b-ea2263cd69a6,DBO3,188,20,250,250,4247527.0,3683435.9,71.86,12,14256.1,17965.9,8.9506
RouteID_7ea9f3a0-a10f-492a-8187-182ffae0310a,DLA9,145,17,233,233,3313071.0,2121186.63,85.47,13,9896.9,19914.4,8.2809
RouteID_7ec45bb6-8d3e-4045-96ac-ac8165b1b411,DLA9,143,21,201,201,3313071.0,1949375.58,78.02,13,13190.7,15682.5,8.0203
RouteID_7ecb6594-f594-4f51-9f67-79a56ec2d96e,DBO2,162,37,248,248,4247527.0,4129188.46,78.19,13,9311.5,19391.0,7.9729
RouteID_7ecd29b3-e09f-4c81-974d-0df6c9bfcc2f,DSE5,135,10,211,211,4247527.0,2010286.27,87.37,14,11422.6,18435.9,8.294
RouteID_7ecec2fa-772d-4b0d-8c2a-8ee2536ada58,DLA4,154,15,256,256,3313071.0,3026432.41,49.57,13,16359.3,12690.4,8.0694
RouteID_7ed304db-2df3-4dc5-88a0-8f5c4fb367af,DLA7,156,24,243,243,3313071.0,2173260.39,59.78,14,10588.5,14525.8,6.9762
RouteID_7edc87bc-0ae8-4504-8dd2-b7b6d76c1689,DCH3,150,21,254,254,3313071.0,2719198.97,71.5,13,10892.1,18160.0,8.07
RouteID_7edd58b4-05e9-48d4-bcea-8984c526c342,DCH2,160,16,239,239,3313071.0,3255190.69,77.56,14,15064.5,18538.0,9.334
RouteID_7ee37db5-d663-4b2f-9d33-a6be058c0976,DLA8,128,19,197,197,3313071.0,2536045.85,83.78,16,11921.8,16504.8,7.8963
RouteID_7ee64ab0-256f-4207-8690-6f56468a4f6a,DSE5,145,11,212,212,4247527.0,2426826.62,72.43,14,11061.2,15355.5,7.338
RouteID_7eefbe3d-7409-4423-968a-f32f575ad2f2,DBO2,153,21,206,206,4247527.0,2332448.31,69.42,11,15818.6,14300.0,8.3663
RouteID_7efd8697-dc77-4006-b678-b2b59fd4210d,DBO2,176,24,252,252,3313071.0,3187755.9,69.76,11,12349.3,17578.3,8.3132
RouteID_7f11ac39-2869-4017-a4dc-6757e108f1a3,DLA9,124,25,231,231,3313071.0,2776246.47,79.68,15,11420.9,18406.7,8.2854
RouteID_7f16f96e-ec83-4179-ab06-c08f27e40b7e,DCH3,192,21,272,272,4247527.0,2756977.9,65.25,13,13284.7,17747.9,8.6202
RouteID_7f1e0139-d317-46f5-93d6-64e9670b8c40,DSE2,105,19,210,210,4247527.0,2897493.85,96.59,15,5095.0,20284.8,7.0499
RouteID_7f1e14aa-c303-4977-b8a9-b16dd1306a7a,DCH3,185,18,254,254,4247527.0,2475028.95,66.2,13,14424.4,16814.0,8.6773
RouteID_7f296832-8348-46fe-bf6d-d38e70885718,DLA9,152,22,275,275,4247527.0,3442929.72,69.85,14,10633.6,19209.6,8.2898
RouteID_7f5d7cee-49af-4da9-b289-709987cd57b7,DBO3,167,30,237,237,4247527.0,2678255.47,70.33,11,12378.9,16667.4,8.0684
RouteID_7f5d87f0-c39f-434f-bf3f-b159ef321909,DBO2,182,28,253,253,4247527.0,3398039.36,65.92,12,13700.3,16676.9,8.4381
RouteID_7f68ded0-10a3-4eb5-932d-407db4ee8c01,DBO3,136,18,181,181,4247527.0,2551192.04,77.95,11,12710.1,14108.9,7.4497
RouteID_7f8ee8c1-e6b0-4dd3-a8ce-53f3cab288fa,DLA7,182,23,275,275,3313071.0,2670936.14,49.99,16,10931.6,13747.3,6.8552
RouteID_7f9513b0-c652-4783-81d4-526015d8ecde,DBO3,150,22,182,182,4247527.0,2476648.41,74.44,12,13532.6,13548.9,7.5226
RouteID_7f9e0104-b45f-46ed-a65f-a62548450d3a,DLA9,116,21,260,260,3313071.0,2461092.64,72.97,13,7935.7,18971.0,7.4741
RouteID_7fb1500e-b10f-4e1d-a780-1c325b2c27a1,DBO3,157,26,238,238,3313071.0,2863503.47,55.48,12,13839.4,13203.1,7.5118
RouteID_7fb2b192-e65a-4dce-8e7f-aabe0ced87c0,DCH2,66,20,229,229,3313071.0,2740650.31,94.05,14,5927.1,21538.0,7.6292
RouteID_7fc0fd14-95c8-45c1-a64a-de4a9779ad46,DLA7,149,19,275,275,3313071.0,2667343.28,56.64,16,9524.1,15576.6,6.9724
RouteID_7fd7074d-00f0-4211-a3c2-aa248e41b607,DLA7,198,29,271,271,3313071.0,2295187.14,60.19,15,12298.5,16310.4,7.9469
RouteID_7fdfbbb9-570a-48e1-a357-401d7d059f31,DBO3,127,22,194,194,4247527.0,2144131.02,58.28,12,14634.5,11307.0,7.206
RouteID_8011f534-b4f4-4210-b1f7-95a9004fc2bd,DLA9,175,20,255,255,3313071.0,2955002.21,56.44,14,11237.1,14391.0,7.1189
RouteID_80127e4d-e3c9-4ab9-9787-7218cf7e4b33,DBO3,147,14,193,193,3313071.0,2979803.29,64.03,12,15090.1,12357.7,7.6244
RouteID_802f4be2-5eb9-462f-bd37-d8fbe088208a,DBO1,129,19,237,237,4247527.0,2874107.97,77.87,13,10181.0,18454.1,7.9542
RouteID_8046007d-6606-4154-836d-9d12e5d885cf,DBO2,146,23,194,194,4247527.0,2778274.2,57.88,12,12955.7,11229.2,6.718
RouteID_80750a0d-b4e0-44d4-a7ea-7b232ca1bcfd,DBO3,173,29,226,226,3313071.0,2508952.41,57.58,12,14734.3,13014.0,7.7079
RouteID_807d471f-2c6d-4604-9502-1636196528bc,DLA8,150,17,213,213,4247527.0,1581459.03,89.2,14,13808.3,19000.0,9.1134
RouteID_80891d87-8dcc-48d0-85cb-b4c14073b29f,DCH1,81,23,245,245,3313071.0,3135219.57,79.01,14,6177.4,19356.4,7.0927
RouteID_809580ca-184b-472b-8d0a-1b713a6edc2e,DBO2,172,22,245,245,4247527.0,3635359.98,64.29,12,14957.5,15751.3,8.5302
RouteID_80976ac6-5c3e-41fc-9571-25707c9420f7,DCH2,97,20,255,255,3313071.0,2806680.52,81.36,14,6633.3,20746.7,7.6056
RouteID_80987246-f4ca-4263-bebf-eb3e75fcbce1,DLA7,151,19,232,232,3313071.0,3288452.77,63.48,15,8604.2,14727.1,6.4809
RouteID_809cdb78-6de0-4611-aa87-c0167a8c6a7e,DLA8,157,23,244,244,4247527.0,2725889.4,58.01,15,9348.4,14154.4,6.5286
RouteID_80a3f030-a583-47f7-8e77-0246a6e372ca,DSE4,120,11,207,207,4247527.0,2878396.67,91.16,15,7230.7,18871.1,7.2505
RouteID_80ac5a46-f147-42f5-8fc6-b181abe37084,DSE5,162,11,223,223,4247527.0,2398955.79,59.84,15,12272.7,13345.0,7.116
RouteID_80ae5be9-cc37-4bd8-a33b-ca39b1fc7a92,DSE4,121,18,216,216,4247527.0,1760957.96,52.0,15,10182.2,11232.3,5.9485
RouteID_80b697ae-840b-4d3c-91a4-f87703fa9526,DCH1,106,27,266,266,3313071.0,2919465.46,81.39,14,6103.4,21650.9,7.7095
RouteID_80b90f01-8b1a-4fc9-84c6-90d44ae756a3,DSE4,86,12,181,181,4247527.0,2049211.8,125.26,15,6709.5,22671.9,8.1615
RouteID_80bf6b0f-b1c7-4860-b884-c3aa3b2caba0,DLA9,143,22,239,239,4247527.0,2011139.88,70.79,14,10283.0,16919.9,7.5564
RouteID_80deac7f-8517-44ad-8a59-84520ed2efa2,DCH3,199,18,269,269,4247527.0,3316292.74,45.11,13,14347.0,12135.2,7.3562
RouteID_80dfb04d-bc37-4d6c-87f9-97d3f2c47da9,DAU1,102,37,185,185,4247527.0,2529622.7,117.08,13,7641.6,21660.5,8.1395
RouteID_80e69c6f-0817-46d9-ae76-926d2afc6fa7,DAU1,165,28,285,285,4247527.0,3292971.9,53.87,14,11667.6,15353.6,7.5059
RouteID_80f14c51-d0ca-46d9-900e-8c0bd1e518a2,DLA7,168,23,238,238,3313071.0,2795650.72,54.7,15,11478.8,13017.5,6.8045
RouteID_8103e0af-814a-46f2-bb8e-f9e2ba768bc6,DLA8,169,17,259,259,3313071.0,2494945.79,76.28,16,10025.0,19756.5,8.2726
RouteID_810bc542-93f4-46b4-a32d-2d36f39e2901,DLA7,153,20,226,226,3313071.0,2551273.36,86.07,14,11899.9,19451.9,8.7088
RouteID_8112e4b8-4f94-47ba-be20-bb2fa97a43f7,DBO3,171,22,213,213,4247527.0,2032699.13,63.5,12,16021.2,13525.8,8.2075
RouteID_8116d03a-7ea2-4a33-8f91-83f2abca9ed1,DLA7,130,19,219,219,3313071.0,2274829.37,39.48,16,11314.3,8646.9,5.5448
RouteID_81191a0d-65c0-43f5-ae7b-934235efb1be,DLA7,92,15,160,160,3313071.0,1414477.5,82.09,14,10150.9,13133.9,6.468
RouteID_811b18a8-3c68-4f63-964f-47af49ed96f3,DSE5,192,20,292,292,4247527.0,3010292.43,53.04,14,15800.0,15486.6,8.6907
RouteID_81317ba1-1681-4314-828a-78a689b778f4,DLA8,156,15,202,202,4247527.0,1942834.82,75.66,14,12367.3,15283.9,7.6809
RouteID_81352bc8-a8cc-42d8-9deb-cb1106d82bf0,DBO3,139,19,199,199,4247527.0,2315487.54,76.44,12,11732.6,15211.6,7.4845
RouteID_813a018a-7dd9-4866-904f-ee6ae02ddeef,DLA7,207,27,286,286,3313071.0,3204559.9,54.86,14,13252.6,15690.9,8.0399
RouteID_813f7d17-603b-4492-8bed-043629e4811b,DLA8,192,16,290,290,4247527.0,2522050.41,67.33,14,10684.4,19525.8,8.3917
RouteID_81429109-c5ee-4611-9a99-ed3f31b78935,DAU1,92,34,178,178,4247527.0,2550147.42,110.16,15,7550.0,19607.7,7.5438
RouteID_8153f15c-77a3-44ea-8153-053c3267c390,DLA8,146,20,228,228,4247527.0,2319265.95,82.77,15,8085.4,18872.7,7.4884
RouteID_815a7867-c67b-4ba9-8fbf-9a1b983e8e92,DLA7,148,19,220,220,3313071.0,2392221.85,78.78,15,10602.4,17332.6,7.7597
RouteID_816767d3-a5e6-43c4-8066-7bd8afb9d724,DSE4,174,26,276,276,3313071.0,3217881.63,51.31,15,13142.4,14161.9,7.5845
RouteID_81908604-3c92-4fcf-99f7-a8ee710d9fa3,DLA7,152,18,218,218,3313071.0,2443554.63,58.26,16,11426.5,12699.8,6.7017
RouteID_8193f817-0ec5-43e1-a67d-8062ac369a04,DCH4,153,24,228,228,4247527.0,2745327.53,63.7,15,11370.2,14523.6,7.1927
RouteID_819fcab8-47f4-4473-adc0-5082f1fea031,DLA3,142,24,273,273,3313071.0,2982841.56,49.64,15,8524.4,13552.7,6.1325
RouteID_81a5fef1-aec0-4a11-8299-c04fac2f5317,DBO3,166,20,234,234,3313071.0,3050737.35,53.45,13,15372.2,12507.0,7.7442
RouteID_81b0fe42-8e23-4ed1-9493-7941fa6a0eea,DLA9,172,25,247,247,3313071.0,2397581.02,70.41,14,10777.6,17392.4,7.825
RouteID_81b60a23-6685-4de5-8b69-f890a3fc397d,DCH4,150,27,239,239,4247527.0,2262736.8,42.23,15,11917.4,10092.8,6.1139
RouteID_81bbbb73-2527-424f-8b11-6a449471d7c0,DCH3,197,17,258,258,3313071.0,2871761.98,48.83,15,14606.8,12598.1,7.5569
RouteID_81bfef92-d1f8-4e90-a1de-7dd285780b12,DLA8,148,25,252,252,3313071.0,3025862.69,76.33,16,11587.1,19235.2,8.5617
RouteID_81cf7e85-11f7-49f7-a858-2710bfa1dacb,DCH1,162,13,219,219,3313071.0,2286468.59,43.86,15,12989.9,9605.1,6.2764
RouteID_81d19df0-7c1e-4b04-9c6f-0cf4dbe9b3d5,DCH4,161,20,235,235,4247527.0,2624408.34,58.25,13,11508.6,13688.4,6.9992
RouteID_81d74347-7358-42d1-bed5-194f7862c055,DLA3,152,13,231,231,3313071.0,2099587.11,81.33,17,8915.1,18786.4,7.6949
RouteID_81e76b29-a2c5-4380-a421-b15ad8eaa740,DLA9,156,26,244,244,4247527.0,2646006.2,50.4,14,11502.1,12297.7,6.6111
RouteID_81f66536-9c66-4e19-9276-278c3ac5dc72,DLA7,155,24,223,223,3313071.0,2498005.08,66.4,14,11928.1,14806.3,7.4262
RouteID_81ff5533-1597-4d47-a2df-8bc95680f04b,DLA7,139,25,197,197,3313071.0,1754042.78,59.23,15,12635.0,11667.8,6.7508
RouteID_822eb0f5-ce0d-4e66-9bf9-785e3ce9ca0a,DSE5,134,9,231,231,3313071.0,3134496.55,47.04,15,12306.4,10866.7,6.437
RouteID_82380220-a213-4a2b-a39b-2d0623078118,DSE5,156,13,200,200,4247527.0,2319364.22,71.12,13,14005.4,14224.2,7.8416
RouteID_823adf62-b68f-4a96-ba70-a57053ca5a93,DCH3,192,19,256,256,3313071.0,2815741.39,38.83,15,13764.5,9940.3,6.5847
RouteID_823bedf1-e167-439e-ad35-2b526542e44c,DLA8,136,19,234,234,3313071.0,2095371.17,95.04,17,8245.1,22240.1,8.4681
RouteID_824514fd-2a77-46e8-bc46-7262cd9a0576,DCH4,192,27,279,279,4247527.0,3766550.52,50.38,14,11810.8,14057.4,7.1856
RouteID_82617ee9-dce9-4a83-a401-e574870564cb,DLA9,147,40,244,244,3313071.0,2166608.14,76.0,16,12156.5,18543.1,8.5277
RouteID_82802535-0704-4244-8b3c-af7fa10d2727,DBO2,152,22,217,217,3313071.0,2047667.56,77.67,14,10596.7,16854.4,7.6253
RouteID_8281d6a2-7db3-46ba-aee0-e9f5404ce79e,DLA4,139,12,196,196,3313071.0,2228373.72,79.17,16,10791.9,15517.0,7.308
RouteID_8296e605-12bf-4008-a98a-c511030e51fe,DAU1,135,43,211,211,4247527.0,2898596.51,118.91,13,8623.8,25089.2,9.3647
RouteID_829c3d83-e2e0-42bd-9b09-2b0a3185b3ed,DSE2,111,18,201,201,4247527.0,1974037.01,130.52,13,7309.7,26235.5,9.3181
RouteID_82a46589-2eff-42c4-891f-0482f922a344,DBO2,119,20,284,284,4247527.0,3481560.94,65.7,11,6658.1,18658.5,7.0324
RouteID_82af3056-2d7b-43b1-8080-39e4c2ecbf60,DLA8,129,20,211,211,3313071.0,2569390.31,72.54,16,13321.1,15304.9,7.9517
RouteID_82c7371b-35bd-439b-924d-1341ba38c626,DAU1,139,32,198,198,4247527.0,1931213.78,80.78,15,12644.0,15994.0,7.955
RouteID_82d01fcd-309e-47c7-99f1-a4f31e4de726,DLA7,198,22,286,286,3313071.0,2355480.42,66.17,15,11599.1,18926.0,8.4792
RouteID_82d2e1ad-79e7-4dc7-9a69-0d5f80c2b5cf,DSE2,117,25,211,211,3313071.0,2661317.86,105.84,14,7689.7,22332.0,8.3394
RouteID_82d7ea2d-da9f-4e52-9fd1-4e3ecadcbe88,DLA3,183,14,287,287,3313071.0,3213406.11,71.93,17,8957.8,20643.2,8.2225
RouteID_82e93590-a457-416a-8626-72af2690d164,DLA7,145,21,212,212,3313071.0,2100021.96,78.14,15,9652.3,16565.8,7.2828
RouteID_82f14a50-5bb1-4df0-8c78-e22bca28dd81,DLA9,139,22,245,245,4247527.0,2493095.94,68.89,14,9914.5,16877.8,7.4423
RouteID_82f8190b-fbb3-41ec-a1d8-cd5c9fedd8f0,DSE5,140,13,205,205,4247527.0,2145896.6,71.56,13,12447.8,14669.2,7.5325
RouteID_83115e07-485d-4e5d-b381-94fe1a6deaba,DLA8,175,19,273,273,3313071.0,3075169.7,67.55,16,11090.8,18441.5,8.2034
RouteID_8312a860-5a48-4b4b-9061-0240b9803160,DSE4,157,21,251,251,3313071.0,2933309.41,66.77,15,10447.5,16758.7,7.5573
RouteID_831fa134-6e26-4ddd-878d-46be8bc18cdd,DBO3,141,17,203,203,4247527.0,2042813.2,84.73,12,12711.3,17200.8,8.3089
RouteID_83208dec-cc2d-4675-b3b2-96b10a8c3217,DAU1,84,26,192,192,4247527.0,2313885.96,77.81,13,5351.6,14939.9,5.6365
RouteID_832b91a5-9ae4-46e7-a344-3a428dfb698e,DCH4,201,28,287,287,4247527.0,3164645.91,54.23,15,14986.0,15564.8,8.4863
RouteID_8344ba6c-752f-4732-ada5-e7beb37284dd,DLA7,154,26,226,226,3313071.0,2240778.54,62.89,15,11607.0,14213.9,7.1725
RouteID_83475649-5542-484f-bd7e-63af510fb349,DLA8,109,11,180,180,3313071.0,1860180.87,112.88,17,5723.5,20319.0,7.234
RouteID_83514aa5-b270-40f2-aa75-934e127ae226,DSE5,133,10,203,203,4247527.0,2335054.24,74.77,15,9699.6,15179.0,6.9107
RouteID_835d484d-24d1-4fa7-a922-63872b08fd22,DLA7,160,21,220,220,3313071.0,2807313.84,72.15,15,11039.0,15872.8,7.4755
RouteID_8363e444-8b88-4a27-9559-ee86c7e06c52,DLA7,159,24,236,236,3313071.0,2542660.96,65.61,14,11471.2,15483.7,7.4875
RouteID_83660c3e-2deb-4d45-ae2b-ad434b7e6e43,DCH1,133,13,169,169,3313071.0,1405361.61,89.08,14,14451.6,15054.0,8.196
RouteID_836aa6fd-a15e-4d50-91af-e0a4aaafb288,DCH2,182,23,295,295,3313071.0,3261040.04,70.12,15,8682.3,20684.0,8.1573
RouteID_839d174a-9842-4a00-a09c-c92ba77c560d,DCH4,170,20,251,251,4247527.0,3346419.49,54.89,15,13750.9,13777.7,7.6468
RouteID_839e5692-02f8-4483-9eaa-e12ed842d631,DCH2,94,19,235,235,3313071.0,2807066.85,71.41,14,7534.2,16782.1,6.7545
RouteID_83a19aef-1e2a-45fa-8959-85e99c2da70a,DSE5,162,12,207,207,4247527.0,2545637.78,76.1,15,11357.6,15753.2,7.5308
RouteID_83bcb6de-2bea-4f5d-a4a4-8b0fbafa452d,DCH4,162,23,230,230,4247527.0,2827135.33,64.55,15,13355.8,14846.8,7.8341
RouteID_83c07adc-bba4-4fa0-aa6a-62ee0c104a8c,DSE4,188,27,281,281,3313071.0,3189441.77,51.86,14,15391.7,14572.5,8.3234
RouteID_83c70eeb-fd15-40a7-9c40-c2b5e1106163,DLA9,130,23,297,297,3313071.0,3073854.65,52.32,16,8614.5,15540.2,6.7096
RouteID_83c8fc14-4dc3-49c0-8592-9f401cc0648d,DBO3,205,27,264,264,4247527.0,3060539.81,58.32,11,14910.4,15396.8,8.4187
RouteID_83d01b7a-5d8d-4a7c-ba05-3918b2be18f4,DBO3,162,32,223,223,4247527.0,2913987.76,77.75,12,13898.5,17339.3,8.6772
RouteID_83d20ae4-fd4f-4dd3-af37-160e9a3919ad,DLA9,142,25,232,232,3313071.0,2523326.44,82.4,15,9337.4,19116.2,7.9038
RouteID_83d25694-9998-46f4-9a8c-c4996d6e9c83,DBO3,183,32,253,253,4247527.0,2648363.16,46.34,13,14076.6,11724.7,7.167
RouteID_83d3df50-8ac7-49f6-83e1-b38403dec5c5,DLA4,184,15,283,283,3313071.0,3257049.11,50.86,15,14183.6,14392.7,7.9379
RouteID_83e31c32-08e9-4d45-82ee-93feda7bd57a,DLA8,164,15,258,258,3313071.0,2323363.11,84.05,16,9531.0,21685.3,8.6712
RouteID_83f37fec-395a-43fe-b20c-aecbb16f29f9,DCH2,186,20,277,277,3313071.0,3209874.78,62.44,15,12312.6,17296.0,8.2246
RouteID_83fcfd8e-b910-46dc-8c30-78ab7c3a936b,DBO3,154,19,217,217,4247527.0,2426279.5,73.07,12,13608.2,15855.9,8.1845
RouteID_84131e57-3be1-44cf-970b-070bb011072f,DCH4,190,25,296,296,4247527.0,3366981.69,35.21,15,15334.9,10421.0,7.1544
RouteID_8416a7a5-ab6e-42c0-9326-26381f4a59b6,DSE4,219,26,298,298,3313071.0,3016843.3,48.6,15,12888.0,14483.1,7.6031
RouteID_84284a65-d72c-4d1e-8c78-1f6233806c01,DCH4,165,25,248,248,4247527.0,3003968.44,64.5,13,10861.5,15996.1,7.4604
RouteID_842ca146-cf8a-4e51-97a9-e27cfd5de078,DLA7,155,24,230,230,3313071.0,2142051.92,74.49,16,11303.9,17133.1,7.8992
RouteID_844b64be-251f-4882-b18a-23a5507aa378,DCH4,177,24,279,279,4247527.0,3357836.51,41.54,15,12498.9,11590.5,6.6915
RouteID_844bd98e-456b-4cfa-acdc-7c512641f9f9,DLA7,160,20,226,226,3313071.0,2235310.92,56.62,15,10927.1,12795.1,6.5895
RouteID_845480b2-b2f9-4953-9c39-5f856ef1e523,DSE5,160,16,230,230,4247527.0,2553512.64,66.77,13,13497.5,15356.6,8.015
RouteID_846a758e-1a74-4855-8d5c-dbb54033b18f,DLA9,187,24,295,295,4247527.0,2500918.95,55.24,14,11654.2,16295.2,7.7637
RouteID_846dc94d-9cbc-43f0-a537-4a81c8d7fa8d,DLA3,152,14,237,237,3313071.0,1910187.85,78.43,15,9477.7,18588.8,7.7962
RouteID_8473609b-c65e-4497-9d1b-6a69c5dbb314,DCH4,140,31,246,246,4247527.0,2652835.89,33.98,15,13692.5,8358.8,6.1254
RouteID_848a48ca-5a72-4991-a5b7-4d7f97a2d0a6,DCH1,85,21,191,191,4247527.0,2131030.35,115.82,14,7730.5,22122.0,8.2924
RouteID_848c3d47-f3e2-4868-9883-6d039e7d2f87,DCH3,198,19,266,266,4247527.0,2729910.66,48.7,12,14427.1,12955.1,7.6062
RouteID_848cd9f4-b950-4a8d-abf7-162a7867056e,DAU1,134,19,206,206,4247527.0,2703275.34,54.32,14,12118.7,11190.4,6.4748
RouteID_849caac8-0835-4262-9ded-ecb7137a4467,DLA7,182,21,244,244,3313071.0,2620578.86,61.68,15,11147.7,15051.1,7.2774
RouteID_849dd86c-0fdb-4c58-967d-168c9691c797,DBO2,90,23,228,228,4247527.0,3496826.22,80.8,12,6992.6,18422.6,7.0598
RouteID_84a68747-8b2b-4798-a554-28ff4baedd60,DLA9,183,33,296,296,3313071.0,2983794.89,54.07,16,14866.2,16005.9,8.5756
RouteID_84a7a335-305c-4bcf-bddc-73acd0cb3d7a,DSE5,156,12,231,231,4247527.0,2414914.1,54.92,14,14060.1,12687.6,7.4299
RouteID_84b7bf0d-ecae-462f-bf60-4c30262f2e72,DLA5,177,22,244,244,3313071.0,2487050.07,66.76,16,13989.3,16290.2,8.411
RouteID_84c7bcaa-a3a2-4fb9-9cdb-2a2aa77dc668,DCH4,155,16,214,214,3313071.0,2639137.86,61.52,14,16055.9,13164.9,8.1169
RouteID_84ce46b1-9771-4d89-ae96-45baa6b49234,DCH2,83,19,256,256,3313071.0,3073291.47,75.68,14,6587.7,19373.2,7.2114
RouteID_84ce8289-7bc8-440a-bc04-3d1f027a07c2,DSE5,169,14,231,231,3313071.0,2678195.52,69.09,14,12362.0,15960.1,7.8673
RouteID_84da7266-60d5-41b7-8eff-2d76b046d77f,DCH2,202,22,294,294,3313071.0,2707641.47,63.8,12,13221.3,18758.0,8.8831
RouteID_84e80daf-e931-443f-a83d-83d52d0d4d91,DBO3,187,14,265,265,4247527.0,3365033.9,54.36,12,14897.0,14404.3,8.1393
RouteID_84f72f6e-3b04-4883-8e14-632fba58a7f0,DLA5,166,25,255,255,4247527.0,2906741.26,64.15,14,11012.0,16357.4,7.6026
RouteID_850269aa-cf49-4113-9d8e-14711cf8682f,DLA8,122,18,286,286,4247527.0,4043457.14,74.88,16,6078.5,21416.8,7.6376
RouteID_8502e1b3-515c-4781-8128-03bb3a36b783,DLA8,94,26,265,265,3313071.0,2691335.15,73.68,15,6486.2,19525.1,7.2254
RouteID_8510c662-745d-4e1e-847a-a7cb91d8ad9f,DCH3,182,19,270,270,3313071.0,2583114.67,48.66,14,14318.7,13139.1,7.6272
RouteID_85204302-9e49-4dd2-8efc-d04f7c822fdc,DLA7,166,21,250,250,3313071.0,2264648.53,38.26,16,12577.4,9565.3,6.1508
RouteID_85285257-2424-47d9-a72c-94cc28da904e,DLA9,161,21,228,228,3313071.0,2129831.95,72.33,15,12839.4,16490.4,8.1472
RouteID_85415126-444f-47dd-b32b-7275ab2717b4,DCH1,107,22,242,242,3313071.0,2952344.34,74.14,14,7903.1,17941.9,7.1792
RouteID_8556f8ec-4686-42b1-a7c5-f13c554e8897,DCH4,134,21,240,240,4247527.0,3349276.41,60.1,14,11549.1,14423.4,7.2146
RouteID_8565a9ad-f164-47be-b6fd-28e7d788901f,DCH4,174,26,241,241,3313071.0,2560679.69,72.98,15,10971.1,17589.3,7.9334
RouteID_85730a1c-c507-485d-9d03-7a716b4bb201,DSE4,109,12,215,215,4247527.0,2148415.9,81.32,15,6723.8,17483.6,6.7243
RouteID_8593ec14-106f-4007-8122-35f3c208ef9d,DLA9,153,26,291,291,4247527.0,3019077.17,64.93,14,10349.2,18893.6,8.123
RouteID_8595b2cc-cbe8-46fa-8a34-8d70a8c6ebda,DCH4,143,13,199,199,4247527.0,2934693.52,59.5,13,13882.0,11840.7,7.1452
RouteID_8596d17e-0246-4afe-b7f9-a4bcaa73be8c,DLA7,172,25,249,249,3313071.0,2403291.66,56.22,14,13772.8,13998.1,7.7141
RouteID_85977d5f-8543-42ec-a778-bcfd574a320c,DLA7,122,28,190,190,3313071.0,1695735.74,73.48,16,11120.2,13961.7,6.9672
RouteID_85aec482-3df6-4cff-892e-4d7e827cb813,DSE4,145,26,249,249,3313071.0,2951730.46,71.2,14,9245.5,17729.1,7.4929
RouteID_85bc6e80-13cb-41e0-9c82-74ea8ab966c7,DSE5,121,6,173,173,4247527.0,1629008.04,105.21,14,9160.0,18201.9,7.6005
RouteID_85be7e4b-9487-4e20-87a6-bc5a6c30e75d,DLA9,135,21,228,228,3313071.0,2325293.73,69.33,13,10853.0,15806.6,7.4054
RouteID_85cc6265-5a36-4128-85b0-a11569a09c0a,DBO2,58,30,222,222,4247527.0,3278056.85,71.26,13,6050.9,15820.8,6.0755
RouteID_85d32250-376a-46fa-8275-602174a5ce36,DCH2,159,21,263,263,3313071.0,3306155.52,46.6,13,9215.2,12256.8,5.9644
RouteID_85e93874-76f4-43c1-82c8-cf7866500638,DLA7,138,18,192,192,3313071.0,1910466.0,82.97,15,12259.8,15929.4,7.8303
RouteID_85fa1c16-ae80-4142-815c-0104d95c3d59,DBO1,42,16,179,179,4247527.0,2319561.45,132.36,12,4842.3,23691.7,7.9261
RouteID_85fc47c6-d867-4a46-80fb-5500848643b9,DBO3,167,22,235,235,3313071.0,2920951.83,68.77,13,13785.2,16159.9,8.3181
RouteID_85fc89e2-2dd7-45d3-a74d-c86bfc617d5d,DLA4,162,14,272,272,3313071.0,2813459.76,68.73,14,10187.0,18695.9,8.023
RouteID_85fec008-983a-404c-9b00-17889bd28234,DSE4,194,27,287,287,3313071.0,3121258.36,45.13,15,17165.1,12951.9,8.3658
RouteID_860682b4-fcc9-4eb3-842a-6dd65b49395e,DLA7,198,21,267,267,3313071.0,2880292.63,60.67,14,10219.4,16199.7,7.3386
RouteID_86235826-5f33-4c53-ad84-d3cea65dc36d,DCH4,163,19,227,227,4247527.0,3413266.24,60.72,14,14428.7,13783.8,7.8368
RouteID_862c4d83-9a7c-4e82-bb96-de86708686ec,DLA7,150,19,221,221,3313071.0,2651281.87,69.02,15,10088.2,15253.3,7.0393
RouteID_862d7bd5-c634-412f-bc54-d701e43a978a,DSE4,116,13,228,228,4247527.0,2740968.31,77.2,15,10248.4,17601.9,7.7362
RouteID_86304299-5f2d-486e-a216-77fb802178e4,DLA9,147,30,263,263,3313071.0,2858433.92,67.05,16,10948.2,17633.2,7.9393
RouteID_863bcc13-f431-4fce-89ad-a9bc857ad483,DLA7,149,22,213,213,3313071.0,1851965.26,80.93,16,11780.1,17237.3,8.0604
RouteID_863f1901-4d96-494b-88ab-33149743ea4c,DCH4,166,20,234,234,4247527.0,2954531.51,73.27,15,13795.7,17145.4,8.5947
RouteID_8643e615-27b7-480c-8003-a76f0f699d00,DLA7,147,24,207,207,3313071.0,2389877.83,75.05,14,12567.0,15536.2,7.8064
RouteID_86517a18-67ab-4b65-b8a6-afe7740861f7,DLA7,150,20,231,231,3313071.0,2998790.68,74.77,16,11189.3,17272.1,7.9059
RouteID_866fb8b0-ea67-4bdd-9c83-1b2e3e97b86c,DBO3,177,20,223,223,4247527.0,3071407.02,70.71,12,12927.8,15769.4,7.9714
RouteID_867903c0-3959-4fc1-91b8-4ded86e636f4,DCH3,163,22,243,243,3313071.0,2606468.53,66.13,13,11083.8,16070.5,7.5429
RouteID_868df313-fd3e-4c3b-aa86-edbba3172611,DCH4,191,24,279,279,4247527.0,3438077.24,52.63,15,13421.8,14682.8,7.8068
RouteID_868f28dd-ed74-44fc-9f9a-c55ba92f1ea7,DLA7,176,20,256,256,3313071.0,2712012.99,38.57,15,11605.4,9873.6,5.9664
RouteID_869774de-96b7-46e7-9a5a-5aca5ca84504,DSE5,174,15,247,247,4247527.0,2929039.11,46.72,14,10256.4,11540.7,6.0548
RouteID_86ab3b8b-1e01-425d-bb33-6f37405f0e1b,DLA9,144,30,270,270,4247527.0,3148352.58,57.66,14,8523.6,15568.0,6.6921
RouteID_86abc426-4c51-4415-b42f-964a74a81b0f,DLA9,166,19,231,231,3313071.0,2665297.22,81.22,15,11404.4,18761.1,8.3793
RouteID_86b98121-d379-4018-8aa9-2332d77c0b61,DLA7,181,26,260,260,3313071.0,2461866.48,55.19,15,10357.7,14350.0,6.8633
RouteID_86cbe600-6c82-446e-81e8-cb31473ab7de,DLA9,129,24,216,216,4247527.0,2076747.73,87.23,14,11031.4,18841.3,8.298
RouteID_86db3f92-c88d-42fc-b67b-2a67f3a5b7bc,DLA7,177,30,289,289,3313071.0,2745206.2,55.04,16,9268.0,15905.4,6.9926
RouteID_86eddbfa-0677-4bb6-a7e3-a3fc627e9cb6,DSE5,193,18,295,295,4247527.0,2691430.0,59.53,14,14937.5,17560.4,9.0272
RouteID_87060c58-dea2-4621-a9b5-0341c3ee1a67,DBO2,127,29,298,298,4247527.0,3875971.07,71.75,13,7675.2,21380.6,8.0711
RouteID_871822a5-5759-4f5f-b303-3a5c38892170,DCH1,154,17,249,249,3313071.0,2482793.77,78.26,13,11094.0,19487.8,8.4949
RouteID_87194f14-3ebe-4c2d-beb3-ae77648a8068,DCH3,193,22,271,271,3313071.0,3086932.57,57.85,15,15397.5,15677.0,8.6318
RouteID_8722c5df-50ad-4841-bfa7-21616179083f,DLA8,62,21,199,199,3313071.0,2275120.91,133.58,16,3631.1,26582.6,8.3927
RouteID_873146b3-5cf7-423b-be48-fd1ccdf7370d,DLA9,158,25,282,282,3313071.0,3049336.81,65.06,16,9488.8,18345.6,7.7318
RouteID_87703650-a513-4c20-a64e-27f86456f76d,DBO3,191,27,254,254,4247527.0,3314546.58,60.61,12,14708.4,15396.1,8.3624
RouteID_8780d022-6383-4089-874f-ce7d01026f54,DSE4,168,25,289,289,3313071.0,3132510.08,61.16,14,10207.6,17676.0,7.7454
RouteID_87a00041-c07e-4c83-9f6d-ec39cf5592d0,DCH1,76,15,164,164,3313071.0,1833706.8,86.17,14,7412.1,14132.3,5.9846
RouteID_87acc75c-0933-4a30-966b-f9a7ad1b4957,DLA7,155,21,223,223,3313071.0,2327695.49,77.07,16,10106.2,17187.2,7.5815
RouteID_87b885b2-a8d3-4b1f-b8fd-1115219d0255,DLA8,117,22,289,289,3313071.0,3239500.31,56.38,16,6559.0,16294.9,6.3483
RouteID_87b8f113-8870-4f5e-b5d3-712356bd1170,DSE4,147,14,209,209,4247527.0,2298420.34,97.53,15,9165.7,20383.0,8.208
RouteID_87c76a48-381f-4505-ba8d-67e79053696f,DSE5,155,12,219,219,4247527.0,2370282.69,70.69,14,10090.0,15481.8,7.1033
RouteID_87ca76e9-f348-4646-a434-91845c1b6358,DBO3,189,24,262,262,3313071.0,2793298.49,55.73,13,14285.5,14600.4,8.0239
RouteID_87cd1577-f53e-4941-9965-9a41a0563a55,DLA7,153,16,232,232,3313071.0,2229969.98,51.49,16,10415.2,11945.7,6.2114
RouteID_87fa696f-b752-4de0-9f35-ab1234de778d,DAU1,104,20,213,213,4247527.0,3008096.66,68.42,15,8048.4,14574.2,6.2841
RouteID_880a3c32-6071-41ad-b387-8620d36285de,DLA8,121,15,211,211,3313071.0,2544688.21,102.71,16,7522.9,21672.3,8.1098
RouteID_881272c8-8616-4ac1-b09c-c4fe66229896,DLA9,172,21,267,267,3313071.0,2598954.76,75.67,15,10151.4,20203.2,8.4318
RouteID_8818e981-8e63-4a85-a6de-8da897521db6,DCH1,73,22,258,258,3313071.0,2988317.09,83.46,14,6071.1,21532.6,7.6677
RouteID_881ab759-0ac4-45fe-a436-f4786bb330e8,DSE4,117,19,208,208,4247527.0,2080379.48,89.93,15,9220.7,18705.0,7.7571
RouteID_883f8700-e694-4ef0-968c-5299bf9a8e93,DLA9,94,22,281,281,3313071.0,2379581.46,76.09,16,7161.9,21381.1,7.9286
RouteID_885e01d0-98b7-4228-9b2f-b5f885ddf164,DSE5,177,17,255,255,4247527.0,2286852.22,72.18,13,13815.8,18406.1,8.9505
RouteID_8868aa26-94d2-4844-a1ad-5a43d99d6b47,DLA7,157,24,252,252,3313071.0,2834799.71,63.42,14,10679.6,15981.8,7.4059
RouteID_8869c070-cd25-49fd-b545-1904efd2adfb,DCH1,100,22,248,248,3313071.0,2985867.68,73.13,13,7510.3,18135.4,7.1238
RouteID_886a65eb-026b-40a0-82fe-3cbc576b9c53,DLA9,132,24,252,252,3313071.0,2538795.13,83.65,15,10367.9,21080.5,8.7357
RouteID_887256d0-1ffe-492a-ba53-8e6358dea51e,DBO3,173,27,266,266,4247527.0,2996451.93,52.66,11,11039.3,14007.0,6.9573
RouteID_88728ed2-0388-4fe5-9bb0-01a1b06f49e2,DCH1,170,14,281,281,3313071.0,1962240.37,44.73,14,13425.6,12568.7,7.2206
RouteID_887cde0d-2138-4f2d-9924-919748de37d9,DLA7,145,20,239,239,3313071.0,2704403.19,62.44,14,9488.4,14923.1,6.781
RouteID_8885adc1-4291-42c1-bc0b-2ccc2b28b6d6,DAU1,132,32,236,236,4247527.0,3023141.71,72.85,14,9752.0,17191.7,7.4844
RouteID_888d846c-21bb-490d-898c-33c42001cd8b,DLA7,139,23,240,240,3313071.0,2293660.8,73.14,14,9508.2,17553.2,7.5171
RouteID_888e84e7-7cbd-4989-8b92-2764bf8c03dd,DLA9,133,22,220,220,3313071.0,2192926.78,55.3,15,9850.3,12165.6,6.1155
RouteID_8892ab0d-f891-4e26-b043-5370f5c5d048,DCH4,198,24,268,268,4247527.0,2617718.41,64.55,15,13178.7,17299.8,8.4663
RouteID_88945b07-0593-485c-a767-6bbe47414adc,DLA7,170,23,245,245,3313071.0,2808836.57,75.61,16,11963.8,18524.0,8.4688
RouteID_889fb2e6-0e10-4a02-a1bd-746503e6162f,DBO3,189,32,251,251,4247527.0,2603635.3,50.73,12,15685.2,12734.1,7.8943
RouteID_88a17a4d-9538-46ab-bcb5-04356801e50b,DLA7,154,22,259,259,3313071.0,2965083.84,75.44,15,9971.3,19539.3,8.1974
RouteID_88a1eef0-352a-4e01-9ad4-35b080c9aee4,DLA3,116,23,278,278,3313071.0,2352239.48,73.79,15,5637.4,20512.7,7.2639
RouteID_88ae3ac7-7b51-4515-8181-26b5b24f4b9e,DLA5,157,22,258,258,3313071.0,2616213.97,77.05,15,13371.5,19877.9,9.2359
RouteID_88c1ade9-7157-479c-9af7-b496e5fbc6f1,DCH4,161,27,231,231,4247527.0,2461939.97,68.39,13,13090.2,15798.8,8.0247
RouteID_88cf734c-cbe8-4ae7-b497-f1c0032a07a2,DSE4,126,15,224,224,4247527.0,2390873.36,65.7,16,10242.3,14716.1,6.9329
RouteID_88d0e482-6dc4-4877-bdf9-0c9d7c4b449c,DLA9,162,22,267,267,3313071.0,2720468.05,73.73,15,12568.0,19685.3,8.9592
RouteID_88dd4138-06a3-45ab-94fa-1464d752bd2c,DAU1,151,21,215,215,4247527.0,2819586.75,73.66,14,13855.6,15836.5,8.2478
RouteID_88e0abdc-f41c-4b3e-9f47-ceb88768a539,DCH3,182,18,241,241,3313071.0,2516137.78,75.86,12,11984.9,18283.2,8.4078
RouteID_88e0c2ab-dec7-4a81-ade3-7d326cbe8554,DLA5,169,19,234,234,3313071.0,2087633.48,69.88,14,13588.5,16352.8,8.317
RouteID_88f932e9-f2bd-4b0a-8af5-4067baa24c08,DLA3,98,13,164,164,3313071.0,1591905.86,120.17,15,5652.2,19708.5,7.0446
RouteID_8915db4b-7543-4523-91ee-cf8efb57dce9,DSE4,184,31,274,274,3313071.0,3135903.98,63.57,14,13365.8,17419.1,8.5514
RouteID_893699a6-83e4-4f5d-877d-8a42767946af,DCH3,194,20,268,268,3313071.0,2840763.6,61.96,15,10784.7,16606.1,7.6086
RouteID_893c1c4b-5183-4ebd-8110-16ce6767be07,DLA9,125,20,212,212,3313071.0,2032327.56,90.26,15,9850.8,19135.9,8.0519
RouteID_893d4ae7-4774-4982-86d8-ac3d896a2a77,DCH4,188,25,265,265,4247527.0,2975785.22,46.97,15,12616.4,12446.7,6.962
RouteID_89413a52-5b52-44dc-a4af-2cba22a27560,DLA8,171,21,245,245,3313071.0,2701676.49,69.52,16,10725.3,17032.7,7.7106
RouteID_8944c516-65c8-4f73-8d46-47de5eb337ad,DLA8,144,23,296,296,3313071.0,3213481.43,52.65,16,9959.5,15585.3,7.0958
RouteID_894c1009-afde-488e-b6c0-2d4fbcd411cd,DCH3,187,18,265,265,3313071.0,2855597.84,54.24,14,12124.8,14373.3,7.3606
RouteID_89543e54-e254-4993-b687-f358b3124a0b,DBO3,132,12,194,194,3313071.0,2261911.51,76.16,12,12315.8,14775.5,7.5254
RouteID_895c8aaa-2647-4292-b045-1b326205d9b3,DCH3,143,11,185,185,3313071.0,1792477.63,65.56,13,13764.2,12129.2,7.1926
RouteID_8961343a-19dc-43ea-92a3-2e611b199fa6,DSE2,115,20,238,238,4247527.0,3170213.63,90.72,15,7547.5,21590.3,8.0938
RouteID_8966fc08-3a2f-4ce7-a5e8-05a7638ad669,DCH1,141,27,264,264,3313071.0,2845798.52,55.33,15,7375.2,14607.1,6.1062
RouteID_8984121a-12a1-4a66-8fd8-4d335f363535,DAU1,129,26,204,204,4247527.0,2926609.68,91.59,14,10002.4,18685.1,7.9688
RouteID_899a31e9-6135-4caa-9b1b-ccf99249752e,DLA7,176,19,235,235,3313071.0,2179630.59,65.65,14,11638.1,15427.0,7.5181
RouteID_89a06d3a-f997-4506-924d-6c1d53dc63d2,DCH3,195,18,269,269,4247527.0,2560356.13,61.16,15,13358.0,16452.0,8.2806
RouteID_89a3515b-999b-45bf-b5e4-e4489cac1817,DSE4,122,12,217,217,4247527.0,2140118.78,81.43,15,8137.3,17671.3,7.1691
RouteID_89a6b9f3-0aa8-4b26-b498-12071565df3a,DLA9,123,22,236,236,3313071.0,2459424.98,78.03,15,10004.8,18414.3,7.8942
RouteID_89ae76a7-0359-4a5a-8031-72efdb552b00,DLA7,132,21,218,218,3313071.0,3296869.68,62.76,14,10210.7,13681.0,6.6366
RouteID_89b744a9-9402-4cfa-bccd-8d05355bb4c7,DCH4,137,16,240,240,4247527.0,2938663.18,58.44,15,11837.3,14026.7,7.1844
RouteID_89c613d5-3801-49bc-83c6-ac01ac4705bb,DLA8,115,19,242,242,3313071.0,3216483.46,76.27,17,6281.5,18457.5,6.8719
RouteID_89cd0868-588f-49c1-8f77-97f82e6b4c7f,DSE5,139,11,190,190,4247527.0,2057471.67,67.97,14,10436.5,12914.3,6.4863
RouteID_89d62883-6761-450d-86f5-32a8bf42be36,DSE4,102,12,191,191,4247527.0,2009688.89,105.2,15,6922.3,20092.4,7.5041
RouteID_89ec1226-72ee-48bb-a8d2-3c0384524664,DLA9,188,30,289,289,4247527.0,2883348.6,61.58,14,12873.5,17796.9,8.5196
RouteID_8a0218e1-9268-44b7-b9a9-d2d8afc8b5db,DSE4,112,14,202,202,4247527.0,2228927.64,78.93,15,10375.6,15943.9,7.311
RouteID_8a0e2284-8aa7-49a6-931b-7d7ae0f57767,DLA4,171,14,254,254,3313071.0,2582080.69,69.25,16,10379.9,17589.0,7.7691
RouteID_8a145c7a-c5b7-4cfc-a027-733cfdf40227,DCH3,187,18,270,270,4247527.0,3195019.57,68.37,13,14011.4,18460.0,9.0198
RouteID_8a18fa7e-b35a-421d-a071-7bcf2000c6f1,DBO1,181,24,273,273,4247527.0,3366498.67,62.97,13,12121.3,17189.5,8.1419
RouteID_8a1d973e-142f-4c01-88eb-743a41f0b87d,DLA7,177,28,251,251,3313071.0,2496284.44,62.44,16,12589.8,15671.9,7.8505
RouteID_8a205059-abac-4869-b8e8-75880d60e2e6,DBO3,170,25,222,222,4247527.0,2711999.32,68.46,12,14948.0,15197.7,8.3738
RouteID_8a2245b0-5630-41fa-813c-ccae7393c460,DSE4,106,12,228,228,4247527.0,2488371.85,67.53,15,7182.5,15395.8,6.2717
RouteID_8a2d560a-59d3-4625-94c3-ac55e33399b7,DBO3,133,21,203,203,4247527.0,1964142.93,52.98,12,12980.5,10755.2,6.5933
RouteID_8a2e002a-80dc-4b6c-bc45-2ece95281d63,DSE2,90,22,200,200,4247527.0,2515677.64,97.78,14,5305.3,19555.5,6.9058
RouteID_8a301ed1-793b-4b7b-babc-fb7975c3921c,DLA8,132,23,277,277,3313071.0,3225630.77,65.98,16,7585.7,18277.5,7.1842
RouteID_8a4948c0-031a-412b-9354-ecd728347483,DSE2,101,16,251,251,3313071.0,2786334.73,100.59,14,6229.7,25248.0,8.7438
RouteID_8a4b7805-dd86-4128-a5d5-a189054f7eaf,DBO3,160,24,196,196,4247527.0,2272595.12,71.4,12,14955.0,13995.0,8.0417
RouteID_8a4e878d-dba9-4ca4-bbcf-2d70752ed51a,DLA8,119,19,184,184,3313071.0,1757560.42,113.64,17,6545.1,20909.1,7.6262
RouteID_8a4f15cd-8800-4d4e-8197-f63e64da7b61,DLA5,166,17,247,247,3313071.0,2461953.74,70.4,15,13144.3,17388.5,8.4813
RouteID_8a5e750d-2c87-4fb1-a51d-d0a70729ff3f,DSE2,87,21,194,194,3313071.0,2353896.48,132.63,14,5599.2,25729.7,8.7025
RouteID_8a5eb63b-c25d-4ea9-b9f9-989dba64695d,DLA7,185,24,298,298,3313071.0,3164465.78,46.73,16,9191.6,13926.1,6.4216
RouteID_8a650320-4c2f-4e42-b057-c9aca353a826,DBO3,144,18,201,201,4247527.0,2223225.21,74.73,12,12384.3,15021.7,7.6128
RouteID_8a651fc6-9062-44b6-9a91-07b054dec2bf,DCH1,83,17,223,223,3313071.0,2676482.96,87.5,15,6390.3,19513.4,7.1955
RouteID_8a6d170a-0e8a-4d79-8216-7f4dc26fe5af,DLA5,187,25,262,262,3313071.0,2585120.28,66.71,16,10821.1,17478.6,7.861
RouteID_8a834608-809b-46da-b44c-cfbd32b1e0f0,DLA9,159,20,237,237,3313071.0,2042305.63,68.61,15,11687.2,16261.6,7.7636
RouteID_8a895fbb-73d7-4381-8d6c-4a10fa23b103,DSE5,115,10,200,200,4247527.0,2519505.49,84.95,14,11664.3,16989.9,7.9595
RouteID_8a8bab81-3f43-4b91-a247-f3498cdbaeac,DSE4,144,24,242,242,3313071.0,2901883.13,68.46,15,11335.4,16568.5,7.7511
RouteID_8a94340b-0e95-467f-8f6a-f583157e628e,DCH3,163,19,241,241,4247527.0,2851950.37,83.84,14,12523.1,20205.0,9.0911
RouteID_8a956f2b-5dcf-4eab-a2e1-5ea7cf879b20,DLA8,103,23,250,250,3313071.0,3252915.86,88.65,15,5550.4,22162.1,7.6979
RouteID_8ab74ef7-f2e7-4fd7-8e71-b390f2004adf,DSE4,164,26,276,276,3313071.0,2826374.01,64.51,15,9876.1,17805.8,7.6894
RouteID_8ab9ae37-0bde-4545-849c-27d9c0e7c127,DSE4,109,13,222,222,4247527.0,2286908.14,83.19,15,8373.0,18468.3,7.4559
RouteID_8ac2f8dd-7012-4687-aafc-a414f8902e91,DSE4,149,23,267,267,3313071.0,2907600.4,45.18,15,11487.0,12062.7,6.5416
RouteID_8ac566a9-ddd4-4426-b146-a43b15100c66,DCH2,152,21,264,264,3313071.0,3289961.6,65.3,15,10758.6,17240.3,7.7775
RouteID_8ac9fd43-fa6d-4849-8a7f-e4dc225c4f97,DLA9,143,22,232,232,3313071.0,2256364.42,72.04,13,10750.3,16712.8,7.6286
RouteID_8acd44a4-0c69-4b62-847a-af10858a649b,DLA5,214,20,291,291,3313071.0,2548069.31,63.5,14,13654.8,18477.9,8.9257
RouteID_8ad50cf4-81e3-466c-8325-6b54da61ba19,DLA9,197,25,274,274,3313071.0,2812922.44,65.69,15,12352.7,17999.4,8.4311
RouteID_8afa55b0-f1ca-4434-b1e6-aacc1541d273,DLA7,126,19,204,204,3313071.0,2080229.47,65.61,16,10104.4,13385.1,6.5249
RouteID_8b114f81-bd37-4475-ad9f-c0ad2e38f1f7,DSE4,162,28,276,276,3313071.0,3065068.21,56.32,15,11885.0,15544.5,7.6193
RouteID_8b18ea27-b7e2-4c6d-9e49-3ee79a6bd3df,DLA7,153,24,239,239,3313071.0,2002803.61,68.88,14,11654.6,16463.0,7.8104
RouteID_8b1ac997-8fb4-4db3-a8fe-c7ec5acbbbfd,DCH3,188,18,264,264,4247527.0,2662671.82,60.72,13,13600.4,16030.3,8.2308
RouteID_8b1bd51a-db57-4e97-9301-5ccd6250d9b1,DLA5,148,20,230,230,3313071.0,2468928.96,77.61,15,12568.1,17850.4,8.4496
RouteID_8b3bf4a4-d9c8-48a4-96bf-8f56a4d6982d,DSE5,194,15,275,275,3313071.0,3169574.67,71.34,15,13595.9,19617.4,9.2259
RouteID_8b3c08c9-5709-40ae-9dfb-25f1000271c8,DLA7,179,27,291,291,3313071.0,2903820.42,47.75,15,10100.7,13895.2,6.6655
RouteID_8b3e94ea-1f8d-448f-8391-a7352899281f,DLA5,183,21,294,294,4247527.0,3087845.58,58.5,14,11430.1,17200.4,7.9529
RouteID_8b4494ce-b6b7-4b61-af0e-812d9eb41030,DLA3,107,21,219,219,3313071.0,2587442.68,85.13,15,7386.3,18643.3,7.2304
RouteID_8b47d67a-ee07-4774-8cea-2764431e479f,DLA8,106,25,246,246,3313071.0,3126329.25,89.37,15,5721.1,21985.0,7.6961
RouteID_8b50a9e4-141d-4201-b6e7-bb36f454e396,DCH1,108,21,233,233,3313071.0,2641364.34,68.64,15,6390.0,15994.2,6.2178
RouteID_8b5c04e7-0c0b-42c3-afa3-62bb4a268ddb,DLA7,109,13,196,196,3313071.0,2260581.49,62.69,16,8964.0,12287.6,5.9032
RouteID_8b5ede6e-b1ac-4474-8b44-a3e668042ae6,DAU1,173,29,288,288,4247527.0,3895520.13,55.34,13,13327.5,15938.8,8.1295
RouteID_8b69878c-813d-4dc5-bb2c-90d775fb9051,DCH3,193,19,270,270,3313071.0,2635622.48,35.71,14,10905.7,9640.7,5.7073
RouteID_8b7482be-60b5-4ce2-9488-18eecb1b7af4,DSE4,146,22,263,263,4247527.0,3581313.2,73.23,15,10753.5,19259.4,8.3369
RouteID_8b7513a3-9e08-4118-a0d5-09b9e5632acb,DLA5,148,19,210,210,3313071.0,1841922.24,66.81,15,12081.4,14030.6,7.2533
RouteID_8b758cca-161c-4998-a5f7-4b1e2b3d35fc,DBO3,175,29,252,252,4247527.0,2794738.61,59.14,12,15528.4,14902.7,8.4531
RouteID_8b7769a8-d842-4fa3-a44c-07346b8c8a60,DLA7,160,22,227,227,3313071.0,2688758.3,77.98,16,12670.0,17700.8,8.4363
RouteID_8b782607-313e-47c6-aa46-de0a02b74cd3,DSE2,115,17,213,213,3313071.0,2551881.4,98.31,14,6229.4,20939.9,7.547
RouteID_8b88be80-cb9a-46a2-95fb-8446b58480c4,DCH1,180,26,269,269,3313071.0,2821140.41,58.55,13,11448.0,15751.2,7.5553
RouteID_8b89cdb4-b2fc-43b1-903b-2d2338e40de5,DCH2,189,20,273,273,3313071.0,3068078.07,56.86,13,12762.4,15523.9,7.8573
RouteID_8b8d88fb-b2b8-4b54-afdb-2ab8ab442e5a,DBO2,158,15,221,221,3313071.0,3086786.08,91.4,13,9497.4,20199.3,8.2491
RouteID_8b8d8f6e-5912-43cd-85f5-3c83910e1b45,DSE5,132,9,186,186,4247527.0,1814797.53,92.88,14,11280.8,17276.6,7.9326
RouteID_8b8f4e98-6e59-457f-9923-3ce7f2cf6072,DLA8,175,19,259,259,4247527.0,2269392.02,72.71,15,10829.0,18832.1,8.2392
RouteID_8b9c21f5-518b-4cfb-8f9c-0e0fd9fe0ec8,DSE4,88,14,180,180,4247527.0,1799547.23,90.56,16,6866.9,16300.0,6.4352
RouteID_8bb1b402-bde0-4ffd-8b7b-f7b86878cfb3,DCH1,166,19,262,262,3313071.0,3116302.75,56.25,13,9897.3,14737.6,6.843
RouteID_8bb4bf6e-cb87-4046-b795-021529c20442,DSE2,105,17,232,232,4247527.0,2202215.37,85.82,14,5235.5,19911.4,6.9852
RouteID_8bd08676-75f2-4ddf-8aeb-7e63b74f8600,DCH4,163,16,224,224,4247527.0,1899685.2,52.44,15,11079.6,11746.3,6.3405
RouteID_8bef849e-27b4-4ffb-a580-fa79524a9ae9,DSE5,143,10,194,194,4247527.0,1778328.17,94.18,14,11935.1,18271.4,8.3907
RouteID_8bf39986-a9c5-46ed-b305-a8beafa753d0,DCH1,135,15,178,178,3313071.0,1619511.42,83.04,14,12436.1,14781.0,7.5603
RouteID_8bfad394-cc0c-4301-9c16-003785b3c2ee,DLA7,144,22,204,204,3313071.0,2513076.78,69.17,14,11001.1,14111.7,6.9758
RouteID_8c004630-9e70-4f13-a33e-011ed1d6f47b,DLA4,167,10,241,241,3313071.0,2410603.68,69.29,15,11290.4,16699.8,7.7751
RouteID_8c005ecc-7109-4de9-8dfb-89eb4d578209,DSE5,153,13,200,200,4247527.0,2429042.56,74.31,13,13399.4,14861.1,7.8501
RouteID_8c01c062-d4f3-4441-acbf-207c52a1e1da,DBO2,72,19,200,200,4247527.0,3475635.58,82.76,12,6302.3,16551.8,6.3484
RouteID_8c12ca30-e117-41ec-9049-f0c7bbb4b295,DCH4,138,15,189,189,4247527.0,2354675.71,78.05,14,11853.1,14751.2,7.3901
RouteID_8c12e45c-557c-4986-99f7-143971592927,DLA9,139,19,224,224,3313071.0,1861584.02,76.83,13,12100.9,17209.0,8.1416
RouteID_8c27447a-02a9-4e39-b1f1-8597101580d3,DLA7,142,22,207,207,3313071.0,1870021.49,73.7,14,9857.9,15256.0,6.9761
RouteID_8c77b4d1-b0c4-4761-8aa8-8bb7691d7206,DLA9,130,21,264,264,3313071.0,3076023.06,89.86,16,8232.6,23723.0,8.8766
RouteID_8c788d23-093f-4cc0-979c-2f79a52e8d0f,DLA7,141,20,241,241,3313071.0,2785713.58,48.0,14,10221.5,11567.8,6.0526
RouteID_8c7cfd4b-79e0-4ccb-bb8a-70960c62f317,DSE5,150,11,219,219,4247527.0,2588906.19,88.74,14,11796.9,19433.6,8.6751
RouteID_8c82c033-d239-4ce3-989b-6e8856774889,DLA3,98,23,213,213,3313071.0,2251564.46,107.57,15,6605.2,22913.1,8.1995
RouteID_8ca4ce43-7bc2-455d-8300-62d6c7273c15,DSE5,135,8,183,183,4247527.0,2062538.45,99.2,14,12039.6,18154.0,8.3871
RouteID_8ca64ef5-58c8-4dc0-a8a5-60ee42ddc4f4,DLA9,133,23,242,242,3313071.0,2536723.37,62.61,13,10790.9,15151.7,7.2063
RouteID_8caef543-dd6f-4c8b-b531-fe6f767b0a26,DLA9,147,34,244,244,3313071.0,2747982.32,85.92,15,11244.8,20963.4,8.9467
RouteID_8cb0c473-7e6d-420f-85e0-362f7cc89775,DBO3,166,11,238,238,3313071.0,2977965.19,52.83,12,12239.0,12572.4,6.8921
RouteID_8cb90307-e0eb-46ea-aaa9-16e3b1296b3d,DLA7,150,20,231,231,3313071.0,3030493.51,69.05,14,11184.3,15950.0,7.5373
RouteID_8cbd4291-f6c5-45fc-9d0c-ad761cfe5af9,DBO3,181,33,256,256,4247527.0,2985691.41,56.79,11,13885.4,14538.6,7.8956
RouteID_8cc3ae72-4853-4338-9a74-8077a5737929,DLA8,64,26,174,174,3313071.0,2282119.99,127.91,14,5977.3,22256.4,7.8427
RouteID_8cc876cd-d046-43a1-b91f-50c1c999d0f7,DLA9,108,15,161,161,3313071.0,1468386.21,111.29,16,8914.5,17916.9,7.4532
RouteID_8ccc45dd-e94f-43a8-81c5-8bd466e0c8a0,DBO2,161,35,273,273,3313071.0,3307713.85,43.12,13,10092.4,11770.5,6.073
RouteID_8ce03cbd-0f12-4782-8c2b-f362cae19906,DLA9,101,20,212,212,3313071.0,2577539.57,79.37,13,7367.6,16826.3,6.7205
RouteID_8ce8bc17-c3ff-44ca-89e9-83d4fd64b6dc,DSE5,142,15,231,231,3313071.0,2411625.51,58.88,15,7220.1,13601.2,5.7837
RouteID_8cf00f35-8445-4f23-9bb5-7eca8ecd911c,DSE4,142,20,262,262,3313071.0,1990264.93,76.26,15,9442.2,19980.8,8.1731
RouteID_8cfcd2bb-4595-4a86-88cd-388b6deba2b9,DLA7,172,25,269,269,3313071.0,2573387.37,55.73,14,10960.9,14990.4,7.2087
RouteID_8d0c62ac-2c24-4477-9f76-0534097e805d,DLA9,147,23,232,232,3313071.0,2313187.16,76.5,15,9777.2,17748.7,7.6461
RouteID_8d0c6f98-a265-41fd-8002-8c0f54bd991f,DCH3,168,16,251,251,3313071.0,2831637.12,71.52,13,11369.3,17952.1,8.1448
RouteID_8d3f0d4b-1b2a-4399-8c6f-eb065dbfb23b,DBO3,173,26,227,227,4247527.0,2906998.55,52.52,12,13510.6,11921.2,7.0644
RouteID_8d46bdb6-ea28-4404-a127-3b6fd77a3a74,DLA7,158,20,227,227,3313071.0,2343302.44,52.9,14,9909.4,12009.3,6.0885
RouteID_8d59264d-2df7-4593-a53b-5805e949c039,DLA8,151,25,283,283,3313071.0,2830381.27,48.64,16,10112.0,13765.3,6.6326
RouteID_8d61d9ac-2c0b-43e5-9604-a8ee485fbf28,DAU1,126,28,223,223,4247527.0,2447776.77,77.44,14,7991.6,17270.1,7.0171
RouteID_8d686bda-4e2b-43c9-ac5b-3997b07a8ad7,DSE5,115,10,184,184,4247527.0,1720348.57,135.48,14,8038.5,24927.5,9.1572
RouteID_8d800205-c71b-4d69-b615-8e3074678027,DLA8,172,15,280,280,3313071.0,2720069.17,64.66,17,10862.0,18104.2,8.0462
RouteID_8d89c2dc-ccb5-4929-8611-e2dfa5915cd7,DLA7,165,18,227,227,3313071.0,2356771.56,76.64,15,11260.9,17396.6,7.9604
RouteID_8d8e10b5-df14-4164-bf4d-9c3bdf06266f,DBO1,165,18,248,248,4247527.0,2852253.89,58.33,13,13000.6,14466.1,7.6296
RouteID_8d945c9f-bfbb-438b-9a96-c31821f28ba5,DLA9,140,23,235,235,4247527.0,2731257.41,50.09,13,9443.5,11770.9,5.8929
RouteID_8d96e40e-3776-471f-941d-cb9ecefedd02,DCH4,150,30,191,191,4247527.0,2165569.3,81.5,13,14269.6,15566.0,8.2877
RouteID_8ddc4ae5-da2b-4572-8758-57b46a3adcfb,DBO2,152,20,245,245,3313071.0,3257149.11,54.29,13,9903.6,13301.6,6.4459
RouteID_8de6b935-071c-44c2-8b74-da0615b97e13,DLA7,165,26,227,227,3313071.0,2479276.88,65.43,14,11175.2,14851.9,7.2297
RouteID_8debce22-96f0-49f8-9233-678194f15ab8,DBO2,160,24,222,222,4247527.0,2264018.94,59.38,13,14078.7,13181.9,7.5724
RouteID_8debebf6-9667-4fb3-b5a1-05440f24886f,DLA7,125,21,207,207,3313071.0,2267410.64,72.39,15,8636.3,14983.9,6.5612
RouteID_8dfa3c5b-52ff-4d1f-a088-b3584affb8bb,DLA9,143,21,248,248,3313071.0,2393115.37,49.8,13,12591.2,12350.2,6.9282
RouteID_8dfd790a-c8f0-4dde-b83e-a88ccf9881eb,DBO3,190,25,261,261,4247527.0,2277511.83,50.98,11,13059.0,13306.2,7.3237
RouteID_8e062426-5d8f-4f9f-b44b-000950971831,DLA9,154,32,270,270,3313071.0,2534230.24,79.6,15,9672.3,21492.2,8.6568
RouteID_8e2ef7fa-aa5b-47e0-a217-8c6d95dfe6c9,DCH4,183,23,254,254,4247527.0,3264771.58,71.56,13,12540.5,18175.8,8.5323
RouteID_8e461795-3b7b-4203-b378-20602efd3634,DLA4,191,13,259,259,3313071.0,3129816.05,69.8,17,10391.0,18078.9,7.9083
RouteID_8e472591-6794-4b20-9671-882d4e16505c,DCH4,153,23,238,238,4247527.0,3195769.84,67.41,13,14122.2,16044.7,8.3797
RouteID_8e4cb07e-6784-4c2d-a5cd-48d660483e0b,DBO2,124,20,190,190,3313071.0,3147130.32,79.97,12,11810.4,15195.0,7.5015
RouteID_8e4ceb49-0082-4d2b-8786-7b9b4482e78b,DBO2,169,20,244,244,4247527.0,2916864.2,56.81,12,12698.6,13861.6,7.3778
RouteID_8e4dca0c-f340-48b5-8844-d41b48207998,DSE4,160,23,228,228,3114853.25,2282224.73,76.27,15,11665.6,17389.4,8.0708
RouteID_8e86da60-9fe5-4021-8038-9f45cd81508c,DBO2,164,25,220,220,3313071.0,2817291.87,72.92,13,15570.4,16041.4,8.7811
RouteID_8e9d596d-4cbb-4fd7-a0d5-2b6fd413c70c,DLA7,201,20,254,254,3313071.0,2579901.13,43.01,16,10833.8,10924.0,6.0438
RouteID_8e9f63c0-30b4-46ab-86dd-5e24afc13ec3,DLA4,115,10,205,205,3313071.0,2631068.23,88.41,13,7155.2,18124.9,7.0223
RouteID_8eadf217-5d45-449f-8d70-5c9a9444bf23,DBO2,109,12,176,176,4247527.0,1720863.93,109.3,11,12189.3,19236.7,8.7294
RouteID_8ec1a35c-e0d0-42ed-9054-2ffe259534b9,DSE4,169,25,277,277,3313071.0,2983337.93,63.88,15,12163.0,17695.2,8.2939
RouteID_8ed063d0-b83f-4ba8-8f84-39e14b585134,DSE5,147,13,190,190,4247527.0,1916898.38,63.26,13,14744.9,12020.0,7.4347
RouteID_8f13d353-13f9-4c6e-bfdf-18ce95711dcc,DLA3,181,18,279,279,3313071.0,2114869.92,70.95,16,10285.3,19793.9,8.3553
RouteID_8f201bc3-eef0-46d0-8d1b-115e142b5c25,DCH4,186,23,250,250,4247527.0,2472826.97,64.63,14,14089.5,16158.7,8.4023
RouteID_8f20e57e-c017-42ad-b03f-c85e87f3088d,DLA4,144,14,200,200,3313071.0,2494967.01,88.56,14,9542.4,17711.6,7.5706
RouteID_8f40d72c-c84c-4c35-8b67-e013f1113525,DLA9,130,27,280,280,3313071.0,3108807.25,65.89,16,8046.1,18448.2,7.3595
RouteID_8f496379-036d-4ec1-94a9-e90224969192,DBO3,224,22,282,282,4247527.0,2783187.9,46.71,11,15633.9,13172.8,8.0019
RouteID_8f5dfa60-35c1-462c-84e4-af087421714c,DLA8,143,24,261,261,4247527.0,2695968.31,60.78,14,8569.4,15864.4,6.7872
RouteID_8f68a42f-658f-4793-9c11-7a18ecd13545,DLA7,166,24,244,244,3313071.0,2508048.63,63.1,16,12980.5,15395.2,7.8821
RouteID_8f7b3236-39ce-4f37-98e1-67f41e442f4b,DCH4,145,19,243,243,4247527.0,3919910.73,57.09,14,12052.8,13873.1,7.2016
RouteID_8f808500-dada-4167-b207-6c8a7f5702f9,DLA9,197,33,295,295,3313071.0,3128307.31,55.16,15,12527.5,16273.3,8.0002
RouteID_8f846a6a-e3ee-42b2-8df2-29d784fa9334,DLA7,179,24,283,283,3313071.0,2995486.15,70.38,15,8636.0,19917.7,7.9316
RouteID_8fb70915-9528-49ff-8d87-ec30038206c5,DLA5,141,19,201,201,3313071.0,2085234.09,65.68,15,17825.3,13201.2,8.6185
RouteID_8fbd3bec-c3f6-4dfa-abf2-e9690cd9bb0c,DLA8,100,18,235,235,3313071.0,2962054.67,98.85,16,5403.4,23229.2,7.9535
RouteID_8fbf3282-5e52-4cc0-80c9-29c0e9d533c3,DBO2,136,24,273,273,3313071.0,3301494.88,57.2,13,10280.8,15614.8,7.1932
RouteID_8fd7a0a9-dd5a-4cc2-861f-cfe925800edd,DBO2,86,18,183,183,4247527.0,2463559.96,82.86,12,8503.2,15163.0,6.5739
RouteID_8fe0c888-5c44-4d75-887c-1d68924e2de5,DCH4,142,20,222,222,4247527.0,2548405.43,66.89,15,12677.0,14848.8,7.6461
RouteID_8fe7b449-cada-4dfb-9f43-d0ec77b00d40,DCH1,96,23,253,253,4247527.0,3050301.1,75.62,14,8956.2,19132.3,7.8024
RouteID_8fe816ce-bd16-4171-9042-63d60ab8dbd8,DLA3,88,23,237,237,3313071.0,2099905.94,61.69,15,5216.8,14620.8,5.5104
RouteID_8fed8411-4b0c-4e1b-bbe6-c720f7bcb4fc,DSE5,152,14,227,227,3313071.0,2949770.65,75.7,14,12744.4,17183.4,8.3133
RouteID_8fef1f87-43bd-47fc-a28e-68b14aba801d,DCH4,178,27,249,249,4247527.0,2442830.31,68.66,15,11086.0,17097.2,7.8287
RouteID_8fefade2-b636-4551-b50f-f306f208f015,DBO3,152,34,255,255,4247527.0,3348165.76,72.83,11,11331.7,18572.4,8.3067
RouteID_8ff673d3-7ba9-47bc-b69a-b6600e4d8759,DLA9,161,21,233,233,3313071.0,2753531.13,55.64,13,11543.6,12964.6,6.8078
RouteID_8ff75329-acb1-4144-93dc-59a8830116cf,DLA7,170,22,273,273,3313071.0,2733493.49,50.09,15,9954.3,13673.4,6.5632
RouteID_90017a5d-7255-4ede-a033-0e9a32b2b017,DLA7,171,21,245,245,3313071.0,2374199.44,62.78,15,10102.7,15381.6,7.079
RouteID_9012fc03-1535-4746-b32a-7b3e1b228da3,DLA9,157,23,281,281,4247527.0,2608575.59,49.46,14,10494.9,13897.6,6.7757
RouteID_901c7147-eb31-4405-bdf7-95026132ea32,DSE5,144,10,196,196,4247527.0,1894968.2,96.7,14,10712.9,18953.5,8.2407
RouteID_902524fa-2422-49f5-a13a-3f9cddfa70ef,DCH2,179,22,279,279,3313071.0,3072259.61,66.83,15,12610.3,18645.2,8.6821
RouteID_90264cd2-abf0-4f51-8037-f7e535b9e67d,DCH4,163,15,205,205,3313071.0,2889224.36,53.82,14,15448.8,11032.1,7.3558
RouteID_9027d49b-ca23-4acb-bdbc-8863919f16c1,DLA8,133,19,230,230,3313071.0,2683635.61,79.35,16,9943.7,18251.0,7.8319
RouteID_9031496b-7d8f-42bf-927b-0329d63291ba,DSE5,155,11,217,217,4247527.0,2190363.05,71.84,13,13377.8,15588.7,8.0462
RouteID_903513e8-c31d-46da-b183-6e064037b32f,DCH4,175,22,240,240,4247527.0,2623129.69,48.92,14,14699.4,11741.2,7.3446
RouteID_903821b9-3d78-4eca-a8ea-d8f6828bb194,DCH1,91,22,227,227,3313071.0,2670430.25,97.2,15,6998.6,22063.9,8.0729
RouteID_90411714-7631-44cc-9a3c-beb5f88b517c,DBO3,120,21,169,169,3313071.0,2106960.3,80.44,12,12695.2,13593.6,7.3024
RouteID_90499042-ee66-4323-8846-770a5f2695d1,DAU1,174,27,245,245,4247527.0,2605666.27,72.12,15,12354.4,17669.3,8.3399
RouteID_904f5275-48af-4071-936c-2430be4b9484,DLA7,163,19,233,233,3313071.0,3245795.89,74.98,16,10149.5,17470.3,7.6722
RouteID_90573a2b-d033-4289-97eb-25f1b0f4af50,DSE5,159,17,227,227,3313071.0,3058955.21,82.48,13,13401.0,18722.1,8.9231
RouteID_9075e653-a4ab-4eb4-81b2-16ad33a13c58,DLA8,110,22,280,280,3313071.0,3041328.9,72.77,17,4721.5,20375.8,6.9715
RouteID_9077e9dc-f413-403c-830a-9a82371a73dc,DLA7,163,22,257,257,3313071.0,3093759.49,67.9,16,10346.1,17451.2,7.7215
RouteID_9089f5cc-f3e3-4b71-82f0-9baefa05d6c8,DCH2,137,20,242,242,3313071.0,2452926.64,87.09,14,9839.6,21074.8,8.5873
RouteID_908fdcf1-bf69-4ded-ab52-1e60f39e1d0a,DSE5,137,10,210,210,4247527.0,2147460.67,72.16,14,9139.7,15153.6,6.7481
RouteID_909386bb-eed0-4779-a6e2-1fc0e7af11be,DLA7,167,27,243,243,3313071.0,2288496.83,75.37,16,12629.2,18315.8,8.5958
RouteID_90a6b0d7-217e-40a3-a4c1-a978151616fe,DSE2,74,18,189,189,3313071.0,2427199.1,117.59,14,4532.5,22224.4,7.4325
RouteID_90b41ee2-81e3-40b1-b344-3b91a94a205a,DLA7,155,24,218,218,3313071.0,2781009.99,49.27,14,10967.8,10741.8,6.0304
RouteID_90da1269-9ea6-4b43-9fb8-db3d9ff10074,DLA3,135,27,239,239,3313071.0,2990750.48,82.46,16,7332.5,19708.8,7.5115
RouteID_90db88f6-c55b-41c1-b03f-aeae10e1277a,DLA4,99,11,163,163,3313071.0,1511454.14,110.94,14,8423.7,18083.7,7.3632
RouteID_90e584d2-1944-4ed7-95c1-27a8d3eb3ee1,DCH3,177,19,274,274,3313071.0,2900072.83,73.13,15,10571.4,20037.1,8.5024
RouteID_90f2e760-29bf-400a-b367-6d6aeeb5f166,DLA4,180,16,261,261,3313071.0,3220870.71,49.19,14,13253.0,12837.3,7.2473
RouteID_90f96695-2af5-4065-b845-dd6df56258b0,DCH4,201,25,260,260,3313071.0,2953100.81,42.14,14,17788.4,10956.0,7.9846
RouteID_90fc7050-6478-471f-9694-c59c7869741f,DLA7,145,23,203,203,3313071.0,2124688.22,58.47,14,12004.7,11869.3,6.6317
RouteID_90fd3ec2-bec2-4894-8866-127c2fe5b810,DCH1,141,26,248,248,3313071.0,2406479.47,74.93,13,8988.3,18583.7,7.6589
RouteID_9104c499-6c84-4709-8bdc-3ca9be8acd88,DLA4,131,11,242,242,3313071.0,2602308.2,78.2,13,7381.1,18924.2,7.307
RouteID_9110ead6-ca3f-4e86-8023-615d36a9d6e2,DSE4,169,26,298,298,3313071.0,3268055.43,44.43,14,11374.8,13239.8,6.8374
RouteID_911ce56d-aa05-40a3-96ef-1841828522c2,DBO2,70,40,260,260,4247527.0,2984083.3,75.96,12,6163.1,19749.6,7.198
RouteID_9121e3aa-c8b7-482f-927d-bf90423bff28,DBO3,181,28,262,262,4247527.0,3424753.87,50.98,13,12076.6,13355.6,7.0645
RouteID_91283a27-5abd-449d-bc36-50f5492ae0e8,DLA7,197,30,278,278,3313071.0,3004402.82,59.76,15,9821.7,16612.5,7.3428
RouteID_912afd28-8e06-4075-b656-6b7a95cced93,DBO2,172,19,244,244,3313071.0,2985779.53,59.83,12,10521.8,14598.2,6.9778
RouteID_912bc2a7-a414-49fc-b6e6-224f694fb2f6,DLA5,178,20,270,270,3313071.0,2167967.67,52.21,15,11264.3,14095.4,7.0444
RouteID_9138cf7e-19b8-4a9b-8b60-93b265ff766a,DLA7,151,21,221,221,3313071.0,1943476.05,70.27,15,12582.8,15529.4,7.8089
RouteID_91415ba8-01fc-47ba-9f62-e136889f0461,DLA8,169,23,287,287,3313071.0,2636286.87,52.88,16,11113.8,15177.8,7.3032
RouteID_9149675b-2385-4661-a810-7563f1b9cfbb,DCH4,186,24,269,269,4247527.0,3176365.02,72.78,15,12684.4,19576.9,8.9615
RouteID_91523a9e-bb30-4c31-a6b7-12379da4e6e1,DBO2,174,23,268,268,3313071.0,2943858.8,79.13,12,12077.7,21206.1,9.2455
RouteID_91593302-3861-45f5-bd45-1f2e62103350,DCH2,177,19,266,266,3313071.0,2666869.13,63.88,15,9990.6,16991.9,7.4951
RouteID_9162c9e8-b6dc-4f4f-84a8-116be7db924c,DSE5,172,16,278,278,3313071.0,2402463.53,56.5,14,13687.4,15706.1,8.1649
RouteID_916df244-5412-474b-8a48-016695370d5e,DLA7,137,21,236,236,3313071.0,2490863.26,52.97,15,10852.3,12501.1,6.4871
RouteID_91723910-b7bf-416f-8547-313462d679df,DBO2,167,29,235,235,4247527.0,3307444.77,70.76,11,14126.7,16629.6,8.5434
RouteID_917b4ad6-10d4-4349-b8df-8e0fe4339d0b,DSE4,120,19,223,223,4247527.0,2418221.01,73.89,14,7531.8,16478.0,6.6694
RouteID_9182e97b-03ff-4a81-8aa6-245daa2ae75e,DCH4,203,28,297,297,3313071.0,3010832.03,53.15,14,14556.5,15786.6,8.4286
RouteID_91864102-5fd3-473c-add6-1391e28c399e,DBO3,154,15,211,211,4247527.0,1949324.25,62.03,11,12841.7,13089.0,7.203
RouteID_91a7f3c3-aea5-47d2-bc50-224b9aab2080,DLA7,146,19,217,217,3313071.0,2008572.1,59.28,16,11101.8,12863.8,6.6571
RouteID_91ada984-d3ec-4e4a-908d-64cbe5cc5783,DLA7,157,20,225,225,3313071.0,2175727.28,74.35,14,11110.3,16729.4,7.7333
RouteID_91b0cb9c-63f5-4ac7-bae2-245dd628a7d4,DBO2,67,21,182,182,4247527.0,2988832.21,108.46,11,7062.0,19739.1,7.4448
RouteID_91b46004-2e9f-4df1-a3f8-ab49128126f1,DLA9,129,24,234,234,4247527.0,2960437.0,84.0,14,9220.1,19656.8,8.0214
RouteID_91b561c1-859b-4999-a886-afcf86ca6325,DSE5,168,11,245,245,4247527.0,2804697.14,78.63,14,10808.7,19265.2,8.3539
RouteID_91ba7858-5ab7-4a51-a470-22076c2682dc,DLA9,142,29,260,260,4247527.0,2632723.84,61.19,14,11307.4,15909.1,7.5601
RouteID_91bdcdc0-5f1f-4e62-bd8a-04df66e0ed9b,DLA7,151,17,220,220,3313071.0,2176134.91,64.45,16,11484.0,14179.5,7.1288
RouteID_91be7323-d6c5-4dff-a71d-b8fde8700caa,DSE5,158,12,209,209,3313071.0,2274756.23,73.45,15,11933.1,15351.2,7.579
RouteID_91c56190-22d3-40e2-9f5d-eccd06e5f0e0,DSE4,125,17,234,234,4247527.0,3116746.73,65.19,16,7343.0,15254.7,6.2771
RouteID_91c6896a-de79-4d03-8489-253146bec27b,DAU1,128,26,213,213,4247527.0,2363107.39,50.45,14,9501.6,10745.8,5.6243
RouteID_91e82851-d18a-4cdc-be11-f2fe35e055dd,DSE2,85,19,191,191,4247527.0,2730577.53,104.8,15,6628.9,20016.5,7.4015
RouteID_91f12962-7f76-4e66-aa38-ebcd53923073,DLA4,182,16,245,245,3313071.0,3125695.47,56.01,15,13013.5,13722.9,7.4268
RouteID_91f636b0-0b01-47ea-b2f5-aeb8953f0095,DSE5,162,15,216,216,3313071.0,2444928.87,71.06,14,11388.1,15348.1,7.4267
RouteID_91f98ff7-5923-48df-a8f4-67b5274d8f29,DSE5,149,10,200,200,4247527.0,1656536.73,59.01,14,9876.9,11801.5,6.0218
RouteID_91fd1d9e-b513-4004-98b5-94fc44f70ecd,DCH3,205,20,271,271,3313071.0,2841819.36,35.39,14,14246.3,9592.0,6.6218
RouteID_91fed7a7-e02b-4cb1-a5b1-ce662fcaefb7,DSE4,108,15,208,208,4247527.0,2171752.22,81.51,15,11049.0,16953.7,7.7785
RouteID_920d1cd2-9d64-4ac3-876e-f24e8e2f0689,DSE4,157,24,255,255,3313071.0,3091350.1,72.64,15,11545.5,18524.0,8.3526
RouteID_921df874-53dd-4478-b398-4fed2587fded,DCH3,198,20,274,274,3313071.0,2569411.31,61.59,15,10531.1,16876.9,7.6133
RouteID_9221a08a-6e4e-4081-887d-b3219b0ae5b6,DLA7,160,20,230,230,3313071.0,2355219.92,84.56,16,11074.3,19448.3,8.4785
RouteID_92258d20-c45e-4774-a7d4-52850ed2cf40,DLA7,174,25,247,247,3313071.0,1931384.29,74.57,15,11288.8,18417.7,8.2518
RouteID_9239d958-2173-47c0-ad32-fe2a08319bf4,DLA7,133,21,211,211,3313071.0,3179060.52,74.98,14,9824.3,15821.6,7.1239
RouteID_923d8a54-76e6-423e-9240-49989a19fd86,DBO3,148,18,195,195,4247527.0,2769816.41,70.31,12,12665.1,13710.0,7.3264
RouteID_923fd6c4-f2a9-434e-9c02-e01a89743540,DSE4,197,28,296,296,3313071.0,3268531.4,50.91,14,10969.9,15068.9,7.233
RouteID_9254f1aa-e3dd-4bbd-a1d7-c9e299722783,DLA9,130,26,213,213,4247527.0,2133652.92,60.53,15,10323.4,12893.8,6.4492
RouteID_925539d2-b772-40a5-9e5e-276317602149,DCH3,183,19,234,234,3313071.0,2581598.08,65.44,13,10662.5,15312.8,7.2154
RouteID_9261c89b-0095-4e15-b68c-8b9a4cc087f6,DLA7,142,24,222,222,3313071.0,2294581.81,70.7,15,10302.9,15695.1,7.2217
RouteID_9262298e-a565-4221-b5a1-fc9879f45f47,DLA9,132,21,234,234,3313071.0,2278689.43,72.6,15,7687.4,16987.9,6.8542
RouteID_92682153-989e-4baf-a022-0764fe22ffa9,DBO2,143,23,231,231,3313071.0,3038288.54,89.68,13,8943.0,20716.7,8.2388
RouteID_92694ad8-a766-42d8-884b-bfac7b03011e,DBO3,119,10,187,187,3313071.0,1837899.77,93.25,12,10794.8,17437.4,7.8423
RouteID_926ea36e-50d9-4bac-8726-01280665e073,DLA7,148,19,234,234,3313071.0,1485119.22,56.59,16,11660.3,13242.0,6.9173
RouteID_92708875-21c8-48b8-8ff5-bcc0bf30a63f,DSE4,144,15,238,238,4247527.0,2617650.95,72.36,15,9987.6,17221.6,7.5581
RouteID_9270912d-146e-4cd4-afc5-87a0aef6d719,DCH3,182,20,273,273,3313071.0,2748795.92,55.55,15,8993.8,15164.2,6.7106
RouteID_927237b1-7bdc-442f-9868-3c294333e0da,DBO1,120,15,295,295,4247527.0,3301124.77,66.46,14,7795.6,19606.9,7.6118
RouteID_928223de-c16a-4ae7-8107-c57bf680926f,DLA7,158,21,246,246,3313071.0,2796007.48,67.15,15,9528.9,16518.5,7.2354
RouteID_929e8231-a5e7-4a32-b1fd-4354cd2c0652,DLA3,127,22,257,257,3313071.0,2916668.66,91.27,15,6945.0,23456.6,8.4449
RouteID_92a00852-2492-4619-aa92-2253ff571e3f,DBO2,97,15,246,246,3313071.0,3138297.45,80.5,14,7673.8,19802.0,7.6322
RouteID_92a5fc39-ec62-4dc5-a3ff-f433c91ccc0a,DSE5,135,8,195,195,4247527.0,2209230.67,97.49,14,11915.2,19010.9,8.5906
RouteID_92ac7c22-a275-4f96-bca6-90bf9bd34f47,DLA8,104,17,206,206,4247527.0,2671615.23,46.18,15,11028.0,9512.9,5.7058
RouteID_92b58f35-ecd3-4b84-b5b0-a5dd25e9af64,DLA9,113,24,230,230,4247527.0,2136298.84,82.43,14,9297.0,18958.0,7.8486
RouteID_92b6416c-948f-4ee6-ac45-d9a4ebc0daf2,DBO2,144,22,272,272,3313071.0,3225790.86,64.41,13,9922.4,17518.7,7.6225
RouteID_92d5afc9-79a9-462e-9b8d-3be85d1ebafb,DLA5,186,22,252,252,3313071.0,2107121.47,56.53,15,13004.2,14244.6,7.5691
RouteID_92d5f4cc-d06e-4282-853e-3ea4195544e0,DLA3,60,16,171,171,3313071.0,2014199.84,115.59,15,4454.6,19765.4,6.7278
RouteID_92fa01bd-1907-4b1c-ab57-2b466ca1c60b,DLA3,105,16,211,211,3313071.0,2678044.93,78.2,15,9281.9,16499.7,7.1616
RouteID_92ff1fdd-ad86-4a3d-be81-068a174a5b7b,DSE5,177,15,240,240,4247527.0,2785756.22,57.63,15,10700.9,13832.2,6.8147
RouteID_9301e832-6af9-430f-91af-b19acbf73c03,DSE4,118,16,263,263,4247527.0,2838138.5,72.07,16,7597.1,18954.6,7.3755
RouteID_9305bd3f-c2a6-41a5-80ea-ab46b1e58486,DAU1,161,27,241,241,4247527.0,2500484.4,76.64,16,11010.3,18469.5,8.1888
RouteID_930f8586-2d55-48ca-bb8c-9dbe2109c4a7,DLA7,156,19,215,215,3313071.0,2681455.34,81.86,14,12040.1,17599.8,8.2333
RouteID_932b0774-9fc4-4091-bb59-bbe711a66574,DBO3,180,26,257,257,4247527.0,2771549.22,53.12,12,13037.3,13650.7,7.4133
RouteID_932e986f-ae89-4e72-835f-058c63a98575,DLA8,150,19,215,215,3313071.0,2127897.88,88.73,16,13193.1,19076.1,8.9637
RouteID_933424ea-90be-4a67-aca0-614bb98a84fa,DSE2,100,17,212,212,4247527.0,2416715.2,89.43,15,5959.3,18959.0,6.9218
RouteID_93462323-f8c8-40ab-92b5-6deb07ddbc35,DLA3,82,12,158,158,3313071.0,1604501.24,126.14,16,4781.2,19930.5,6.8644
RouteID_934c76ca-845b-4463-b8d5-3104e6d3bacc,DLA7,169,28,247,247,3313071.0,2172511.4,66.28,16,10635.2,16370.7,7.5016
RouteID_934cbf65-12fa-4a3a-8b31-235cb3619d21,DBO3,149,19,186,186,4247527.0,2447116.65,58.87,12,13585.4,10949.5,6.8153
RouteID_93576cbb-2b11-420f-92c4-e73ce7221cea,DLA9,162,27,240,240,3313071.0,2276150.82,83.39,15,11324.1,20014.6,8.7052
RouteID_935b8e72-1c72-4f46-b1c1-9f78b266e609,DCH4,171,23,259,259,4247527.0,2712956.46,64.73,15,13354.7,16766.1,8.3669
RouteID_935e7525-5cd0-441d-9cff-33286ec733a7,DSE5,181,16,271,271,4247527.0,3140063.71,53.22,14,12098.9,14421.7,7.3668
RouteID_9361d8bc-cde2-4961-ba4a-aad72051c6cd,DLA5,143,22,235,235,3313071.0,2014747.48,85.56,15,12087.5,20107.6,8.9431
RouteID_936eea3d-24e4-44f0-b92f-9ac637f0e46d,DBO3,158,36,224,224,4247527.0,2780201.44,65.89,12,12567.5,14759.5,7.5908
RouteID_9388c1f0-4765-4ca0-8920-df36cd3ae65c,DSE5,160,14,231,231,4247527.0,2605810.93,78.25,14,12482.6,18076.9,8.4887
RouteID_939d6dde-41f7-4b26-975f-ad55efd2b1cc,DLA7,133,21,245,245,3313071.0,1994725.37,53.88,15,10130.3,13201.6,6.4811
RouteID_939e5c6a-701d-4cd6-831a-2b0833249d70,DCH2,165,19,273,273,3313071.0,2496675.79,57.73,14,10970.4,15760.7,7.4253
RouteID_939f1e03-6dfd-4ec1-a834-f2adc8787235,DLA7,182,19,253,253,3313071.0,2367026.42,72.21,15,11204.4,18269.9,8.1873
RouteID_93a0895e-eb77-4b5d-99bb-83506846f12a,DSE4,140,13,234,234,4247527.0,2638552.31,84.0,16,8378.5,19656.5,7.7875
RouteID_93cbc871-5f6c-4212-9ef6-65777c220c98,DLA3,105,18,246,246,3313071.0,3094036.42,73.15,15,4872.0,17994.9,6.3519
RouteID_93ccb968-fe5f-45ab-9dab-2962643af1c4,DLA9,115,20,241,241,3313071.0,2236687.82,87.01,15,6879.0,20970.0,7.7358
RouteID_93ce63d9-b285-4952-a94b-37ef19c3b8eb,DLA8,132,28,295,295,3313071.0,3009491.24,74.41,16,6800.9,21950.4,7.9865
RouteID_93d227e0-f1a1-4d39-926d-9ba62ed56147,DLA4,162,16,282,282,3313071.0,3028980.37,65.66,15,9986.2,18517.4,7.9177
RouteID_93d610ab-4fb4-43d9-867f-7a37603508b4,DLA8,124,25,250,250,3313071.0,3183726.1,73.03,16,7355.8,18256.7,7.1146
RouteID_93d71cbe-d03d-468b-a049-4c2367e47732,DSE5,136,12,189,189,4247527.0,2233291.15,89.13,15,9601.0,16846.1,7.3464
RouteID_93daa415-4696-4bf8-81f3-da7fb0427921,DBO3,106,17,179,179,4247527.0,1974835.31,86.7,11,9212.9,15519.1,6.87
RouteID_93dd05db-24d2-47b9-83a3-57889587c9e3,DLA3,184,15,268,268,3313071.0,2236904.75,72.3,16,9081.4,19375.1,7.9046
RouteID_93e39872-7c95-4c24-9f07-fab8032d3ef6,DBO3,183,21,253,253,4247527.0,2733776.06,59.83,11,12808.1,15138.1,7.7628
RouteID_93f62547-6430-47ff-87a0-b57b819aecc7,DLA7,158,19,260,260,3313071.0,2556184.18,59.76,15,8906.3,15537.1,6.7898
RouteID_93f958c6-b546-4b39-bfd1-4111815bc474,DAU1,133,19,239,239,4247527.0,2787751.84,57.26,14,10046.4,13684.9,6.592
RouteID_942091ee-8344-47d3-a4d5-3a398a673e1c,DCH1,123,12,163,163,3313071.0,1589476.72,91.09,12,15526.1,14848.4,8.4374
RouteID_943def1a-74e9-4056-b80e-5b407f3613e7,DLA7,174,33,247,247,3313071.0,2423099.11,56.23,15,13809.8,13888.7,7.694
RouteID_944964ba-76e9-4eb6-ac64-c76d8cd7062e,DLA9,165,21,265,265,3313071.0,2883638.33,70.65,13,8860.0,18722.7,7.6619
RouteID_9449c1fc-e39a-4103-8b6d-9a47d6fb7399,DBO3,132,24,197,197,3313071.0,1924720.45,48.96,12,12706.2,9644.5,6.2085
RouteID_94529fb2-8957-40b7-af1e-b724938243ef,DBO2,140,25,213,213,3313071.0,2900928.36,78.59,14,11274.8,16739.9,7.7819
RouteID_9460ac40-0616-42c1-9789-f13ccf9bcbc0,DLA7,165,25,239,239,3313071.0,2829254.1,75.88,16,11807.7,18136.5,8.3178
RouteID_946f7bbb-5e2d-43af-930f-dd35f35d6716,DSE4,166,24,270,270,3313071.0,2792007.57,55.25,15,11332.8,14916.7,7.2915
RouteID_9475872b-287f-4c2c-8e29-887766a4e090,DSE4,187,25,283,283,3313071.0,2927085.24,56.65,15,12411.5,16032.3,7.9011
RouteID_948213de-90d0-4b97-8fb9-490877eeb2a3,DLA7,160,31,222,222,3313071.0,2220925.86,54.82,16,13492.3,12169.4,7.1282
RouteID_94871669-a553-47c2-8407-c4a7e3bf1de6,DSE5,170,15,246,246,4247527.0,2382584.9,66.0,13,14092.3,16236.0,8.4245
RouteID_948cde07-f266-4943-9c04-946fa788a934,DSE5,176,15,242,242,3313071.0,2386653.66,53.31,14,12549.8,12901.9,7.0699
RouteID_94a2325a-12ad-448c-bf15-74d000fd9f62,DBO3,191,16,266,266,4247527.0,3936556.17,49.69,13,12623.2,13217.6,7.178
RouteID_94a7fa38-096b-426b-beba-343e913f475b,DLA9,92,24,241,241,3313071.0,2851200.38,71.28,16,7923.9,17178.8,6.973
RouteID_94b738a9-a9bf-48d7-9fdd-dbf9c4f6209c,DLA9,173,27,270,270,3313071.0,2225741.37,49.6,16,10550.5,13391.4,6.6505
RouteID_94b8edf4-22ad-4bce-b041-a1f4f33dd9b6,DLA7,153,27,229,229,3313071.0,2526468.71,53.86,16,11580.0,12334.8,6.643
RouteID_94ba73e6-a9fa-4f8f-a156-b939c81bd5f0,DBO3,150,24,209,209,4247527.0,2274692.59,73.52,11,14063.9,15366.1,8.175
RouteID_94c047d2-6bad-4042-8ca8-d687b563e82f,DLA7,158,22,232,232,3313071.0,2494439.23,78.97,15,9829.0,18322.1,7.8197
RouteID_94cdc384-bd76-4506-a894-21ce9efb76c6,DCH2,164,21,260,260,3313071.0,2455194.64,80.23,12,10969.6,20859.5,8.8414
RouteID_94ce2e91-4ad9-4626-8cdc-b57b086e80a8,DCH4,156,22,220,220,4247527.0,2623292.86,76.09,13,13372.2,16738.7,8.3641
RouteID_94cf12cb-bf73-495f-8e1f-0f2805e8bfd7,DLA7,140,22,217,217,3313071.0,2106035.06,72.86,16,11824.8,15810.0,7.6763
RouteID_94d877dc-a95a-4a21-b098-e9e2219eed08,DLA9,98,23,236,236,3313071.0,2709723.83,90.54,13,7782.0,21368.2,8.0973
RouteID_94d8e053-64e2-4d1c-baf0-9d55847e4994,DLA9,160,20,248,248,3313071.0,2754243.03,83.45,15,9824.0,20696.0,8.4778
RouteID_94fde554-5d6f-45a4-bccf-555d7fe63512,DLA8,179,14,249,249,4247527.0,1889964.4,69.85,14,11885.2,17391.6,8.1324
RouteID_9502e266-ba8b-4adf-9c9c-4df398732b3e,DBO2,168,27,248,248,4247527.0,2411363.5,65.88,11,13139.5,16338.6,8.1884
RouteID_9503e8df-e3ce-439a-90d2-c32719e8f1b5,DLA7,143,16,219,219,3313071.0,2195933.68,61.64,15,10137.7,13499.0,6.5658
RouteID_95265199-b900-4669-b656-d6db89608fe9,DBO3,139,25,203,203,4247527.0,2778556.36,70.31,12,14505.5,14273.1,7.9941
RouteID_9542bdb9-9c28-4c5b-a597-334ef5e2683c,DLA5,157,23,271,271,3313071.0,3044375.01,58.51,16,10168.8,15854.9,7.2288
RouteID_954402f1-b794-43f2-a51f-f7a19106da85,DBO3,159,24,212,212,3313071.0,2175920.96,69.16,12,13814.3,14662.4,7.9102
RouteID_9544f411-908a-47f8-947a-0ec0f3640a6e,DCH4,159,21,228,228,4247527.0,2868940.29,65.85,14,16592.7,15014.5,8.7798
RouteID_95474349-f6e6-47a6-b09d-e25762e3c98c,DCH4,153,19,228,228,4247527.0,2553727.54,57.66,15,11663.8,13146.4,6.8917
RouteID_95616924-892d-4e11-8c21-9b7e88c49172,DSE5,197,18,273,273,3313071.0,2953860.91,47.78,13,14309.0,13044.1,7.5981
RouteID_9573f674-8b59-4b5b-a3f8-53af43e4092c,DCH3,199,22,271,271,3313071.0,2670955.19,70.65,15,11925.2,19146.4,8.631
RouteID_957ab8fc-6f56-4b75-ac22-66fcfdc3b423,DLA8,82,21,233,233,3313071.0,2404404.92,85.17,14,5411.5,19843.5,7.0153
RouteID_958af888-e65b-48fb-a0a0-a166a75ac91e,DLA7,188,16,280,280,3313071.0,2912880.17,56.44,15,9533.0,15804.2,7.0381
RouteID_95adad87-dda0-4b83-9689-821509508e14,DLA7,157,20,243,243,3313071.0,3103145.28,55.56,14,12229.5,13500.6,7.1473
RouteID_95b554da-3b50-4f32-ad82-2355cba7132d,DBO2,67,37,256,256,4247527.0,3288423.17,78.71,12,7102.3,20150.4,7.5702
RouteID_95b6b1fa-7dd4-49f2-b3ee-3c0c4d3380db,DLA7,144,22,223,223,3313071.0,2487080.06,75.21,15,12091.9,16771.2,8.0175
RouteID_95b9af27-4fbe-4da3-9b4e-365e2bbdfa23,DLA8,135,16,216,216,3313071.0,2723407.04,92.79,16,7166.2,20043.6,7.5583
RouteID_95be27e7-3741-48c8-9423-909e6454fcfc,DCH4,155,25,262,262,4247527.0,3266840.15,66.84,13,11621.5,17511.0,8.0924
RouteID_95bfd6be-cf4e-4729-8f9b-eb41dddf22fd,DLA8,190,17,276,276,3313071.0,2519268.82,69.48,16,10185.7,19176.3,8.1561
RouteID_95c6b466-e11d-4030-bf3a-d70a9a78357a,DBO3,156,10,214,214,4247527.0,2608151.63,65.91,12,12985.2,14105.5,7.5252
RouteID_95c9e705-4111-4fba-9694-916ea3f87bb9,DLA3,106,20,247,247,3313071.0,2715982.28,78.52,15,6336.5,19393.3,7.1472
RouteID_95cf26e3-2dde-4790-aa5d-5fe5e5a506ac,DSE4,159,21,233,233,3313071.0,2368031.66,66.57,15,11409.2,15510.5,7.4777
RouteID_95d8741c-1386-4897-bf9a-ec8f569dde2e,DBO2,136,23,260,260,3313071.0,3125128.5,57.85,14,8903.2,15041.9,6.6514
RouteID_95ddc834-5620-4cb7-8313-77a7a4d4d637,DSE5,170,18,266,266,3313071.0,3137480.74,58.82,15,13018.3,15645.2,7.9621
RouteID_95e31736-380a-4820-bcc3-d0cb2e359375,DCH2,157,21,292,292,3313071.0,3286850.33,54.49,14,11634.7,15911.0,7.6516
RouteID_95ecb3aa-0da8-4baf-b41b-9b872dd45aa1,DSE5,164,14,245,245,4247527.0,2652497.63,54.99,13,14800.3,13473.4,7.8538
RouteID_95ff1d01-97f7-4b15-8a1a-19ed5ded8f5e,DLA8,130,26,289,289,3313071.0,3296265.25,64.92,15,7153.5,18763.3,7.1991
RouteID_9612b83b-a027-4c03-97f0-6036b7e904c1,DSE4,126,15,260,260,4247527.0,3114900.15,61.5,16,7422.1,15989.5,6.5032
RouteID_961f6c70-7942-4405-8683-47b2adec7d75,DLA7,142,25,241,241,3313071.0,2420449.58,62.5,15,11119.3,15062.6,7.2727
RouteID_962ca140-5796-4c4a-a183-53f01dd0e9f4,DLA9,126,17,213,213,3313071.0,2386609.01,95.86,13,9374.2,20418.6,8.2758
RouteID_962ead5c-0e6b-40f8-9ed1-a400cf890a6b,DAU1,134,26,165,165,4247527.0,2074326.3,84.35,14,12665.9,13917.1,7.3842
RouteID_96364b76-94cd-44c3-b69c-ef4467985180,DLA3,87,15,189,189,3313071.0,2366337.94,80.94,15,5937.9,15297.8,5.8988
RouteID_963e5efd-3d7d-4242-b889-e91ab4b7c65c,DLA7,161,25,243,243,3313071.0,2314438.88,75.8,15,12231.1,18419.8,8.5141
RouteID_96416aae-1889-471f-b780-4860e3a9b0c8,DSE4,111,17,205,205,4247527.0,2294690.9,98.65,15,8458.0,20222.9,7.9669
RouteID_96472e54-679b-4b99-8d2b-c250c0ec83d5,DLA7,176,20,274,274,3313071.0,2892432.38,54.99,16,12235.6,15066.6,7.5839
RouteID_965da8da-029f-4656-b1c3-4ebc3255e19d,DCH3,175,16,257,257,3313071.0,2358825.43,53.2,13,12587.2,13672.6,7.2944
RouteID_965e2ec6-542e-4e3f-9656-fc02aa3e9db4,DLA7,148,25,236,236,3313071.0,3004374.9,58.46,14,12947.9,13795.6,7.4288
RouteID_96600fa9-d0ad-409f-9d47-7eb7b7f32766,DLA7,167,27,263,263,3313071.0,2475232.56,61.2,16,10856.1,16096.6,7.4869
RouteID_96865d43-1ab6-4e12-bef6-61c95ad48004,DSE4,143,23,246,246,3313071.0,2762652.68,61.81,14,10538.2,15206.2,7.1512
RouteID_9689059b-7fa9-4e61-9152-93eb850ba3df,DLA9,113,25,244,244,3313071.0,2167460.5,96.79,13,7708.9,23616.5,8.7015
RouteID_968ad32e-3dc4-4b0e-a477-214a62de492d,DLA7,157,21,249,249,3313071.0,2544564.24,75.98,15,9613.3,18918.1,7.9254
RouteID_969d30e1-bdf7-479a-8a80-af8d7ffaf89f,DLA7,137,21,212,212,3313071.0,2254806.72,75.63,14,9475.6,16033.1,7.0858
RouteID_96a30b6f-973f-4cdd-bf4a-a9b160082d31,DAU1,138,28,209,209,4247527.0,2518898.45,65.44,14,10540.9,13677.5,6.7273
RouteID_96aa7155-dcbf-4b20-95e8-cd278c82698f,DLA7,162,19,241,241,3313071.0,3098747.22,54.81,16,11856.3,13208.1,6.9623
RouteID_96af2792-8cfe-4055-8589-7f24cd4a9b99,DSE4,179,22,231,231,3313071.0,2551585.12,56.55,15,12434.0,13062.1,7.0823
RouteID_96b03739-edc3-4d98-9d46-2908d172f5ad,DLA7,143,24,215,215,3313071.0,2641628.04,65.34,14,10455.7,14048.3,6.8067
RouteID_96cd0efc-5bdf-417f-bf15-fab124b420d2,DCH4,166,22,261,261,4247527.0,3746248.81,49.37,15,14745.4,12886.3,7.6755
RouteID_96d031ae-6ad3-41ba-b40d-c33d5d977209,DCH2,103,22,254,254,3313071.0,3056685.21,85.56,13,7162.1,21731.9,8.0261
RouteID_96d67125-19fa-4cfa-83ce-2f57439c365d,DBO3,180,19,239,239,3313071.0,2635581.81,49.5,12,15382.2,11829.9,7.5589
RouteID_96db02dd-1036-4e8c-8e56-23bc192329f3,DLA8,188,24,276,276,3313071.0,2543629.54,66.91,16,12005.8,18466.1,8.4644
RouteID_96db0ee3-7c96-4863-bb4a-ff06eb20c5c7,DCH4,156,19,256,256,3313071.0,3093464.29,72.41,14,12284.8,18537.5,8.5618
RouteID_96db3854-91c7-49ba-81c7-446416c2ceb5,DCH1,181,18,251,251,3313071.0,2618791.5,67.52,13,14215.9,16947.2,8.6564
RouteID_96dea957-0495-4886-b113-6234a645a6fd,DCH3,186,24,269,269,4247527.0,2620137.29,67.08,14,12029.4,18044.9,8.354
RouteID_96f2095a-fe7f-42bb-8d39-61d782636612,DBO2,145,21,203,203,4247527.0,2744911.39,80.47,12,15310.8,16335.6,8.7907
RouteID_96f67d43-156b-4003-9fc5-f1daed45cd64,DLA7,152,29,274,274,3313071.0,2607626.76,59.64,14,12527.3,16341.0,8.019
RouteID_96f8757e-f09d-46e4-b66e-7fc86cebc607,DBO2,193,28,266,266,4247527.0,3340371.64,58.46,11,15706.9,15550.9,8.6827
RouteID_9702411b-9b1b-46b6-80d1-7fed3c2d4f89,DLA8,182,20,265,265,3313071.0,2652601.53,63.62,16,12411.0,16859.2,8.1306
RouteID_97129275-cabc-4dca-896e-6fe16ca147e7,DLA9,203,29,283,283,3313071.0,2950788.84,37.03,15,11419.5,10480.9,6.0834
RouteID_974820df-51c9-4536-a1c2-0a7dd82cb138,DSE5,127,9,177,177,3313071.0,1822972.71,72.21,15,13770.0,12780.5,7.3751
RouteID_97566b67-bad8-49da-b375-9c4d72a95441,DLA9,172,27,234,234,3313071.0,1933803.26,78.73,16,11211.8,18422.2,8.2317
RouteID_97601048-f0ce-4457-81dd-bc968737b317,DLA5,100,19,197,197,3313071.0,2158351.53,90.51,14,7019.8,17830.9,6.903
RouteID_97696338-7d91-42fa-b761-419bc731a87d,DBO3,122,23,182,182,4247527.0,2217257.97,82.46,12,12625.6,15008.0,7.676
RouteID_97818239-52ee-475d-8695-031fd5bf7e08,DLA7,111,27,216,216,3313071.0,2239717.77,80.82,16,10241.2,17456.9,7.6939
RouteID_97880895-c864-445f-b7b1-12a8ed8fbb87,DLA8,182,25,283,283,3313071.0,2551642.28,54.01,16,11998.1,15283.8,7.5783
RouteID_97a2ffd6-7b92-42f4-aa14-36713a37f98a,DSE5,177,16,252,252,3313071.0,3008430.49,56.56,13,12465.8,14253.2,7.4219
RouteID_97b0b609-8403-4784-8ed3-173e55c30998,DLA8,98,27,262,262,3313071.0,2819208.05,64.83,16,4688.7,16984.9,6.0204
RouteID_97b0cef5-3278-4512-9f73-72c20ca34835,DLA9,102,19,197,197,3313071.0,1847006.7,97.77,13,6502.8,19260.8,7.1566
RouteID_97b12e58-25d8-44fa-8d68-d53e9d4825d1,DCH4,182,22,259,259,4247527.0,2989979.56,59.3,14,13833.7,15358.9,8.1091
RouteID_97b9c957-981a-4d64-bc6f-029d0032b362,DBO2,145,25,250,250,3313071.0,3166455.03,85.19,13,8987.9,21297.5,8.4126
RouteID_97ce0a0a-3eff-4f2e-b6c0-8d6533a8c04a,DLA9,178,25,253,253,4247527.0,3059221.8,53.62,14,10634.1,13565.3,6.7221
RouteID_97dc914f-67ad-483b-a778-1fa4863b68eb,DLA7,135,18,222,222,3313071.0,2357400.77,80.38,14,10419.2,17843.8,7.8508
RouteID_97e37b9c-462f-4d24-a4ca-7f1acde22f5a,DSE4,99,14,183,183,4247527.0,1931728.46,94.73,15,8075.3,17334.9,7.0584
RouteID_97ea3b69-eae6-4db8-a188-d98a03d73d74,DCH3,178,23,269,269,3313071.0,3009016.41,76.65,13,11098.8,20618.1,8.8102
RouteID_981087e3-47dc-49c7-92c4-45fe1ec61419,DSE5,160,13,228,228,3313071.0,2257822.09,76.36,14,12769.8,17409.5,8.3831
RouteID_9812e43a-dfe0-4ac1-be34-b30627354335,DCH4,182,17,252,252,4247527.0,2994696.91,65.71,13,11426.1,16558.2,7.7734
RouteID_9829880a-0f4c-4f93-b071-cb83fae0b203,DCH4,161,31,217,217,4247527.0,2791310.02,90.97,13,11426.9,19739.8,8.6574
RouteID_982cef5d-b8a8-4ce3-b120-252bed0fec5b,DCH3,194,20,275,275,4247527.0,3300346.29,42.14,15,13789.2,11587.3,7.049
RouteID_98488458-a6a1-442a-a5ce-dc07f643b622,DLA9,159,22,220,220,3313071.0,1935665.63,80.91,15,11739.7,17800.3,8.2056
RouteID_9850318d-b2af-4570-a2f1-46f02bd9c9f7,DLA7,116,17,186,186,3313071.0,1770446.44,77.52,15,8856.6,14419.3,6.4655
RouteID_98872981-8492-40bb-8f2f-bcc64544cb47,DBO2,167,27,273,273,3313071.0,3224813.81,59.03,13,10877.0,16115.3,7.4979
RouteID_988d049d-8724-4456-a40b-0874c13c3ad9,DCH4,142,22,262,262,4247527.0,2679548.74,41.17,15,11288.3,10787.6,6.1322
RouteID_988de22d-f737-4490-bc43-471facc25958,DSE5,196,16,273,273,3313071.0,2970661.96,49.84,14,13082.0,13605.4,7.4132
RouteID_98a83cb8-2498-421a-a5be-b4ccca04ac71,DSE4,117,14,237,237,4247527.0,2969558.7,80.7,16,9481.8,19125.3,7.9464
RouteID_98b0253c-4805-43d9-8b4e-305dbcc65435,DLA7,146,19,189,189,3313071.0,1610853.3,61.96,15,11952.4,11710.1,6.5729
RouteID_98bd77ea-9f30-4864-9362-9f24afa02d82,DLA5,196,27,288,288,3313071.0,2775965.46,46.4,15,13009.7,13362.8,7.3257
RouteID_98cb832c-6ed4-43ba-90de-95c378178248,DLA7,158,21,250,250,3313071.0,2251635.66,75.43,16,9801.9,18856.4,7.9606
RouteID_98dae68a-b04d-4dad-8fba-b43e7a1d9182,DSE4,122,16,224,224,4247527.0,2722513.69,87.33,15,7305.8,19561.5,7.4631
RouteID_98de542d-eacf-485a-9b4c-a4eb33a1f855,DCH4,175,22,254,254,4247527.0,3238174.35,51.3,14,12222.4,13031.2,7.0149
RouteID_98df35d9-2b2d-4523-b3a9-f14615e63fb2,DLA7,127,21,203,203,3313071.0,2448891.82,76.01,14,9619.5,15430.5,6.9583
RouteID_98e127f9-64d6-4ae5-acf5-3380315a18fc,DLA7,142,22,233,233,3313071.0,2039138.92,67.38,16,11379.4,15698.4,7.5216
RouteID_99120b29-3e26-4f27-8e1e-9f250a83765f,DLA7,151,29,240,240,3313071.0,2557766.68,54.08,14,12564.4,12979.9,7.0956
RouteID_9917229d-d7b3-4f75-aafa-60805ac19dcf,DSE5,151,13,221,221,3313071.0,2240381.05,57.02,15,13526.1,12601.2,7.2576
RouteID_9917533b-defa-4bff-af52-069eb9e9f357,DSE4,166,29,268,268,3313071.0,3224934.96,58.64,15,14305.6,15714.5,8.3389
RouteID_992f66e9-e1cf-422b-91ba-a834063a5bed,DAU1,143,27,224,224,4247527.0,2652939.23,70.78,15,12125.7,15854.0,7.7721
RouteID_99494287-3d51-424b-85da-1e7e1e92d26b,DCH4,157,24,259,259,4247527.0,3126211.62,70.3,13,11539.3,18208.2,8.2632
RouteID_9952d320-113f-456b-abf0-f75f95bb6ea0,DLA9,145,24,233,233,3313071.0,2142438.31,80.15,13,10008.2,18674.8,7.9675
RouteID_99575598-b754-48eb-9ae7-261aaca3c976,DSE5,171,15,269,269,3313071.0,2913978.62,57.59,15,14254.9,15493.0,8.2633
RouteID_9963f6f6-a7ed-4095-9b40-e802fa4206f6,DLA7,160,18,230,230,3313071.0,2264050.95,64.61,15,12684.7,14859.8,7.6513
RouteID_99822dcb-a1a2-421b-93e6-5387a43f71aa,DSE4,169,26,258,258,3313071.0,2577328.56,62.25,14,12638.8,16060.5,7.972
RouteID_99adc175-b49c-48a4-bf5b-89c9551303bb,DLA3,91,15,191,191,3313071.0,2374763.61,79.22,15,8398.6,15130.1,6.5358
RouteID_99c5a923-a2d6-448e-966a-d963051cd2a9,DSE4,175,28,250,250,3313071.0,3284678.67,68.74,15,13513.9,17184.9,8.5274
RouteID_99d03063-0f92-48da-9745-2cfa76fb17ba,DLA9,125,29,254,254,3313071.0,2498727.64,79.19,15,7367.9,20114.3,7.6339
RouteID_99d1e882-493e-4c54-bc45-24486130bdc2,DSE4,215,29,297,297,3313071.0,3288324.74,59.91,15,11786.9,17792.2,8.2164
RouteID_99dc2991-9256-4295-adba-f2ab7cbd98b0,DBO3,131,24,226,226,4247527.0,3405219.27,75.78,11,10427.7,17125.2,7.6536
RouteID_99dd7d8a-fe9b-407f-88c8-fa78dbbd077c,DBO3,144,27,219,219,4247527.0,2632317.43,64.89,11,13468.8,14211.9,7.6891
RouteID_99e946dc-f583-48ea-8b4b-d5c100e7548f,DSE5,152,14,203,203,3313071.0,1981832.63,68.31,15,12746.5,13866.3,7.3924
RouteID_9a004aa7-847f-4155-8311-0bce7f78d5f6,DLA7,167,22,230,230,3313071.0,2230393.29,38.86,16,11805.2,8938.1,5.762
RouteID_9a0297d1-0be0-4cfc-982d-35c012674c2a,DCH3,185,16,253,253,4247527.0,2276722.89,58.15,12,13551.9,14712.8,7.8513
RouteID_9a036d58-5f8a-41aa-8747-d252c14783ae,DAU1,115,22,207,207,4247527.0,2648413.24,58.62,15,12413.0,12134.4,6.8187
RouteID_9a043c65-3763-4a5d-b7b9-9df6118e9218,DLA9,165,31,277,277,4247527.0,2986421.12,46.9,14,9549.2,12990.3,6.261
RouteID_9a1b9512-36bc-468c-8bb0-5163595fcbda,DBO3,112,20,184,184,4247527.0,2237008.82,93.63,12,9840.0,17228.8,7.5191
RouteID_9a2b2633-3b9c-4f8e-b05a-4ecb13d60435,DSE5,149,13,261,261,3313071.0,2985626.93,51.06,15,11591.7,13326.1,6.9216
RouteID_9a3c6431-b74e-4932-bd48-771e37072350,DSE4,142,14,238,238,4247527.0,2759894.98,74.23,15,9239.5,17666.7,7.4739
RouteID_9a3cb202-3571-41e5-a087-255a82fe00ba,DCH3,187,20,272,272,3313071.0,2518857.94,67.37,15,11113.0,18325.2,8.1773
RouteID_9a50b546-d85e-4795-b0a8-6be0c63f32b9,DSE2,99,17,202,202,3313071.0,2432108.81,117.49,14,7271.7,23732.0,8.6121
RouteID_9a517a1f-2a2e-4083-974c-ec9ffb01b86f,DLA9,102,23,205,205,3313071.0,2171574.31,93.28,14,8787.9,19122.8,7.753
RouteID_9a52687f-8638-478f-bfa3-aeabbb488093,DLA7,147,21,210,210,3313071.0,2557424.52,80.6,15,9880.5,16926.3,7.4463
RouteID_9a657cc2-6430-4684-b7ed-4394f79d5e82,DSE4,135,26,212,212,3313071.0,2168318.92,107.56,15,10105.1,22801.8,9.1408
RouteID_9a701891-7308-489d-87ef-a243f3a7217c,DLA9,110,17,255,255,3313071.0,2935431.38,75.62,15,7844.9,19283.3,7.5356
RouteID_9a70b345-e627-4849-a86e-8f735c9fcbde,DLA4,75,12,197,197,3313071.0,2488796.12,86.36,13,4225.2,17013.7,5.8997
RouteID_9a8d3b90-a9bc-4cf6-bfc0-728ba3f1e9c7,DLA8,88,20,216,216,4247527.0,2660186.9,112.36,15,5165.9,24268.7,8.1763
RouteID_9a9566c0-76db-4262-820b-14fd2c258a79,DLA9,147,25,259,259,3313071.0,2794613.99,86.21,16,7926.5,22329.0,8.4043
RouteID_9a9c7b37-87ec-458b-a842-4a20f00d5144,DLA9,125,17,187,187,3313071.0,1716733.58,93.12,16,9369.9,17412.8,7.4396
RouteID_9a9f3006-a563-4844-9ab3-124891658b10,DSE5,147,15,240,240,3313071.0,2778565.74,60.79,16,10170.3,14588.4,6.8774
RouteID_9aa3a3c7-dc44-431b-8e99-5fbd22c5f42b,DSE5,155,12,221,221,3313071.0,2374269.16,66.27,14,12185.8,14645.3,7.4531
RouteID_9aa75858-a115-4588-816d-d878b9c39844,DLA7,148,30,254,254,3313071.0,2457745.17,54.81,15,9421.6,13922.2,6.4844
RouteID_9acaa0e4-4c7f-4183-8b48-13f0f37eaf65,DBO3,186,23,252,252,4247527.0,3107974.27,50.95,12,15658.3,12838.5,7.9158
RouteID_9ace3053-89c5-4df7-9369-4d7afa9cbe2f,DCH4,209,30,298,298,4247527.0,3961413.35,37.74,15,16974.8,11247.6,7.8396
RouteID_9acf2220-3d6f-4c60-9cd0-e43add821343,DLA9,160,28,240,240,3313071.0,2581419.29,53.55,13,10790.3,12852.0,6.5673
RouteID_9ad2a71c-906a-4504-9bc2-4b143334e95a,DLA9,158,20,263,263,3313071.0,2960083.46,71.74,13,11091.6,18867.2,8.3219
RouteID_9ad313b6-a47d-4df1-8117-b1dce631923c,DLA7,159,20,261,261,3313071.0,2089619.15,62.14,16,10873.7,16217.8,7.5254
RouteID_9adfe16c-9061-4b9b-91c6-9ef4c61c4b03,DLA8,127,19,230,230,3313071.0,2460812.48,109.48,14,7943.3,25181.2,9.2013
RouteID_9ae77b99-a089-43cf-875f-91ea6ded715b,DCH4,137,25,230,230,4247527.0,3270031.37,55.09,14,13317.0,12670.5,7.2187
RouteID_9b0eadbd-5e75-4250-bc31-c3761f68baaa,DCH3,184,22,264,264,3313071.0,2693564.73,56.96,14,13111.2,15037.8,7.8192
RouteID_9b1e9a51-8251-4b3c-a676-80de195c0bce,DBO3,141,21,232,232,4247527.0,3639044.57,54.75,12,10158.7,12701.0,6.3499
RouteID_9b204914-b4a2-414f-b6fb-4945415e6732,DLA8,138,29,278,278,3313071.0,2561282.82,84.91,16,6897.1,23605.7,8.473
RouteID_9b2082a7-4b66-432d-a546-5044f7732e0f,DLA8,88,14,182,182,4247527.0,3061242.32,71.88,16,10331.8,13082.3,6.5039
RouteID_9b228e71-2d99-4a86-b433-e6f0f79f411e,DBO3,165,24,212,212,3313071.0,2162264.5,71.73,12,12074.0,15207.8,7.5783
RouteID_9b235981-4998-484a-8553-6bb9f5ca9c5d,DBO2,152,27,255,255,4247527.0,3940984.11,47.36,13,10197.8,12077.5,6.1876
RouteID_9b32b3ae-862b-4121-bb5b-3ecb2f0487dd,DCH4,182,25,272,272,3313071.0,3164899.56,47.78,14,15755.5,12996.3,7.9866
RouteID_9b3db831-f276-4602-8616-d78aed300a33,DAU1,133,29,207,207,4247527.0,2385651.06,56.83,14,11246.0,11764.7,6.3919
RouteID_9b6376d4-5875-44bb-903d-848102933439,DSE5,188,19,286,286,4247527.0,2958138.43,62.2,14,14005.1,17789.4,8.8318
RouteID_9b7fbeb9-1d76-4349-9eb1-c41f5e0bc565,DLA9,83,25,268,268,3313071.0,3158830.58,67.7,16,6935.6,18143.7,6.9665
RouteID_9b80b40b-9428-46ec-9af7-1ffca3fc8b3f,DLA8,153,25,279,279,3313071.0,3005374.81,65.0,17,7370.3,18136.3,7.0852
RouteID_9b83052a-da87-47da-8b09-32dbc4c007d5,DSE5,175,12,227,227,4247527.0,1905263.23,74.87,15,13274.2,16994.8,8.4081
RouteID_9b85b2fe-2afc-415c-8fe1-6238db19d9dd,DLA8,128,27,297,297,3313071.0,3290816.41,53.61,16,7588.0,15923.4,6.5309
RouteID_9b898cbf-ec17-43b7-b8e8-f8728b0d737a,DCH4,215,33,292,292,4247527.0,3768334.4,48.74,13,12262.2,14230.8,7.3592
RouteID_9b99791b-1814-492c-baed-72278230a427,DLA8,104,25,271,271,3313071.0,2832012.17,73.46,15,4440.1,19906.6,6.763
RouteID_9b9a4657-c467-44e2-92d6-d05a5c1231ee,DCH1,144,21,282,282,3313071.0,3185312.12,81.57,13,9118.8,23003.1,8.9227
RouteID_9ba141f6-e96d-4548-9fe7-b7faae666c18,DLA7,176,23,265,265,3313071.0,2681001.65,61.08,15,10465.9,16186.7,7.4035
RouteID_9ba9a443-034b-4257-b4f6-e4b70958a335,DLA5,157,18,274,274,3313071.0,3283051.1,51.31,15,10088.4,14058.0,6.7073
RouteID_9ba9cab3-7d12-49ec-a9c9-401f3c440b10,DLA8,164,28,259,259,3313071.0,2806026.93,73.79,14,8842.8,19112.3,7.7653
RouteID_9bb1c3d2-d889-4280-9962-12c00618b3f6,DLA8,164,16,249,249,3313071.0,2032672.16,65.65,16,11462.5,16345.7,7.7245
RouteID_9bea1ec7-6f5d-42ac-9c22-b8953334ea83,DLA9,131,19,263,263,3313071.0,3223711.35,74.34,14,9655.0,19552.0,8.1131
RouteID_9bfdaaf8-0ddd-452d-a7c5-dedfe71f5327,DLA9,129,31,205,205,3313071.0,1996759.28,76.99,15,10470.1,15783.6,7.2927
RouteID_9c10cf6d-c86d-4c08-b8e5-f7f7ea016bef,DLA8,152,21,265,265,3313071.0,3214077.98,75.98,16,10329.1,20134.0,8.462
RouteID_9c1aea83-69a4-4b80-a713-9a94d16b3908,DCH4,206,27,286,286,3313071.0,3214899.11,41.21,14,14375.7,11786.3,7.2672
RouteID_9c26f357-9dc0-4e8b-a1b9-f14647a87400,DBO3,124,25,220,220,4247527.0,2338220.3,63.64,12,12435.1,14000.4,7.3432
RouteID_9c318059-2082-4527-9d9d-67aa50808235,DLA7,154,24,213,213,3313071.0,2780775.78,63.54,14,12779.7,13533.7,7.3093
RouteID_9c322935-ea56-4e57-b102-a4adf026f524,DLA7,198,31,280,280,3313071.0,2929399.06,49.2,15,11334.9,13777.4,6.9756
RouteID_9c32ec79-e1c5-47bc-a1fd-c324ae93ce63,DLA7,108,22,195,195,3313071.0,1636827.23,79.33,16,9697.9,15469.3,6.9909
RouteID_9c450e1b-9f1e-4d2c-8839-d331725f4228,DLA8,127,22,231,231,3313071.0,1980371.92,82.2,14,8683.7,18989.3,7.6869
RouteID_9c47ed58-6026-488d-8fb3-781a15369241,DBO2,149,23,226,226,3313071.0,2890425.9,56.36,13,9289.8,12737.6,6.1187
RouteID_9c4ad467-b8f3-44b9-937c-2c23a64a9c7c,DLA3,119,20,287,287,3313071.0,3208947.24,84.39,15,5820.9,24221.3,8.3451
RouteID_9c51015b-c41e-4558-92a0-cc117582974b,DLA5,137,17,193,193,3313071.0,2153594.77,82.94,16,11184.6,16008.2,7.5536
RouteID_9c685872-7dc5-4c64-9c81-f86d63e52ec1,DSE4,171,23,279,279,3313071.0,3146884.79,68.49,15,10691.8,19108.5,8.2779
RouteID_9c7719c6-1ed6-44ba-910c-03bc50bdedef,DLA7,202,30,288,288,3313071.0,3176982.49,54.88,14,15173.7,15805.1,8.6052
RouteID_9c77670b-fde4-459a-8187-a77df9752c7d,DCH2,178,20,268,268,3313071.0,3261246.94,59.26,12,12005.5,15881.2,7.7463
RouteID_9c81a3d2-00ab-4ac7-bd1b-ea41b1dff040,DLA7,151,23,239,239,3313071.0,2542727.05,57.98,16,11420.4,13856.9,7.0215
RouteID_9c81ecc5-fac0-414c-9a4d-be7501066e7c,DCH3,183,23,275,275,3313071.0,2722539.86,56.39,14,11246.7,15508.6,7.432
RouteID_9c97da47-c48f-460b-937d-59eb061a3c46,DBO3,179,26,245,245,4247527.0,2484511.69,45.88,13,15531.5,11239.8,7.4365
RouteID_9cad9322-94ca-434a-a146-90bcc65c29cc,DLA9,102,24,266,266,3313071.0,2759424.16,61.53,16,7853.0,16367.5,6.7279
RouteID_9cb511dd-badf-4215-9704-d817226eb9e7,DLA7,134,18,184,184,3313071.0,1990322.46,58.17,15,10976.3,10702.4,6.0219
RouteID_9cbc31e9-f147-4aaf-8914-1f4d7418f2d0,DBO3,148,32,255,255,4247527.0,3601244.75,67.59,11,11515.1,17234.7,7.9861
RouteID_9ccf2568-7f63-47a7-9fed-f5f90c623594,DLA7,191,19,256,256,3313071.0,2836501.75,62.01,15,11166.0,15874.3,7.5112
RouteID_9ce33a6d-06c7-4ece-9e33-50ecf65e04b8,DCH4,148,22,231,231,4247527.0,3309272.96,70.03,15,14584.6,16176.5,8.5447
RouteID_9ce4cfa0-7c55-4527-b574-0f5bb04c547e,DSE5,139,11,193,193,4247527.0,1845991.38,68.07,14,12285.2,13137.1,7.0617
RouteID_9cfa02c6-2d81-42ec-9448-b7696f54cf39,DCH2,186,20,299,299,3313071.0,3288840.28,60.54,14,9735.5,18101.3,7.7324
RouteID_9cfaa79e-2a6c-484f-956f-f2db93923c26,DLA9,146,22,258,258,3313071.0,2918487.89,54.34,15,9435.6,14020.1,6.5155
RouteID_9d17a916-7a43-4c0b-b3cd-fe7f7849a52d,DCH2,190,20,271,271,3313071.0,2231207.12,60.92,12,13843.1,16510.2,8.4315
RouteID_9d187095-c4f2-4d7d-b8e1-c40879b9d41d,DBO3,137,13,194,194,4247527.0,2585409.03,69.65,12,11993.4,13512.0,7.0848
RouteID_9d213110-fdc4-4461-8fef-06487faee8b2,DLA7,142,24,228,228,3313071.0,2303493.13,64.01,14,10829.0,14594.9,7.0622
RouteID_9d234939-366a-4bd8-a4f6-c7090fdf7c1f,DLA7,130,18,190,190,3313071.0,2181246.57,111.02,15,9926.2,21093.6,8.6166
RouteID_9d23c62e-56a5-4677-ab19-de3bf149142a,DSE2,128,17,217,217,4247527.0,2572094.73,86.59,14,7789.5,18790.2,7.3833
RouteID_9d2f6607-a587-4c79-80ce-a533e442c17d,DSE4,127,15,231,231,4247527.0,2332348.35,79.38,15,8558.6,18335.7,7.4706
RouteID_9d304371-f90a-4516-a24e-d833a539a42b,DBO2,115,19,233,233,3313071.0,2683677.62,62.35,12,11980.4,14528.4,7.3636
RouteID_9d32cf08-04c0-4105-8d71-081fa5066e06,DLA9,116,17,208,208,3313071.0,2768053.18,90.47,13,6918.1,18818.0,7.1489
RouteID_9d388436-6da2-4bd5-88e1-5d4c54a6ad78,DBO3,174,22,222,222,4247527.0,2764941.1,56.03,11,14749.6,12439.1,7.5524
RouteID_9d4db107-a538-4311-b83d-80e6cbceb1a3,DSE4,179,27,288,288,3313071.0,3296361.09,32.85,15,11929.3,9459.9,5.9414
RouteID_9d567de6-1bf1-441e-afaf-5a0869910fc6,DLA4,191,16,283,283,3313071.0,2915125.25,56.62,15,13536.1,16024.0,8.2111
RouteID_9d59c687-6954-412e-ad54-9b3afc0ca9bf,DSE4,135,14,201,201,4247527.0,2214290.8,74.35,15,9252.1,14944.7,6.7213
RouteID_9d5b00ea-b5f6-4439-8c42-3c5c8a3ce103,DSE4,165,31,260,260,3313071.0,2984738.35,64.71,15,13932.8,16824.0,8.5436
RouteID_9d6ca9f1-1d5c-4df3-9af0-620cc160dd49,DLA7,142,25,217,217,3313071.0,1973880.95,75.28,15,12065.5,16334.8,7.889
RouteID_9d6f6775-fd1f-4715-aaae-c973bccb73d3,DSE5,131,10,179,179,4247527.0,2037365.65,74.53,14,11415.2,13341.4,6.8768
RouteID_9d83c3b3-3147-4b52-9da2-f2e40ec55ba8,DSE4,149,22,264,264,3313071.0,2964282.08,71.51,14,10776.5,18879.5,8.2378
RouteID_9d857176-edb2-4a9b-93bf-87b758b842c4,DSE5,109,11,189,189,3313071.0,2788868.12,73.75,15,12057.1,13938.1,7.2209
RouteID_9d890253-5967-44c9-ad6a-aa5dc9d1d075,DLA7,156,32,237,237,3313071.0,2693942.71,63.61,15,12534.6,15075.6,7.6695
RouteID_9d9c078a-abe7-4e44-a40d-be12ea01b22b,DCH4,142,13,194,194,4247527.0,2229275.79,89.11,13,13356.9,17287.6,8.5124
RouteID_9dbeee2b-07a9-4cbc-8a38-df0b916ceae8,DSE4,106,12,189,189,4247527.0,2431893.76,89.17,15,7115.9,16852.9,6.658
RouteID_9dc65662-fc7a-4ed8-b41c-589daa8bd0b2,DLA7,147,20,199,199,3313071.0,1863662.47,59.23,15,13041.7,11787.0,6.8969
RouteID_9ddabf0d-92e7-45ba-a225-8766d6a6d979,DLA7,167,21,237,237,3313071.0,2477012.45,63.72,14,10521.9,15101.8,7.1177
RouteID_9de31830-3c02-444a-9a29-913da7f21a37,DCH3,188,20,250,250,4247527.0,2571496.99,60.01,13,13604.3,15003.3,7.9466
RouteID_9de33f41-1a87-4158-96d4-87775df16053,DCH4,170,27,279,279,4247527.0,2751328.45,67.5,13,11362.2,18832.8,8.3875
RouteID_9de74a55-5a73-42b5-a6cc-f68ecb4cb1eb,DLA9,155,25,241,241,3313071.0,1975315.93,70.57,15,12384.9,17007.3,8.1645
RouteID_9de82f86-a3a6-4533-93ad-d00f44df164e,DLA8,138,23,264,264,3313071.0,2795011.86,77.69,14,6765.4,20511.0,7.5768
RouteID_9ded510d-7123-43d6-8e3e-688cf02635d0,DLA8,172,21,281,281,3313071.0,3049936.95,61.82,17,12557.9,17370.6,8.3135
RouteID_9deead99-222e-49e1-ad58-44a570e1ad29,DLA5,154,17,232,232,3313071.0,2729169.38,73.22,15,10482.6,16988.0,7.6307
RouteID_9df8c077-010e-4787-abe0-51fd84cc3fb5,DLA7,141,20,186,186,3313071.0,1493497.17,80.89,15,10500.7,15045.9,7.0963
RouteID_9e02ecb9-4a77-49af-92c4-f85a1ae18d78,DLA4,174,16,288,288,3313071.0,3261438.98,65.51,16,8680.7,18866.9,7.6521
RouteID_9e04820b-0e25-4871-9902-92116859bd40,DBO3,151,21,195,195,4247527.0,2154840.09,74.79,12,12996.1,14584.3,7.6612
RouteID_9e2ef94c-c40e-4107-8522-5896fe7d0bf7,DLA7,142,21,240,240,3313071.0,2007599.88,72.41,15,9899.2,17378.6,7.5772
RouteID_9e308b0e-9ffc-4c70-adbb-dc6c533fee0b,DLA9,158,25,265,265,3313071.0,2818831.04,61.84,14,10478.4,16387.7,7.4628
RouteID_9e365b17-ea41-44c2-9eac-9ac3fef2401d,DLA3,134,11,212,212,3313071.0,1790157.91,98.63,15,8228.7,20910.3,8.0942
RouteID_9e4e8ad4-aaa2-49f2-9637-08860a81c0a5,DSE5,193,16,279,279,4247527.0,2712091.75,44.39,15,12112.1,12385.9,6.805
RouteID_9e5c1fe3-67f2-49b8-9a28-974e8a958b2c,DLA5,157,22,240,240,3313071.0,2664779.71,59.04,15,11080.5,14170.7,7.0142
RouteID_9e5fcced-5588-44b2-b07e-2a2408e24048,DLA7,174,28,250,250,3313071.0,2657634.62,64.62,14,11871.5,16155.3,7.7852
RouteID_9e6d5e77-6435-4da4-bcf6-f22c082d44ef,DLA9,197,27,286,286,3313071.0,2831312.15,62.07,17,11025.7,17751.1,7.9936
RouteID_9e7b45d6-e7a2-4803-b880-2f26f5d50f1e,DLA9,138,22,268,268,4247527.0,2544002.42,51.48,14,10140.7,13796.3,6.6492
RouteID_9e86806b-f7ef-4bdb-8b0c-370f0c91883c,DSE2,118,22,264,264,3313071.0,3052350.58,70.79,14,7750.3,18688.9,7.3442
RouteID_9e8ba54c-ba8b-452f-b137-c3b9794343fa,DLA9,174,26,247,247,3313071.0,2199687.47,83.0,15,11760.9,20501.3,8.9617
RouteID_9e92a851-c574-4907-85aa-577e124ebace,DLA8,125,23,290,290,3313071.0,3114270.61,53.76,17,5856.3,15590.1,5.9573
RouteID_9e9a6da4-d4aa-4740-9f94-50a5ddadcff8,DCH4,167,21,232,232,4247527.0,2489245.64,49.5,15,14230.6,11483.7,7.1429
RouteID_9ea00696-58b5-442b-8d01-4f1bf16816c2,DLA3,143,12,259,259,3313071.0,2571091.15,71.42,16,8558.4,18498.5,7.5158
RouteID_9ea87ee2-867b-4cc0-ab72-f76d8389182a,DAU1,155,34,195,195,4247527.0,2567871.88,59.8,13,17716.8,11661.1,8.1605
RouteID_9ea9c11c-7462-4172-b2cc-3704e2ce8d24,DLA3,141,13,240,240,3313071.0,2113674.81,78.22,16,7982.7,18771.6,7.4318
RouteID_9eab217f-6180-4fd8-954e-67b2213459c2,DLA7,148,21,216,216,3313071.0,2023296.44,82.48,15,10347.1,17815.1,7.8228
RouteID_9eb5cb8f-ed60-42c9-97ff-71b44e0bb4e3,DCH4,161,24,269,269,4247527.0,4011124.99,57.69,15,10596.3,15518.8,7.2542
RouteID_9eb672ca-8440-49df-8e2a-3ddd9ab0a10d,DSE5,178,15,278,278,3313071.0,3055684.22,70.34,14,11966.6,19553.4,8.7556
RouteID_9ec69b84-127a-4eca-8f95-dbef779840c8,DCH2,155,22,297,297,3313071.0,3257665.2,70.44,15,9318.7,20920.5,8.3998
RouteID_9ed4b64f-89e7-43f5-a562-6e46f08c9fdc,DCH4,150,25,268,268,4247527.0,3684122.56,53.08,15,9975.7,14226.3,6.7228
RouteID_9ee1c823-f677-42cd-8da1-66a67621af5e,DSE5,142,11,188,188,4247527.0,1940319.41,86.86,14,12314.5,16329.1,7.9566
RouteID_9ee4f135-2801-457e-b42e-1d6f385ff8fd,DLA4,97,12,208,208,3313071.0,2423504.01,91.9,14,5782.4,19115.4,6.9161
RouteID_9efdc483-0a66-4f59-bf93-69e0bc3ce285,DLA7,151,20,227,227,3313071.0,2170405.36,63.87,15,10107.4,14498.2,6.8349
RouteID_9f09f30a-e33c-40c1-a65f-31e2a7cc3cbd,DSE5,107,9,208,208,4247527.0,2287396.81,86.45,14,12986.5,17981.1,8.6021
RouteID_9f2bfb2c-6f48-47f9-b246-54889e96063a,DSE5,205,19,297,297,4247527.0,3205270.8,52.25,14,12002.3,15516.9,7.6442
RouteID_9f3218bb-4e18-461d-9fb8-99160faa9f41,DSE5,115,11,188,188,4247527.0,2000724.62,95.63,14,11145.4,17977.7,8.0897
RouteID_9f334168-4015-4a7b-9179-7e3f16f38e96,DCH1,150,22,251,251,3313071.0,3169764.72,69.18,14,8775.7,17364.8,7.2613
RouteID_9f3a1172-593b-4549-bdec-6ba4e80d96b5,DSE4,178,25,287,287,3313071.0,3041282.08,55.01,14,10621.7,15787.6,7.3359
RouteID_9f5617e1-11f7-4773-a3d2-176afaeebfc2,DLA7,145,24,254,254,3313071.0,2773420.98,69.4,14,9456.0,17628.4,7.5234
RouteID_9f873247-213a-443b-a765-9584946c55a8,DLA7,130,21,267,267,3313071.0,3119494.66,63.17,15,9658.6,16867.7,7.3684
RouteID_9f8e4d84-87c9-4f81-aa2c-2d850430a0c1,DSE4,195,29,293,293,3313071.0,2825319.56,46.89,15,11135.7,13739.9,6.9099
RouteID_9f8f5bd0-b4be-4abe-b56b-001688cfc2cd,DLA9,134,25,238,238,4247527.0,3002071.01,47.94,14,11651.6,11409.2,6.4058
RouteID_9fa38904-4cff-4978-925b-7be7f7fb849d,DLA7,175,25,277,277,3313071.0,2875636.11,56.22,15,11569.0,15574.1,7.5397
RouteID_9fa42c2e-7af2-4f7d-a6c9-476ef067ef4a,DCH3,190,22,219,219,3313071.0,2235234.38,56.02,14,17077.4,12269.0,8.1518
RouteID_9face60f-ed2d-42bf-9a48-215ce09d17de,DCH3,208,18,271,271,3313071.0,3059230.05,38.98,14,14516.0,10563.0,6.9664
RouteID_9fb02805-b132-45ad-b040-262d8379a044,DBO3,170,18,242,242,3313071.0,2604101.08,52.36,13,15522.3,12670.2,7.8312
RouteID_9fc442c1-fe99-4804-a741-92f1d1d9b2a1,DLA7,159,23,225,225,3313071.0,2326594.69,70.34,14,10735.9,15826.8,7.3785
RouteID_9fc51a4e-2fda-4b27-8516-e727bfb6a4b3,DAU1,130,23,227,227,4247527.0,2723498.52,77.87,15,9808.2,17676.3,7.6346
RouteID_9fd7ee84-fba5-4980-b1c5-6af9401a32c6,DLA7,144,18,196,196,3313071.0,1962879.87,47.31,14,10788.2,9273.5,5.5727
RouteID_9febbff8-6e07-4e17-8fac-705b777a1c1c,DSE4,99,13,209,209,4247527.0,2117723.64,88.33,15,6707.3,18461.8,6.9914
RouteID_9ff18cdb-9c25-4a93-977c-f0082cfe5b62,DLA3,155,16,240,240,3313071.0,3289875.09,66.33,16,8220.4,15920.1,6.7057
RouteID_9ffb4b5e-3253-4951-ae44-13961d2c92ba,DBO3,155,27,248,248,3313071.0,2865640.88,59.29,12,13724.3,14704.9,7.897
RouteID_a00daac4-ef65-493f-a2c0-6784f458cd4f,DBO2,169,23,235,235,4247527.0,2578401.87,74.74,12,13770.3,17564.0,8.704
RouteID_a016be65-523e-4e8c-8741-13715b51b3c7,DBO2,110,31,266,266,4247527.0,3439690.65,75.33,12,7824.0,20038.7,7.7396
RouteID_a021ce84-f1a7-448a-ae9c-2dac7f0cd504,DBO3,204,26,284,284,4247527.0,4172943.46,48.16,13,13825.6,13678.4,7.64
RouteID_a021d394-d29f-4dab-8ad0-8ed17f2a2e52,DCH2,122,20,272,272,3313071.0,3159727.57,52.58,13,8481.2,14300.4,6.3282
RouteID_a02de582-88ca-49da-bf2a-51814398c196,DLA7,144,24,229,229,3313071.0,2618912.96,57.8,15,11509.2,13236.9,6.8739
RouteID_a0326080-a304-4b50-adc8-fb39055b8f98,DSE4,120,14,190,190,4247527.0,2261682.9,89.59,15,7087.5,17023.0,6.6974
RouteID_a03313e3-b6d4-44ab-9d8b-53e5b1e5190d,DLA7,147,23,208,208,3313071.0,2475148.84,80.21,16,10380.5,16683.6,7.5178
RouteID_a056863f-13d8-4553-94f3-33ac6de3bc96,DSE2,104,21,197,197,3313071.0,2508328.5,94.52,14,5862.5,18621.2,6.801
RouteID_a061c1e7-eec2-496e-99d0-5cac156dde09,DBO2,162,28,297,297,3313071.0,3171855.56,67.43,12,11610.7,20027.8,8.7885
RouteID_a074b347-8733-44f2-8358-650f1a3aeec7,DCH4,160,21,234,234,4247527.0,2719328.44,54.5,13,11077.3,12753.1,6.6196
RouteID_a07c7bda-a497-46ca-ad43-551f0112dfa7,DLA7,157,27,224,224,3313071.0,2402910.8,84.45,15,11182.8,18916.4,8.3609
RouteID_a08296de-f83a-4b0e-a085-2767bf9c7528,DLA3,119,19,192,192,3313071.0,2450566.61,80.78,16,9125.7,15509.6,6.8431
RouteID_a09b99fd-d868-41c6-b32e-6ea828fa4f79,DBO3,146,21,213,213,4247527.0,2499477.84,62.23,11,10565.3,13255.6,6.6169
RouteID_a09d376c-3123-42f9-ab63-a0d810141350,DBO3,133,23,214,214,4247527.0,2812751.03,62.06,12,14853.2,13281.2,7.8151
RouteID_a0a0ea85-4003-4697-856f-736e83b9aef1,DCH4,123,22,243,243,4247527.0,3027138.63,52.73,15,10691.8,12814.5,6.5295
RouteID_a0b4d6d2-4247-47b1-b1d9-d53679ffee84,DSE4,125,17,217,217,4247527.0,2638556.46,72.8,15,8944.1,15797.5,6.8727
RouteID_a0bd3274-66e8-4dd7-9a54-bedd40da4a1e,DCH2,84,20,255,255,3313071.0,2857994.25,89.4,14,5751.4,22796.5,7.93
RouteID_a0c6dfd4-be9c-4662-999a-63169f0fff70,DLA8,87,22,235,235,3313071.0,2620495.3,83.8,16,4991.3,19693.6,6.8569
RouteID_a0cc48df-4770-4eb9-8062-c1fd0882ce17,DLA9,145,26,236,236,3313071.0,2889736.78,80.96,16,9993.5,19105.4,8.083
RouteID_a0d0a29d-ff50-4b52-ada5-f6934a392f64,DBO3,126,26,220,220,3313071.0,2674473.99,58.57,13,13742.0,12885.4,7.3965
RouteID_a0e771bd-a39b-4f2a-80eb-97942deb8251,DBO3,173,26,228,228,4247527.0,2603100.56,63.31,11,16107.5,14435.7,8.4842
RouteID_a0f02055-a0d0-4c7b-bf03-15bfba627bf6,DAU1,141,31,193,193,4247527.0,2542599.87,70.84,14,10605.5,13671.2,6.7435
RouteID_a0f72255-8efc-4df1-b756-5bdc388426c9,DLA9,153,20,260,260,3313071.0,2689461.64,73.76,15,9327.1,19178.3,7.9182
RouteID_a0fb46a7-2f22-452e-8fb1-9fda74903451,DCH2,188,21,272,272,3313071.0,3042075.52,69.92,15,11985.3,19017.4,8.6119
RouteID_a0fd99b3-d455-4136-8c48-7581d6bf19d0,DLA8,65,16,217,217,3313071.0,2163679.12,90.76,16,4106.1,19695.2,6.6115
RouteID_a107683a-38eb-4292-bcfb-8bd1a9fc3711,DLA9,140,20,232,232,3313071.0,2165425.23,72.34,14,9683.0,16782.5,7.3515
RouteID_a10aea33-cd15-4e1b-ba69-0129c2995ea9,DCH4,144,18,255,255,3313071.0,2758177.16,51.25,14,12619.5,13068.7,7.1356
RouteID_a1110bac-508c-4f26-9b43-e88674c4f15b,DLA3,176,14,277,277,3313071.0,2646654.0,73.5,16,8959.8,20359.2,8.1442
RouteID_a123452a-0a77-4b8d-8f70-27b47c832021,DLA7,133,19,212,212,3313071.0,2184184.7,75.35,15,9794.7,15974.7,7.1582
RouteID_a1259a39-3735-4e91-9786-f9f96801d72d,DAU1,135,29,235,235,4247527.0,3240420.55,65.65,15,7437.5,15428.8,6.3517
RouteID_a1357263-b0e3-4f40-80ac-a4ee0b6e215c,DLA9,170,27,258,258,4247527.0,2828045.17,64.54,14,13161.7,16650.6,8.2812
RouteID_a1475ae8-f37b-4772-b30a-c053e8af614f,DLA7,180,25,263,263,3313071.0,2887083.82,59.14,15,10238.8,15552.8,7.1643
RouteID_a14d38ce-29a3-4981-b4a4-32331f539458,DLA9,111,23,228,228,4247527.0,2469730.48,75.94,14,8670.2,17314.5,7.218
RouteID_a15220b1-01b9-452c-848c-f9ea72ade84e,DLA8,97,23,240,240,3313071.0,3127833.42,77.81,18,6032.0,18673.3,6.8626
RouteID_a1563001-c665-4d1b-b8d9-940e08a4bc90,DLA9,121,24,273,273,3313071.0,3276296.19,72.78,16,6827.3,19869.1,7.4157
RouteID_a1612d80-2601-41d3-ad70-254e504e411a,DLA5,191,22,292,292,3313071.0,3262963.69,59.71,15,13015.6,17435.8,8.4587
RouteID_a163da59-4511-4766-a449-d414629b4152,DLA9,113,20,224,224,3313071.0,2393955.96,63.45,13,9062.6,14212.9,6.4654
RouteID_a16bcbd9-1630-43d1-8534-eedbe0454953,DSE5,159,13,226,226,4247527.0,2584378.67,63.83,14,13438.7,14425.1,7.7399
RouteID_a16eebaf-577b-46e5-a8a4-0317eeadcb2f,DLA7,149,21,221,221,3313071.0,2451940.07,53.79,16,11350.3,11887.1,6.4548
RouteID_a173004d-eb8c-4c00-be80-d7ce262e702f,DSE5,169,15,261,261,4247527.0,2677607.06,52.46,14,13480.6,13693.0,7.5482
RouteID_a1a22f36-12f0-43b5-9128-3db623fcffad,DLA5,158,19,216,216,3313071.0,1786388.94,69.76,14,13631.3,15069.2,7.9724
RouteID_a1a3a879-a29a-4178-a726-78fbc1e58abe,DLA9,145,18,245,245,3313071.0,2287286.06,64.62,15,9108.4,15831.0,6.9276
RouteID_a1adfc3f-4bc2-4197-8224-801471be34a1,DSE5,123,7,184,184,4247527.0,2136272.26,102.63,14,8620.3,18883.5,7.6399
RouteID_a1ee34e4-7753-4f59-aa10-dc756f81a8e1,DLA9,170,23,239,239,3313071.0,2174917.4,64.34,16,12063.8,15378.0,7.6227
RouteID_a1eea2d8-a090-4cbc-b318-2661b29b975e,DLA9,110,17,236,236,3313071.0,2144402.9,82.85,15,7343.5,19553.4,7.4714
RouteID_a22fee63-be97-4a85-9aa9-cddce6feecf6,DAU1,119,27,186,186,4247527.0,2830904.77,93.63,15,11443.5,17415.8,8.0165
RouteID_a23928a8-3ef4-4e05-8196-615be80c92fd,DLA7,149,28,200,200,3313071.0,2079665.46,60.49,16,13228.1,12098.4,7.0351
RouteID_a23d78bc-05b5-4ce4-9bff-ce7b8ca443be,DSE2,127,22,249,249,4247527.0,2699162.01,93.2,15,7153.7,23207.8,8.4338
RouteID_a25820de-a203-4bbd-bf30-531a3d547366,DBO3,168,21,228,228,4247527.0,2836129.09,54.94,12,14450.0,12526.2,7.4934
RouteID_a25a85e3-f6f2-47d4-ae47-e2afc1308da9,DSE4,110,20,198,198,4247527.0,2424350.09,81.83,15,7699.0,16203.2,6.6395
RouteID_a25e894c-ca13-4250-a074-73eaf74b86a6,DCH3,182,17,260,260,3313071.0,2814884.04,61.02,13,13318.0,15866.1,8.1067
RouteID_a2696750-f9f5-4fdb-a463-85ab063aa43a,DBO3,192,22,239,239,4247527.0,3472166.59,50.51,12,11978.4,12073.0,6.6809
RouteID_a2740cd8-5ac9-433c-9540-57685608bf6c,DCH4,136,28,202,202,4247527.0,2250850.74,74.61,15,13783.5,15070.3,8.0149
RouteID_a295eedd-c4b7-4311-9011-74d35e708ac9,DSE4,149,15,262,262,4247527.0,3175704.32,83.45,15,9290.8,21863.5,8.654
RouteID_a29b2533-76dc-491f-9bc3-ee93abd7374b,DLA7,176,19,266,266,3313071.0,2944411.45,58.83,15,10383.2,15648.1,7.2309
RouteID_a29b2764-db9f-4afa-8972-b9cf5ce3d623,DLA8,106,22,214,214,3313071.0,2442672.92,100.38,16,7680.0,21481.8,8.1005
RouteID_a2acb342-0937-4097-b6bc-b73e0853c4f0,DSE4,149,23,254,254,3313071.0,2798285.09,59.24,15,11416.3,15045.8,7.3506
RouteID_a2acc456-ba07-48e6-97f4-9da28ea45718,DLA7,156,22,231,231,3313071.0,2729368.42,71.17,14,12497.8,16439.6,8.0382
RouteID_a2b555c0-3b82-4253-8f57-8bdfe9615587,DLA3,100,22,244,244,3313071.0,3054111.44,57.17,15,6412.5,13950.5,5.6564
RouteID_a2b75eb1-982e-4b2a-af4f-5a76934ac372,DSE5,176,14,229,229,3313071.0,2681224.85,63.54,15,11454.4,14550.2,7.2235
RouteID_a2ba1d96-dfbf-4cfb-a553-9cbeadbc11cd,DLA4,136,18,268,268,3313071.0,3118366.75,48.93,14,7428.1,13112.4,5.7057
RouteID_a2c4695d-dcad-4975-84e6-c6b249c644ed,DCH2,163,20,295,295,3313071.0,3215924.05,71.83,15,8881.1,21191.0,8.3534
RouteID_a2cd533a-14d9-4a9a-8875-bc4426c04fc5,DCH3,179,16,267,267,3313071.0,3181381.0,55.34,14,11210.6,14774.7,7.2181
RouteID_a2e03e69-3510-4455-ad30-d20ffb543092,DLA7,143,21,235,235,3313071.0,2093737.12,71.0,15,8899.9,16684.9,7.1069
RouteID_a2eb3388-8bed-4689-a9b2-b116ed0f8192,DBO3,138,15,195,195,4247527.0,1613355.27,63.22,12,13705.6,12328.7,7.2317
RouteID_a2ef6aa7-7fc3-4905-884b-8dd943d3130a,DSE5,174,14,246,246,3313071.0,3229384.05,77.21,14,12082.9,18994.8,8.6327
RouteID_a2f29583-25b5-4c51-9fa9-fbfee1186708,DLA3,81,17,162,162,3313071.0,1607079.58,115.68,14,5747.4,18740.3,6.8021
RouteID_a2fb3beb-bd59-4875-8c36-a8d24117fd75,DLA8,163,17,225,225,3313071.0,2764774.07,95.54,16,9593.1,21496.0,8.6359
RouteID_a2fba985-1839-440a-a790-4bf5a2256c29,DBO2,205,24,275,275,4247527.0,3130894.91,49.16,12,15902.0,13517.7,8.1721
RouteID_a2fd9b81-41de-4455-a3d0-5335ef6a2169,DCH4,140,17,266,266,4247527.0,2644296.18,45.61,15,11343.1,12132.8,6.5211
RouteID_a3035081-7a09-4c0e-b72e-4e4c1dd0af47,DSE5,174,16,258,258,3313071.0,3273328.89,55.62,14,13644.8,14349.2,7.7761
RouteID_a3108d6f-1ea5-404b-b30e-ef66f1a29dc9,DLA7,172,24,261,261,3313071.0,2947686.4,48.97,16,11251.9,12781.5,6.6759
RouteID_a3113849-6b67-4f9d-be7b-7f94c69126cc,DLA7,187,21,257,257,3313071.0,3046224.65,68.82,17,12046.1,17687.6,8.2594
RouteID_a3214b3f-e027-466d-b87b-b532ddfa52c4,DBO3,160,27,210,210,4247527.0,2141796.66,60.5,12,13635.3,12705.3,7.3168
RouteID_a328d371-8f72-4848-b65e-345cd05027c0,DSE4,163,23,250,250,3313071.0,2505037.57,76.79,14,10013.5,19196.7,8.1139
RouteID_a329762f-2c8c-4496-8de6-b2a56600481b,DBO3,141,11,184,184,3313071.0,1941988.88,53.0,12,12790.6,9751.7,6.2618
RouteID_a32c7023-179a-4f31-9af6-091eed88de79,DBO3,162,26,209,209,4247527.0,2616164.49,62.79,13,14570.8,13122.1,7.6925
RouteID_a32e9c81-4cdf-429f-8def-1b11a0abf130,DBO3,171,34,232,232,4247527.0,2225448.42,71.91,12,12541.7,16683.3,8.1181
RouteID_a342a633-5403-42e9-932b-154ab20d07f7,DCH4,198,31,286,286,3313071.0,3037247.85,41.94,14,15919.0,11995.1,7.7539
RouteID_a3452910-62a2-40cc-aae6-369e8a0d7e03,DLA7,144,20,259,259,3313071.0,3039469.78,64.84,14,10413.0,16792.8,7.5572
RouteID_a34e184a-8295-4192-a803-b0b6d50e580b,DCH3,176,21,233,233,3313071.0,3055109.08,60.54,14,15720.9,14104.7,8.2849
RouteID_a35309e7-0b78-4837-b0e0-9da95476bc1b,DLA8,142,23,281,281,3313071.0,2780366.65,61.37,14,7632.5,17245.2,6.9105
RouteID_a35d9fdb-20ed-400c-ae74-8c937ae0ec12,DBO3,175,18,263,263,4247527.0,3423547.64,56.51,11,11594.5,14862.2,7.3491
RouteID_a35f79c5-9c62-4525-90e3-3e620eec408e,DSE5,167,14,231,231,3313071.0,2748003.58,74.44,15,10287.9,17194.9,7.6341
RouteID_a35f9166-ee7b-4577-bac6-2edf6556300e,DLA3,123,13,216,216,3313071.0,1988251.85,82.8,15,7452.2,17885.5,7.0383
RouteID_a35fa643-90bd-4df6-975f-32c429846e9c,DLA8,154,20,269,269,3313071.0,3001761.75,71.15,15,9789.0,19138.1,8.0353
RouteID_a361e557-6370-4397-a89c-76f0c859b2ce,DLA8,103,28,232,232,3313071.0,2480447.35,89.99,15,5521.7,20878.5,7.3334
RouteID_a364d61d-3b1a-4f1a-a94a-eb351a010ba3,DCH1,103,22,204,204,3313071.0,2143155.18,76.2,14,9049.1,15545.5,6.8318
RouteID_a369abdf-b2cc-4590-ac40-684a7a18fc6f,DLA3,136,13,214,214,3313071.0,1936542.3,102.91,16,8398.0,22022.9,8.4503
RouteID_a3736924-e224-43a2-8941-35c14a6d607e,DLA9,164,22,226,226,3313071.0,2140511.16,63.59,15,11804.5,14371.3,7.2711
RouteID_a3787c9a-4b44-49e2-bd5e-02db9fc96bfa,DBO3,160,29,209,209,4247527.0,3433289.63,67.02,12,14741.7,14006.4,7.9856
RouteID_a38343fc-4c25-498a-b4cb-8872ffde1f25,DBO3,137,22,184,184,3313071.0,2621548.54,55.52,13,13639.4,10216.3,6.6266
RouteID_a38f84bf-1040-4377-bef3-3d0a8d143541,DLA5,154,20,223,223,3313071.0,2436872.27,85.43,15,11545.6,19049.8,8.4987
RouteID_a39a342b-ca9c-4f2b-ba89-d2e4aeb282c6,DBO3,187,21,251,251,3313071.0,2423076.63,68.44,12,14194.8,17178.1,8.7147
RouteID_a3acab66-ed54-45b2-8109-31fd9a9075eb,DBO3,178,28,278,278,4247527.0,3653266.3,68.18,11,10191.1,18952.8,8.0955
RouteID_a3affc7f-18d6-44ba-9729-4151c20a556e,DSE2,55,19,216,216,3313071.0,2105533.53,119.93,14,4040.9,25904.2,8.3181
RouteID_a3d61003-d202-4259-8506-ce00c8b1d64a,DLA7,169,28,255,255,3313071.0,2581341.65,47.47,15,11753.3,12106.1,6.6276
RouteID_a3ed0d6e-2d3c-4a27-a302-9244fa261c1b,DSE4,153,26,265,265,3313071.0,2530845.97,68.36,15,11522.2,18115.3,8.2326
RouteID_a3f1c8ad-5c55-4e37-814f-e3998b84cc69,DSE4,117,15,207,207,4247527.0,3133659.48,88.92,15,7712.7,18407.1,7.2555
RouteID_a3f3caaa-7f27-4dc0-8f22-013269b2dff0,DLA7,161,21,239,239,3313071.0,2389199.11,60.1,16,12599.6,14364.9,7.4901
RouteID_a3fca8cb-fad1-40ae-a38b-cb421cc76002,DCH3,191,18,264,264,3313071.0,2693958.86,47.91,14,13948.4,12647.2,7.3877
RouteID_a3fd6021-d2de-4a2e-90b9-6d7b0389f1a7,DLA7,133,17,211,211,3313071.0,2360764.34,71.67,15,7684.4,15122.0,6.3351
RouteID_a4272688-1fb9-4e59-bf27-281a6cfae1f8,DLA3,167,14,279,279,3313071.0,2538740.2,66.32,16,9022.4,18501.9,7.6456
RouteID_a42a61cc-e70f-47a1-ab7d-58c1449171a7,DSE4,93,13,210,210,4247527.0,2620292.97,102.38,15,7969.6,21498.9,8.1857
RouteID_a42b8fd4-4204-4095-8edb-d17d2461ce5f,DSE5,84,9,154,154,4247527.0,2166811.35,128.11,14,6904.2,19729.7,7.3983
RouteID_a4370a4b-52ac-429d-a384-e2488dc79206,DSE5,161,15,220,220,4247527.0,2131576.67,68.94,14,14957.7,15166.2,8.3678
RouteID_a439a3a9-e17c-4485-baae-f26cb9ac7d60,DLA9,142,27,282,282,4247527.0,3243769.26,77.03,14,8901.3,21723.2,8.5068
RouteID_a43d436d-53ce-4b76-af3e-5a6087633860,DSE5,198,15,255,255,3313071.0,2030342.54,66.18,14,12876.3,16876.2,8.2646
RouteID_a44c08be-1a04-4b84-89c0-4d4f85aafa70,DLA3,82,17,212,212,3313071.0,2122917.71,80.5,15,4610.4,17066.2,6.0213
RouteID_a44f5e58-8c62-47c8-b2b8-65385f068dca,DBO2,140,20,230,230,3313071.0,3297754.04,70.92,13,10953.4,16311.4,7.5736
RouteID_a45bacc2-b629-42b4-baf7-ce4ac53a0701,DCH4,156,18,244,244,3313071.0,2609101.69,66.56,14,13279.7,16240.3,8.2
RouteID_a45f9a8b-bea0-44ca-bc03-3439cc43d590,DLA3,96,16,169,169,3313071.0,1556146.35,66.89,16,5671.7,11303.9,4.7154
RouteID_a46c6790-b23e-4b51-89e3-7a53a982e351,DLA9,151,26,220,220,3313071.0,2233248.6,70.38,14,10401.3,15484.4,7.1905
RouteID_a473a91d-3dc6-48f5-8086-25178c92feb7,DLA7,166,25,251,251,3313071.0,2608362.32,59.85,16,11808.7,15022.7,7.4532
RouteID_a4792b00-a859-4124-81c7-fe76800222a6,DBO3,179,30,246,246,4247527.0,3010112.42,59.83,12,14492.1,14717.7,8.1138
RouteID_a47e734c-2ee2-41f9-871c-c2eaf4681c56,DLA9,100,26,229,229,3313071.0,1965689.73,75.58,15,7333.3,17306.9,6.8445
RouteID_a4831784-d8a2-48ba-83c4-9c172625b7a9,DLA7,160,23,288,288,3313071.0,2550978.59,61.46,15,11469.8,17700.9,8.103
RouteID_a491d9ba-9042-4af1-a99b-3cabd7d500d9,DBO2,100,8,166,166,4247527.0,1546648.25,103.13,12,10317.2,17120.1,7.6215
RouteID_a493d516-9f71-4497-a5b3-9921ddbcf401,DLA3,188,20,293,293,3313071.0,3103086.54,70.72,16,9192.6,20722.1,8.3096
RouteID_a494980e-6587-4b93-ae3f-6c6e4632dc95,DBO2,184,23,249,249,4247527.0,2538619.96,56.22,10,13597.2,13998.8,7.6656
RouteID_a496a36e-1d42-4cb4-b444-cbb6d21a5695,DCH4,143,19,221,221,4247527.0,2735028.98,64.44,15,15109.6,14241.9,8.1532
RouteID_a4a59b87-4722-42ab-a6ec-fd29457a193c,DLA7,149,25,218,218,3313071.0,2130783.08,60.88,14,11086.4,13271.9,6.7662
RouteID_a4ab383f-a55c-444d-83de-be9f5f67301d,DLA7,122,14,203,203,3313071.0,2940473.73,60.05,14,8139.3,12191.1,5.6473
RouteID_a4ce693b-d8ec-4ec8-8c65-e2d916e3dcd9,DLA8,137,22,261,261,3313071.0,3015461.4,85.97,16,5853.9,22439.0,7.8591
RouteID_a4d848c1-6bbf-434e-865a-62688cbde9b7,DAU1,122,16,179,179,4247527.0,2392219.76,72.36,14,14175.9,12952.5,7.5357
RouteID_a4da262c-cd81-45c1-baff-f4ab8306c91e,DLA7,165,22,275,275,3313071.0,3093883.34,59.1,16,10642.8,16251.7,7.4707
RouteID_a4ddf749-3288-4c30-a5b3-b8f041949bd4,DLA7,140,22,222,222,3313071.0,2295735.1,71.65,14,12236.5,15906.8,7.8176
RouteID_a4ea9513-8300-478d-becb-99b20a60e85a,DBO3,173,32,278,278,4247527.0,3299923.4,64.98,13,14729.9,18063.8,9.1094
RouteID_a4fb27e9-405e-479d-a137-af325db6e833,DLA9,96,20,215,215,3313071.0,2247069.51,95.23,16,6520.9,20475.1,7.4989
RouteID_a4fde102-5888-4f53-83c2-66fd52c6d45d,DLA7,137,21,213,213,3313071.0,2310737.69,64.32,14,9899.5,13700.1,6.5554
RouteID_a5045faf-0e69-4ce7-9687-c4f34d63c4e0,DCH4,177,24,226,226,3313071.0,3039742.82,39.59,14,15751.7,8948.0,6.861
RouteID_a5051135-a7f9-49b0-b44b-62abe2061a8f,DCH4,207,26,287,287,3313071.0,2923536.69,51.33,14,16111.5,14731.5,8.5675
RouteID_a50d3864-6dc5-468a-ac48-4242403c115d,DLA3,141,28,225,225,3313071.0,2792351.75,62.95,16,8846.2,14164.6,6.3919
RouteID_a50dd091-0b14-4568-817c-4b2ad997c7ce,DLA7,169,19,248,248,3313071.0,2402303.48,62.08,16,10350.3,15396.2,7.1518
RouteID_a5138edf-87f6-4108-be1e-5c4b75e92982,DLA9,94,22,209,209,3313071.0,2030460.47,94.99,15,6011.5,19851.9,7.1843
RouteID_a51949a9-3505-4772-bc41-8b9cb8a92835,DLA9,163,24,284,284,3313071.0,2813314.58,75.81,16,10318.8,21530.2,8.8469
RouteID_a51d623d-a25e-44b6-9e05-d0e4c2d54552,DLA9,148,21,207,207,3313071.0,1731118.57,82.76,15,11811.4,17131.3,8.0396
RouteID_a526ac55-9ba1-400a-bfea-e534c2eef428,DLA7,146,26,214,214,3313071.0,1806056.16,52.18,14,12491.0,11167.2,6.5717
RouteID_a528db29-ebb3-4264-99a3-e26fdbb61c1f,DSE2,115,20,230,230,4247527.0,2794823.12,87.7,15,6189.7,20172.0,7.3227
RouteID_a52fd1b0-ca6c-4c30-abeb-e799f4e595b8,DLA3,128,24,281,281,3313071.0,3080792.65,38.86,15,7184.7,10920.4,5.0292
RouteID_a537d8c1-fd23-48ce-857c-859c211225b0,DLA3,176,17,256,256,3313071.0,2396608.58,57.11,16,12224.2,14620.6,7.4569
RouteID_a549f09e-e807-4adf-8715-4fdda825dd88,DLA7,148,20,244,244,3313071.0,2738136.22,57.51,16,11967.1,14031.9,7.2219
RouteID_a54a75f7-16a9-4599-af4a-44633d36b847,DLA4,152,9,208,208,3313071.0,2443437.85,70.62,17,10150.0,14689.1,6.8997
RouteID_a5579eb3-6584-4a92-97e1-a6909d39f560,DBO2,76,13,184,184,4247527.0,2410704.59,108.25,12,7832.5,19917.6,7.7084
RouteID_a5629ad3-ca22-472a-9a79-ea7bb72bcf7d,DLA8,93,21,229,229,3313071.0,2418548.47,89.9,16,6074.9,20588.0,7.4064
RouteID_a56913de-3b7b-4a3a-8ac6-3be34f9a937e,DBO2,159,29,275,275,4247527.0,3759724.69,67.47,13,10220.4,18554.3,7.993
RouteID_a5771fbf-6bff-4ddc-a701-3f84264efd46,DAU1,120,23,229,229,4247527.0,3419528.45,55.15,14,8031.6,12628.4,5.7389
RouteID_a588984d-7715-47a6-a5b9-c2d254847e71,DLA7,162,21,235,235,3313071.0,2541858.51,64.82,14,12192.3,15232.0,7.6179
RouteID_a58be18d-09d0-420d-a0c5-2fc9d715feb0,DLA7,144,23,210,210,3313071.0,2368501.78,50.34,16,10533.5,10571.9,5.8626
RouteID_a5a17fad-206a-4b64-b8a0-5569aef1a587,DLA7,125,21,226,226,3313071.0,2704973.91,70.78,14,9012.6,15995.6,6.9467
RouteID_a5a3ded0-02b0-4f5e-b40b-92ce51a9331c,DLA8,115,23,243,243,3313071.0,3225831.75,54.22,15,5528.3,13174.5,5.1952
RouteID_a5a56b8d-d4cf-4a3e-a4cd-72a326f71588,DLA7,152,26,219,219,3313071.0,2603411.58,57.42,15,12721.7,12574.8,7.0268
RouteID_a5ad6499-2511-4b0b-8656-60d05d87928e,DBO3,141,25,204,204,4247527.0,2275182.46,72.59,12,12290.7,14809.3,7.5278
RouteID_a5b26a24-ad6e-4fae-87df-4be4ca004a40,DLA8,126,20,212,212,3313071.0,2501647.85,66.38,16,11250.1,14072.2,7.034
RouteID_a5b2af85-b1bd-4746-b7e5-18e0fb9bd738,DSE4,149,20,286,286,3313071.0,2861743.45,65.36,15,10904.5,18693.4,8.2216
RouteID_a5b39b89-d8b8-4a83-a501-fb5aa0167346,DCH1,58,19,260,260,3313071.0,3022712.33,63.41,14,5008.9,16486.9,5.9711
RouteID_a5d3a9d1-6e7d-4619-b70e-6ce4c1641463,DSE5,176,15,258,258,4247527.0,2337511.1,73.68,13,14009.2,19008.5,9.1716
RouteID_a5d547b2-2766-4dc6-9551-4a0effa4473b,DLA3,61,17,155,155,3313071.0,1404693.87,85.5,15,5122.9,13251.9,5.1041
RouteID_a5d77984-2768-42d4-893b-e0910f8e4732,DBO2,112,18,193,193,4247527.0,2215478.22,103.3,12,10191.6,19937.2,8.3691
RouteID_a5f525b2-03cb-46c6-b1bb-e571de029a00,DBO2,158,23,233,233,3313071.0,3284730.42,47.69,13,10617.0,11112.5,6.036
RouteID_a6070cf6-6400-40fb-a8a3-e3d1fa79bbef,DSE5,130,8,197,197,3313071.0,2367202.66,75.18,14,9059.8,14810.6,6.6307
RouteID_a60837e4-f531-45b8-ac15-2ce8053daa99,DSE4,195,26,280,280,3313071.0,3222973.55,52.26,14,13194.9,14633.3,7.7301
RouteID_a60c9bb6-b97e-48ef-9d58-d0db1fc69eb0,DLA3,115,23,271,271,3313071.0,3289705.08,71.77,16,7518.6,19448.5,7.4909
RouteID_a60e817c-e0dd-4dbd-a211-a47a5c7b4381,DLA9,127,24,258,258,3313071.0,2542987.38,85.03,15,7266.7,21937.2,8.1122
RouteID_a6183bde-e1c9-4800-9ec8-284203f6b851,DLA3,160,14,249,249,3313071.0,2885581.05,92.69,14,8472.3,23080.2,8.7646
RouteID_a61deb9f-34fc-4596-b628-271937f0da45,DBO3,105,23,151,151,4247527.0,2391654.56,87.95,12,13956.2,13281.2,7.5659
RouteID_a61e13fb-2fa9-4c55-8f62-581210e9d52e,DCH4,204,31,290,290,4247527.0,3105118.25,49.61,15,15261.9,14385.6,8.2354
RouteID_a624de66-36b6-427e-90b9-0cc890a1991d,DLA5,162,20,226,226,3313071.0,2305088.24,64.52,16,12318.8,14581.9,7.4724
RouteID_a6333b24-ec74-449e-9909-e81e875df4c0,DLA3,130,16,207,207,3313071.0,1958471.93,99.31,14,8872.9,20557.3,8.1751
RouteID_a639818a-c86f-408e-b860-1ee1c9740a79,DLA5,207,25,292,292,3313071.0,2638092.74,46.28,16,16505.3,13513.3,8.3385
RouteID_a63ba5d9-4035-4403-ae68-5cbf3f7e7d2f,DAU1,138,19,185,185,4247527.0,2233054.55,45.92,15,14355.6,8495.8,6.3476
RouteID_a63fc229-d0d2-4f6c-992f-854c6bf9fae8,DLA8,94,22,253,253,3313071.0,2876132.88,78.61,16,4291.2,19888.8,6.7167
RouteID_a6411343-b6db-4ce2-9c4c-385255e48a64,DLA9,153,19,273,273,3313071.0,2795354.32,59.71,16,10850.5,16299.9,7.5418
RouteID_a643444e-4c7d-40b3-b0e6-8166cc8f8fba,DSE4,143,26,235,235,3313071.0,2287700.63,66.57,15,11143.0,15644.5,7.441
RouteID_a65d9856-8d18-4b35-8400-68ea1bde885f,DLA5,145,20,226,226,3313071.0,2281951.74,74.01,16,11445.0,16726.0,7.8253
RouteID_a66133fb-27b3-4739-b02d-94d60a09754f,DSE5,162,13,213,213,3313071.0,2636372.45,90.44,15,13783.0,19263.1,9.1795
RouteID_a662b5a7-35ce-44ea-865e-7fde403073cf,DLA8,101,22,254,254,3313071.0,2384057.45,87.0,16,5101.1,22098.8,7.5555
RouteID_a66b4559-ac69-44c2-a780-7224193ba84c,DBO3,157,19,206,206,4247527.0,2291030.71,61.02,11,13943.4,12570.8,7.3651
RouteID_a6a8fe73-f66b-40aa-8142-ca2bf42e1099,DSE5,106,10,196,196,3313071.0,2706552.84,71.53,14,10646.0,14020.8,6.8519
RouteID_a6b165ff-8cca-456d-a2db-0de751e313ee,DLA9,156,17,230,230,3313071.0,2591836.16,88.55,15,10562.2,20366.3,8.5912
RouteID_a6c79990-0bf9-41b0-ac25-c71370906b09,DLA8,140,21,250,250,3313071.0,2531995.78,86.51,16,8852.0,21627.4,8.4665
RouteID_a6f03f03-816f-469d-b2e2-77ba2696a3ab,DLA7,174,26,279,279,3313071.0,2677574.68,57.77,15,11125.8,16118.2,7.5678
RouteID_a6fa9eb1-9111-4526-b591-579c7f6f4bb4,DLA9,145,36,283,283,3313071.0,3043705.51,59.23,16,13691.1,16762.2,8.4592
RouteID_a7067e60-c0ac-4895-8a8d-7c7ea382320e,DSE4,183,24,288,288,3313071.0,2985661.93,58.69,15,10888.9,16903.7,7.7202
RouteID_a70dc8c9-25c3-4d6b-bba7-3f27c382eb92,DSE5,98,11,228,228,3313071.0,3138677.9,73.48,15,6246.9,16753.4,6.389
RouteID_a71855e0-a9d2-4814-8228-81183022973a,DBO1,165,15,280,280,3313071.0,2946273.35,72.53,11,10722.9,20307.0,8.6194
RouteID_a723b2b5-5dfd-445d-b9ba-5ca534407d11,DSE5,182,17,271,271,4247527.0,2876270.25,52.94,13,15140.9,14346.5,8.1909
RouteID_a72f412a-aa64-4069-9f1a-8b0f61c2c474,DLA5,164,25,241,241,3313071.0,2770307.75,75.63,14,15032.2,18226.5,9.2385
RouteID_a7609712-e5c5-4718-a4fd-2dce0181fe02,DLA7,151,21,235,235,3313071.0,2507277.83,73.15,15,10860.5,17189.4,7.7916
RouteID_a7728fdd-aa20-4129-bbba-dbff8ca270ee,DBO3,150,16,204,204,3313071.0,1896341.79,75.34,12,12967.9,15370.2,7.8717
RouteID_a773aa28-9e17-4822-9f49-933be4cb06ae,DLA8,142,14,233,233,3313071.0,3154469.23,62.53,17,8266.8,14570.1,6.3436
RouteID_a781bdf1-6bf5-4f52-bc08-a53c4bb713fe,DSE4,155,24,232,232,3313071.0,2634118.13,72.74,15,11008.6,16876.2,7.7458
RouteID_a781dbaf-0389-4eda-9ad7-991803cf709d,DSE4,166,27,278,278,3313071.0,2978935.56,45.94,14,11401.0,12771.5,6.7146
RouteID_a7876954-f9f0-4288-977a-66c421ec7406,DCH4,145,22,264,264,4247527.0,3863064.01,71.73,13,9537.4,18937.4,7.9097
RouteID_a78947fa-f071-44b5-83c3-0f63d9236bda,DBO3,185,22,255,255,4247527.0,3156056.19,47.67,12,14400.4,12155.3,7.3766
RouteID_a78f74bb-3cc8-4a28-a9d5-d0a81410a927,DSE4,177,24,286,286,3313071.0,3299406.34,59.55,15,10870.0,17029.9,7.75
RouteID_a7935df4-5114-41e1-871a-e31fcea8b07e,DLA8,137,28,268,268,3313071.0,2454914.91,74.95,15,7024.6,20086.4,7.5308
RouteID_a7962cc4-dc16-4cd5-bb6a-4ba6ecce0891,DBO1,38,14,195,195,4247527.0,2463155.01,106.99,12,4682.5,20862.1,7.0957
RouteID_a79c8d63-08a2-4d05-9bb0-0995babf4434,DAU1,200,39,287,287,4247527.0,3863834.85,66.93,16,13353.0,19208.0,9.0447
RouteID_a7a173a0-7e09-40af-b407-460948a4ca69,DLA7,165,19,262,262,3313071.0,2299629.83,63.49,16,11231.4,16634.2,7.7404
RouteID_a7a5c051-efea-431f-998a-f4bb8454e7e3,DLA9,133,20,232,232,4247527.0,2368210.3,52.08,15,9795.7,12081.6,6.077
RouteID_a7af0245-0b8d-44a1-9f87-14dd7f7e6530,DLA7,114,26,206,206,3313071.0,1887856.31,90.52,14,10127.4,18647.9,7.9931
RouteID_a7bad680-4a95-464a-b463-6093ee1ab3bc,DBO3,178,29,256,256,3313071.0,3240450.45,49.3,12,14530.6,12621.0,7.5421
RouteID_a7c347b1-322e-42a3-910b-f0fd0e8f28a8,DSE4,86,12,195,195,4247527.0,1937226.54,104.94,15,6059.9,20463.8,7.3677
RouteID_a7d82c97-50b9-4440-a019-c4c179cfb2df,DLA7,165,24,241,241,3313071.0,2320771.31,66.11,14,11843.6,15931.4,7.7153
RouteID_a7e02343-0d01-4dfa-bcd4-4614d0a7332d,DLA3,153,13,233,233,3313071.0,1983237.3,67.92,15,10281.6,15824.9,7.2518
RouteID_a7e080f6-3245-45eb-86ae-49036502f86a,DSE2,125,20,238,238,3313071.0,3276162.3,90.87,14,7221.9,21628.2,8.0139
RouteID_a7f8f55b-da99-49b0-8f4b-788082c2cf86,DBO2,162,23,238,238,3313071.0,2759671.89,72.53,13,10408.2,17261.9,7.6861
RouteID_a7fcb6d9-92cd-4139-9fe5-0d6eed905708,DSE5,194,17,283,283,3313071.0,3011257.42,59.39,13,10859.1,16808.4,7.6854
RouteID_a7fec47b-3157-4286-98c9-adc4f31d1a47,DSE5,185,16,270,270,4247527.0,2831984.81,53.93,14,11700.8,14561.4,7.2951
RouteID_a8076ce6-e287-46a0-8676-7819f8ffd5e9,DBO2,108,18,252,252,4247527.0,3159846.85,70.23,13,10245.4,17697.3,7.7619
RouteID_a809a1cd-6c0f-4a8f-bf29-bf43f73ddfe7,DLA3,82,36,228,228,3313071.0,3099964.37,84.44,15,4993.0,19251.4,6.7346
RouteID_a8117fc4-6efd-451c-9370-18acff758846,DLA9,119,15,209,209,3313071.0,2056842.35,86.25,13,7407.5,18025.3,7.0647
RouteID_a81cb618-1a77-40cd-9439-0ea91c576056,DCH1,91,32,255,255,3313071.0,2558655.23,80.45,13,6375.3,20515.7,7.4697
RouteID_a81eade1-ba14-4260-ac58-ba8c025fc068,DSE4,130,15,206,206,4247527.0,2509667.25,80.46,15,7879.1,16574.4,6.7926
RouteID_a820bb17-2811-4556-ab25-355af756dede,DSE5,175,15,278,278,3313071.0,3205973.0,54.26,15,11206.9,15084.0,7.303
RouteID_a83d90ab-d69a-4cee-8616-f7fc602e373d,DSE5,182,16,244,244,3313071.0,2472864.03,58.1,13,12489.7,14176.1,7.4072
RouteID_a83e36c6-bac0-4c0b-a6cb-1d5a9b1724c4,DLA8,95,24,272,272,3313071.0,2938267.22,66.1,16,5160.9,17979.7,6.4279
RouteID_a844cf80-b7a6-41f0-87d7-cb4439ab59c9,DAU1,126,22,182,182,4247527.0,2108700.9,63.71,14,14701.6,11595.6,7.3048
RouteID_a849ea59-c9c6-4e82-a3e5-ebf86dfbe924,DSE5,107,17,232,232,3313071.0,2219269.78,70.82,15,7872.6,16430.2,6.7508
RouteID_a84d925d-bb8e-492e-9128-640174caa364,DLA7,185,19,253,253,3313071.0,2775543.64,47.35,16,13822.3,11980.8,7.1675
RouteID_a84f8d34-df1f-4cd0-89ec-a6d1fb09841e,DCH4,184,23,255,255,4247527.0,2484657.9,62.73,13,12153.9,15995.5,7.8193
RouteID_a860e2db-dd4f-4e3d-86d6-26d546a9143f,DBO3,150,18,205,205,4247527.0,2206781.1,65.36,12,14504.2,13397.9,7.7506
RouteID_a86b4bc6-638e-43e8-ac29-ec299fa96c9a,DLA8,154,19,236,236,3313071.0,2664410.82,65.69,16,9334.7,15503.6,6.8995
RouteID_a875c01a-68bf-4109-891f-d070ce2a7688,DSE4,139,15,244,244,4247527.0,2532588.61,80.32,15,7811.0,19596.9,7.6133
RouteID_a891732c-79b0-46c8-b856-fc7911a87f26,DBO3,148,25,193,193,3313071.0,2225990.05,52.29,12,14927.4,10092.8,6.9501
RouteID_a89d4ae1-f01e-4cf1-89e2-1c5f562c67aa,DLA8,154,18,246,246,3313071.0,2899902.59,75.55,16,9801.2,18584.3,7.8849
RouteID_a89ed993-387c-4de1-b3e5-65208a291eb5,DSE5,118,7,193,193,4247527.0,2247099.05,91.92,14,11965.3,17739.9,8.2514
RouteID_a8aa0f37-b5a0-4088-8c46-2f60bc40e949,DLA3,184,14,266,266,3313071.0,2441282.75,75.89,16,9302.5,20185.6,8.1911
RouteID_a8b74fa1-ea9d-4f3c-8fb3-15c82462cb8b,DLA3,151,16,230,230,3313071.0,2032937.87,82.59,14,9746.2,18995.2,7.9837
RouteID_a8c51576-4251-4d97-8eeb-652a7f3005e5,DLA4,147,13,233,233,3313071.0,2922081.16,75.78,16,9915.1,17657.3,7.659
RouteID_a8cb875a-ab61-41e9-be67-eb659e03ae56,DCH4,164,20,232,232,3313071.0,2881373.91,60.45,14,13725.3,14024.7,7.7083
RouteID_a8d647f1-f2cc-4232-a637-612458c2c1f9,DLA8,185,23,292,292,3313071.0,3063939.74,60.36,16,11585.6,17625.6,8.1142
RouteID_a8e958ca-f29f-443c-b89b-6d1f6d1b910d,DCH3,195,21,274,274,3313071.0,2888513.86,78.64,15,11484.4,21547.8,9.1756
RouteID_a8f0009d-e50a-49c9-84d3-f9885ad14a54,DLA8,140,16,205,205,3313071.0,1817925.91,66.75,14,11271.2,13683.0,6.9317
RouteID_a8f9607d-a0b1-42a1-82f4-1379f5876d94,DLA7,155,26,229,229,3313071.0,2416337.7,78.89,15,13406.5,18065.1,8.7421
RouteID_a9089a2d-bb87-4449-8517-a0eb5477cd46,DBO3,162,30,242,242,3313071.0,2808644.08,59.43,12,13216.5,14382.3,7.6663
RouteID_a9146121-cad0-48ad-94c6-282e3866e06d,DBO3,169,24,229,229,4247527.0,2663335.8,51.03,12,13710.6,11685.0,7.0543
RouteID_a91523a8-433c-4b10-ad77-c88f04f140c4,DLA3,105,19,213,213,3313071.0,2839614.1,81.61,15,7376.4,17382.6,6.8775
RouteID_a91ec2af-80f4-429c-87b8-7cf28a0588ae,DBO3,154,33,230,230,4247527.0,2648764.59,67.95,13,12565.3,15628.4,7.8316
RouteID_a9269af9-2698-4ff0-b768-4992a5df3056,DLA9,82,15,153,153,3313071.0,1851090.55,103.08,13,9287.8,15770.7,6.9607
RouteID_a9291d57-3084-46be-bd9e-f5843f0601f8,DBO3,165,22,209,209,4247527.0,2796206.49,69.05,11,14912.7,14431.2,8.1511
RouteID_a92f6ee9-89d2-4288-8ea8-b409488dd703,DBO3,175,27,217,217,4247527.0,2490434.71,50.65,12,13225.9,10991.2,6.727
RouteID_a94148c4-b724-498f-a4a7-16445bdffbb3,DBO2,106,18,186,186,3313071.0,3307236.56,87.84,12,9017.4,16338.5,7.0433
RouteID_a94a11b3-4f98-4568-b292-124414bcbc93,DBO3,147,28,252,252,4247527.0,3053708.29,68.98,11,13336.7,17384.0,8.5335
RouteID_a9506e31-2da8-40e3-8650-da2e37b625a9,DLA9,166,19,255,255,3313071.0,2564323.27,61.6,15,11633.3,15709.2,7.5951
RouteID_a9581756-0c4d-4139-a735-d3ebe3960bf5,DLA9,105,24,205,205,3313071.0,1742786.12,79.96,13,7643.3,16392.0,6.6765
RouteID_a95a674a-74c2-4e78-a3c6-b4eba6485ebd,DBO3,156,19,230,230,3313071.0,2242386.61,59.82,12,11381.9,13757.9,6.9833
RouteID_a95e5964-aa3f-4917-92e4-80f0dab0bb59,DSE5,117,9,173,173,4247527.0,1658872.05,94.82,14,12576.2,16403.9,8.05
RouteID_a960b3bb-b0f1-44f9-a785-87cb5910e096,DCH4,165,24,251,251,4247527.0,2374783.67,37.55,14,13527.5,9425.3,6.3758
RouteID_a960e907-674b-48f9-9e49-47c46e90c342,DBO2,139,26,231,231,3313071.0,3220451.88,77.24,13,9066.4,17841.6,7.4744
RouteID_a9667161-92ac-424e-a028-2df225bf5e54,DLA3,151,14,237,237,3313071.0,2166926.43,82.84,16,9075.1,19632.3,7.9743
RouteID_a9879e59-eaef-42a3-a35b-21259c821eb1,DLA8,143,15,191,191,3313071.0,1855372.15,69.3,16,11055.1,13236.3,6.7476
RouteID_a988ad07-acb8-42b6-9e7c-b40fe88dd183,DCH4,194,24,263,263,4247527.0,2531310.63,47.17,15,13403.2,12406.9,7.1695
RouteID_a99a5df1-baa6-4dc8-acc2-f5eb5c277522,DBO3,134,19,169,169,4247527.0,1991780.53,83.99,12,14731.6,14193.7,8.0348
RouteID_a99c1bfb-d13d-4173-9e0a-959d727f37ce,DLA8,136,26,274,274,3313071.0,3239820.59,110.17,15,7977.9,30187.0,10.6014
RouteID_a9a11225-ab03-4031-9853-50f7f0127837,DLA5,189,23,290,290,3313071.0,2682090.56,59.72,15,11422.9,17319.4,7.984
RouteID_a9e7a704-4d21-483a-a475-db5a6ccb4e71,DSE5,173,19,289,289,4247527.0,3551486.73,54.53,14,15272.1,15758.2,8.6195
RouteID_a9eb91e7-9080-404d-ad7b-f834fed7a763,DSE5,128,6,164,164,4247527.0,1891120.16,95.18,14,10801.2,15610.1,7.3365
RouteID_a9fd1bc3-b7e6-4c92-92f6-c4148de21e08,DLA8,68,22,201,201,3313071.0,2391570.7,104.94,15,4812.2,21092.2,7.1957
RouteID_a9fee55e-c2d5-44f6-9897-2e7381a13cb0,DLA7,180,25,262,262,3313071.0,2626349.23,62.7,15,11294.4,16427.1,7.7004
RouteID_aa0780c0-796a-4b83-a935-ccde4f1b7bff,DBO3,188,32,239,239,4247527.0,2674521.21,38.48,11,15750.2,9196.3,6.9296
RouteID_aa07f149-e5dc-474a-807d-959841e7a7eb,DLA8,129,19,272,272,3313071.0,3154125.9,72.95,17,6222.8,19842.3,7.2403
RouteID_aa24b64a-f69c-4b81-bcc8-985b6eaa7cca,DLA7,164,21,242,242,3313071.0,2545994.57,71.74,15,11188.5,17361.4,7.9305
RouteID_aa2a26ab-815a-4029-b26b-5da4022976ae,DCH4,164,17,219,219,4247527.0,2726658.19,81.42,15,12142.7,17831.8,8.3262
RouteID_aa305cbf-d1e9-486f-a6d6-b87d7a7bbf97,DCH1,94,21,264,264,3313071.0,3209797.06,84.32,15,7901.9,22259.8,8.3782
RouteID_aa3115a8-f9b9-4bcf-8f68-7b3f5d2383a1,DLA9,132,20,259,259,3313071.0,2813612.92,63.5,16,9084.0,16446.2,7.0917
RouteID_aa4088dd-0ae5-480f-94a4-466faf785256,DCH2,158,22,298,298,3313071.0,2854452.26,59.88,12,9051.7,17843.4,7.4709
RouteID_aa6c325e-74cb-4740-b327-8915ab9b0baa,DSE5,196,15,269,269,4247527.0,2720878.77,49.08,13,14080.3,13203.5,7.5788
RouteID_aa70910b-3cd5-47e5-887e-286dcef5351f,DLA7,132,24,216,216,3313071.0,2296247.62,79.47,14,10288.4,17165.6,7.6261
RouteID_aa76ad4e-a9d4-40c5-a70e-82a85b160ada,DLA9,163,26,242,242,4247527.0,2457916.35,48.63,14,12071.3,11768.9,6.6223
RouteID_aa865278-bb77-4f57-95cf-2c8086d1418f,DLA7,164,25,251,251,3313071.0,2887013.97,61.48,16,11418.5,15431.6,7.4584
RouteID_aa8f4802-492b-4e9a-9e4f-a821bbddbe0d,DBO3,188,35,248,248,4247527.0,2624549.92,60.61,12,15974.6,15030.2,8.6124
RouteID_aa975993-3df9-4726-bd40-1e907c8ba915,DLA9,115,28,222,222,3313071.0,2365799.69,98.65,16,9286.6,21900.6,8.6631
RouteID_aaac8942-2864-42bd-af84-629939653c5f,DSE5,183,15,252,252,4247527.0,2764664.35,55.16,14,13222.7,13901.2,7.5344
RouteID_aabd5c7a-1ab1-4f3b-8ceb-80f0296284b8,DBO3,159,15,214,214,3313071.0,2792807.74,47.71,12,14438.0,10209.5,6.8465
RouteID_aac23a01-8ec0-4b1e-ba40-ce249b0d7068,DBO2,123,23,265,265,3313071.0,3180577.62,49.82,13,8216.0,13201.1,5.9492
RouteID_aac5b390-fa8e-46aa-bf5f-998ae5c07c5f,DLA7,151,20,206,206,3313071.0,2439588.74,67.43,16,9737.0,13889.6,6.5629
RouteID_aae3f5fb-5686-4f24-82b5-e5604d4bba4a,DLA7,173,24,260,260,3313071.0,2317386.88,38.36,16,12304.6,9974.7,6.1887
RouteID_aae89042-f138-4373-bf5c-2e56944eb6ed,DCH3,178,17,239,239,3313071.0,2976651.19,75.27,15,12327.5,17989.6,8.4214
RouteID_aaf4f571-1e57-4222-ac34-1b2d85318033,DBO2,139,20,196,196,3313071.0,3034980.03,66.16,13,15558.9,12968.2,7.9242
RouteID_aafb424c-8b74-44b0-9e5b-fe784b92fb13,DLA9,111,24,247,247,3313071.0,2288634.73,90.81,14,7185.3,22430.9,8.2267
RouteID_ab0a7f31-7a53-4d67-a703-34c52c547e5c,DLA7,140,28,199,199,3313071.0,1839816.77,65.34,14,11806.6,13002.1,6.8913
RouteID_ab0baf2d-2c6f-45e9-89a7-6f20cc0e8f1d,DCH4,163,18,241,241,4247527.0,2825851.0,56.73,15,15098.9,13672.3,7.992
RouteID_ab0bb2dc-bb16-4d1b-b28a-573cfc4fb06f,DLA7,149,22,225,225,3313071.0,2501032.75,64.2,15,9224.0,14444.4,6.5746
RouteID_ab0f3013-d73d-415a-b5c3-b1ff790c4458,DLA8,123,21,268,268,3313071.0,2527917.3,64.6,16,5683.3,17314.0,6.3881
RouteID_ab1486c0-4aec-4557-b344-269b8a84a6fe,DLA3,152,14,234,234,3313071.0,1905583.4,84.33,16,9696.8,19732.6,8.1748
RouteID_ab30cf52-63d1-4d4b-8a6a-5cd3eda0be93,DLA7,135,19,200,200,3313071.0,1970548.66,68.05,15,10879.7,13610.0,6.8027
RouteID_ab418d95-108b-44a8-80e6-6a322cf2b9d8,DLA3,103,25,210,210,3313071.0,3245517.74,79.67,15,6912.8,16731.0,6.5677
RouteID_ab556d1d-8537-46dd-921f-2a8423a6dabf,DSE5,149,12,213,213,3313071.0,2020648.37,99.9,15,11667.7,21278.6,9.1518
RouteID_ab55cbe9-3fab-47ff-84d6-6fae4d6ad3e0,DLA7,141,19,215,215,3313071.0,1974751.12,71.3,15,8260.9,15330.0,6.553
RouteID_ab58e8fa-bb6e-40fb-ae16-924ddf6d4700,DSE2,109,15,226,226,3313071.0,2441248.12,98.22,13,7674.9,22196.7,8.2977
RouteID_ab5a6947-06f4-4ea1-b4a4-ceaf94f1f3e2,DLA3,168,14,227,227,3313071.0,1803125.45,73.41,16,9123.5,16664.0,7.1632
RouteID_ab5cec77-30ff-467c-a26a-6bd7ac3ac62f,DCH4,141,14,195,195,4247527.0,2320379.63,71.08,14,14026.5,13860.2,7.7463
RouteID_ab60f535-8db9-4d4f-8532-3c5b64c8104c,DSE4,186,24,279,279,3313071.0,3335888.08,74.41,15,12264.8,20761.6,9.174
RouteID_ab632b5f-f121-4910-9994-d7dc3ccffeb4,DLA9,116,22,257,257,3313071.0,2088959.88,85.54,16,8458.2,21983.3,8.456
RouteID_ab670136-976b-4c2f-ace1-421919c5099a,DLA7,160,23,244,244,3313071.0,2827929.17,77.7,14,10375.8,18958.6,8.1484
RouteID_ab68dc57-7121-4547-8d3b-6510db775a62,DSE5,146,11,210,210,4247527.0,1872725.21,83.39,13,11173.3,17512.4,7.9683
RouteID_ab767adb-255e-4cfe-8791-aedffeccc5c4,DLA8,143,28,240,240,3313071.0,2876473.9,53.59,16,10601.7,12862.1,6.5177
RouteID_ab8a0df8-f3cc-4523-a392-c0efcb40a91a,DCH3,184,17,275,275,4247527.0,3173152.78,53.76,15,14232.1,14782.8,8.0597
RouteID_ab938705-4a38-4a90-85b0-e9f277098fed,DLA9,125,28,252,252,4247527.0,2668076.92,92.64,14,10241.2,23346.0,9.3298
RouteID_ab991d03-ebe3-4a09-9743-5d2213698395,DLA5,151,24,235,235,3313071.0,2164478.64,71.87,14,10663.5,16890.5,7.6539
RouteID_ab9b2244-ecf1-4ae3-beaa-53103cc16a3d,DCH4,160,26,229,229,4247527.0,2913458.52,72.63,13,11138.5,16632.9,7.7143
RouteID_ab9e4142-7a2b-412c-8a81-30ea547568c3,DLA3,67,16,172,172,3313071.0,2216953.6,73.8,16,5659.9,12694.2,5.0984
RouteID_ab9ffee3-d3cc-44f8-bb80-470e71e2fd57,DLA7,159,24,231,231,3313071.0,2953973.34,59.89,16,13675.4,13833.9,7.6415
RouteID_aba9454b-abe3-429c-9dcb-fe5d325a8806,DAU1,150,25,241,241,4247527.0,3660138.33,62.02,13,14681.1,14948.0,8.2303
RouteID_abab8462-a437-4705-9cdb-7077c604bbcb,DSE4,221,25,297,297,3313071.0,3047017.15,47.01,15,12073.7,13963.3,7.2325
RouteID_abb754e8-464c-49e7-9eef-27082fb56a8f,DLA4,192,15,265,265,3313071.0,2817123.24,77.42,16,12787.5,20516.9,9.2512
RouteID_abd916d7-bf9c-4e33-85e7-3d376b2ed501,DLA7,132,18,196,196,3313071.0,1941830.66,78.18,15,11409.6,15323.9,7.426
RouteID_abdda295-a77c-4175-ac51-7e9b98dae1fa,DLA8,184,25,289,289,3313071.0,3111738.66,60.84,16,10640.3,17582.6,7.8397
RouteID_abddbc66-3bbe-4c98-9f25-e3259109c3cf,DLA7,136,23,212,212,3313071.0,2370435.34,52.05,14,9657.0,11035.2,5.7478
RouteID_abdfea17-53f6-42b4-a214-d23da295e3e9,DSE5,213,15,297,297,4247527.0,2902561.34,58.79,14,13781.4,17459.7,8.6781
RouteID_ac042ba4-414c-4be7-bceb-e1fcd4ea8248,DLA7,136,20,183,183,3313071.0,1785909.25,77.44,14,11322.2,14170.8,7.0814
RouteID_ac04476f-201b-45ec-b8c2-21410355b711,DLA7,165,21,222,222,3313071.0,2761408.58,54.3,16,11339.9,12054.2,6.4984
RouteID_ac29a4ff-5b20-45c2-b543-40e370d364be,DLA8,180,29,288,288,3313071.0,3012766.49,36.46,15,11421.6,10500.1,6.0894
RouteID_ac2a5df6-1331-495a-a1fb-184842e71d1e,DLA7,145,21,231,231,3313071.0,2209954.14,71.0,15,11908.7,16401.6,7.864
RouteID_ac30fdb7-71d5-4e47-a374-ac20aad7595a,DLA7,182,28,234,234,3313071.0,2481485.61,63.6,15,12362.9,14883.0,7.5683
RouteID_ac3d61ef-e105-44cb-a0a1-6d2b8c2cd52f,DAU1,112,28,232,232,4247527.0,3359111.12,83.93,14,7763.2,19472.5,7.5655
RouteID_ac420f7f-a564-430b-a8fc-dac451158a75,DLA7,139,25,228,228,3313071.0,2045681.57,77.55,15,9839.8,17682.1,7.645
RouteID_ac5ca6d3-f1d8-46ee-9996-fb7dbc4378ee,DBO3,128,24,182,182,4247527.0,2409244.98,71.93,11,13657.6,13091.3,7.4302
RouteID_ac733380-9df5-491e-8b99-3b64039123a7,DCH4,193,28,268,268,4247527.0,3183105.91,45.09,15,13342.1,12084.1,7.0628
RouteID_ac7d83a3-7c3b-4a92-924a-32781027b946,DLA8,155,16,232,232,3313071.0,2317444.34,81.69,14,11428.5,18951.6,8.4389
RouteID_ac81c4df-1e79-4c08-b6e7-cfa4cfc38cf2,DCH3,154,19,240,240,4247527.0,2375841.95,59.74,14,12300.8,14338.3,7.3997
RouteID_ac838929-a378-4614-86e7-467e5f310571,DLA8,167,21,255,255,3313071.0,2521721.43,63.64,16,12581.4,16228.7,8.0028
RouteID_ac93e804-ad8c-41ba-bc7e-0f20a42cfb1f,DLA4,158,14,265,265,3313071.0,3157659.64,80.69,16,8207.4,21382.4,8.2194
RouteID_ac9757c9-9361-4d60-a584-2fc6f46fb398,DLA7,169,21,260,260,3313071.0,2481184.65,58.06,16,11097.8,15096.5,7.2762
RouteID_ac99d772-6468-48a6-8efd-7a558a10d3a0,DLA9,128,22,234,234,3313071.0,2647821.5,64.03,15,10484.6,14982.7,7.0743
RouteID_ac9c6b4e-3fdf-43b3-b3af-8754089360aa,DLA8,158,19,219,219,3313071.0,1948662.59,79.87,16,11075.0,17491.3,7.9351
RouteID_aca3ef0a-d86d-44b4-be88-32e18d346a4f,DSE2,95,20,197,197,3313071.0,2190675.96,73.87,15,7741.3,14552.6,6.1928
RouteID_aca8f2c4-92b6-4201-aaa0-1c616f462b13,DSE4,175,18,257,257,3313071.0,2938591.92,67.75,15,11280.0,17411.4,7.9698
RouteID_acab06aa-0f46-4e59-9fe8-7441dcf49d1d,DSE4,140,14,205,205,3313071.0,2415215.64,66.78,15,14465.5,13690.7,7.8212
RouteID_acab120e-025e-4288-84a3-8dd9212c5bde,DLA8,152,26,299,299,3313071.0,2761066.31,77.73,17,8185.9,23241.4,8.7298
RouteID_acad95d0-d87b-4e48-a761-906642d82109,DLA8,83,19,206,206,3313071.0,2375207.26,106.03,15,4602.6,21841.7,7.3456
RouteID_acdc8626-043c-46c3-a54b-a1e0e42cfabd,DBO3,165,25,222,222,3313071.0,2491931.36,58.99,12,14670.4,13096.0,7.7129
RouteID_ace28dd4-da5e-4010-a71b-a6506b41019d,DSE5,122,7,176,176,4247527.0,1997732.86,69.79,15,10010.2,12283.0,6.1926
RouteID_acf23804-63a9-4b2a-aeaf-084baaf8c0d0,DCH1,107,28,257,257,3313071.0,2697265.31,91.21,14,5203.8,23441.2,7.9569
RouteID_acf8c1e2-7668-4bd9-9acf-3284184fb14f,DSE4,112,18,198,198,4247527.0,1726809.63,96.62,16,7698.5,19130.6,7.4525
RouteID_ad0952c4-114f-4f5c-81dc-e56e57542598,DSE4,169,28,277,277,3313071.0,3006894.39,51.36,14,11299.6,14228.1,7.091
RouteID_ad13e9f6-ec01-4884-b1b0-8bdc83026054,DLA9,144,32,250,250,4247527.0,2371411.51,64.04,15,8858.6,16010.4,6.9081
RouteID_ad14a940-28f4-46e1-8b50-13d9a8638788,DLA7,92,23,164,164,3313071.0,1536251.18,101.03,15,8999.9,16568.4,7.1023
RouteID_ad227a55-6862-44a9-bd83-d050cd1598de,DLA5,173,17,261,261,3313071.0,2845089.17,62.58,15,10434.7,16332.8,7.4354
RouteID_ad3297ac-d934-4c08-bb50-13f1abac542b,DLA7,162,25,244,244,3313071.0,2701121.27,59.75,15,11576.0,14579.0,7.2653
RouteID_ad3bdd09-a158-466e-8bac-59678583f70c,DLA7,167,24,218,218,3313071.0,2463439.54,69.0,15,12130.4,15041.7,7.5478
RouteID_ad3db0f5-ff12-4359-8fd4-793379b404ff,DLA7,149,22,253,253,3313071.0,2782761.25,53.79,15,9975.3,13608.9,6.5512
RouteID_ad42475e-564a-4266-8940-94dd7820f278,DLA5,169,22,256,256,3313071.0,2600556.39,64.22,14,11268.5,16439.9,7.6968
RouteID_ad5a0862-c3f0-4ae7-956b-8c6113bb4d83,DSE5,132,10,186,186,4247527.0,2227501.65,86.37,15,11384.1,16065.2,7.6248
RouteID_ad6b5292-8fc1-45d0-870b-74112d2315e0,DBO3,129,16,166,166,4247527.0,2307810.43,74.87,11,12236.9,12428.7,6.8516
RouteID_ad6d42eb-1802-4f31-97d8-ac62ecef53bc,DLA9,114,17,248,248,3313071.0,3041268.57,83.69,16,6353.3,20754.2,7.5299
RouteID_ad758605-97be-49c3-aaab-68c18586d78d,DBO3,186,30,253,253,4247527.0,2549888.58,39.4,11,16088.1,9968.1,7.2378
RouteID_ad7d3348-b2f9-4cc4-aa5c-beb663f0b6e4,DLA7,150,24,210,210,3313071.0,2269637.86,72.23,14,11312.6,15168.9,7.356
RouteID_ad88899a-3bc7-4119-94c3-481e5aa99322,DLA7,177,24,254,254,3313071.0,2557265.29,62.64,16,10896.8,15909.6,7.4462
RouteID_ad89f815-f4d1-4661-b391-4b3b49cdee15,DLA9,139,22,235,235,3313071.0,2388355.03,63.8,14,8400.5,14992.9,6.4982
RouteID_ad8a26f3-313f-4346-ad37-67a7eec07231,DAU1,137,28,248,248,4247527.0,3251775.76,68.97,14,8744.4,17105.7,7.1806
RouteID_ad8d74d8-7b53-4c21-b53b-cce1d3a5d8ae,DLA8,157,17,222,222,3313071.0,2061400.47,74.75,16,11365.2,16593.9,7.7664
RouteID_ad97008c-5527-454e-be14-69ffac32eeb0,DLA8,105,23,295,295,3313071.0,3291087.97,72.44,16,4880.3,21370.1,7.2918
RouteID_ad97f1a6-f155-46b2-9214-c4db22ad364e,DLA8,154,15,245,245,3313071.0,2670153.36,86.7,16,9628.7,21242.4,8.5753
RouteID_ad9ebd7e-9bde-472a-8bf8-0247a720a513,DLA9,149,21,234,234,3313071.0,2079584.77,56.46,15,10431.0,13212.6,6.5677
RouteID_ad9efe94-f238-427d-a40a-d14fca409cf1,DCH4,132,21,201,201,4247527.0,2367944.77,44.91,15,13688.8,9026.8,6.3099
RouteID_ada5622b-af65-4f2e-b3af-20bb65753c97,DLA9,114,23,253,253,3313071.0,3104739.38,93.25,15,9230.0,23591.4,9.1171
RouteID_adb09350-7973-4ec4-9307-00a6db671121,DLA4,132,13,254,254,3313071.0,2715928.13,83.64,13,6602.6,21244.0,7.7352
RouteID_adc1df56-de12-4ae6-9d96-a5d382208237,DSE2,115,19,225,225,3313071.0,2521677.18,100.92,14,6044.7,22707.0,7.9866
RouteID_adc8740e-2980-432e-8384-8f95b94d4480,DLA7,153,20,244,244,3313071.0,2508499.98,73.41,16,10932.6,17911.6,8.0123
RouteID_adc8cb22-85c8-4f84-bbf5-be01c0259492,DSE5,166,14,253,253,3313071.0,3017799.99,64.73,13,9752.2,16376.4,7.2579
RouteID_adc8e30a-2a2e-4335-8411-5e338bb3352c,DSE5,159,16,241,241,4247527.0,2464935.4,73.59,13,14407.3,17734.1,8.9282
RouteID_adcb0b73-4b3d-4584-bde0-df19246212a6,DSE5,131,9,198,198,4247527.0,2541411.58,63.95,15,8751.5,12662.8,5.9484
RouteID_addb5967-be52-45cf-9dd8-92290cba7eff,DSE4,100,14,185,185,4247527.0,1965596.85,106.0,15,7044.5,19609.7,7.4039
RouteID_ade213ff-4296-498d-92cc-6b7f9cb27206,DLA9,112,15,169,169,3313071.0,1558680.88,92.4,15,9087.5,15615.8,6.862
RouteID_adf6080e-0811-4f5b-affa-e5f693d58e99,DCH1,165,20,249,249,3313071.0,2970262.2,81.86,13,10579.4,20382.9,8.6006
RouteID_ae0a4dde-8eb4-4a1a-be0b-be2221fa3f4d,DLA7,128,21,242,242,3313071.0,2056546.32,66.73,14,9991.8,16147.6,7.2609
RouteID_ae0cbfc3-eef3-4355-833a-46282d7ff293,DLA7,150,24,226,226,3313071.0,2121345.23,57.54,16,12218.9,13004.7,7.0066
RouteID_ae24272e-bb16-4933-813c-a166977664c5,DCH3,175,18,249,249,3313071.0,2728054.38,70.01,15,9874.6,17432.1,7.5852
RouteID_ae280908-b8e6-4116-a611-e08105eb4539,DSE2,117,18,240,240,4247527.0,2887494.28,83.46,15,5164.3,20029.6,6.9983
RouteID_ae4a638c-c64c-4d1e-bb45-7bb9dc02d988,DLA7,182,22,247,247,3313071.0,3119405.1,49.31,16,12213.9,12178.8,6.7758
RouteID_ae563d27-1d0a-4018-b0de-d1f848666aac,DLA9,173,21,298,298,4247527.0,2877770.31,73.18,14,10578.2,21809.1,8.9965
RouteID_ae61a612-e313-4867-aab2-462827e77146,DLA4,114,16,239,239,3313071.0,3157590.06,62.9,14,9535.4,15032.4,6.8244
RouteID_ae6cf76f-4a16-4d83-a5e7-a51280e4a9f3,DLA9,136,19,231,231,3313071.0,2132687.8,63.67,16,10682.3,14706.7,7.0525
RouteID_ae6eac32-403a-4c1a-8ccb-b8bdcaf25bad,DBO3,187,27,295,295,4247527.0,3476281.39,59.51,12,14063.0,17555.7,8.783
RouteID_ae7545f8-6535-4710-b6ea-30b4fb64cc02,DLA9,130,21,247,247,4247527.0,3329863.83,47.12,15,10991.1,11639.5,6.2863
RouteID_ae7c078f-9775-4382-97b9-b82dc13228e9,DLA9,98,22,218,218,3313071.0,2478740.37,76.6,13,7628.3,16698.2,6.7574
RouteID_ae83f221-8fb7-4445-9918-c553cc73afa0,DBO3,95,18,166,166,4247527.0,1620914.3,81.49,11,8255.9,13528.1,6.0511
RouteID_ae8aaf40-e438-430c-8f47-6eb7cac2bba9,DLA4,63,17,177,177,3313071.0,1672969.8,110.78,13,5126.4,19608.3,6.8707
RouteID_ae9052bc-3142-4f95-89a4-b0798701f8e3,DBO3,177,15,260,260,3313071.0,3210302.94,53.62,12,13226.5,13941.0,7.5465
RouteID_ae94f641-842f-4926-ac0e-d7e92df94d7b,DLA7,164,27,249,249,3313071.0,2633006.42,54.32,14,13756.0,13525.6,7.5782
RouteID_aead13ab-289d-4afa-af0d-80cfde2d50ab,DLA9,157,29,278,278,3313071.0,2673589.21,71.48,14,9414.1,19872.0,8.135
RouteID_aeae06f6-9d80-4050-8c27-fb82f69825b4,DCH4,145,15,201,201,4247527.0,1704560.66,88.43,13,14438.7,17774.4,8.9481
RouteID_aebb3c46-444e-4ae5-a144-da7e8368bfbe,DLA3,175,19,255,255,3313071.0,2661560.69,75.94,16,11477.2,19365.0,8.5673
RouteID_aebc863c-f43f-46cf-aba7-0b44b7cace15,DLA9,158,23,248,248,3313071.0,3014812.72,82.67,13,11906.6,20501.0,9.0021
RouteID_aec7069d-b705-4140-9b17-c8deac267e5d,DSE4,150,25,219,219,4247527.0,2472565.99,95.82,15,11689.6,20983.6,9.0759
RouteID_aec931a8-867e-4153-9966-360ea6a0cf1c,DLA7,130,21,234,234,3313071.0,2045938.03,76.9,16,10494.3,17993.5,7.9133
RouteID_aee1994f-efe8-48cc-83dc-99642bea4fe3,DLA7,143,18,220,220,3313071.0,2076584.87,81.49,15,9879.2,17928.6,7.7244
RouteID_aeec28bc-213f-4f03-aef0-a5d1be549960,DLA4,112,13,218,218,3313071.0,3072748.28,86.96,14,7519.2,18958.2,7.3548
RouteID_aef159d2-fa28-4b79-8b92-e888525ff41b,DLA7,132,30,198,198,3313071.0,1976590.74,74.11,16,9825.0,14672.8,6.8049
RouteID_aef41fd5-7618-4f22-9a32-d5a2f3444ea0,DLA7,142,18,199,199,3313071.0,2126889.33,68.32,15,10673.1,13594.8,6.7411
RouteID_aefe7b14-f3d9-4430-86eb-fa6aab2ae578,DBO3,220,35,284,284,4247527.0,3637169.71,53.34,13,15873.2,15147.5,8.6169
RouteID_af0161bf-8156-4a2f-aefb-64c5b995c55a,DLA7,161,30,246,246,3313071.0,2197451.73,38.82,16,11057.2,9549.1,5.724
RouteID_af04bedd-f319-43e2-980b-99136f1a7e31,DLA7,143,25,208,208,3313071.0,2084755.07,67.03,15,11431.7,13941.7,7.0482
RouteID_af05f0fe-5be9-47e4-8280-c1c94d3e58b2,DSE2,117,19,200,200,4247527.0,2129749.22,108.85,15,7413.3,21769.3,8.1063
RouteID_af07f0f4-3d99-488c-9093-dc3762eaeb42,DBO3,132,17,234,234,4247527.0,2812801.59,62.08,11,10303.2,14526.3,6.8971
RouteID_af090e7e-737e-425f-8894-4380344c8b69,DSE4,75,12,154,154,4247527.0,1562346.82,142.84,15,6145.0,21998.1,7.8175
RouteID_af0d8a42-6f71-40d8-8d5a-f024a3ddb6a9,DCH4,172,25,240,240,4247527.0,2537933.4,60.43,15,12383.1,14504.2,7.4687
RouteID_af23c8a1-1008-4a79-955a-6834fc2bec75,DCH1,169,19,239,239,3313071.0,2307496.23,68.98,14,11561.5,16485.8,7.7909
RouteID_af278499-0c78-478e-9506-0d5e0ddb1ce8,DLA7,156,26,242,242,3313071.0,2565653.31,73.51,14,10243.4,17790.5,7.7872
RouteID_af283be6-154a-4890-bf50-3ac4ca3befc7,DBO2,160,22,250,250,4247527.0,3926104.18,54.17,13,14793.4,13542.4,7.8711
RouteID_af2e24db-b9bf-43d6-b663-a45f41c219d7,DLA4,147,21,269,269,3313071.0,3296967.6,44.76,13,10766.7,12041.7,6.3357
RouteID_af2eeab1-d780-426d-8980-8fbd836d1291,DLA9,113,17,226,226,3313071.0,2479918.91,89.76,13,7862.5,20285.4,7.8189
RouteID_af480955-6e35-447d-9506-96a6998e2fce,DSE5,159,12,216,216,3313071.0,2397772.42,77.34,15,12899.8,16706.0,8.2238
RouteID_af509b46-9e50-4636-a86b-503a28aeda94,DCH3,186,20,273,273,3313071.0,2666375.19,46.73,15,13748.7,12756.9,7.3627
RouteID_af53d6f8-537b-4605-a089-9f66bccb7ca9,DCH3,197,24,266,266,3313071.0,2892432.22,44.39,14,15302.6,11807.9,7.5307
RouteID_af5bc3c7-79aa-4573-8d6e-bd2f658efce2,DCH3,193,22,258,258,4247527.0,2317577.0,53.24,15,14417.3,13735.0,7.8201
RouteID_af606085-d1f7-4b8b-b0cc-b0be39a150a4,DBO3,162,24,217,217,4247527.0,2392402.84,48.52,12,14465.1,10528.9,6.9428
RouteID_af67b685-d270-4624-b46e-2c6498dd5344,DBO2,159,24,262,262,3313071.0,3160454.03,66.61,13,11378.2,17451.0,8.0081
RouteID_af6a312e-1c08-455d-9dfd-c9cbdee0fa24,DLA7,171,22,238,238,3313071.0,2462216.02,52.38,14,11421.3,12466.6,6.6355
RouteID_af7975bd-6030-41a0-8575-1b3e2179a6a0,DBO2,162,19,231,231,4247527.0,2599325.93,55.61,11,13467.9,12844.9,7.3091
RouteID_af9a9095-c2ec-4675-b337-975550751d34,DLA5,185,22,259,259,3313071.0,2634417.42,64.81,15,14585.7,16785.6,8.7142
RouteID_afa40241-98c4-4604-858f-82066f6002a6,DLA5,139,17,244,244,3313071.0,2202295.93,68.32,16,9767.8,16670.0,7.3438
RouteID_afabf63c-118e-4234-82f4-57789c1897ee,DLA8,148,14,239,239,3313071.0,2337701.19,69.58,16,14012.7,16630.6,8.512
RouteID_afc72e42-6745-4b16-938b-a4d2ab5a18e3,DSE5,124,7,175,175,4247527.0,1527230.96,81.83,14,13332.3,14319.9,7.6812
RouteID_afcee5a0-423f-47d7-9f0b-4bd98b15cbb4,DSE5,155,11,209,209,4247527.0,2039284.15,75.74,14,11282.2,15829.4,7.531
RouteID_afd2b0cd-8682-4dd9-a503-c0f80757ebf4,DLA7,139,26,204,204,3313071.0,2247212.66,61.83,15,10356.9,12612.9,6.3805
RouteID_afd461bc-1d35-4e47-b4ac-9d567ad67f5a,DCH3,171,19,273,273,4247527.0,3317470.09,65.61,15,12831.4,17911.2,8.5396
RouteID_afda3c58-0de6-495f-90e8-8741641f3a00,DCH2,195,23,292,292,3313071.0,3269853.06,63.28,14,10388.4,18478.8,8.0187
RouteID_afedac88-adc5-4afa-a255-76a60bd53f2d,DLA7,148,24,226,226,3313071.0,1965220.8,63.15,14,10549.6,14270.9,6.8946
RouteID_afedc532-0295-4a28-9443-0ee4cec5d2b8,DCH4,175,24,250,250,4247527.0,2511677.66,75.0,15,10870.5,18750.6,8.2281
RouteID_b002b8a2-4b52-45a6-9465-44bbd15dae4d,DLA8,81,26,243,243,4247527.0,2696485.38,98.52,15,5873.0,23939.3,8.2812
RouteID_b0116bf4-3487-4b8b-a9a5-b00efcd81f84,DLA7,152,22,259,259,3313071.0,3202300.17,47.0,16,12009.6,12173.8,6.7176
RouteID_b0247521-0be6-4623-b357-521b0a713037,DLA4,85,9,150,150,3313071.0,1810893.44,102.45,15,8754.7,15366.9,6.7004
RouteID_b04752a4-9a5f-4b55-ac16-456c19c11d19,DSE5,145,13,198,198,4247527.0,2316957.46,81.49,14,11813.7,16135.5,7.7637
RouteID_b048bb97-7172-4eb1-afc6-425cce41f252,DLA9,150,23,220,220,3313071.0,2025563.75,82.02,16,10129.2,18044.7,7.8261
RouteID_b06c0b8c-05c0-408c-b3c9-2d4cbfb92227,DBO3,153,29,255,255,4247527.0,2840656.43,62.31,12,14334.4,15890.3,8.3958
RouteID_b080c4a2-735a-419e-94d1-d14f5b752740,DLA9,143,22,255,255,3313071.0,3139732.33,61.18,16,9848.7,15601.0,7.0694
RouteID_b083498a-8b0b-41c5-add5-ec1d0627b651,DCH1,94,15,190,190,3313071.0,2044649.93,52.89,14,7236.2,10050.0,4.8017
RouteID_b0c2acb6-df6f-4172-bba4-ced7cb6a570f,DSE4,161,24,266,266,3313071.0,2854932.41,67.17,14,10857.0,17866.3,7.9787
RouteID_b0ce27bb-ecea-4d12-a83c-bbcd02c70bb4,DLA9,161,22,268,268,4247527.0,2376622.79,67.47,14,10712.5,18082.5,7.9986
RouteID_b0d85767-ecaf-4e46-8959-46a43c8c2014,DLA9,140,35,258,258,3313071.0,3257179.46,77.17,16,9363.9,19909.4,8.1315
RouteID_b0df83a5-779a-40f4-b5ea-ad32299e99de,DBO2,154,23,241,241,4247527.0,3034068.47,59.0,11,12134.4,14219.8,7.3206
RouteID_b0e380ba-de5b-4044-8d72-d4ae7698ee34,DLA7,144,19,197,197,3313071.0,2035300.67,108.1,15,9268.0,21295.5,8.4899
RouteID_b0fec173-e782-4270-baaf-ec4568c93303,DAU1,144,25,240,240,4247527.0,3377102.79,66.7,14,12693.4,16008.4,7.9727
RouteID_b10bcbd7-8abe-4a8a-be8a-5a920dd1e7bd,DLA3,121,16,208,208,3313071.0,1984422.66,65.84,15,9769.2,13693.7,6.5175
RouteID_b1125f42-9db4-4838-ba5b-a76c915eeaa5,DAU1,147,23,204,204,4247527.0,2646783.4,73.8,14,12782.2,15055.7,7.7327
RouteID_b128d67c-31cb-44ee-9dc9-5507d5ab5ebb,DBO3,151,22,214,214,4247527.0,2929240.43,67.88,12,14554.6,14525.3,8.0778
RouteID_b12c01a4-9dc6-4cb9-b9e3-26186fd9c1be,DLA7,146,20,207,207,3313071.0,2479547.85,83.01,15,10057.3,17183.1,7.5668
RouteID_b12e0798-7209-4cf5-926e-419c33840ab6,DLA7,160,16,212,212,3313071.0,2911558.22,60.27,15,11990.1,12776.5,6.8796
RouteID_b1348a23-000f-48b4-ab04-1022331ee9d5,DLA8,101,23,219,219,3313071.0,2112716.17,102.72,14,6763.4,22495.5,8.1275
RouteID_b14ab224-3c4b-4182-bba5-062a785e2a5d,DBO3,194,21,264,264,4247527.0,3795305.12,49.96,12,12808.5,13189.4,7.2216
RouteID_b15301b4-67e1-4411-8816-60470e0dc071,DLA7,142,19,239,239,3313071.0,2941218.51,58.9,14,11682.7,14077.0,7.1555
RouteID_b1546d45-1a18-478f-8900-e884cd665dc0,DSE5,154,16,212,212,4247527.0,2250506.64,75.51,13,13730.5,16009.0,8.261
RouteID_b159fccf-a099-4b8b-89bb-d917cb113d2f,DCH1,180,18,281,281,3313071.0,2404544.71,46.58,13,10127.1,13089.2,6.449
RouteID_b16371f9-c76f-4e11-94e2-ea81ce66a938,DBO1,148,13,288,288,3313071.0,2341139.57,78.15,11,9844.3,22506.9,8.9864
RouteID_b17be13c-9671-4c4f-a74c-052520441f62,DLA5,209,21,264,264,3313071.0,2503533.34,45.43,15,17378.1,11993.0,8.1586
RouteID_b17c2093-608d-4d30-85fc-7386acf02f27,DLA7,166,20,240,240,3313071.0,2213886.39,61.75,15,11869.0,14819.0,7.4133
RouteID_b17d218c-ead3-41ce-bd3b-b4e49d90ad2a,DLA8,141,24,271,271,3313071.0,2845789.64,62.9,16,8505.7,17046.6,7.0979
RouteID_b19f72dd-8273-4c9f-87c7-1fa39fc4089c,DCH4,126,17,203,203,4247527.0,2765437.02,49.04,15,13646.3,9955.3,6.556
RouteID_b1bbf614-23d7-4568-9017-2d9acfd05756,DLA5,163,19,273,273,3313071.0,2412033.81,49.66,14,13613.6,13556.6,7.5473
RouteID_b1c5dfd6-459f-4977-aea7-3c48b4d865ff,DLA9,109,20,242,242,4247527.0,2413351.99,81.37,14,7052.3,19691.5,7.4288
RouteID_b1d5349d-1a9c-4791-a652-80ccb71dbfd6,DSE5,147,13,235,235,3313071.0,2347581.38,59.56,15,8800.4,13997.4,6.3327
RouteID_b1e0fa64-9d03-431f-8a50-26003fe670cd,DLA7,164,24,234,234,3313071.0,2196409.68,59.39,15,11352.1,13896.1,7.0134
RouteID_b224bf19-3e25-46cc-9799-66ac2881fda0,DCH2,157,25,288,288,3313071.0,3285361.18,59.1,13,8296.4,17021.5,7.0328
RouteID_b224c8d2-65a0-4f01-b004-d5dacaab1643,DLA4,81,12,217,217,3313071.0,3232566.09,75.39,15,6349.7,16359.4,6.3081
RouteID_b231f324-df28-4722-94c2-65cc0bc633f5,DLA7,148,18,231,231,3313071.0,2246496.02,48.43,15,10809.2,11186.2,6.1098
RouteID_b236029c-517a-43d6-bfa3-e3cc6c45e932,DSE5,165,16,235,235,4247527.0,2186365.8,59.14,13,16401.9,13898.7,8.4168
RouteID_b23cd867-2bd1-4f5d-9962-a2c4347d3801,DLA7,135,26,202,202,3313071.0,1853146.58,73.03,14,12064.3,14751.9,7.4489
RouteID_b24110e2-6b6c-49f7-9980-ceb5a54e3548,DSE5,179,18,251,251,3313071.0,3296541.38,50.65,14,11539.5,12712.4,6.7366
RouteID_b2458a6c-0a7e-40c5-9645-24b4dc32e577,DSE5,182,17,267,267,4247527.0,3058723.63,62.84,13,13864.5,16778.2,8.5119
RouteID_b2621a10-ff30-47fc-a516-fd87f9986f29,DBO2,90,38,274,274,4247527.0,3407402.81,76.5,12,5498.3,20961.6,7.35
RouteID_b262ae2c-7772-49d2-9e58-ef9cbdee7e71,DBO3,155,23,216,216,4247527.0,2528174.5,68.29,11,13722.4,14750.0,7.909
RouteID_b26c907b-a6fc-49e4-8897-ac75097362d6,DCH4,145,16,201,201,4247527.0,2123231.95,66.28,14,13529.8,13322.5,7.459
RouteID_b290fc65-b37a-4c7a-b5b4-1c0b8b5a3a52,DBO3,134,25,192,192,4247527.0,2373152.02,71.59,11,13211.9,13744.9,7.488
RouteID_b2991720-8e58-446a-852e-d83d2ebd58a3,DSE4,157,22,223,223,4247527.0,2652025.55,92.35,15,10743.5,20593.7,8.7048
RouteID_b2a7ac1d-61e7-408b-bc20-44799268a7d6,DLA9,123,23,255,255,3313071.0,3294472.08,75.43,16,8118.0,19233.4,7.5976
RouteID_b2ab781b-b693-4d4b-908e-2c798ab6966a,DLA7,173,19,232,232,3313071.0,3007184.9,63.3,15,11237.4,14685.3,7.2008
RouteID_b2b7bd66-04ea-410a-9d84-a0f1601ccc42,DLA7,155,25,251,251,3313071.0,3213546.58,66.52,14,11872.8,16696.5,7.9359
RouteID_b2c624c5-d50f-48a3-839c-cbd70a8bb83c,DLA8,143,24,290,290,3313071.0,3262142.07,59.96,16,6723.9,17388.2,6.6978
RouteID_b2c725da-1a34-44fd-8d3a-9dd9ed9f0fd6,DBO1,186,19,236,236,4247527.0,2464902.54,68.41,13,12482.6,16144.0,7.9518
RouteID_b2d43f60-0823-4c01-816d-94f1cd36fc77,DBO2,113,12,188,188,4247527.0,2474247.5,91.13,12,11298.6,17132.9,7.8976
RouteID_b2d8f3d1-cb7e-43ee-8fca-3ebed6b86761,DBO3,140,16,190,190,3313071.0,2380438.42,55.48,12,11246.8,10541.9,6.0524
RouteID_b2dcd3de-37b0-4e7e-8a7c-2762a3bf29d6,DBO3,175,21,231,231,4247527.0,2733939.32,56.99,12,15531.0,13164.6,7.971
RouteID_b2ee42b6-88ad-4fee-be20-e7a96ef65d7d,DAU1,138,20,202,202,4247527.0,3034196.32,68.44,15,12203.9,13825.7,7.2304
RouteID_b2f0132a-4c06-40de-a14b-8367cc2a795a,DLA8,141,17,242,242,3313071.0,3283210.92,82.53,15,7416.1,19973.0,7.6081
RouteID_b2f8cc0c-f2a2-4f89-a1f1-4a87d2dd3455,DCH3,185,20,266,266,3313071.0,2482265.28,38.53,14,11931.9,10248.1,6.1611
RouteID_b3069773-a091-4fb1-a912-4eaeef3e07ea,DSE5,148,16,241,241,3313071.0,2650660.01,54.01,15,7624.3,13017.1,5.7337
RouteID_b30899fa-f222-4dd5-a236-c51608478c15,DLA4,184,15,261,261,3313071.0,3011481.31,61.05,15,10062.6,15934.9,7.2215
RouteID_b316a43d-0cea-4b0e-9e35-cfec97807141,DLA7,156,23,241,241,3313071.0,2619977.68,50.16,16,11776.9,12087.4,6.629
RouteID_b31ea4e5-c1b7-44a5-9dd5-9428f5fd2c16,DSE4,84,11,169,169,4247527.0,1977295.17,120.52,15,7205.9,20367.7,7.6593
RouteID_b3259d3d-7128-4957-9585-504f8e7bbb8c,DLA3,123,18,266,266,3313071.0,2533475.79,70.04,16,5327.9,18629.7,6.6549
RouteID_b326406f-7851-4605-9c0e-00c57be89d22,DBO3,150,17,194,194,4247527.0,2409883.33,90.05,11,12885.6,17469.2,8.4319
RouteID_b333f88c-cf8d-4a51-b46f-2b5b6defbd8e,DCH4,171,20,242,242,4247527.0,2648410.7,74.21,15,12457.1,17959.4,8.449
RouteID_b335cea7-f338-4f94-8f9f-ffaabfe0b5a3,DAU1,144,32,267,267,4247527.0,3543699.13,63.78,14,8608.1,17028.1,7.1212
RouteID_b339b7fd-e9fa-48c3-af3a-865bc21e215c,DLA7,171,27,258,258,3313071.0,2948780.86,48.54,15,11603.3,12523.2,6.7018
RouteID_b352db3f-7310-4cfb-be98-9b84f053e352,DLA8,124,23,219,219,4247527.0,2725859.36,95.24,14,9305.9,20858.1,8.3789
RouteID_b35c32e0-21e5-4e37-81d8-2c344da4e7a0,DLA7,181,24,267,267,3313071.0,2643677.86,35.41,16,12612.6,9453.3,6.1294
RouteID_b35ef5a3-56e3-4509-bfcf-ab92a7becdb7,DBO3,214,23,288,288,4247527.0,4187630.14,62.92,13,13096.4,18121.1,8.6715
RouteID_b362a4bd-61ec-4620-9bc9-5f0567fcc3a4,DLA8,91,23,263,263,3313071.0,3247706.04,82.95,15,5005.5,21815.6,7.4503
RouteID_b368bf5b-531d-4e74-8b6f-b038c4869748,DSE5,157,13,219,219,3313071.0,2473041.53,73.38,15,12718.0,16069.9,7.9966
RouteID_b3720d0d-9473-4e3b-ba17-833f92f28611,DLA4,106,11,176,176,3313071.0,2676026.2,85.05,15,8591.5,14968.5,6.5444
RouteID_b387ef94-c466-428a-a629-cbd33b7f5982,DLA9,148,23,231,231,3313071.0,2277877.1,88.82,15,10784.3,20516.4,8.6946
RouteID_b3892d64-a931-44ad-ba75-ddcfaf8976c7,DCH2,200,22,257,257,3313071.0,2388574.88,52.47,12,14967.3,13484.8,7.9034
RouteID_b39a6f98-f513-48e8-8a13-671a0a47d95f,DLA7,151,22,238,238,3313071.0,2723518.06,66.64,15,10695.4,15860.5,7.3766
RouteID_b3a6a4aa-16d3-41cc-8b7c-c0d995c162a8,DBO1,169,21,296,296,4247527.0,3450206.37,74.09,13,11017.0,21930.0,9.1519
RouteID_b3a8fe9c-d851-46b7-a556-ae6f5b2dd4f6,DCH4,195,22,256,256,3313071.0,3134937.3,59.24,14,12438.2,15166.6,7.668
RouteID_b3acc49f-fcc6-4d1d-b6b3-dcd8cbcfb9ba,DLA7,142,19,198,198,3313071.0,2557175.68,61.24,15,12552.1,12126.3,6.8551
RouteID_b3b613f2-9ea4-48e5-9440-9af81f6f59a1,DCH4,170,26,297,297,4247527.0,3326860.85,61.74,13,11559.1,18338.1,8.3048
RouteID_b3b8bf3d-325e-456f-99db-ddc3941489de,DLA3,116,13,168,168,3313071.0,1459111.53,102.24,14,7830.5,17176.4,6.9464
RouteID_b3bd73d9-a6b6-4b59-91e6-b61c5d92eef9,DLA3,162,15,233,233,3313071.0,1958100.02,73.52,15,10407.1,17130.3,7.6493
RouteID_b3d1ab17-8f7b-4a47-a728-51ebbe3883c9,DLA7,143,18,202,202,3313071.0,1612719.35,89.01,15,11811.4,17980.2,8.2754
RouteID_b3d7c595-bb83-4e23-a4b2-7318b23429f5,DCH4,175,23,266,266,4247527.0,2621195.19,53.51,15,13179.0,14232.5,7.6143
RouteID_b3dbfeac-c949-4761-90ca-ed8da25cca02,DLA7,185,30,292,292,3313071.0,3410113.12,57.98,16,10953.9,16929.1,7.7453
RouteID_b3debc51-3e9c-442e-a1e8-564654cc83e1,DLA7,164,23,239,239,3313071.0,2226487.61,70.66,15,11027.6,16887.4,7.7542
RouteID_b3eeb2f6-131f-4243-8fb4-057438d07870,DLA9,154,17,238,238,3313071.0,2127761.25,67.01,15,9171.0,15948.4,6.9776
RouteID_b3f46cf2-5257-49ac-84bb-744a4a52d2b7,DCH2,90,23,258,258,3313071.0,2977492.42,86.55,14,5920.2,22329.8,7.8472
RouteID_b3fb5fb0-4b06-4388-b19c-e3ba37671982,DLA9,141,21,237,237,3313071.0,2470956.9,56.97,13,10910.3,13501.9,6.7812
RouteID_b404723a-b0af-4996-b375-2a0c280d4414,DLA8,104,19,259,259,3313071.0,3290268.89,78.0,16,6156.2,20202.2,7.3218
RouteID_b41061a4-8478-4043-8141-987cfd0ffdbc,DCH4,208,30,298,298,4247527.0,3684296.79,62.52,15,14541.8,18632.2,9.215
RouteID_b4120d0c-d4ce-446d-b298-9191ec2e641e,DLA8,140,18,235,235,3313071.0,2625570.54,71.15,16,11113.0,16720.3,7.7315
RouteID_b418845f-aade-40ef-8317-2247ad83e914,DBO3,168,32,215,215,4247527.0,2561448.08,69.71,12,14953.2,14988.2,8.3171
RouteID_b4260354-182c-448d-9ba4-cae5fab37df2,DCH4,185,24,276,276,3313071.0,2938549.62,58.13,14,15216.7,16043.4,8.6834
RouteID_b43c35ec-1442-47fd-abe5-874e5b5b8dd6,DCH1,127,18,266,266,3313071.0,2775246.86,72.32,14,7132.1,19235.9,7.3244
RouteID_b43d03a6-0dbc-4e90-87e2-ba13c63d96c4,DSE4,188,30,268,268,3313071.0,3262337.35,71.42,15,12414.3,19140.9,8.7653
RouteID_b43d0a1d-0e16-47d3-bb38-a541f7d4b541,DCH2,110,20,256,256,3313071.0,2747332.99,67.58,14,10479.7,17299.4,7.7164
RouteID_b453f905-129a-40b2-8816-97fcfc8b7914,DBO2,142,14,223,223,4247527.0,3360283.2,56.79,12,13140.7,12664.0,7.168
RouteID_b458ba97-eda1-47ed-b212-aca366ff85bf,DCH4,173,25,245,245,3313071.0,2818707.51,68.14,15,15239.0,16693.6,8.8702
RouteID_b45a2c95-4634-40f2-83bd-555c8770288e,DLA9,144,27,272,272,3313071.0,3075970.34,59.22,16,9163.3,16108.5,7.0199
RouteID_b45d43d6-4137-4251-9140-d1be8fd3a2f1,DLA7,139,27,234,234,3313071.0,2558150.7,65.39,15,11752.3,15301.9,7.5151
RouteID_b45f34d4-3128-47f7-9e40-95f17f4ddc81,DBO3,146,30,213,213,4247527.0,2005189.25,73.79,12,12942.5,15717.1,7.961
RouteID_b461278a-5ab7-4341-9287-38a2736898c5,DLA9,151,29,247,247,3313071.0,2772474.69,64.89,14,11426.1,16027.8,7.6261
RouteID_b480722d-6ad2-4a40-8afc-0242b6ca2055,DSE5,179,13,233,233,3313071.0,2200405.08,68.39,15,13438.9,15933.9,8.1591
RouteID_b4c82eec-e977-4493-bc53-85b002f654ee,DCH1,192,21,292,292,3313071.0,2636859.77,65.1,13,11769.0,19009.5,8.5496
RouteID_b4c9b4f2-3293-43d5-ae3b-b80f356da0eb,DCH4,148,21,216,216,4247527.0,2528014.53,62.51,15,10659.8,13502.7,6.7118
RouteID_b4cd4229-6770-4edb-b7f0-ae0eb760e931,DAU1,175,47,288,288,4247527.0,3220893.51,61.98,14,10573.1,17851.2,7.8956
RouteID_b4d140c5-f4c1-4b23-b030-2e6935d75fe3,DLA5,153,18,200,200,3313071.0,2107231.55,88.73,15,11183.9,17745.7,8.036
RouteID_b4e3992d-6211-415f-b416-94ec8810bcd9,DLA9,107,17,219,219,4247527.0,2548396.73,63.29,14,9055.2,13860.8,6.3656
RouteID_b4f20224-2c50-40aa-b591-fa3c9f4d879c,DSE4,148,28,250,250,3313071.0,2583589.25,69.15,14,11317.6,17288.2,7.9461
RouteID_b4f2f28d-224f-4d9a-b6d0-15305db25845,DLA4,153,12,232,232,3313071.0,3118742.23,80.01,17,9991.5,18562.4,7.9316
RouteID_b4fde8a4-ef8e-4135-ae82-007663a0a189,DLA7,126,21,203,203,3313071.0,1951511.75,83.88,15,11198.5,17027.5,7.8406
RouteID_b4fe359a-896c-4d0a-a5c5-32a72b35e19b,DSE2,114,20,218,218,3313071.0,2118694.77,84.04,14,6927.8,18321.7,7.0138
RouteID_b5050307-8120-48f3-b3c9-b4fda083a649,DLA9,130,30,212,212,4247527.0,2158001.24,66.83,14,9761.0,14167.4,6.6468
RouteID_b51ce290-1bc2-41d5-8998-5d1bbd62e9f7,DLA3,53,16,210,210,3313071.0,2525741.69,104.98,14,4379.7,22045.9,7.3404
RouteID_b542c3ef-6f22-4497-90ac-65f4f02a999c,DLA5,174,17,242,242,3313071.0,2523803.94,62.39,14,11031.3,15098.1,7.2582
RouteID_b543fe29-0f8d-4c47-ae65-01551dafb8f0,DCH3,195,22,274,274,3313071.0,3272745.25,38.54,14,10711.7,10559.7,5.9087
RouteID_b54af6f5-5168-4353-bfef-7c50a1d4f866,DLA7,106,23,184,184,3313071.0,1569334.6,76.92,14,11306.6,14153.9,7.0724
RouteID_b54ee14c-5eed-4a01-91c9-8d344d830638,DCH3,172,21,273,273,3313071.0,3064516.03,50.72,15,11995.4,13845.9,7.1781
RouteID_b5717eb1-437d-4d3c-b271-6ad2380061c4,DLA8,156,18,237,237,3313071.0,2112659.57,67.07,16,11635.1,15894.7,7.6472
RouteID_b5766d61-7ea8-49ba-a3fe-c99fec8d70e7,DLA9,146,19,228,228,3313071.0,2032493.84,76.33,15,10244.5,17403.6,7.68
RouteID_b5797303-ca99-47b8-bb8c-a9b41de4e734,DSE4,130,15,193,193,4247527.0,2329978.43,82.45,15,9319.7,15913.5,7.0092
RouteID_b57a9e93-f29d-4d75-a49b-5baea7d5022b,DLA4,118,11,219,219,3313071.0,2279039.72,78.41,14,7510.1,17172.6,6.8563
RouteID_b57d035b-6b7d-4b23-a166-b76c6bd5efb6,DLA7,134,21,239,239,3313071.0,2640062.54,83.8,14,8982.4,20029.1,8.0587
RouteID_b57e4859-7bd3-4654-86a2-c441a4359dd1,DSE5,170,14,248,248,3313071.0,2236918.11,71.08,13,10512.0,17628.3,7.8167
RouteID_b5814396-317d-4a37-be08-41c99abaffeb,DLA7,154,19,223,223,3313071.0,2391076.63,64.6,17,10850.1,14406.8,7.0158
RouteID_b58690f1-e075-41fe-9ece-6207efa61d52,DLA7,209,23,291,291,3313071.0,2985019.33,40.5,14,13719.6,11785.8,7.0848
RouteID_b58cd2c1-2da4-464c-a6e0-2fec31edaf0b,DLA4,160,15,269,269,3313071.0,3236572.87,61.41,15,10505.6,16519.2,7.5069
RouteID_b59292c0-11c8-4261-b99f-1bf152719e41,DLA4,172,15,294,294,3313071.0,2998129.07,55.93,15,9878.7,16442.7,7.3115
RouteID_b5c048b4-164b-484c-bcd8-6e172022d649,DCH1,135,29,225,225,3313071.0,2295003.12,60.51,15,9181.9,13613.7,6.3321
RouteID_b5dc1f6f-3c9b-4be7-9291-f079549caf48,DBO2,81,15,198,198,4247527.0,2533125.6,99.47,13,7363.6,19694.5,7.5161
RouteID_b5df8dd4-29e8-49aa-a30c-8f523f3eecbb,DSE5,153,12,221,221,3313071.0,2261311.46,78.74,15,12417.0,17401.9,8.283
RouteID_b5e2d931-812e-42d6-a747-272b03f2a6fd,DLA8,140,19,224,224,3313071.0,2131450.42,92.44,16,8323.5,20707.1,8.0641
RouteID_b5e772ce-0aba-4f8f-a312-5cd64a2b267b,DLA7,134,22,202,202,3313071.0,2171678.98,75.43,14,10958.8,15237.7,7.2768
RouteID_b5f480ed-e8b1-490f-bc22-d5a5e90e6eeb,DBO2,66,20,224,224,4247527.0,2405171.86,76.36,12,6012.5,17105.7,6.4217
RouteID_b5f53189-1a0d-4511-a4df-6c48c6e39009,DAU1,137,27,251,251,4247527.0,3213953.15,58.43,15,10351.8,14665.2,6.9492
RouteID_b5f91cc1-aabb-49f4-8812-07d621d970dd,DLA8,155,20,265,265,3313071.0,2639441.07,66.46,16,9985.5,17612.9,7.6662
RouteID_b5f973a9-5796-421a-865a-0914dd8f0d08,DCH4,144,12,209,209,4247527.0,2866705.78,79.44,14,16330.1,16603.0,9.1481
RouteID_b602af6e-3657-4258-b55c-252adadfaf44,DSE4,152,25,271,271,3313071.0,2405402.02,60.2,15,12212.4,16313.6,7.9239
RouteID_b604c2ec-4b47-42ab-ba6e-a67a0764f76c,DLA5,168,18,251,251,3313071.0,2609103.89,71.37,15,10667.8,17914.2,7.9394
RouteID_b60a0d1c-09c4-4571-8dd9-df4b545618f4,DCH1,160,14,228,228,3313071.0,1977916.46,56.86,13,13503.4,12963.6,7.3519
RouteID_b60fdabf-6ba0-4cdc-9517-4ef604207d23,DSE5,173,13,224,224,3313071.0,2313356.01,84.5,13,13684.9,18928.6,9.0593
RouteID_b615257f-6503-48d5-b7f5-d1ae857dfb9a,DLA9,153,22,264,264,3313071.0,2534284.18,64.69,15,10602.1,17077.4,7.6888
RouteID_b6275425-4eca-4139-b1bf-0d7e7424347f,DLA5,124,15,196,196,3313071.0,2496498.96,93.49,15,8700.5,18324.3,7.5069
RouteID_b647991d-741b-45c8-b0ed-b67148940f1d,DLA8,75,18,223,223,3313071.0,3013559.61,97.9,15,3949.8,21832.3,7.1617
RouteID_b6488aab-4a28-429a-982c-5bcbd7b9209c,DCH1,67,15,235,235,3313071.0,2644430.32,86.37,14,5796.4,20297.5,7.2483
RouteID_b653323f-fbb5-44fc-a97b-1d3760e70f66,DAU1,153,36,264,264,4247527.0,3122402.83,49.66,15,10744.8,13110.4,6.6264
RouteID_b6655a1f-a838-46d2-9d6a-8c48b1ebe11d,DSE4,107,16,251,251,4247527.0,3099437.06,70.71,15,7193.5,17749.2,6.9285
RouteID_b66d7ec6-62ea-463d-8301-6a0b6e9baba2,DBO3,173,30,250,250,3313071.0,2426771.68,47.59,12,14499.6,11897.0,7.3324
RouteID_b67445df-e2fb-4d90-94c6-88bd732bb16a,DLA7,167,21,238,238,3313071.0,2211333.65,73.53,16,12221.8,17500.1,8.2561
RouteID_b67a4337-f1d6-42cf-8375-ae88e57e37fa,DAU1,144,21,243,243,4247527.0,2597818.99,49.24,14,8911.4,11966.1,5.7993
RouteID_b67a7c3f-0ebc-40f1-83c6-68e94b1a9dd1,DLA9,141,21,246,246,3313071.0,2753708.81,72.91,13,9447.1,17935.7,7.6063
RouteID_b6a5a10f-1290-4efe-81c3-99cc285ff041,DLA8,193,22,287,287,3313071.0,2959157.66,57.27,15,12343.6,16435.4,7.9942
RouteID_b6b2c2ce-0693-41eb-b4eb-0ef949540c10,DSE5,169,16,249,249,3313071.0,2484678.75,65.74,13,12926.4,16369.0,8.1376
RouteID_b6b40540-7334-45fd-959f-915aaa2fa239,DSE4,118,17,200,200,4247527.0,1820907.02,99.21,15,8316.2,19841.5,7.8216
RouteID_b6baa899-c2bb-41a3-8d91-3e231d2b76e7,DCH2,155,26,290,290,3313071.0,3189367.8,69.43,14,10673.6,20133.4,8.5575
RouteID_b6beefba-c7ae-4528-83a2-6e20b99d7cd7,DCH4,171,22,230,230,4247527.0,2273173.02,64.64,15,13052.4,14868.2,7.7557
RouteID_b6ca934d-3854-4d52-8178-5c6a97229595,DSE4,162,28,270,270,3313071.0,3268401.97,57.59,14,10876.1,15548.9,7.3403
RouteID_b6d21ee6-724f-43e3-9cb1-85553e0a9475,DLA7,169,21,225,225,3313071.0,2082191.75,66.16,16,10975.7,14886.3,7.1839
RouteID_b6d92b61-6880-4886-8c16-6efd4cad31a2,DSE5,120,6,184,184,4247527.0,1807573.78,73.68,14,12628.3,13557.3,7.2738
RouteID_b6ece0ab-a87e-412c-baad-7cc357dea295,DLA7,177,21,243,243,3313071.0,2384740.37,53.78,15,11806.3,13068.0,6.9095
RouteID_b6f25e23-d167-4eff-be7f-559c14f19bfb,DLA5,191,20,262,262,3313071.0,2200905.82,52.9,15,11999.2,13860.0,7.1831
RouteID_b6fb2144-cad8-455f-88a9-af0015bab342,DCH1,179,19,239,239,3313071.0,2010879.38,55.69,14,13309.2,13309.1,7.394
RouteID_b700a512-b253-4d09-bd3a-cb0ea7ea9088,DCH1,196,21,248,248,4247527.0,2278041.24,71.69,14,14490.7,17779.9,8.9641
RouteID_b71ff827-2ba4-4406-8904-74503c15d092,DLA7,141,17,213,213,3313071.0,1927270.91,81.08,15,12706.3,17269.5,8.3266
RouteID_b7238124-d2a8-4782-b784-caad87b5258c,DLA7,138,20,218,218,3313071.0,2024552.08,82.41,16,9289.0,17964.4,7.5704
RouteID_b72969cb-17a6-4833-90d7-264ea0dda21a,DLA7,161,26,258,258,3313071.0,2522983.58,67.91,14,10224.3,17520.1,7.7068
RouteID_b738fd5a-2f5e-45e8-8c2b-c71fb691d28c,DSE4,151,21,233,233,3313071.0,2352872.7,69.14,14,10147.2,16110.0,7.2937
RouteID_b7424451-d925-4322-b113-5af79466f626,DLA3,89,19,219,219,3313071.0,1977473.08,74.36,15,6515.4,16284.4,6.3333
RouteID_b744ea65-0fc7-451b-8ef4-9d2c72d00ba7,DBO1,138,15,278,278,4247527.0,4234656.03,64.09,13,6802.9,17816.0,6.8386
RouteID_b745828e-d999-4d89-af70-1f9ff66d318e,DBO3,192,27,247,247,4247527.0,3515835.42,42.78,11,13833.8,10566.3,6.7778
RouteID_b747ad9e-58bb-4bb4-9cc1-d846de9c086b,DSE4,114,12,234,234,4247527.0,3008444.79,84.94,15,7465.2,19877.1,7.5951
RouteID_b74e58b3-be67-47f7-b3bf-a3d1c074719d,DCH2,179,23,271,271,4247527.0,2668009.26,46.97,13,11062.3,12729.9,6.6089
RouteID_b77ec0d1-76d0-4f9d-b2ec-5610fca57410,DCH1,93,21,201,201,3313071.0,1895684.96,83.9,14,6730.4,16864.5,6.5541
RouteID_b7840c0c-4107-452d-897b-4b2bd968eed6,DLA7,156,20,256,256,3313071.0,3076314.1,70.84,14,11119.6,18134.1,8.126
RouteID_b78695ba-8acb-4cd3-8f2c-022c372d85e8,DBO3,142,19,254,254,4247527.0,3200338.93,64.32,11,11009.0,16336.3,7.5959
RouteID_b7aec80d-8bdc-43d5-8742-10904c78e726,DLA7,150,24,236,236,3313071.0,1940239.5,74.59,16,12666.5,17602.9,8.4082
RouteID_b7b307f5-3235-4967-b1b3-61be55eb5234,DLA7,170,23,245,245,3313071.0,2997863.97,40.31,16,11671.8,9875.3,5.9853
RouteID_b7b62247-44b8-45aa-81a0-edbd95673b2a,DLA7,155,23,233,233,3313071.0,2140549.23,67.77,16,11815.7,15789.3,7.6681
RouteID_b7b9ee03-a3b0-4df1-bb6d-579eed1f5c9c,DLA7,166,23,257,257,3313071.0,2294613.95,60.96,14,11335.3,15667.9,7.5009
RouteID_b7be564a-3338-4bba-aa3b-149f3ffbb64d,DCH1,81,28,254,254,3313071.0,2641631.24,60.56,13,6283.2,15382.7,6.0183
RouteID_b7c4299c-be13-4cb3-ae99-6822f6fa8ca4,DCH3,184,18,218,218,3313071.0,2205847.62,54.42,14,14649.1,11862.8,7.3644
RouteID_b7d04667-48fb-4a8b-867d-6208f090bf88,DLA7,180,19,231,231,3313071.0,2079276.56,59.2,16,10618.3,13675.7,6.7483
RouteID_b7d5c7a2-12d3-4545-a8ba-9824cb3045e6,DLA8,120,20,252,252,3313071.0,3250273.38,59.13,16,5697.9,14902.0,5.7222
RouteID_b7e9b0ce-f2fa-4ae6-96db-5b9bbb2c301a,DLA7,179,25,249,249,3313071.0,2608242.49,41.19,14,12857.1,10257.0,6.4206
RouteID_b7ed5dfd-253c-4077-87c4-85c0efce540a,DLA3,99,21,225,225,3313071.0,2631729.53,98.13,14,4588.2,22079.3,7.4076
RouteID_b7f6b358-48f9-49e8-aa7c-87ee5a82a8a7,DSE4,141,26,249,249,3313071.0,2609326.57,63.57,14,10287.9,15828.3,7.2545
RouteID_b8083b63-388d-4095-adf7-d0f9d943a1d5,DCH1,95,30,240,240,3313071.0,2648268.15,50.46,14,7218.3,12109.5,5.3688
RouteID_b84132b5-928f-426d-a93f-c1f51fe8a2e8,DSE5,147,14,228,228,3313071.0,3200828.59,71.21,15,9425.7,16235.9,7.1282
RouteID_b8551689-1e36-46d5-a873-16c18fa4fcb8,DLA8,126,20,238,238,4247527.0,2657659.68,94.09,15,6463.7,22394.2,8.0161
RouteID_b856fe5d-9db3-49e6-b4ec-98958fd91c41,DLA8,152,23,274,274,3313071.0,2912067.31,68.96,14,10430.3,18894.8,8.1459
RouteID_b859826a-8a31-49de-9d19-95eee56595fc,DSE4,79,24,211,211,4247527.0,2157453.75,109.16,15,7147.2,23033.8,8.3836
RouteID_b867ec7a-2459-427a-9535-ac32e680ca77,DSE4,158,23,245,245,3313071.0,2473534.58,63.22,16,11613.9,15488.6,7.5285
RouteID_b8830cc4-9424-4fd9-aefe-b1d3d164c5a9,DLA7,93,18,199,199,3313071.0,2260955.67,72.27,14,9317.4,14381.1,6.5829
RouteID_b8865c87-598c-407d-baff-a34e66406562,DLA7,169,25,258,258,3313071.0,2922678.03,67.49,16,10027.7,17411.8,7.6221
RouteID_b8a6548b-2a95-410b-9f66-27fbe742fab6,DCH3,197,19,263,263,4247527.0,2786504.22,60.13,13,15237.5,15813.3,8.6252
RouteID_b8aa0423-052a-4be3-84a4-b87eeb12fd5b,DCH4,149,17,198,198,4247527.0,2186761.13,64.02,15,15442.5,12675.1,7.8104
RouteID_b8b4aff5-edef-4e56-8e25-c09cc6a4292b,DBO2,161,13,244,244,3313071.0,3253784.5,62.22,12,11896.6,15181.5,7.5217
RouteID_b8d0ddcf-65a9-4996-86c9-c762dac66203,DBO3,180,15,255,255,4247527.0,3195100.8,50.84,12,16082.1,12965.3,8.0687
RouteID_b8d1f8d6-7c43-4784-adef-8eb797eb0c60,DBO3,167,30,233,233,4247527.0,2223233.63,58.5,12,12820.7,13630.6,7.3476
RouteID_b8d2812a-f88b-4b45-aeae-0d377ce109f6,DLA9,141,19,205,205,3313071.0,1656575.58,77.11,16,9792.9,15808.3,7.1114
RouteID_b8d7669e-04f7-4546-8d0a-0026a772246e,DBO3,189,24,244,244,4247527.0,2457621.39,47.34,11,13813.7,11551.3,7.0458
RouteID_b8e412d2-4825-42b1-95aa-4023a696e060,DSE2,112,21,230,230,4247527.0,2693109.74,94.81,15,6430.6,21807.0,7.8438
RouteID_b8edb34c-9c22-4b82-ba12-3eb00affe7a7,DAU1,176,26,279,279,4247527.0,3396883.34,46.16,13,11435.5,12877.4,6.7536
RouteID_b8efaa2a-47bd-43d7-9817-625ff3962e68,DLA4,143,13,235,235,3313071.0,2889131.94,87.46,16,10024.8,20553.8,8.4941
RouteID_b8f7dfa5-9902-4d30-b52b-d8fb4a2e09c8,DSE4,123,15,228,228,4247527.0,2245140.29,52.95,15,9108.0,12072.5,5.8835
RouteID_b8f8d953-3963-4b7d-8580-d90c1deb5258,DLA7,107,23,180,180,3313071.0,1638417.4,88.34,14,9750.8,15901.6,7.1257
RouteID_b8fb9a2e-c997-4371-aa38-37f5b19dbc00,DCH1,170,22,260,260,3313071.0,3152079.4,61.1,15,10911.5,15886.6,7.4439
RouteID_b9132974-754a-49da-8618-9a047743d6c2,DCH4,153,27,270,270,4247527.0,2658706.54,57.61,15,11713.4,15555.7,7.5747
RouteID_b923d3f9-13fe-4f1e-a52b-84ba3161c25c,DLA8,126,15,260,260,3313071.0,3294478.02,82.04,17,5773.8,21329.4,7.5287
RouteID_b92a1e1f-a850-48de-9f28-9f895921abb0,DSE5,175,13,238,238,3313071.0,2903005.18,85.07,15,14375.1,20247.0,9.6172
RouteID_b9325966-394c-43b4-9d93-deccb1125569,DLA5,160,20,243,243,3313071.0,2311776.71,63.46,15,12694.9,15421.2,7.81
RouteID_b95043a3-7f3c-40b6-841e-67bef8866464,DSE4,150,23,239,239,4247527.0,2676518.17,72.84,15,11898.8,17409.5,8.1412
RouteID_b954f517-a508-4755-8af8-49e9d45c5d12,DLA7,149,24,244,244,3313071.0,2654254.82,62.21,14,10624.6,15180.1,7.168
RouteID_b96aea42-0c1f-45d1-b593-97038bf1235e,DLA7,174,23,220,220,3313071.0,2439140.39,81.19,15,11256.7,17861.0,8.0883
RouteID_b96d085c-9a67-45dc-bd54-26cca0df29d0,DSE4,165,26,281,281,3313071.0,3063005.02,65.87,15,10514.4,18508.5,8.0619
RouteID_b97060ad-f303-40f7-a867-ba25f5c24f1c,DBO2,77,20,192,192,4247527.0,2503831.63,98.05,13,8787.8,18826.4,7.6706
RouteID_b9713e55-1c18-49e1-86ca-6d0222c12cd2,DSE2,72,13,193,193,3313071.0,2283503.22,120.17,14,5340.6,23192.8,7.9259
RouteID_b9784e79-1e18-4b97-b4da-702b4a2cd591,DBO3,161,13,226,226,4247527.0,3104476.13,59.54,12,13132.9,13456.2,7.3859
RouteID_b97b8687-2b5f-4b64-97f1-d6a4c32cfbbc,DLA4,81,14,187,187,3313071.0,2317556.16,78.82,14,5546.6,14739.9,5.6351
RouteID_b9825940-2bbf-4356-8d61-1d1339c9070c,DSE4,103,30,216,216,4247527.0,2666716.79,74.85,15,7913.5,16168.6,6.6895
RouteID_b98cd3e9-f5fa-410e-b1c1-1e716aa24409,DSE5,152,13,239,239,4247527.0,2522172.39,82.44,14,10771.1,19703.0,8.465
RouteID_b9978b24-de05-4c80-8081-668e8ea4bf0f,DAU1,152,33,232,232,4247527.0,3783959.27,76.49,13,9362.2,17745.9,7.53
RouteID_b99b4645-4432-4004-9806-438dfb8e241a,DLA7,170,25,231,231,3313071.0,2209424.88,54.66,14,13241.2,12626.8,7.1856
RouteID_b99b8570-38e5-4292-8e10-572913e990c9,DCH2,196,22,292,292,3313071.0,2684008.5,52.9,12,12457.1,15447.8,7.7514
RouteID_b9b176d3-2812-4070-b2e1-b9ea3bf9ee74,DBO1,83,9,286,286,3313071.0,2872009.53,71.21,11,6218.6,20366.1,7.3846
RouteID_b9b1f591-f3ae-4b9c-acc9-5489b92b14fc,DSE5,181,13,290,290,4247527.0,3264205.39,57.46,14,10353.1,16663.7,7.5047
RouteID_b9b85979-3206-49ad-82f7-e99d64b3a2e0,DSE5,164,14,233,233,4247527.0,1882898.8,75.63,13,13113.3,17620.7,8.5372
RouteID_b9bd35bd-444f-48fb-8345-5e8f74d241c6,DCH1,214,25,285,285,4247527.0,2916854.06,55.58,14,13580.3,15839.1,8.1721
RouteID_b9dd468e-31fc-462a-8cc4-2956748f8136,DCH1,115,13,188,188,3313071.0,1525141.78,100.29,14,10531.4,18854.5,8.1627
RouteID_b9df0b50-3d98-4515-bc04-f5df1cce05ce,DBO3,141,31,213,213,3313071.0,3010158.72,78.8,12,12053.6,16784.3,8.0105
RouteID_b9f2a7ea-a444-4903-9089-7ffef65bd799,DCH3,161,16,225,225,4247527.0,2591481.26,71.41,13,12451.4,16067.2,7.9218
RouteID_b9f811b7-ae6a-428c-b8c1-1ef4a7bb0157,DBO3,153,21,205,205,4247527.0,2522240.88,82.16,12,14060.7,16841.9,8.5841
RouteID_ba19ad0f-b01c-4911-b8c3-d15f4cda71fc,DCH3,179,20,266,266,4247527.0,3096297.61,50.86,13,13109.8,13528.6,7.3996
RouteID_ba3daea9-bdc4-444e-bc7d-ed1c4df07936,DSE4,153,21,229,229,3313071.0,2102703.62,81.59,14,10492.9,18685.1,8.105
RouteID_ba4d7dd2-cca9-441a-b87e-d92cf27e2bb4,DLA7,138,26,218,218,3313071.0,2551894.8,65.17,15,10375.9,14206.0,6.8283
RouteID_ba4f3ea5-22ba-493b-97d9-4f0800fef0dc,DAU1,173,34,262,262,4247527.0,3136063.15,60.09,15,12429.4,15744.5,7.8261
RouteID_ba566ae8-9fb1-4494-b014-14e349da45a2,DCH3,188,16,262,262,3313071.0,2826620.55,53.76,12,11817.2,14085.6,7.1952
RouteID_ba6a41db-0c66-428e-8f58-f5fee7dfbc67,DLA9,109,19,220,220,3313071.0,2270767.15,54.63,14,10902.6,12019.2,6.3672
RouteID_ba71e04e-710f-48c3-8908-e6e353733664,DBO2,157,22,245,245,3313071.0,2425053.21,53.91,14,10204.0,13207.2,6.5031
RouteID_ba74586d-ab89-49f4-9409-29fccf23ba9d,DCH3,179,19,271,271,4247527.0,3308424.36,70.1,14,9972.5,18996.4,8.0469
RouteID_ba83619f-debd-4d47-b643-ca8233edaa5e,DBO2,62,19,212,212,4247527.0,2581909.64,83.65,12,6329.3,17733.8,6.6842
RouteID_ba86d0ac-5266-41c5-9403-c96b8cee0171,DSE4,88,13,183,183,4247527.0,2476229.63,90.61,15,8020.0,16581.9,6.8339
RouteID_ba96d9a4-6bca-4d16-8da6-7850baf434d9,DLA7,175,22,263,263,3313071.0,2521473.02,59.18,15,10683.6,15563.1,7.2908
RouteID_ba9a2070-348d-419f-90f6-b138823de2bf,DCH4,128,25,237,237,4247527.0,2685507.45,33.19,15,13056.7,7864.9,5.8116
RouteID_ba9de4fb-805a-4fa6-9673-829ed298ffac,DBO2,101,14,206,206,4247527.0,2873990.43,77.95,12,10008.9,16056.7,7.2404
RouteID_baa60580-5cef-4f7c-9e7d-6a8fee194051,DSE5,129,10,194,194,4247527.0,2066685.85,87.37,15,8448.3,16950.6,7.0553
RouteID_bab4fb83-3be2-4dd9-adcd-cb40c3c1a3f8,DLA7,188,20,261,261,3313071.0,2717184.5,45.7,16,11242.9,11929.0,6.4366
RouteID_bab88bc2-65ef-4020-8475-f6b0e0c4fb92,DBO2,112,14,190,190,4247527.0,2255298.22,93.04,11,11201.4,17678.0,8.0221
RouteID_baced9aa-4264-4f0a-8992-47d7308268e5,DLA8,93,20,249,249,3313071.0,3114965.11,80.68,17,6016.6,20090.5,7.252
RouteID_bad44198-8c25-4709-900e-6e28d5593c39,DLA5,166,18,259,259,3313071.0,2479539.34,69.86,15,11799.3,18092.6,8.3033
RouteID_bad72dc5-6429-4772-91ab-757da8b3a43e,DLA7,167,19,225,225,3313071.0,2069742.08,67.91,14,10203.3,15279.6,7.0786
RouteID_bad7aac9-f29b-4afc-bff6-2a28dbf3618c,DLA8,178,16,267,267,3313071.0,2452426.42,59.77,17,11384.1,15959.5,7.5954
RouteID_badfcb77-d3be-446d-9d99-8dbed1828484,DSE2,119,17,250,250,4247527.0,2977978.9,86.6,15,5985.7,21650.7,7.6768
RouteID_bae504fc-e911-4e97-ba8d-afa4283ce38d,DCH1,61,17,231,231,3313071.0,2956567.25,92.35,15,4626.0,21332.8,7.2108
RouteID_bae78799-204d-40c4-88b9-d016e5fee4e6,DLA9,147,28,281,281,3313071.0,2942496.56,48.67,15,10621.3,13676.4,6.7494
RouteID_bb009f83-c785-4a87-9bad-5caa4cc69921,DBO3,238,32,294,294,3313071.0,2983295.59,51.91,12,15300.8,15261.3,8.4895
RouteID_bb0343d0-48a3-4666-9765-9be5a6921113,DLA9,163,24,240,240,3313071.0,2303037.64,81.92,13,11006.1,19661.6,8.5188
RouteID_bb07ab7a-2f2b-42a7-9361-e7c65f292b8b,DCH3,182,19,254,254,4247527.0,2712205.01,70.84,13,12596.3,17993.0,8.497
RouteID_bb0a05d6-68b7-49b1-9174-ec7a82b49d5d,DSE4,175,22,248,248,3313071.0,2715193.68,69.85,15,10997.2,17322.3,7.8665
RouteID_bb265a5f-087b-462f-bc4e-1f7cc1c69571,DLA7,136,21,226,226,3313071.0,2463278.3,78.4,15,11626.4,17718.2,8.1513
RouteID_bb37be8b-f065-4c79-bb2f-2f4b69b7c07c,DBO2,182,25,288,288,3313071.0,3186910.72,55.36,13,9669.9,15942.3,7.1145
RouteID_bb4648b3-db69-407a-b293-fdc66d328e34,DLA4,115,15,227,227,3313071.0,3056889.96,74.29,14,6816.0,16862.7,6.5774
RouteID_bb5a6479-69f4-463f-9c1c-c3ffe79637da,DBO3,159,22,222,222,3313071.0,2262818.86,64.71,12,12202.4,14365.4,7.3799
RouteID_bb5b335c-317b-494e-b562-a914c4d7e794,DLA7,121,18,206,206,3313071.0,2120174.46,89.05,14,11370.6,18345.3,8.2544
RouteID_bb5e3460-9867-4fc2-9a8d-99f3e13826a2,DLA7,98,12,155,155,3313071.0,1385033.45,86.87,16,8483.2,13465.3,6.0968
RouteID_bb71ae90-02e0-4781-8f03-ed57c61794c5,DCH3,205,23,273,273,3313071.0,2831284.7,39.43,14,13843.3,10763.2,6.8351
RouteID_bb72b94e-11a8-426e-a256-259a9f890d0b,DSE5,156,14,226,226,4247527.0,2626421.4,61.64,13,13924.2,13931.0,7.7376
RouteID_bb7a1b55-94b2-42af-8c6b-60d6e050bd2a,DCH3,191,20,241,241,4247527.0,2293138.93,54.38,13,13081.2,13104.9,7.2739
RouteID_bb7bcd58-b6e4-4721-a740-f6486d7cb1fe,DSE2,136,22,241,241,3313071.0,3034517.29,99.14,14,6891.1,23891.7,8.5508
RouteID_bb82c206-af8f-4491-bd49-d84197702138,DLA7,171,17,238,238,3313071.0,2123108.76,67.93,15,9882.5,16167.5,7.2361
RouteID_bb946c91-adb9-4017-9645-d22684a3c1f0,DSE5,170,17,218,218,3313071.0,2488335.48,72.92,14,11595.6,15896.9,7.6368
RouteID_bb966aa9-4bd8-4a0b-b448-1ff25e6ca4ba,DSE5,118,10,199,199,3313071.0,2146261.72,56.6,15,11784.4,11263.6,6.4022
RouteID_bb987f4e-80f7-415c-a73d-265f33c75cb8,DSE5,167,14,237,237,3313071.0,2868066.67,74.45,13,13949.5,17643.9,8.7759
RouteID_bb99fee4-344f-46d9-94a2-8d243aeb6d99,DLA9,196,21,270,270,3313071.0,2260784.62,50.92,15,14143.6,13747.5,7.7475
RouteID_bba92eef-e911-49a2-a432-25c04de712c1,DLA9,165,20,254,254,3313071.0,2580500.61,68.16,15,12006.7,17312.4,8.1442
RouteID_bbadd6c2-8cbe-418f-86af-766f493f0641,DLA8,118,25,278,278,3313071.0,3225092.49,76.52,16,5125.7,21272.6,7.3329
RouteID_bbb25783-0a9b-4ecd-a6fd-8f934336a2a6,DCH3,149,17,206,206,3313071.0,2297229.62,72.27,15,13747.5,14886.7,7.9539
RouteID_bbc5596b-4a7c-45d7-a184-6457697a11a7,DCH2,157,19,247,247,4247527.0,2560495.11,61.19,13,13706.2,15113.5,8.0055
RouteID_bbc5a237-a15f-4875-862c-def2697d401c,DBO3,146,21,191,191,4247527.0,2540602.68,63.38,11,14381.8,12105.1,7.3575
RouteID_bbd19c5d-319d-4d73-aeff-a70e877f062b,DBO3,146,23,220,220,4247527.0,2738053.48,64.31,12,14643.5,14148.6,7.9978
RouteID_bbd9c256-3093-41a2-9924-58e7abe53445,DLA9,153,19,293,293,3313071.0,2744309.78,59.91,15,9334.9,17554.3,7.4692
RouteID_bbdef07a-cdfa-45d1-81c5-50024299d073,DSE4,109,23,236,236,4247527.0,2496763.44,80.01,15,7824.5,18883.4,7.4189
RouteID_bbdff169-e586-4fb9-9f6b-d1f1f0ce7fb5,DLA3,93,23,216,216,3313071.0,2043051.78,70.73,15,6720.2,15278.0,6.1106
RouteID_bbe10e4c-48c8-4a2d-9ad4-e808f2aa359b,DLA8,139,25,216,216,3313071.0,2511170.96,86.19,16,12512.7,18617.3,8.6472
RouteID_bbe190c2-ff7a-436d-9230-a002271ee3e4,DLA9,115,26,280,280,3313071.0,3273880.79,52.69,16,6676.5,14753.9,5.9529
RouteID_bbe38652-b154-46de-852e-c57ec678efa9,DBO3,178,18,232,232,3313071.0,2993082.38,76.74,13,14936.4,17804.2,9.0946
RouteID_bbf1d669-a810-4dfc-8235-9b30424741ac,DSE5,161,10,269,269,3313071.0,3209399.32,58.81,15,12310.5,15820.8,7.8143
RouteID_bbf26aac-01aa-4f46-a18e-3eef9bf1bdde,DLA9,142,22,241,241,3313071.0,2175985.07,67.28,16,10274.6,16214.1,7.358
RouteID_bbf79122-7caf-4b39-8de9-d2f3d1d5a203,DLA7,89,20,164,164,3313071.0,1552830.99,98.46,15,8677.6,16147.6,6.8959
RouteID_bbfd1c18-5efa-448f-8934-68183c0a2129,DSE5,145,11,199,199,4247527.0,2349472.82,70.42,14,8974.3,14013.4,6.3855
RouteID_bc0a758f-a028-4a73-88dd-c67dafdabf8d,DSE5,159,16,284,284,3313071.0,3230556.87,71.24,16,11645.4,20232.7,8.855
RouteID_bc0ff197-1c8c-4a39-ba62-39e48081f56f,DLA8,81,21,192,192,4247527.0,2278584.47,103.47,15,4949.0,19865.4,6.8929
RouteID_bc1abca2-b71d-4f7d-acc4-c558535d9da7,DSE4,144,25,247,247,3313071.0,2847883.4,67.46,14,11074.1,16661.4,7.7043
RouteID_bc27659b-2224-4407-aa82-a9eca12df07e,DCH1,64,21,264,264,3313071.0,3217081.85,75.84,15,5070.8,20023.0,6.9705
RouteID_bc3a9d42-a0ad-438c-9c05-fe8b709461fb,DCH1,192,17,286,286,3313071.0,2581098.66,48.77,14,13785.5,13947.4,7.7036
RouteID_bc47de6b-9fde-4739-b41c-33a8715534a0,DLA7,163,27,232,232,3313071.0,1914853.4,85.62,14,11242.9,19864.4,8.6409
RouteID_bc60788e-81c5-4573-8462-c5499bfc38f9,DCH4,181,22,258,258,4247527.0,2150821.22,63.98,15,12432.3,16506.7,8.0386
RouteID_bc63b0ab-f436-433b-ae89-e9a69af5ad17,DSE2,110,16,227,227,3313071.0,3031592.8,96.31,14,5849.5,21861.9,7.6976
RouteID_bc65f90d-587f-4b29-ad18-f325b53c5510,DCH3,161,17,239,239,3313071.0,3184371.2,87.64,15,8812.7,20945.0,8.266
RouteID_bc663be2-8b68-49ef-9150-b318e1de3c24,DLA3,93,21,193,193,3313071.0,2074951.73,111.93,15,5973.1,21603.0,7.66
RouteID_bc66e426-5b1d-4562-9ea1-3c3c30222c47,DBO3,187,34,284,284,4247527.0,2922549.5,41.52,13,13491.7,11790.8,7.0229
RouteID_bc7bf800-089a-4b98-b663-7624dab35a70,DLA8,114,29,277,277,3313071.0,3183382.01,67.26,15,5338.8,18630.4,6.6581
RouteID_bc7d1703-a1f8-45de-9c78-0643151c9d7c,DLA9,123,28,226,226,3313071.0,2307848.98,106.12,15,6672.3,23983.6,8.5155
RouteID_bc8ecfda-fbba-4b90-8c38-b47d5a568acc,DBO3,171,25,224,224,4247527.0,2138878.7,56.6,12,15807.6,12679.2,7.913
RouteID_bc9642d5-bdb8-4a8b-b62d-9b4fa08ae5f6,DBO3,175,29,243,243,4247527.0,2882794.5,43.04,12,15559.9,10458.8,7.2274
RouteID_bc96d79d-57df-40b8-8335-e2194d4183a2,DLA7,142,18,217,217,3313071.0,2294467.03,67.23,16,10616.2,14588.7,7.0014
RouteID_bc99e3cd-31c7-4b4a-851c-3dce24c56e84,DLA7,144,29,250,250,3313071.0,2623373.4,72.82,15,12047.6,18204.6,8.4034
RouteID_bc9e3810-87c5-4195-8578-c77290683d73,DSE4,172,32,263,263,3313071.0,2819849.01,60.0,15,14177.0,15779.9,8.3214
RouteID_bc9fbd69-5324-4a41-b008-86832dd8e02e,DSE5,198,18,283,283,4247527.0,3306085.57,48.31,13,17106.3,13671.5,8.5494
RouteID_bcac0be6-69fc-4225-9e4b-a69c64019387,DLA9,122,23,250,250,3313071.0,2391487.16,84.3,16,8665.4,21074.5,8.2611
RouteID_bcb1dd8c-6e7a-4f1c-8546-933131335d69,DSE4,109,17,237,237,4247527.0,2527692.82,79.14,14,7162.8,18755.0,7.1994
RouteID_bcbd44fe-2a3c-4877-801a-f35b1234632f,DAU1,161,35,263,263,4247527.0,3748189.21,66.29,13,12318.9,17434.3,8.2648
RouteID_bcc07fea-86d2-41e4-9a58-cfc78956dcc7,DLA7,140,21,212,212,3313071.0,1503818.05,63.22,16,11370.0,13402.2,6.8812
RouteID_bccd12e9-1b8f-41fd-9580-70e22b563625,DLA7,139,17,207,207,3313071.0,2133583.48,40.71,16,9599.4,8426.1,5.0071
RouteID_bcd39282-9086-47d9-9f04-21d930e0a292,DSE5,116,11,192,192,4247527.0,1915338.04,90.1,15,7950.0,17298.5,7.0135
RouteID_bcd682f8-5087-4b35-8d7e-98e23c2496ac,DLA7,156,23,223,223,3313071.0,2132760.22,68.94,14,10680.0,15373.0,7.2369
RouteID_bcd8fc96-c7dc-484a-b2e2-c1dd057ec75c,DBO3,164,27,204,204,4247527.0,2293897.06,74.14,12,13900.0,15124.0,8.0622
RouteID_bcd9cdd4-e1d0-4389-a9c2-fc95f806c3c2,DSE4,109,16,217,217,4247527.0,2066686.03,68.71,15,7880.7,14909.4,6.3306
RouteID_bcdecdc9-5580-4cd2-90d0-f06c1062692c,DLA7,118,21,194,194,3313071.0,2093368.09,82.95,14,10844.6,16092.9,7.4826
RouteID_bce95da9-fc26-48aa-9053-e80621420a2d,DLA8,175,17,247,247,3313071.0,2693147.88,69.52,16,12416.5,17170.8,8.2187
RouteID_bcfd0b23-9ed6-44f7-a91b-3aafd01f1eb8,DLA7,161,21,248,248,3313071.0,2526461.78,57.46,15,12593.0,14251.2,7.4567
RouteID_bcfd3fa2-531c-41ec-9375-05a12d28f43a,DSE4,115,17,263,263,4247527.0,2864290.02,63.26,16,7508.7,16637.9,6.7074
RouteID_bcfee66e-9c05-48b2-8f84-a7c59ae5c825,DCH2,156,21,276,276,3313071.0,3268671.13,77.86,14,10077.7,21489.0,8.7685
RouteID_bd0ad720-8246-453c-80bf-ff2200c5fa5b,DLA9,138,22,249,249,3313071.0,2507622.64,79.04,14,9894.5,19681.2,8.2155
RouteID_bd23c559-b6a5-4537-9d32-88db04ccec81,DLA3,141,9,243,243,3313071.0,2525364.5,97.81,16,7108.0,23767.1,8.5764
RouteID_bd3efbfc-f69d-4310-88e4-2490ee337f76,DLA7,142,18,234,234,3313071.0,2805232.2,75.59,16,11698.6,17687.4,8.1628
RouteID_bd47a557-a710-491e-a4ea-72b5318ae777,DLA7,148,17,221,221,3313071.0,2560193.06,75.7,16,10905.2,16729.3,7.6762
RouteID_bd49677e-a9c9-4c20-81c5-46c1843cf41d,DCH2,133,17,241,241,3313071.0,2223574.19,71.63,14,10939.0,17262.7,7.8338
RouteID_bd4bf668-d682-4910-b945-6fc474c4fc88,DSE4,143,28,257,257,3313071.0,3250749.97,62.74,15,11741.0,16124.7,7.7405
RouteID_bd560acf-1310-4dad-abf2-8db8f697b18a,DLA8,121,18,274,274,3313071.0,3191349.87,74.96,15,6440.2,20537.9,7.4939
RouteID_bd565001-36f7-426e-a08b-e641f348c7da,DLA7,134,26,183,183,3313071.0,1464439.37,56.31,14,10993.3,10304.1,5.9159
RouteID_bd568907-0a28-469e-a685-3a249d0b5ada,DLA7,193,25,277,277,3313071.0,3132973.64,51.13,14,9347.4,14163.3,6.5308
RouteID_bd605e7d-ecc1-4361-aaed-c65dfe2e773a,DSE5,162,15,245,245,3313071.0,2708998.21,58.87,14,14801.3,14424.2,8.1182
RouteID_bd62789b-ca96-47af-8c2f-b41cc1f4287b,DLA7,133,18,200,200,3313071.0,1957849.41,81.16,14,8985.1,16231.7,7.0047
RouteID_bd80c28f-cce8-4204-8014-5807c3bb544e,DSE2,101,13,225,225,3313071.0,2722309.71,90.96,14,5024.6,20464.9,7.0804
RouteID_bd9cf801-7ad3-40ea-bfe6-168c66439283,DLA3,67,19,217,217,3313071.0,2715400.18,61.74,15,6718.5,13396.8,5.5876
RouteID_bde6f14d-6311-4769-af26-72e4f503f64c,DLA4,146,13,245,245,3313071.0,3125388.29,73.7,14,9090.7,18056.4,7.5409
RouteID_bdeec9b7-2e85-4a8b-ab6a-205ec492bee1,DLA7,144,22,246,246,3313071.0,2708576.76,59.42,15,9530.2,14618.2,6.7079
RouteID_bdef36d1-a2db-4661-a1dc-615d30344a7a,DLA7,156,25,268,268,3313071.0,2864009.22,58.11,14,11533.6,15574.1,7.5299
RouteID_be13a154-4d32-43f1-8a9e-482017411a98,DLA7,151,21,251,251,3313071.0,2561765.1,64.55,14,11573.9,16201.8,7.7155
RouteID_be16c5b1-bc2e-4789-b582-e35152bb9344,DLA7,147,24,231,231,3313071.0,1942870.25,69.05,16,11626.3,15950.3,7.6602
RouteID_be2af21a-5c14-4c93-96f3-7a1192aa2046,DLA7,162,20,266,266,3313071.0,2762188.76,50.83,16,11580.4,13520.9,6.9726
RouteID_be323f02-11d3-4adf-bf88-a1828c611cb9,DBO2,180,22,238,238,4247527.0,2816433.81,66.37,12,15218.6,15795.0,8.6149
RouteID_be357a21-409f-4fcb-b63b-851969a2e02d,DLA7,167,22,237,237,3313071.0,2886855.35,58.59,16,13463.7,13884.8,7.5968
RouteID_be4a5318-30b0-4446-aed2-0660df6853e6,DBO3,164,31,220,220,3313071.0,2540077.48,53.77,12,12416.6,11829.3,6.735
RouteID_be504b86-1f07-4086-b94f-9d47d2f07ce9,DBO3,172,21,251,251,4247527.0,3552852.3,62.4,12,13268.4,15662.1,8.0362
RouteID_be718da4-c17d-41f4-8d02-f5582cf2f2a4,DLA9,112,21,205,205,3114853.25,2330099.1,96.65,15,11717.1,19812.7,8.7583
RouteID_be8af628-6f15-470f-b25d-64af9bb7ffed,DSE4,172,22,277,277,3313071.0,3119755.97,64.82,15,11626.9,17954.4,8.217
RouteID_be95aa65-08d7-4cc0-a0f6-3ef10636105a,DCH1,121,25,212,212,3313071.0,2248093.68,64.4,13,10172.1,13652.0,6.6178
RouteID_beaac1f8-8551-401b-b3f6-4f6eaf925f82,DLA7,158,22,237,237,3313071.0,2603770.63,59.12,16,9635.9,14011.6,6.5688
RouteID_beb7f15e-94fc-4a8d-92f7-10f9fe14b191,DBO2,124,19,228,228,3313071.0,3254350.72,57.17,13,7854.7,13033.7,5.8023
RouteID_bebb14b5-705b-431b-b208-867df76ed0fe,DAU1,129,21,242,242,4247527.0,2491777.75,60.29,14,10765.4,14589.0,7.0429
RouteID_bebe48ca-d625-4cf3-bc7f-d82d8fb4f41a,DLA5,194,25,239,239,3313071.0,1969792.41,55.87,14,16918.4,13352.9,8.4087
RouteID_bebf9984-ee82-4359-aa8f-c8dcb2260428,DCH4,176,27,252,252,4247527.0,2981347.03,64.08,13,11693.1,16148.6,7.7338
RouteID_bec1f5a8-e640-4736-8c78-9f9775f319e8,DSE5,146,11,212,212,3313071.0,3175857.13,67.6,15,15358.6,14332.2,8.2474
RouteID_becf5923-8b4b-40ad-b30b-9b3c5ba65578,DLA7,152,24,246,246,3313071.0,2299026.43,53.63,14,10317.6,13193.1,6.5308
RouteID_bed13eaf-40dd-42aa-bde2-36a5fb821e2b,DSE5,152,16,253,253,3313071.0,2694572.36,70.6,15,12403.5,17862.8,8.4073
RouteID_bed8315c-14cd-4a0f-ad3d-12223bf82120,DCH4,163,28,243,243,4247527.0,3115055.96,60.25,15,12689.0,14640.5,7.5915
RouteID_bf03719f-b5bd-4648-9c2d-bf1121a08547,DLA7,148,25,225,225,3313071.0,2682934.98,69.07,16,13059.2,15540.4,7.9443
RouteID_bf0bbf2a-46e8-46f2-b68b-1fa591f636e7,DLA9,125,24,251,251,4247527.0,2134545.99,70.67,14,8300.1,17739.4,7.2332
RouteID_bf3d7b85-0224-4993-8751-214ddde9e541,DSE2,103,18,219,219,3313071.0,2513936.96,83.11,14,6304.3,18200.8,6.807
RouteID_bf43b960-31e2-4ee1-9025-fae52630e922,DLA3,127,19,216,216,3313071.0,2286694.35,54.79,16,12674.0,11834.4,6.8079
RouteID_bf6a6ce1-3b91-4dd9-82c5-f7a367b7edc8,DBO2,175,24,255,255,3313071.0,3193643.19,47.94,13,11982.7,12223.7,6.724
RouteID_bf6e8979-291a-4574-849a-c39160910b22,DCH4,178,27,260,260,4247527.0,3398505.78,67.55,14,13328.9,17563.8,8.5813
RouteID_bf773baa-ccea-4eff-bce7-53e9a47cd865,DCH2,200,19,289,289,3313071.0,3011855.3,58.61,15,13851.5,16938.2,8.5527
RouteID_bf794e4b-8177-4020-abe3-53ff89e1815e,DSE2,96,20,209,209,3313071.0,2627502.39,106.08,14,5877.7,22170.7,7.7912
RouteID_bf79a96e-49fc-49c1-bc08-e21a6d1c7b44,DLA7,123,22,239,239,3313071.0,2462637.65,65.23,14,8337.3,15589.6,6.6464
RouteID_bf8130d0-72ca-4f7a-9cc2-9923a24203c0,DLA7,134,20,217,217,3313071.0,2062582.29,72.31,15,10861.0,15691.4,7.3757
RouteID_bf98c9fc-b92e-49d3-9c1f-267af0ff69f3,DLA7,176,20,284,284,3313071.0,3070519.61,52.94,15,11947.3,15035.0,7.4951
RouteID_bfaf1ebf-e556-43ba-8344-8976ff9f35c0,DLA7,126,25,190,190,3313071.0,1941447.34,80.29,14,9873.4,15255.6,6.9803
RouteID_bfb962d0-05a1-4956-9058-5e71dc3e8d9f,DLA8,164,23,244,244,3313071.0,2681183.46,80.29,16,11335.9,19590.9,8.5908
RouteID_bfe19d1b-5d95-44f1-8750-c1d065bad027,DLA9,159,22,271,271,3313071.0,2962618.89,76.62,13,11626.5,20764.8,8.9976
RouteID_bfe4ee11-d28b-4289-a2aa-ea3709504c1e,DLA8,184,14,258,258,4247527.0,1985437.56,62.13,14,11544.9,16029.7,7.6596
RouteID_bfe77e88-5d33-4276-bcb6-247a119b11ce,DLA3,102,24,227,227,3313071.0,2401956.78,76.19,15,6796.0,17295.9,6.6922
RouteID_bfed049b-af16-4a81-99aa-28b1dedce5f3,DLA8,135,21,276,276,3313071.0,2978741.53,80.93,15,7100.9,22337.5,8.1773
RouteID_c001a497-c4c2-4dc2-ad4f-eaccf717d112,DBO3,183,37,253,253,4247527.0,2728830.67,66.22,13,14179.6,16754.1,8.5927
RouteID_c01480b7-ba76-462e-8c4a-0046edad9170,DBO3,154,18,225,225,3313071.0,3226269.94,56.52,12,10797.4,12717.5,6.5319
RouteID_c024cb36-6980-4dc2-bd6e-939d211cb68b,DLA9,154,24,220,220,3313071.0,2036080.36,94.91,15,12096.0,20880.7,9.1602
RouteID_c0302952-8e83-4755-8d56-66d984de4d84,DCH3,188,21,264,264,3313071.0,2919774.48,32.89,14,11373.1,8683.7,5.5713
RouteID_c0333d25-a29b-4fcd-ad3b-4e02a3699db5,DCH3,193,24,271,271,4247527.0,2331541.19,54.4,12,13602.7,14742.8,7.8738
RouteID_c04c10c8-c095-4ce3-8119-1b96016c4fbe,DAU1,142,46,243,243,4247527.0,3205736.91,70.9,15,9596.6,17229.4,7.4517
RouteID_c0538d99-05d1-436b-b0aa-efe26603d606,DCH3,199,22,274,274,3313071.0,3078749.84,57.64,15,13793.8,15792.0,8.2183
RouteID_c05428b8-c43f-4cb8-b86a-f609054bca5d,DLA8,161,18,255,255,3313071.0,2580898.82,78.27,16,11907.1,19960.0,8.852
RouteID_c0599e4f-4911-4efa-85f1-75ee9b060429,DCH1,163,28,287,287,3313071.0,3055823.23,71.56,14,8472.8,20537.8,8.0585
RouteID_c07ba216-a0bb-44d7-8d86-680a29b8a2d6,DCH3,195,22,275,275,3313071.0,2755271.5,72.5,13,13777.3,19937.8,9.3653
RouteID_c081aa9c-dae4-43b8-93d9-45f0bdefd93e,DSE4,85,12,182,182,4247527.0,2138034.32,112.86,15,6263.9,20540.8,7.4457
RouteID_c08fcc23-2bb8-42bb-98ee-4641e514088f,DLA7,144,25,214,214,3313071.0,1835070.0,76.06,14,11706.2,16277.5,7.7733
RouteID_c0b4b5ba-09f8-4e10-a441-8bfbd9d958c0,DLA7,139,29,195,195,3313071.0,1445022.16,72.51,14,12588.5,14140.0,7.4246
RouteID_c0b7878e-2940-473f-b763-f7d5a33a2a1f,DCH1,81,23,277,277,3313071.0,2959311.86,59.79,14,7065.8,16561.9,6.5633
RouteID_c0bb3974-f24a-4022-8d07-a75b59d7011b,DLA9,131,17,194,194,3313071.0,1888988.23,110.68,15,9470.3,21471.7,8.595
RouteID_c0bb49d9-1046-4364-94bc-f45b0ecef8cb,DSE5,169,15,233,233,3313071.0,2669790.14,55.29,13,13640.8,12883.4,7.3678
RouteID_c0cbae27-8760-4343-add1-204df309516c,DSE4,152,29,248,248,3313071.0,2416410.7,59.13,14,11396.0,14663.9,7.2389
RouteID_c0d2b032-e926-4d8e-a623-7e260f8079b3,DBO3,164,26,206,206,3313071.0,2245803.68,85.83,12,14552.8,17680.1,8.9536
RouteID_c0ececde-1d42-4427-ae43-b7e8508a9f4c,DLA8,179,20,282,282,3313071.0,2892274.16,48.51,16,11968.1,13679.2,7.1243
RouteID_c0ede790-fb33-4eff-9d26-2f8d9f02994d,DSE5,159,14,236,236,4247527.0,2883357.18,53.85,15,10814.6,12707.9,6.534
RouteID_c0f29a71-8ead-45cf-ad11-416fe214bbdd,DSE5,150,10,205,205,4247527.0,2185616.75,74.5,14,10380.5,15272.8,7.1259
RouteID_c1473f92-cdf6-4e97-ae78-2ee4080ee32f,DLA9,98,19,183,183,3313071.0,1877386.12,116.25,13,8359.5,21274.0,8.2315
RouteID_c147ef6e-ed35-47ec-a89d-d392e8ba2978,DSE4,161,23,274,274,3313071.0,3223367.19,57.38,15,12139.4,15723.4,7.7397
RouteID_c149ec69-3df1-4fdf-b93e-4b452851a66e,DCH1,181,15,245,245,3313071.0,2534678.18,55.68,14,15937.6,13642.5,8.2167
RouteID_c152aa10-770a-494a-bc26-c85731ea2baf,DLA7,159,19,221,221,3313071.0,2361703.61,62.8,15,10766.1,13879.9,6.8461
RouteID_c15a6d87-23cd-418c-b83e-fbe5fdb498bd,DLA5,183,26,271,271,3313071.0,2565115.19,46.75,15,14710.2,12668.6,7.6052
RouteID_c16cda48-a3e3-471c-a5d0-124db92659f3,DLA9,158,24,251,251,3313071.0,2518410.11,61.09,14,12930.1,15333.6,7.851
RouteID_c17236a3-d388-4ff5-8871-a1214c2c513e,DCH4,178,23,257,257,4247527.0,3260378.31,37.65,15,12873.1,9675.4,6.2635
RouteID_c1758ba1-c17c-41e4-8e40-d41f8091f619,DSE4,171,27,268,268,3313071.0,2458494.5,69.23,15,14354.3,18553.5,9.1411
RouteID_c1a05147-caca-4dd6-b6a1-0a786f33d843,DSE5,128,7,187,187,4247527.0,1894326.69,95.51,14,11157.0,17859.6,8.0602
RouteID_c1a61597-7f5b-41eb-adf0-59145f866853,DLA9,132,22,271,271,3313071.0,2319609.81,59.99,13,10065.0,16256.1,7.3114
RouteID_c1acca9b-61d4-4cd8-9165-063e172244d7,DBO3,135,24,170,170,4247527.0,2287491.42,69.27,12,14234.3,11775.3,7.2249
RouteID_c1b2312c-7033-4e4a-b92e-55cb01cb9cec,DLA7,148,21,226,226,3313071.0,2245316.27,56.61,15,10883.9,12794.3,6.5773
RouteID_c1c2246c-e2b1-47fa-91a4-870cf3ab9741,DSE4,155,25,213,213,4247527.0,2225886.31,90.56,15,10474.0,19289.0,8.2675
RouteID_c1d47f73-895b-465d-8c4c-a3eeae4bfc87,DLA9,124,22,230,230,3313071.0,2570177.27,89.73,16,7172.3,20638.0,7.7251
RouteID_c1d7e46f-9f83-46e3-abc6-33964a56f25a,DLA9,132,28,222,222,3313071.0,2599072.59,46.71,15,8643.8,10368.6,5.2812
RouteID_c1ed1928-10dd-4f2f-95da-d341d06ae84b,DLA3,91,17,205,205,3313071.0,2660177.44,101.6,16,4800.3,20827.3,7.1188
RouteID_c2164e8d-3b83-4194-988c-8d2e90ddcfca,DLA7,122,20,206,206,3313071.0,1880135.74,83.5,14,9482.4,17201.8,7.4123
RouteID_c21a80c8-3bf6-479e-88a3-a17981b1fb16,DSE4,166,28,275,275,3313071.0,3066175.39,64.89,14,11265.0,17845.7,8.0863
RouteID_c221337e-9c0b-4003-b749-7171066cfed4,DLA9,122,29,260,260,3313071.0,2745431.05,70.25,16,9750.4,18265.6,7.7822
RouteID_c22a2781-0d51-4c3c-93e9-38a232746e0d,DLA7,185,23,282,282,3313071.0,3212668.94,44.43,16,8362.2,12528.6,5.803
RouteID_c2352a55-d87a-4beb-8cce-394e6e717bd8,DLA7,145,22,231,231,3313071.0,2290728.59,72.42,15,11645.6,16729.9,7.8821
RouteID_c24b572b-b38e-48db-a231-3058e99e8e11,DSE4,192,31,260,260,3313071.0,2562032.4,55.97,15,12989.0,14551.1,7.65
RouteID_c25ff0c9-1e39-48bd-b5d8-846106cfd1a1,DBO2,159,26,227,227,4247527.0,3345830.79,68.41,11,12457.7,15528.2,7.7739
RouteID_c2656f74-0ff5-4d6e-b0de-f06e2dbe73cc,DLA5,180,26,266,266,3313071.0,2401159.71,60.63,14,15111.0,16126.8,8.6772
RouteID_c2673b26-e324-4aa1-8fdc-8fd3906554be,DLA9,137,16,218,218,3313071.0,2468136.96,76.39,15,11169.0,16653.2,7.7284
RouteID_c27933e4-53dd-4155-be5c-fd8316aa3620,DSE2,104,15,226,226,3313071.0,2884026.9,106.77,14,5958.2,24128.9,8.3575
RouteID_c2793b09-0ef4-4664-9f33-e675e3962e4d,DLA8,110,27,257,257,3313071.0,2790322.2,84.51,15,5302.5,21719.0,7.506
RouteID_c281baf1-f559-4fa7-b338-76e40b6ef05d,DLA9,165,27,296,296,4247527.0,3136106.72,47.24,14,9702.8,13983.5,6.5795
RouteID_c28aa6e3-1a85-4128-b40c-9954ecadc2d9,DLA7,163,19,228,228,3313071.0,2337057.22,75.92,14,9284.3,17308.7,7.3869
RouteID_c2b3f95d-e095-4adc-8685-ea1546dab813,DCH3,180,23,269,269,3313071.0,3002093.35,76.12,15,9719.8,20475.1,8.3875
RouteID_c2b5350b-e571-4009-ad6b-21b60e158bce,DLA9,125,20,210,210,3313071.0,1806881.63,100.42,14,9699.5,21089.0,8.5524
RouteID_c2b85119-97d1-4bf9-bd33-5e196523198d,DCH3,193,21,270,270,3313071.0,2677634.53,67.1,15,10976.8,18118.1,8.0819
RouteID_c2b9f702-1766-4333-9168-a35700350c83,DLA7,151,22,230,230,3313071.0,2212781.76,65.22,14,11036.0,14999.9,7.2322
RouteID_c2bd6325-5726-4f5b-a0b6-29dc860e1f2a,DSE5,114,11,200,200,3313071.0,1783552.11,73.28,15,10918.4,14656.6,7.1042
RouteID_c2c2d65a-0ad2-4d03-8e6f-58c3e7dcfa24,DLA9,114,23,262,262,3313071.0,2664428.43,86.55,15,7301.3,22676.4,8.3271
RouteID_c2cd2fa6-e9c3-4269-950f-7cd57429bd81,DLA7,124,23,192,192,3313071.0,1823368.96,73.06,16,11777.0,14028.0,7.1681
RouteID_c2df7767-d879-45a9-a6e4-5d26992c1d20,DBO2,188,29,269,269,3313071.0,2535296.75,79.4,13,11865.5,21357.8,9.2287
RouteID_c2fc0047-ae20-4c76-9eb3-e5b8f3e75cf0,DLA8,129,18,293,293,3313071.0,3209505.28,72.32,18,6169.1,21189.7,7.5997
RouteID_c3069c8b-13c7-4e69-a25c-d15dd70e3b76,DLA9,162,30,283,283,4247527.0,3385327.42,63.94,14,11214.7,18095.8,8.1418
RouteID_c315913d-98b6-4277-acba-974897e0e460,DCH3,197,19,273,273,3313071.0,2921864.39,73.64,14,12197.0,20102.4,8.9721
RouteID_c31dc377-1a2c-4715-9c91-ffa7bacb7a7d,DCH3,151,16,214,214,3313071.0,2045795.47,75.09,13,14025.3,16069.8,8.3598
RouteID_c32a45a9-014c-4647-8ba3-1c1e54125b61,DLA9,130,24,275,275,3313071.0,2771804.27,56.48,15,6977.0,15532.1,6.2525
RouteID_c32e1490-5ac4-4292-bc73-2d0d0d87175f,DCH3,174,18,272,272,3313071.0,2787404.42,61.0,15,10207.0,16592.5,7.4443
RouteID_c3369ae9-627e-42da-81dd-6c6e99197266,DSE5,154,13,209,209,3313071.0,2087334.77,82.17,15,10920.5,17174.1,7.8041
RouteID_c34c97b8-ee67-4057-8151-9ca77ec5d372,DCH2,98,26,263,263,3313071.0,2862449.9,77.45,14,6297.9,20369.1,7.4075
RouteID_c3557b5e-df50-4fea-affd-cecc3db6b58f,DLA9,165,24,254,254,3313071.0,2506178.98,58.6,14,11626.8,14883.2,7.3639
RouteID_c3602216-4d2d-4204-9b7f-c6c545714efe,DLA7,160,29,247,247,3313071.0,2381317.32,55.85,15,9173.4,13794.8,6.3801
RouteID_c369ccaa-53f4-46de-ba18-5b673ec67e13,DLA5,202,24,297,297,3313071.0,3081001.11,56.66,15,14644.2,16829.4,8.7427
RouteID_c36a041d-5696-4803-bfbf-d0c0c78b2056,DSE5,129,9,192,192,4247527.0,2505526.64,68.39,15,9508.4,13130.8,6.2887
RouteID_c36c040b-43ec-41e3-aeb9-13c89132d697,DSE4,166,23,281,281,3313071.0,2643000.64,74.85,15,11184.9,21031.7,8.9491
RouteID_c371820c-751e-49bf-8359-fd57af7658f6,DSE5,181,13,248,248,4247527.0,2817964.34,65.32,13,11934.0,16200.4,7.8151
RouteID_c374064c-6676-4db8-a70b-8841d3b4f057,DLA3,88,19,182,182,3313071.0,2357555.19,111.59,15,5292.1,20308.8,7.1114
RouteID_c3743956-ba37-4e6b-a537-c15a98f86142,DLA7,143,22,257,257,3313071.0,2779510.7,37.85,16,8696.4,9728.5,5.118
RouteID_c383fc71-1659-4a1e-8421-c8a440d9f0f3,DSE4,107,14,217,217,4247527.0,2373285.88,83.69,15,8543.9,18159.9,7.4177
RouteID_c39273c4-59ed-4619-bc06-7ade297e4289,DSE4,158,29,247,247,3313071.0,3137478.06,65.09,14,11274.7,16077.9,7.5979
RouteID_c398f21a-b659-4c0f-983e-5802982511a1,DCH4,153,20,237,237,4247527.0,3010112.28,57.26,15,12219.9,13571.4,7.1643
RouteID_c39b1c64-1403-46db-ab40-16684cd80b7c,DLA7,153,19,192,192,3313071.0,1826220.28,106.83,14,10156.0,20510.9,8.5186
RouteID_c39baa5c-d109-4717-b720-ede037a78435,DLA7,170,20,246,246,3313071.0,2394952.93,53.46,16,11724.0,13152.2,6.9101
RouteID_c3a1dc96-b1e1-4127-9dcf-f172e32dfea3,DSE2,120,16,217,217,3313071.0,2389689.28,103.94,14,6152.2,22555.9,7.9745
RouteID_c3a914c5-67ba-46b6-9086-927961da1ccf,DSE5,142,13,194,194,4247527.0,2016013.14,76.26,13,14796.5,14795.1,8.2199
RouteID_c3b87033-b49c-4ead-92ed-39fcb8177c29,DCH4,197,30,268,268,4247527.0,3046783.44,49.04,15,16188.7,13141.9,8.1474
RouteID_c3b8e1ad-31d5-4f02-ae85-05a164e0a94e,DCH3,198,23,267,267,3313071.0,2494708.47,56.51,14,15264.6,15086.9,8.431
RouteID_c3d7ed5a-9905-482b-b9fc-b8f2dcdc7ea5,DLA9,195,29,284,284,3313071.0,2806746.97,62.52,15,12997.2,17756.4,8.5427
RouteID_c3f06587-ff3d-4f1f-95d6-9af89798d028,DLA5,185,21,254,254,3313071.0,2264693.97,45.31,15,12873.1,11508.2,6.7726
RouteID_c3f0b68b-dc52-411b-85af-ce62e7250033,DSE4,112,18,204,204,4247527.0,2483445.35,97.85,15,8258.8,19961.3,7.8389
RouteID_c4205c9e-b7ee-43f0-ab9b-15796298cd96,DLA9,130,32,283,283,4247527.0,3015115.85,73.88,15,8242.4,20908.4,8.0974
RouteID_c428c63f-e834-4949-89c2-9738cdd1c81b,DLA4,155,14,237,237,3313071.0,3261129.44,81.94,15,9601.2,19419.9,8.0614
RouteID_c43a5dfd-476a-4437-bea5-93a41495f922,DLA4,98,8,155,155,3313071.0,1880994.35,70.05,16,8230.8,10858.5,5.3026
RouteID_c4414c09-9393-4e07-9fe0-091959741cb2,DLA3,84,21,202,202,3313071.0,2504334.65,95.77,15,6415.5,19345.7,7.1559
RouteID_c4501947-432a-4b49-a68a-b14a9feb36b8,DBO3,141,18,233,233,4247527.0,2993738.05,60.84,11,10965.2,14175.7,6.9836
RouteID_c46e4d35-72c2-4965-a257-3ebad86174af,DLA3,135,15,211,211,3313071.0,1665278.83,80.74,14,7482.1,17035.6,6.8105
RouteID_c4762261-d28e-4832-8af4-297c6f730b02,DBO3,175,29,233,233,4247527.0,2738883.08,62.39,12,13954.4,14536.8,7.9142
RouteID_c47eb967-9ec7-4efa-9d72-eb3c0f5f90f5,DBO1,146,12,269,269,3313071.0,2894940.84,61.76,11,8657.3,16613.3,7.0196
RouteID_c4857c4c-a356-4e5e-964c-37ec4681afa7,DLA9,146,28,290,290,3313071.0,2856320.91,74.88,15,7296.7,21714.1,8.0586
RouteID_c48f1517-7277-4ce2-a603-2d1a7197fefa,DSE4,142,16,281,281,3313071.0,3231579.87,67.52,15,9860.4,18974.0,8.0096
RouteID_c49dc3e5-b3ee-401f-8693-15035f4a18da,DCH4,198,20,269,269,3313071.0,3055127.9,56.79,14,13339.0,15276.1,7.9486
RouteID_c49ed088-4773-48a4-98aa-8d27c98f1d2e,DLA8,161,20,255,255,3313071.0,2315971.88,83.93,14,9938.6,21403.3,8.7061
RouteID_c4a600b2-fcbf-47c8-8cf3-d8da055d506e,DBO2,79,17,212,212,3313071.0,3294626.62,71.09,14,6430.4,15071.6,5.9728
RouteID_c4aac70f-31c4-47d8-8183-b6fa88acb0d2,DLA8,108,24,284,284,3313071.0,2889837.58,77.89,17,6315.3,22119.8,7.8986
RouteID_c4b29f6e-d532-4805-953e-62d505de6b78,DAU1,103,31,247,247,4247527.0,2952261.11,60.61,15,8418.0,14970.4,6.4968
RouteID_c4b6bea5-bb47-4f95-b7ef-dc6227eb228e,DSE5,146,13,218,218,3313071.0,2025966.19,95.46,15,10648.3,20810.9,8.7387
RouteID_c4bb4f69-20fa-482e-84c2-033d1a043ee9,DLA4,167,11,226,226,3313071.0,2350568.89,75.82,15,13037.7,17134.3,8.3811
RouteID_c4c96d9f-6311-4fdf-bcf4-4bb346cf45fa,DLA7,155,22,227,227,3313071.0,2212363.57,66.97,16,10384.4,15201.8,7.1073
RouteID_c4d06422-9e57-4c33-aa88-3af2a7a2e3d9,DLA9,141,22,239,239,3313071.0,2368909.91,79.38,14,11579.8,18971.4,8.4864
RouteID_c4d52dd0-8c3a-4723-ad85-857b5e8564a3,DLA4,161,14,236,236,3313071.0,2796732.54,71.61,16,9179.0,16901.1,7.2445
RouteID_c4d7c70b-409f-4820-9a46-6b230c37cb12,DSE4,151,27,197,197,4247527.0,1736155.78,71.94,16,11127.7,14172.6,7.0279
RouteID_c4e607ee-e9a6-487f-bc79-2b4a5bf280e0,DCH3,187,22,260,260,4247527.0,2919119.72,61.05,12,9544.3,15873.7,7.0606
RouteID_c4f752e2-767e-42a8-b36e-e6f0a91d37e9,DSE4,164,25,273,273,3313071.0,3293298.84,53.24,15,12176.4,14533.6,7.4194
RouteID_c50435bb-564b-4afe-bd35-7816123b3afa,DLA4,165,16,229,229,3313071.0,2745015.98,79.1,17,10333.9,18113.4,7.902
RouteID_c5072e13-422d-4219-a2fa-5b1fffc6bb05,DLA9,97,23,224,224,3313071.0,2749113.75,108.61,13,8131.2,24329.4,9.0168
RouteID_c529b748-1661-479d-ad2c-45c7e8051f78,DLA8,134,24,257,257,3313071.0,2625814.32,81.96,14,6830.0,21063.9,7.7483
RouteID_c52ae3cb-43ab-468b-ad78-56357965eb37,DSE5,159,12,220,220,4247527.0,2244522.41,64.29,14,11974.2,14143.6,7.2549
RouteID_c53e49b2-387c-41be-bffd-acd1c473fe50,DLA9,112,20,199,199,3313071.0,1961164.51,62.7,15,6824.8,12476.9,5.3616
RouteID_c541777b-7f86-421d-8c34-94040d35c78e,DCH3,186,22,259,259,3313071.0,3045407.68,71.34,15,10905.3,18477.3,8.1618
RouteID_c54aa8d4-5b3c-4326-ad3e-09b11f58975b,DLA7,179,22,279,279,3313071.0,2792149.41,52.88,15,10798.3,14753.6,7.0977
RouteID_c54dd5c5-cff1-4cef-95da-8a682c422c67,DLA7,124,22,232,232,3313071.0,2522043.55,74.08,14,11480.1,17187.4,7.9632
RouteID_c5531683-d706-4326-97b2-5257a38046ad,DCH4,145,19,229,229,4247527.0,2310623.76,63.17,15,10667.7,14466.4,6.9817
RouteID_c554f04d-614c-4d69-b2d6-ccfe90865a16,DCH1,109,13,185,185,3313071.0,1973358.42,82.56,12,8124.0,15273.3,6.4992
RouteID_c55ec7d4-442a-44f3-9208-2881244063d8,DLA4,128,16,244,244,3313071.0,3025106.62,67.82,14,6733.7,16549.2,6.4675
RouteID_c57d1a3e-cc95-4531-8c16-397b015b284d,DCH2,173,21,249,249,3313071.0,3017876.14,53.97,12,11617.7,13437.7,6.9598
RouteID_c57db90a-bf26-4897-acd2-23ef07678788,DLA8,144,19,216,216,3313071.0,2253875.77,76.63,16,14171.9,16551.9,8.5344
RouteID_c57f0463-dfbb-40aa-8f4e-df3636c923f3,DLA9,149,22,234,234,4247527.0,2454932.1,50.93,14,11655.3,11918.7,6.5483
RouteID_c58a0478-612b-46a7-9531-2802e3de5c90,DLA3,168,25,267,267,3313071.0,2996451.46,74.57,15,7745.8,19909.0,7.6819
RouteID_c59b212c-70dc-42c7-b547-6c4b5697a2d8,DBO2,162,19,206,206,4247527.0,2346778.29,70.82,13,13394.9,14589.4,7.7734
RouteID_c5b74521-e071-4a7c-a461-a378f462210b,DLA7,157,22,240,240,3313071.0,2341686.47,61.69,16,12136.1,14806.4,7.484
RouteID_c5c7a7fe-fb8b-4237-a58a-66e86908de64,DSE5,126,9,191,191,4247527.0,3019484.49,96.74,14,11455.0,18476.7,8.3144
RouteID_c5e90dd1-8e0b-4c6c-8ecb-e5650cccdac8,DLA7,162,21,256,256,3313071.0,2543333.3,53.65,16,8736.9,13733.7,6.2418
RouteID_c5ec503d-bc1f-4334-be7f-3d3f4a06f213,DLA4,157,15,223,223,3313071.0,3119038.4,52.54,15,10284.9,11716.1,6.1114
RouteID_c5f99b42-0893-4456-9399-a7c7ca38843b,DLA7,176,16,263,263,3313071.0,2689444.96,59.25,15,10434.9,15582.8,7.2271
RouteID_c601e532-03be-43fb-a57d-3aedbea8052b,DBO3,155,14,208,208,3313071.0,2456231.47,56.2,12,14261.1,11689.7,7.2086
RouteID_c6058373-bb91-40de-a890-0d58a5762261,DBO3,175,23,226,226,4247527.0,2582521.68,62.05,12,16262.0,14022.8,8.4124
RouteID_c61028bd-7475-4e31-b5cf-5c839114441c,DBO3,158,33,219,219,4247527.0,2877006.03,64.4,12,13034.1,14104.0,7.5384
RouteID_c6262648-5526-4bb2-a043-a59c4ff7d437,DCH3,194,24,266,266,3313071.0,2689442.18,77.56,14,13081.5,20632.0,9.3649
RouteID_c6290355-f417-4b2d-8581-d7ad152b62a5,DLA7,141,24,226,226,3313071.0,2228576.24,67.87,15,10098.8,15337.9,7.0657
RouteID_c63995d7-c1d8-4e4b-be7e-eaa0523b1c99,DLA3,125,34,238,238,3313071.0,2949199.84,92.87,15,10525.1,22103.6,9.0635
RouteID_c6464771-ed4a-4452-a840-5f2111578929,DSE5,173,17,225,225,3313071.0,2247460.41,79.76,14,12537.8,17946.3,8.4678
RouteID_c652d0d2-1602-4c1c-aae2-88e82c41308e,DSE5,110,11,183,183,4247527.0,1657782.02,99.79,14,8726.8,18261.2,7.4967
RouteID_c661ee26-a900-4c08-bbdc-0e74df54d941,DSE5,128,11,208,208,3313071.0,2003924.3,72.81,15,9995.1,15145.2,6.9834
RouteID_c66d0a23-5af1-4845-a090-2e716f25a226,DLA8,108,21,266,266,3313071.0,3162548.12,72.14,16,5500.9,19189.0,6.8583
RouteID_c67fb967-0c80-499f-b05d-c2fdbf9fa19e,DCH4,177,26,278,278,4247527.0,3109775.81,57.77,14,10599.3,16060.5,7.4055
RouteID_c68ea0e5-374d-44c7-98c0-c2c75540700d,DLA9,89,22,228,228,3313071.0,2478416.06,78.02,15,7364.0,17788.8,6.9869
RouteID_c6907999-2e87-4214-85e8-73fcb1e1c1e9,DLA8,144,23,213,213,3313071.0,2126512.44,56.3,16,11856.2,11991.1,6.6242
RouteID_c69ea340-7174-4356-84b0-e924d9d6c890,DLA7,142,20,223,223,3313071.0,2030113.98,65.72,14,11944.3,14655.7,7.3889
RouteID_c6a7de77-00f0-41af-b4e1-6e1b8744ce91,DSE5,190,19,267,267,3313071.0,2952372.2,48.56,15,13126.0,12965.5,7.2476
RouteID_c6b5c654-3cfd-4551-b5f4-018c1df25883,DBO2,134,23,259,259,3313071.0,3087136.47,72.29,13,8449.3,18723.1,7.5479
RouteID_c6c5ca37-ea99-48ef-a464-57384c658063,DBO2,144,26,229,229,4247527.0,4124968.7,64.93,13,10353.5,14869.9,7.0065
RouteID_c6df957b-1e4a-4317-9fd9-2b73d4c3bfd2,DCH4,159,24,211,211,4247527.0,2468767.56,81.0,13,13080.8,17090.7,8.381
RouteID_c6e3ad2f-4304-47bc-b796-c51c87836d5c,DBO3,128,12,164,164,4247527.0,2109217.72,92.76,11,12153.8,15213.0,7.6019
RouteID_c6ec3a66-7346-4f2a-95a8-fb0b9a77ce9a,DLA9,142,26,291,291,3313071.0,3081297.12,60.58,16,7641.1,17627.8,7.0191
RouteID_c6f02cd8-7ee3-4f52-9881-b0cfa09334f1,DAU1,141,26,270,270,4247527.0,2989560.52,70.57,14,8657.3,19052.6,7.6972
RouteID_c6f7ed9c-0c09-4b73-a84b-8a161e753d77,DAU1,175,28,259,259,4247527.0,3373211.97,50.58,15,12871.8,13101.5,7.2148
RouteID_c705dc4f-315d-4ba5-b04d-c845e7ca4ea7,DCH1,108,18,278,278,3313071.0,3135823.52,66.81,14,9150.6,18574.5,7.7014
RouteID_c7139ae4-dcf3-492e-a8e6-043d09093c2e,DLA7,139,22,216,216,3313071.0,2793199.46,65.8,14,12652.7,14212.6,7.4626
RouteID_c71a3985-f65d-4d04-ae6c-95b59a997620,DLA8,128,16,281,281,4247527.0,3326877.79,67.18,16,6415.9,18877.4,7.0259
RouteID_c71e698b-5ace-4275-b0be-b1069039004b,DLA8,149,18,241,241,3313071.0,2053539.22,80.24,14,9027.9,19337.1,7.8792
RouteID_c723f76e-50da-4921-803a-7db3075cb473,DLA7,135,21,205,205,3313071.0,2342638.32,68.56,15,10651.9,14055.1,6.8631
RouteID_c734ad9c-ca70-48d1-b2cd-e3f3defb532b,DLA9,154,24,252,252,3313071.0,2627948.15,64.17,14,10097.7,16171.7,7.2971
RouteID_c73a16da-a41b-4a20-a433-9e756bd1a9a3,DLA7,134,18,192,192,3313071.0,2631319.42,95.66,16,9943.6,18367.6,7.8642
RouteID_c73a3589-3b75-4f3a-8de7-e67825382102,DBO2,158,23,243,243,3313071.0,3246532.74,71.41,13,8366.5,17351.5,7.1439
RouteID_c73f86ca-c0fe-4a99-89a8-49c115b7259e,DLA7,174,29,250,250,3313071.0,2529793.19,54.07,14,10931.1,13516.5,6.791
RouteID_c745c932-b541-421e-bc1f-19f50b5c8ef5,DLA7,178,27,244,244,3313071.0,2153145.09,66.07,16,14006.7,16122.1,8.3691
RouteID_c75d9464-87e7-4232-963e-715c29f1383c,DCH3,196,20,261,261,3313071.0,2681151.35,49.72,14,14311.9,12978.1,7.5806
RouteID_c76a7db5-858d-4d17-b377-f6adacb3c20d,DCH1,138,17,218,218,3313071.0,2291582.89,49.94,15,11122.4,10886.2,6.1135
RouteID_c76b5b1c-ef24-41ff-bdb9-77cbd3422e61,DLA7,149,21,226,226,3313071.0,1675305.62,63.55,16,11501.8,14361.3,7.1842
RouteID_c77e8ae7-30f7-42ba-8759-7d88ffcb94a5,DBO2,146,23,208,208,3313071.0,3164744.08,68.27,13,11321.3,14201.1,7.0896
RouteID_c792a5cb-93e2-48aa-8cdb-4a6c61213032,DBO3,154,27,204,204,4247527.0,2501529.47,55.55,12,13987.1,11332.8,7.0333
RouteID_c793687d-af8b-4784-af4a-57f3f622f74e,DSE4,119,14,204,204,4247527.0,2614357.39,44.9,15,8821.5,9158.9,4.9946
RouteID_c79a2e9e-56f9-470d-bacf-ed38e0bfaea1,DSE4,124,19,258,258,4247527.0,3095727.27,70.72,15,7723.1,18246.5,7.2138
RouteID_c79ad3ad-bf0a-413d-9b4c-5cc91d245235,DLA3,173,17,255,255,3313071.0,2552918.93,80.5,16,11647.7,20526.3,8.9372
RouteID_c7a403bc-16ad-43a9-b746-daa3cc9cae4a,DBO3,124,21,171,171,3313071.0,1909048.14,72.88,12,12351.1,12462.7,6.8927
RouteID_c7c3ba17-a4dc-47d3-a2ce-659649aa641e,DCH1,183,24,246,246,3313071.0,2859946.07,56.28,13,13518.8,13845.2,7.6011
RouteID_c7ca73bf-65f6-4741-8993-41bcead68503,DLA9,162,21,251,251,3313071.0,3074261.94,84.82,13,11056.5,21288.8,8.9848
RouteID_c7cc5a22-0301-4269-9b16-38e6f3daea40,DAU1,110,19,192,192,4247527.0,4052457.92,52.02,14,12939.9,9987.6,6.3687
RouteID_c7cf1f99-7f38-4211-828c-5946dafcf21f,DBO2,169,20,266,266,3313071.0,3215668.12,59.84,13,10313.3,15917.6,7.2864
RouteID_c7d5b73f-3e50-4ff1-a810-267ac6bb0070,DLA4,115,15,248,248,3313071.0,2965757.26,95.48,14,5776.7,23678.6,8.182
RouteID_c7e14fa5-cb07-4348-b2eb-48d3d33043c0,DAU1,125,21,207,207,4247527.0,2805646.62,79.91,13,11117.1,16541.1,7.6828
RouteID_c7e5839d-0777-4a3b-94ff-1afc5dab54b3,DCH1,127,32,247,247,3313071.0,2555622.75,80.44,14,8304.3,19868.7,7.8258
RouteID_c7f8a972-129d-42d5-960e-be027c164efd,DBO3,155,15,195,195,3313071.0,2452809.71,72.02,13,16823.2,14044.3,8.5743
RouteID_c8018cc3-5545-4126-a95d-f0512538edf5,DLA4,122,17,272,272,3313071.0,3239568.28,67.16,14,7264.4,18268.4,7.0924
RouteID_c8027802-4672-4d10-82f5-b3b72873e1a3,DSE4,154,30,249,249,3313071.0,2869650.34,58.47,14,10964.2,14558.1,7.0895
RouteID_c8118394-0f3c-4341-8efb-f5165747803e,DLA3,68,17,158,158,3313071.0,1627875.04,158.18,16,5163.1,24992.8,8.3766
RouteID_c81405b6-efdb-4451-adcf-023a7cae04db,DCH3,196,19,268,268,3313071.0,3020062.44,60.33,14,12676.9,16167.1,8.0122
RouteID_c8149850-7628-4c68-a9b5-f00de8f31b01,DSE5,119,6,168,168,4247527.0,1688184.58,89.42,14,10930.8,15022.0,7.2091
RouteID_c81ab95e-f33a-43dd-be23-2a202f48382b,DLA7,189,20,289,289,3313071.0,2854119.17,64.73,15,9700.0,18706.8,7.8908
RouteID_c821d2c3-d1aa-4cce-85a3-033a023c4645,DAU1,130,27,230,230,4247527.0,3569755.86,58.9,15,10907.8,13547.7,6.7932
RouteID_c82aecb5-5fee-4474-908e-84d74ad2e6a8,DLA8,172,25,260,260,3313071.0,3064853.42,59.59,16,11362.8,15494.4,7.4603
RouteID_c82b1c2f-552a-4106-adad-6f4faa0b8ebf,DLA9,143,19,232,232,4247527.0,2122540.22,78.6,14,10072.5,18234.7,7.8631
RouteID_c8388489-f798-4104-a0f4-a422e542f914,DLA7,150,24,221,221,3313071.0,2145260.36,45.41,14,10389.9,10035.9,5.6738
RouteID_c839ed1e-de8e-44fb-a286-f6990905157d,DBO3,154,18,242,242,4247527.0,3039819.42,65.84,11,12615.1,15933.9,7.9303
RouteID_c85b6b2e-c595-4a41-8e41-c83a21a647b6,DLA7,171,20,251,251,3313071.0,2212455.12,55.89,16,10025.6,14029.4,6.6819
RouteID_c86a9238-faa5-4384-b9a4-19ebb926c82c,DBO2,195,22,265,265,4247527.0,3492380.27,57.05,11,14677.8,15117.5,8.2765
RouteID_c875bc1d-6fe0-40f3-b9bc-a73453249047,DLA3,52,21,205,205,3313071.0,2454342.85,117.58,14,4437.1,24103.2,7.9279
RouteID_c880eef5-320e-470f-9cd3-cc341eacbd14,DLA9,169,23,256,256,4247527.0,2529812.09,60.06,14,10677.8,15375.2,7.2369
RouteID_c88494db-cbdd-4a35-8ecc-3ad9eb508097,DLA7,161,26,252,252,3313071.0,2716361.31,49.15,14,11461.4,12387.0,6.6246
RouteID_c89e7353-3c12-4ac2-a08d-3ec34702ccd4,DLA7,150,18,210,210,3313071.0,1808193.31,85.26,16,10859.6,17904.7,7.9901
RouteID_c8a64c12-a2de-4915-a39c-a410d7280791,DLA5,154,19,226,226,3313071.0,2431975.67,67.15,15,13828.7,15175.0,8.0566
RouteID_c8a6bb25-32bd-424a-93eb-46e9261ae1e9,DAU1,174,25,262,262,4247527.0,2689825.79,40.78,14,13920.2,10683.5,6.8344
RouteID_c8a94543-d538-476f-8a7a-38e62a3d94f3,DCH2,71,22,272,272,3313071.0,2968184.06,74.37,15,5603.1,20228.5,7.1754
RouteID_c8ac3b01-f16f-41a3-bb07-571fd64c3fe0,DSE5,160,12,238,238,4247527.0,2935285.81,63.8,15,9699.3,15185.5,6.9124
RouteID_c8ac89c1-0461-4e1e-b2ec-6fe429df7eb0,DBO3,194,23,252,252,3313071.0,2687983.76,68.0,12,14252.8,17136.9,8.7194
RouteID_c8b0089c-dcfe-4c7e-9d43-34759c012724,DBO3,193,31,269,269,4247527.0,3231067.85,54.45,12,15436.0,14646.4,8.3562
RouteID_c8b2614e-f239-4a71-ac99-561f4d880720,DAU1,123,29,260,260,4247527.0,2981410.75,55.38,16,6316.5,14399.2,5.7544
RouteID_c8bddb70-6705-4941-a07e-925299111227,DLA7,166,25,220,220,3313071.0,2175407.94,68.0,14,11767.1,14959.3,7.424
RouteID_c8ceb52a-8e54-43e7-8cf4-d4b4c07b1d6f,DBO3,162,21,220,220,4247527.0,3032492.21,44.25,11,12325.3,9736.0,6.1281
RouteID_c8dca96b-01ca-420b-9b76-4c66d2836b45,DLA8,128,20,252,252,3313071.0,2688853.06,89.37,16,8968.0,22522.4,8.7473
RouteID_c8df4f7d-8080-4ad6-8b9e-4859ae458a45,DAU1,129,20,217,217,4247527.0,2640384.25,61.53,15,11902.1,13351.1,7.0148
RouteID_c8e3a58c-2137-4c31-831a-c2764193eddf,DBO2,167,36,272,272,3313071.0,3213077.69,69.36,13,9658.7,18866.6,7.9237
RouteID_c8e6a5b0-2bc6-4d23-807f-ef27ddc2c85c,DLA9,176,27,249,249,3313071.0,2208660.89,69.12,15,10927.6,17210.8,7.8162
RouteID_c8e84c5a-93f4-41c5-8f24-5a18f39327b2,DBO3,173,26,262,262,4247527.0,3664256.5,71.97,13,10391.4,18856.0,8.1243
RouteID_c8ecde3b-a303-4858-bef5-65941227aa05,DSE5,137,8,173,173,4247527.0,2007780.69,98.74,14,11158.0,17082.6,7.8446
RouteID_c8f17de6-1ae1-417f-a113-1e94733d2ee1,DSE5,132,10,179,179,4247527.0,2149292.92,94.47,14,11712.6,16910.0,7.9507
RouteID_c8fd39ed-d7b6-4a06-b94d-dbbe281430b9,DLA7,118,18,218,218,3313071.0,1838143.36,72.91,15,9958.9,15895.1,7.1817
RouteID_c8ffd5fd-3bd1-409e-9a4d-c7c930127ae9,DBO3,177,26,255,255,3313071.0,2552926.29,49.27,11,12449.3,12564.7,6.9483
RouteID_c9055a6b-0d16-40c1-96a7-b0b9d53f5e9e,DCH3,193,21,261,261,3313071.0,2632418.06,74.88,15,10826.8,19543.0,8.4361
RouteID_c90ad0e8-4c8d-40a2-b9ea-7b9a1dc36781,DLA9,149,24,229,229,3313071.0,2260225.72,63.33,15,11042.7,14501.5,7.0956
RouteID_c90bb31d-7413-4092-be45-4c711c7b36b9,DSE2,51,21,215,215,3313071.0,2474299.54,90.31,15,3767.2,19416.7,6.44
RouteID_c91485bf-fd08-41a4-821c-52c0cfdac40c,DCH2,105,20,236,236,3313071.0,2745101.83,78.77,14,7864.2,18589.3,7.3482
RouteID_c914af86-20ee-411d-b158-536ab7343d2d,DLA9,161,18,237,237,3313071.0,1847884.88,60.69,15,11271.5,14383.3,7.1263
RouteID_c91c698c-f263-400d-92a3-804df1817d0f,DSE5,155,15,234,234,4247527.0,2657372.44,74.48,13,12280.7,17428.7,8.2526
RouteID_c9201af0-22c2-4b5a-a0db-8efc2c66ca53,DSE4,191,26,275,275,3313071.0,2733013.19,51.98,14,13499.9,14294.0,7.7205
RouteID_c923ff8a-ceee-42dd-aea6-a9b2d57b788f,DSE4,125,28,242,242,3313071.0,2442046.17,68.9,15,10578.1,16673.2,7.5698
RouteID_c94aa8b8-dbda-416f-8e2f-109105f18758,DCH2,98,22,272,272,3313071.0,3169947.78,75.07,14,7783.2,20419.5,7.8341
RouteID_c9528efa-6f3c-443e-9e90-956e6751474a,DLA7,156,21,236,236,3313071.0,2245365.17,73.13,15,10165.4,17258.5,7.6177
RouteID_c95bf250-0108-4c50-82c2-f227e06868f7,DCH1,207,17,284,284,3313071.0,3085549.13,45.55,15,13471.2,12936.5,7.3355
RouteID_c973a5df-ac04-48dd-a5ed-1c1bac092dba,DAU1,142,17,194,194,4247527.0,1893857.85,60.25,15,14514.1,11687.6,7.2783
RouteID_c979a9f2-4667-4141-bf71-10f33cce4102,DLA3,67,17,191,191,3313071.0,2389836.09,111.16,14,4399.9,21231.8,7.1199
RouteID_c97fcf74-0a63-42ab-9567-b9bf76d92eb2,DSE5,169,16,239,239,3313071.0,3011296.17,46.28,13,11691.5,11061.0,6.3201
RouteID_c999990f-ab6a-4e3a-aa09-406ddf2ec384,DCH3,194,19,267,267,3313071.0,3010400.15,61.92,14,10743.9,16532.0,7.5766
RouteID_c9a04c93-66c1-4ed1-84b1-dda7418ac511,DCH1,59,17,238,238,3313071.0,2424200.13,76.66,13,5150.2,18246.0,6.4989
RouteID_c9a0f20e-e26a-46c7-8c34-2e3067867f3e,DLA7,147,23,226,226,3313071.0,2416141.88,62.57,15,10349.6,14141.9,6.8032
RouteID_c9a55fd0-d4f9-4998-b96a-26f5dfdd9d63,DLA9,121,25,293,293,3313071.0,3278140.77,50.7,15,7404.2,14855.4,6.1832
RouteID_c9ad4f27-3043-476d-931e-3d048aec5b2a,DLA9,144,21,254,254,3313071.0,2796503.28,72.3,13,10070.2,18363.0,7.8981
RouteID_c9b89be5-4ee4-400a-aa6e-bfe056251e10,DLA7,164,22,251,251,3313071.0,2722567.34,65.76,16,12280.0,16506.0,7.9961
RouteID_c9c82e10-6e40-402d-8129-e93d15cccd54,DLA5,170,26,255,255,3313071.0,2293779.58,67.28,15,11642.8,17157.4,8.0001
RouteID_c9cef3df-a449-4090-8608-429c0601b5b6,DCH4,155,16,214,214,3313071.0,2721177.49,52.43,15,14293.0,11219.8,7.0869
RouteID_c9cf2fb8-9353-40f0-98cb-4d409e2e4b2f,DLA7,144,22,224,224,3313071.0,2257936.58,74.72,14,11032.4,16736.8,7.7137
RouteID_c9d9c91d-9c63-4284-ab86-392d5841cd31,DSE2,110,17,211,211,4247527.0,2466621.68,94.08,14,5473.0,19851.5,7.0346
RouteID_c9e851e3-5692-42be-b9b3-942fd677ee02,DBO2,205,48,299,299,4247527.0,3727791.92,54.62,14,12051.5,16332.4,7.8844
RouteID_c9f8180c-b0f1-4f4f-b81d-c16f19719ffe,DBO2,138,29,216,216,3313071.0,3224979.06,62.95,13,8129.6,13596.7,6.0351
RouteID_ca16f45f-4e97-49e6-9182-0d7d1cb59da8,DCH3,192,20,273,273,4247527.0,2510957.47,65.49,12,14086.9,17877.8,8.8791
RouteID_ca1d3fd1-9c29-4e57-9fb7-021a548d6c5b,DBO2,101,20,274,274,4247527.0,3742282.69,68.93,11,6615.6,18886.6,7.0839
RouteID_ca229dae-a3ce-4d3d-a6be-94b00b7a3021,DCH4,154,24,213,213,3313071.0,2562977.06,66.08,14,16794.6,14074.4,8.5747
RouteID_ca32e528-060a-4e0c-9c37-5e08d495186f,DSE5,153,16,224,224,4247527.0,2585368.03,60.28,13,13967.4,13502.9,7.6306
RouteID_ca335703-725e-4f7c-b384-81c46e288cda,DCH4,165,17,212,212,4247527.0,2460245.61,89.17,13,12615.0,18904.9,8.7555
RouteID_ca420555-7885-43e4-88fd-b273e483118a,DLA7,166,28,241,241,3313071.0,2568361.02,68.12,14,12742.4,16417.2,8.0999
RouteID_ca47eb3f-3a33-4002-aeb1-4d2b0b5b0173,DLA7,146,22,212,212,3313071.0,2601081.88,73.66,14,10243.5,15616.9,7.1834
RouteID_ca4857a3-f111-4113-b88e-5a54cf10748d,DLA9,161,21,277,277,3313071.0,2826433.55,69.91,13,10721.7,19364.1,8.3572
RouteID_ca4902f8-a5d0-4994-8f30-f808984cd379,DAU1,135,19,180,180,4247527.0,1820290.12,77.12,13,15591.4,13880.9,8.1867
RouteID_ca4ca1af-5583-46af-8e3d-df80731c41cf,DSE5,129,13,215,215,4247527.0,2967958.36,75.53,14,8541.4,16240.0,6.8837
RouteID_ca57e37b-5c09-49c3-87ae-88cac345aff7,DLA7,146,21,203,203,3313071.0,1610805.66,72.14,15,10087.6,14645.1,6.8702
RouteID_ca58d411-2496-4ef9-b89d-f8b3724c67fd,DLA9,137,22,240,240,3313071.0,2443892.4,73.46,15,9428.1,17629.8,7.5161
RouteID_ca626676-88a4-4525-a45a-ed512638e687,DSE5,115,7,192,192,4247527.0,2035822.53,84.22,15,8736.6,16169.3,6.9183
RouteID_ca67a5b5-127f-4aa5-886d-b08db65c73bb,DLA9,152,27,284,284,4247527.0,3605902.66,68.73,14,8576.5,19518.2,7.8041
RouteID_ca694630-191b-4d98-96b2-c20abc67fdca,DCH1,90,37,238,238,3313071.0,2877887.45,67.7,13,6293.9,16111.6,6.2238
RouteID_ca7c84a4-40b2-4b22-81b2-2bdd4592696b,DLA7,171,23,245,245,3313071.0,2694604.73,69.24,14,10607.2,16964.8,7.6589
RouteID_ca7e60cc-519e-48d5-88a6-ba866cb20f77,DCH4,188,32,292,292,4247527.0,3369153.13,54.69,13,15037.7,15968.2,8.6128
RouteID_ca800645-34ae-4e19-9a5b-99c02ebcb2ab,DCH2,181,23,283,283,3313071.0,3236099.3,60.53,14,10670.6,17129.8,7.7223
RouteID_ca9c3072-5d62-46c5-bce9-e77dd6e6b650,DLA7,147,23,225,225,3313071.0,1970451.5,82.34,15,10985.3,18527.5,8.198
RouteID_caa0f191-3140-4c92-bee4-493cca3a28ce,DSE5,113,10,207,207,3313071.0,2696317.95,57.4,14,9632.4,11881.2,5.976
RouteID_caad9503-c10a-42c4-b27e-7838c236fafe,DLA8,130,24,262,262,3313071.0,2987064.28,65.88,16,7300.7,17260.5,6.8226
RouteID_caafa80f-6386-46d6-8a12-38b0a31ba612,DBO1,143,20,208,208,4247527.0,2619038.57,61.02,13,13794.4,12691.6,7.3572
RouteID_cab08b14-ae34-4627-b06e-bb638499b8b7,DLA8,172,20,293,293,3313071.0,3081212.41,49.22,15,9366.3,14420.1,6.6073
RouteID_cab83bc1-f3b0-409d-9a19-43d65c4dfc9b,DCH3,195,24,270,270,4247527.0,2635357.94,56.53,13,14064.8,15263.8,8.1468
RouteID_cac31fca-41f1-43fb-b4cf-1c1af9e3480b,DBO3,150,27,202,202,3313071.0,2717230.48,78.43,13,13968.1,15842.9,8.2808
RouteID_cac3ae3c-69d9-403d-9d72-92d108aee229,DLA7,161,21,235,235,3313071.0,2333170.9,71.63,14,10202.5,16832.9,7.5098
RouteID_cac565b8-6e36-49e9-ac22-d69559bc7460,DLA9,159,24,239,239,4247527.0,2697768.87,62.99,14,11066.2,15055.3,7.256
RouteID_cac6e99d-5a58-4800-bd63-4892de140a54,DLA9,120,25,251,251,3313071.0,2764623.74,72.81,15,9000.3,18276.5,7.5769
RouteID_cad4b244-3600-4952-a219-f938de22601b,DLA5,189,20,248,248,3313071.0,2041984.74,61.14,14,14395.0,15162.4,8.2104
RouteID_cadcbe46-50d9-4124-a9aa-b738dc6317b0,DAU1,152,26,288,288,4247527.0,3132931.99,55.33,15,9840.0,15935.6,7.1599
RouteID_cadd6fc3-c1ea-4c0c-9b45-849ae631b324,DCH3,196,19,268,268,3313071.0,2891991.33,48.01,14,14201.9,12867.4,7.5193
RouteID_cae13fa5-a5bc-4e8c-a455-b9a71fd18ee8,DLA8,129,21,269,269,3313071.0,3032025.17,73.08,15,7245.6,19658.8,7.4734
RouteID_cae504dc-9e75-49bc-9fb3-45bbb1969973,DCH3,191,20,272,272,3313071.0,2895664.51,46.2,15,13083.1,12565.6,7.1246
RouteID_caf1e02f-52a4-4d97-9efe-3c1a396d7c0d,DAU1,130,18,175,175,4247527.0,2456097.5,88.63,14,15925.2,15509.8,8.7319
RouteID_cafcb29c-ff5b-4cf7-b7bb-03aecc310f62,DLA9,138,26,227,227,4247527.0,2620953.88,66.26,14,10725.2,15041.7,7.1575
RouteID_cb0e306d-ecee-41a4-ba6e-942629fffd27,DBO2,183,35,275,275,4247527.0,4183792.86,57.04,13,11990.6,15687.3,7.6883
RouteID_cb11a0ba-b0bf-429d-adf9-105789be8406,DLA9,127,23,228,228,3313071.0,2089897.68,83.46,14,8826.9,19028.2,7.7375
RouteID_cb1711d7-8feb-4abe-9da0-24b886b92a10,DLA9,141,26,229,229,3313071.0,2796278.66,62.33,15,11169.0,14274.0,7.0675
RouteID_cb180791-08d9-47b6-88cc-be94fb928b69,DLA7,163,23,241,241,3313071.0,2792810.91,57.0,14,10541.0,13735.8,6.7436
RouteID_cb1f4643-070f-455f-9e9e-e524ddac7300,DBO2,119,16,187,187,3313071.0,3113968.96,99.58,13,8768.5,18620.7,7.6081
RouteID_cb4078cb-2eeb-4571-ad05-7de8d395ab17,DBO3,139,17,201,201,4247527.0,2459424.36,53.4,12,13743.3,10732.4,6.7988
RouteID_cb40e93e-ba72-4b59-b5bb-d1c2456b6de5,DLA8,74,18,191,191,4247527.0,2120091.79,103.28,16,6077.7,19726.0,7.1677
RouteID_cb41e82e-c896-4076-bcb8-6c0c0f1c63ae,DLA9,143,27,244,244,3313071.0,2804076.93,84.56,15,8363.3,20632.6,8.0544
RouteID_cb5354b2-6fa7-4299-8ebb-da6500e2044c,DSE5,165,12,231,231,3313071.0,2003428.92,77.1,14,14639.7,17810.4,9.0139
RouteID_cb682826-8e88-4463-b8a6-b4206dff898d,DLA9,122,18,230,230,3313071.0,2148326.95,81.3,14,7454.9,18698.6,7.2649
RouteID_cb6ea708-2817-41df-9d1f-67424b0cc229,DSE5,172,16,253,253,3313071.0,2455197.6,78.35,14,13308.7,19822.2,9.203
RouteID_cb70ef37-a11e-4c0b-9076-df5774150cc6,DSE5,139,11,199,199,4247527.0,2028217.23,75.07,14,10912.8,14938.2,7.1808
RouteID_cb76415b-5ec7-44d9-81c6-686046fbb442,DSE5,163,16,243,243,3313071.0,2767696.08,51.11,14,10543.7,12419.1,6.3786
RouteID_cb7f04ac-43ac-4ed9-8832-a95a614a17f1,DBO3,189,21,254,254,3313071.0,2745743.41,57.28,12,15809.2,14547.9,8.4325
RouteID_cb812ff3-06a2-42ea-a114-b747c2824a66,DBO2,74,18,220,220,4247527.0,3141902.51,75.65,13,6081.4,16643.5,6.3125
RouteID_cb8b2c27-9978-4b88-8106-13b865d5b862,DLA8,104,14,204,204,3313071.0,2049889.37,102.9,16,8373.1,20992.0,8.157
RouteID_cb94bd6f-5f09-4d95-bbed-7465f4a12805,DBO2,171,21,297,297,3313071.0,3307711.7,56.35,13,10058.3,16737.3,7.4432
RouteID_cb9ff641-9fb7-44f6-a240-3e246e36d9bc,DCH1,81,18,243,243,3313071.0,3249280.86,71.66,15,5914.3,17413.4,6.4799
RouteID_cbaccc68-2949-494f-80eb-740b0ffdb834,DLA4,121,10,216,216,3313071.0,3259709.53,83.77,15,7503.6,18094.5,7.1106
RouteID_cbaee425-5e93-46db-936a-af0b899e8ce7,DBO3,180,23,245,245,4247527.0,2973121.4,57.93,12,13879.9,14192.0,7.7977
RouteID_cbbc4281-0f09-4c3d-abf4-a630b83cbe3e,DLA9,138,22,284,284,3313071.0,3026881.5,75.61,15,10021.1,21472.4,8.7482
RouteID_cbc69890-8d9d-45b2-927a-75ffb82ae25b,DLA8,133,31,268,268,3313071.0,2820021.04,64.11,15,6916.0,17180.8,6.6936
RouteID_cbc8fc3b-2652-4e59-8b86-9f674381f6ed,DLA8,114,17,217,217,3313071.0,3196266.02,83.43,16,11253.2,18103.8,8.1547
RouteID_cbe1f550-98e0-4c70-b5cc-463eb364811d,DBO3,168,23,218,218,4247527.0,2908139.78,71.24,11,14021.8,15529.8,8.2088
RouteID_cbf0b8fe-57c1-4c99-b61a-06d467c544ee,DCH4,139,17,223,223,4247527.0,3587344.7,72.38,13,13608.7,16141.1,8.2638
RouteID_cbf4f305-0787-4756-b59a-03f54c494d40,DCH3,198,18,272,272,4247527.0,2797543.0,55.01,12,13436.8,14962.7,7.8887
RouteID_cbf7ceb6-f7ff-4307-b3f7-79d26d5b462d,DLA7,150,21,218,218,3313071.0,2190720.92,72.93,14,11754.4,15897.7,7.6811
RouteID_cc0907fa-d932-49cc-aeeb-6e7a5372c6a7,DLA7,160,21,241,241,3313071.0,2285459.4,80.96,14,10481.1,19511.5,8.3313
RouteID_cc0935e7-8c7d-43b0-9c61-efa89582f7f2,DCH2,183,21,289,289,3313071.0,3176959.87,58.36,14,12801.2,16866.3,8.241
RouteID_cc0d7c51-b6bd-47ab-a43b-360fe8038d7e,DCH2,151,20,269,269,3313071.0,3273810.11,63.92,15,7974.6,17195.2,6.9916
RouteID_cc15f5e4-02fe-4270-aade-8a6c78a0f263,DBO3,172,16,233,233,3313071.0,3260472.42,78.79,12,15118.7,18359.1,9.2994
RouteID_cc4898a6-b55f-4d81-b40f-3bfd70a46f5c,DBO3,152,25,239,239,4247527.0,2448434.28,43.17,12,13363.5,10318.1,6.5782
RouteID_cc4bbe9b-5e4e-4d2d-a647-649a8d5b7fee,DLA9,126,17,235,235,3313071.0,2862983.22,75.59,13,7756.5,17764.7,7.0892
RouteID_cc59680c-47fc-48ed-a7ee-fc883c096695,DCH4,195,27,258,258,4247527.0,2946781.72,61.02,15,13601.5,15742.8,8.1512
RouteID_cc5d533e-cfe1-4103-83ef-a8a22e28fa58,DCH3,196,18,274,274,4247527.0,2746651.67,50.39,12,13199.1,13808.0,7.502
RouteID_cc6321cb-27ec-463d-85ed-e6e0e9b44644,DLA7,156,22,234,234,3313071.0,2474642.65,66.99,16,11506.9,15675.9,7.5508
RouteID_cc65e2f6-9302-4bb1-84f1-14669639ef00,DLA7,124,21,237,237,3313071.0,2842922.98,53.87,16,11589.0,12767.5,6.7657
RouteID_cc67ff6e-1383-455c-a8d6-449010888b5a,DLA5,172,26,259,259,3313071.0,2846605.73,56.4,15,14314.3,14606.9,8.0337
RouteID_cc732133-8a9e-43d1-ac22-5f4cb72b48f5,DBO3,208,28,274,274,4247527.0,4197929.84,50.32,13,14698.2,13789.0,7.9131
RouteID_cc7b356c-ce17-4724-bb3c-195c3fcc80fa,DLA8,119,18,223,223,3313071.0,2214597.23,96.56,14,7945.5,21532.4,8.1883
RouteID_cc84c13f-cd1b-4b8d-b0e1-4179b24571eb,DSE4,123,18,196,196,4247527.0,2463188.03,79.12,15,10441.2,15508.4,7.2082
RouteID_cc889e41-0fb9-4533-a6f0-58e70510595f,DLA8,71,15,169,169,4247527.0,2625564.48,78.85,15,8012.2,13326.2,5.9273
RouteID_cc891591-696e-43d0-a623-1b054b5b83d6,DLA7,164,24,280,280,3313071.0,3100740.49,59.99,15,11731.0,16796.1,7.9242
RouteID_cc891bcc-8a62-49ce-a999-a790db05965f,DCH3,208,19,273,273,4247527.0,2190717.59,48.99,13,15097.2,13375.0,7.9089
RouteID_cc8a4f89-1a0e-4fca-a6e3-a662e5686f73,DSE4,172,26,275,275,3313071.0,3332393.72,65.12,14,10339.1,17906.9,7.8461
RouteID_cc8ae1ad-5a96-48ca-a56d-6e162c15d5cc,DCH1,73,26,223,223,3313071.0,3180593.61,68.53,15,6129.8,15282.2,5.9478
RouteID_cc9e46cd-1247-4610-812d-ce43f32ae8f3,DCH4,193,28,286,286,4247527.0,3025087.28,58.93,15,14512.7,16853.8,8.7129
RouteID_cca2384e-555e-49de-ae11-f83ec059eff7,DLA7,177,23,263,263,3313071.0,2692207.2,58.55,16,11364.1,15399.3,7.4343
RouteID_cca42123-f823-40a3-9d98-0db1409978be,DCH3,200,21,271,271,3313071.0,3109611.04,68.65,12,14275.4,18604.9,9.1334
RouteID_cca4fdbf-9614-4ff5-805a-1143492a1930,DBO2,124,24,239,239,4247527.0,3435870.69,64.63,14,10577.9,15446.7,7.2291
RouteID_cca8d2e4-46dd-4f85-bb4d-8222e2cd48a6,DLA7,149,23,213,213,3313071.0,2238136.42,62.16,15,10077.0,13240.3,6.477
RouteID_ccafc994-05f1-41fb-9400-82ba02f758e3,DSE5,148,15,245,245,3313071.0,3091359.44,76.15,15,12093.2,18657.0,8.5417
RouteID_ccc0fdb0-5371-42b5-81e3-6c92fb11d8af,DLA8,95,14,197,197,4247527.0,2589273.25,78.39,15,9880.2,15442.6,7.0341
RouteID_ccc6c8ae-5989-472d-89ae-befa04d27175,DCH4,144,13,208,208,4247527.0,2969280.83,78.87,15,12643.7,16404.8,8.069
RouteID_ccc91282-5a5b-48d2-828b-0f484892aa47,DLA4,112,19,235,235,3313071.0,3052721.78,72.77,14,6941.0,17101.1,6.6784
RouteID_ccecbad3-9994-4264-a877-5f2a5b8f2913,DLA9,171,29,291,291,3313071.0,2864026.8,65.68,15,12315.6,19113.8,8.7304
RouteID_ccfe1fcf-7820-4017-9643-24ee8ded8aae,DLA9,121,25,227,227,4247527.0,2408699.99,56.1,14,10452.8,12735.1,6.4411
RouteID_ccfe9791-ad14-4d41-9e4c-9bc218860f1b,DBO3,141,21,185,185,4247527.0,2854796.46,61.15,12,12123.6,11313.0,6.5102
RouteID_cd0bb501-c044-41ea-8933-e33162e8ec22,DBO2,190,38,287,287,4247527.0,4075316.19,46.5,14,10903.3,13346.7,6.7361
RouteID_cd20c6af-df8d-41a7-98f3-f536102e663a,DSE5,129,10,188,188,4247527.0,2117064.01,70.12,14,13027.2,13182.1,7.2804
RouteID_cd23446b-4620-4a6b-9b96-45b218becad3,DSE5,171,13,235,235,4247527.0,2599804.6,56.5,13,14132.5,13277.8,7.614
RouteID_cd2bff36-0649-4612-b3b8-74612ca315c8,DCH1,137,28,260,260,3313071.0,3131996.14,75.68,14,8153.6,19676.4,7.7306
RouteID_cd3920d9-2049-4469-87c9-080e782364e0,DSE4,96,27,214,214,4247527.0,2278194.33,100.73,15,7312.7,21556.8,8.0193
RouteID_cd3bb014-746f-4c73-9199-ee94c3b611f4,DBO3,177,31,238,238,4247527.0,2698237.24,67.52,13,14225.4,16070.9,8.4156
RouteID_cd4aea41-0b99-4dc4-b1d0-0f5749ef547f,DLA4,128,17,234,234,3313071.0,2804038.2,86.61,14,8428.4,20265.8,7.9706
RouteID_cd4bbf74-11ae-475a-8a0d-5f1e4af21014,DLA9,156,26,245,245,3313071.0,2395056.2,72.93,15,11627.9,17866.8,8.193
RouteID_cd52e603-c04f-4eec-92a6-455672880277,DLA8,123,13,208,208,4247527.0,1745065.96,96.56,14,9894.3,20083.6,8.3272
RouteID_cd66a2c5-764e-46cf-9ce4-4b1aaaf79f49,DSE5,179,13,238,238,3313071.0,2089164.49,68.2,15,13612.5,16232.7,8.2903
RouteID_cd69750e-42f3-450c-a0b1-448219c3a34e,DLA7,156,25,228,228,3313071.0,1994979.43,68.23,14,11975.3,15557.2,7.6479
RouteID_cd7fdac4-a028-47f9-8614-3b2047916ede,DCH2,174,19,267,267,3313071.0,2841158.74,64.6,12,11902.3,17247.9,8.0973
RouteID_cd88634a-ad62-4cb6-b95b-033d16b97800,DCH2,153,18,262,262,3313071.0,2403121.51,69.51,12,11466.4,18212.5,8.2441
RouteID_cdab8d1e-0f55-431e-bd94-3865ea1d1951,DSE5,137,8,201,201,4247527.0,2132196.53,85.11,15,10471.5,17107.0,7.6607
RouteID_cdb893e6-5064-4b93-b41f-ace59b55e0b2,DSE5,127,10,172,172,4247527.0,2145622.98,71.88,15,12887.7,12362.8,7.014
RouteID_cdbd4583-3e55-46ce-82ce-4d4de1c264c0,DLA7,148,27,257,257,3313071.0,2621639.27,55.21,15,10955.0,14189.2,6.9845
RouteID_cdc49843-17f2-432f-a73a-ef3886ac6d3b,DLA7,159,26,230,230,3313071.0,2362064.18,37.13,16,13485.1,8540.2,6.1181
RouteID_cdd56416-994f-4a8e-a6be-b81c56faa869,DLA8,67,14,193,193,3313071.0,2853778.9,98.72,17,4255.7,19053.2,6.4747
RouteID_cde2bd0e-90d4-4163-b5c1-0915f12946d4,DLA7,155,25,236,236,3313071.0,2542438.89,73.43,14,12225.3,17329.8,8.2097
RouteID_cde9bf43-2323-4be8-b178-d128b1fac77d,DLA7,162,29,242,242,3313071.0,2281240.71,71.31,14,11923.3,17258.1,8.1059
RouteID_cdf92fb3-0d54-412a-a1a7-5766e5a8c44e,DSE4,129,25,243,243,3313071.0,3223248.56,91.39,15,8066.7,22207.6,8.4095
RouteID_cdff5f0b-1b4c-40bb-b7c6-a1c372d6e975,DBO3,175,20,221,221,4247527.0,2410746.86,64.24,11,16033.6,14196.3,8.3972
RouteID_ce065a3d-1f24-4481-b48d-86b53d4d0b1c,DLA9,154,23,227,227,3313071.0,2303471.0,75.78,15,12911.2,17202.6,8.3649
RouteID_ce0b6a08-e116-4a89-9975-60d754da59ae,DLA5,146,18,211,211,3313071.0,2169638.94,60.15,15,16003.8,12692.1,7.9711
RouteID_ce140e5a-1140-443d-a27e-f01bc6bcca18,DCH3,186,20,266,266,3313071.0,2447031.13,39.31,14,12171.2,10455.6,6.2852
RouteID_ce272849-5059-4a41-993c-c7f89e680b4d,DLA4,142,12,220,220,3313071.0,3292776.87,71.53,15,7965.7,15735.9,6.5838
RouteID_ce352b9d-41a7-4510-83e1-db83de2706fe,DLA7,148,18,220,220,3313071.0,2241829.47,56.31,14,10214.7,12388.0,6.2785
RouteID_ce3a881a-ef37-4736-a4fc-08c53db6a250,DLA9,173,26,258,258,4247527.0,2479263.74,49.49,14,12976.5,12768.5,7.1514
RouteID_ce436434-97ec-44dd-aab8-c31e233ca5dc,DLA7,188,26,265,265,3313071.0,2809691.62,76.62,15,10603.9,20304.5,8.5857
RouteID_ce4b5569-b005-4641-b042-8adec4841124,DSE4,128,16,240,240,4247527.0,2477751.7,65.18,15,8858.3,15643.5,6.8061
RouteID_ce73938a-95ee-4f49-8527-4ef96bfc6b97,DLA8,121,20,280,280,3313071.0,2940479.72,82.92,17,5903.7,23216.4,8.0889
RouteID_ce8328fe-97db-4f14-84f1-21d5efbe512c,DLA7,196,18,274,274,3313071.0,2552246.08,44.84,16,13273.3,12287.5,7.1002
RouteID_ce866d60-f819-4577-8214-5d8e5234ae99,DBO3,146,28,264,264,4247527.0,3105962.44,64.93,11,9158.3,17141.3,7.3054
RouteID_ce898f0c-985e-4e67-8a02-03c595abbb83,DCH3,198,22,241,241,4247527.0,2225321.25,48.45,13,16186.3,11675.9,7.7395
RouteID_ce8e30ce-5dba-41e2-bd34-f21150fcf818,DSE5,131,12,219,219,3313071.0,2292592.3,89.7,15,10503.5,19644.1,8.3743
RouteID_ce9be28a-b6b0-4e9b-b290-09a1463aee7a,DLA7,155,21,221,221,3313071.0,2281238.12,58.42,15,10653.8,12911.8,6.546
RouteID_cebea719-08ac-4b4e-941f-c70f7dc572f0,DLA8,161,20,244,244,3313071.0,3284991.07,73.31,16,12674.9,17887.7,8.4896
RouteID_cec09ae2-ca32-4be5-88a4-d55bf0d536fb,DCH4,182,31,261,261,3313071.0,3285848.37,50.93,14,16454.1,13293.0,8.2631
RouteID_cec10d1f-63cb-44c9-8ac0-57a729196599,DLA9,99,23,264,264,3313071.0,2697753.33,55.47,16,7427.9,14645.4,6.1315
RouteID_cec5cc45-ab0d-41da-a925-ee61d4521f38,DLA3,114,21,235,235,3313071.0,2080284.37,58.94,15,6386.8,13851.8,5.6218
RouteID_cec75b39-c868-4f78-b615-a7ac47476d45,DLA9,125,24,217,217,4247527.0,2289346.45,70.33,14,9923.4,15261.3,6.9957
RouteID_cec76f82-52e2-4fdb-909e-1162ba1cee01,DLA8,81,18,261,261,3313071.0,2680592.97,91.11,15,5351.2,23780.9,8.0922
RouteID_cec88fc1-f497-4088-89ba-ba42fd70da96,DLA8,79,22,215,215,3313071.0,2684355.79,105.61,16,5537.5,22706.3,7.8455
RouteID_cecdc640-a6e8-4e86-a34d-95ec93498a64,DLA7,145,19,209,209,3313071.0,2216267.29,69.26,15,13038.1,14476.1,7.6428
RouteID_ceceba70-79e3-417f-b6fb-42e1eb69f1b0,DLA7,143,22,207,207,3313071.0,2430852.51,63.22,14,12313.5,13086.5,7.0556
RouteID_ced871c7-c704-4c8d-b526-bc9f2a8af105,DLA9,124,25,263,263,3313071.0,2992706.93,82.81,16,8438.0,21779.3,8.3937
RouteID_cef6ca61-66b1-40e6-8366-85b350d7fad5,DCH2,143,20,277,277,3313071.0,3146080.97,63.46,14,11422.7,17577.1,8.0555
RouteID_cf0ca059-aedd-4b50-8d91-570f84f7f24d,DBO2,144,25,247,247,3313071.0,3196111.27,80.14,14,8114.9,19793.8,7.7524
RouteID_cf19c20a-93a3-4687-970e-af43b8ba09fc,DLA3,85,19,192,192,3313071.0,2046352.79,96.96,16,4864.0,18616.3,6.5223
RouteID_cf7177d6-c74d-4cbf-8bf5-00d883e057ec,DLA9,132,21,246,246,3313071.0,2372623.1,91.82,15,10136.8,22588.7,9.0904
RouteID_cf76a2bf-9021-4fa5-8568-cb81f2a8724a,DBO3,180,22,234,234,3313071.0,2948719.39,58.72,13,14556.1,13740.1,7.8601
RouteID_cf80d2be-d16d-4978-a14f-f2e4f824cf4b,DSE5,132,14,221,221,3313071.0,2702357.92,75.3,15,11622.9,16641.1,7.8511
RouteID_cf8c6eec-8a08-4b9a-9250-de0113ec1733,DLA7,130,22,191,191,3313071.0,2085834.65,94.01,15,10949.2,17956.3,8.0293
RouteID_cfa071ae-942f-4a58-979c-21bf6aa47451,DCH1,122,19,265,265,3313071.0,2876565.89,68.28,14,8398.4,18093.9,7.359
RouteID_cfa2b03a-62d4-4bd8-844c-ac0bc7a6c374,DLA7,150,25,261,261,3313071.0,2648586.51,57.26,14,9751.0,14944.1,6.8597
RouteID_cfa7e717-47cc-4065-ba82-4fcc001b2731,DCH2,161,24,297,297,3313071.0,2894550.98,58.23,12,10042.0,17294.8,7.5936
RouteID_cfba7f0a-28d4-4d64-8b3a-6f6ec5891ff1,DLA9,172,20,255,255,3313071.0,3266776.59,78.33,14,11697.9,19973.4,8.7976
RouteID_cfc266cd-48e9-4e05-a4ae-6654495c1b88,DBO2,62,21,187,187,4247527.0,2749900.55,95.45,12,6066.4,17849.1,6.6432
RouteID_cfd4c198-959a-462f-bcb9-e7b3944483bd,DBO1,104,18,256,256,4247527.0,3676966.0,64.89,12,9097.0,16610.7,7.141
RouteID_cfe7b3c3-7691-4f4e-8744-c69851b9070a,DCH4,148,18,226,226,4247527.0,2975125.14,61.07,13,11612.1,13802.6,7.0596
RouteID_cff17c7b-5c71-4ef5-97d6-8a8ac542e261,DLA7,143,20,217,217,3313071.0,2717574.03,75.41,15,9767.7,16363.9,7.2588
RouteID_cffa2c8b-9a5f-4cfc-ba57-23e7dd894766,DCH3,208,24,274,274,3313071.0,2442413.72,46.69,14,13720.7,12792.5,7.3648
RouteID_cffb1b8d-54fa-44f4-80d1-9a7d01b897dd,DLA7,147,23,223,223,3313071.0,2100293.18,81.02,16,9877.5,18066.5,7.7622
RouteID_cffdffd7-4509-4d17-917d-3209b5fee798,DLA7,186,26,248,248,3313071.0,2621930.8,39.29,16,12831.4,9744.4,6.2711
RouteID_d013ae5e-569f-4a70-9b32-5edd2aded496,DCH4,183,28,266,266,4247527.0,2880009.43,72.38,15,10848.2,19253.5,8.3616
RouteID_d015d13a-c46f-4457-a870-e70d348fa3f0,DLA7,145,18,210,210,3313071.0,2020339.0,78.09,14,9961.5,16399.8,7.3226
RouteID_d01e1e9f-bb7d-4d95-87f4-c63cfd2f3a0a,DLA9,150,19,246,246,3313071.0,2391401.0,69.89,14,9093.1,17193.0,7.3017
RouteID_d0483a7f-5e6b-47b0-800f-81767378c34b,DAU1,194,42,299,299,4247527.0,3505104.7,47.27,14,13436.0,14132.5,7.6579
RouteID_d04aacb5-b7ea-4ece-a83c-1e32c6969c10,DLA3,149,13,248,248,3313071.0,2908152.23,80.89,16,7810.8,20061.5,7.7423
RouteID_d04d1db8-25aa-4ede-bfa9-f9fa0684190b,DLA9,137,20,239,239,3313071.0,2571482.7,81.76,15,10900.7,19540.6,8.4559
RouteID_d04e3e8a-a83e-49aa-9325-ab3a0c52fbc5,DCH4,199,26,267,267,4247527.0,3115526.29,48.98,15,14241.9,13077.9,7.5888
RouteID_d0564893-9b55-4400-8d2a-ad3dea883cbb,DLA8,129,22,276,276,3313071.0,3244880.38,81.68,16,6362.5,22543.3,8.0294
RouteID_d05a825c-351e-41b2-8170-2b216acefe04,DBO3,168,28,213,213,3313071.0,2703899.81,57.18,12,13594.5,12179.7,7.1595
RouteID_d06d0524-7d44-4c08-a8f8-425ebb689dc2,DSE4,161,23,265,265,3313071.0,3232171.03,58.49,15,8997.1,15498.9,6.8044
RouteID_d071035d-60ba-4d3b-9e54-b62a08682aba,DBO3,143,16,204,204,4247527.0,2071598.58,62.83,12,14364.8,12816.8,7.5504
RouteID_d07168fc-d449-4d2b-82e6-2e306d7eb240,DLA3,104,17,222,222,3313071.0,3291624.67,79.23,16,10842.0,17590.0,7.8978
RouteID_d09cc969-5c54-4057-9c71-fa2267b90ea7,DLA7,133,16,211,211,3313071.0,2031807.14,76.73,16,11515.5,16190.7,7.6962
RouteID_d0ac5274-5a70-41fb-a8ed-a87174714507,DLA9,118,27,211,211,3313071.0,2599046.03,64.62,13,11073.8,13634.4,6.8634
RouteID_d0c3d02c-0b9e-4615-b831-424ff077b218,DLA9,188,31,280,280,3313071.0,2581653.58,52.06,15,11716.7,14578.1,7.3041
RouteID_d0d68708-162e-4b2d-a94b-34afbbba601c,DCH4,168,24,253,253,4247527.0,3219452.78,53.63,13,11221.7,13568.4,6.8861
RouteID_d0da14b8-a995-4b91-9428-40a98ecbe141,DLA8,146,18,231,231,3313071.0,2117775.04,76.87,16,10596.6,17756.3,7.8758
RouteID_d0e3b72f-03f4-4574-a36c-ef0fdfb4ef8c,DCH2,139,19,240,240,3313071.0,2578760.32,73.95,12,9966.7,17749.0,7.6988
RouteID_d0e95908-0df5-48f8-8e8f-af44a04e6ad3,DLA9,144,23,260,260,3313071.0,2704658.43,78.65,15,9048.7,20448.8,8.1937
RouteID_d0f2534e-630d-4d87-bce3-12a9ecae2e01,DSE5,130,17,252,252,3313071.0,2344535.55,50.08,15,7909.4,12621.4,5.703
RouteID_d0fb6f86-42ac-43a8-8142-4fb779e096e6,DLA5,163,20,225,225,3313071.0,2120989.77,52.99,14,14194.5,11923.5,7.255
RouteID_d10299e0-eb32-4185-8f4f-462db930f6d1,DSE5,156,13,224,224,4247527.0,2677814.47,72.65,15,11345.1,16273.2,7.6718
RouteID_d103b06a-9132-4f16-b97c-95628fbd0d5b,DLA3,141,31,235,235,3313071.0,2636097.63,62.73,16,7546.7,14741.7,6.1912
RouteID_d104342c-b0f8-41a1-aa4e-d0e1a06bdf84,DCH1,169,13,257,257,3313071.0,2059170.64,36.95,13,14296.9,9496.4,6.6093
RouteID_d1198ec2-c27b-4dc3-abfb-9375e75a6524,DLA8,73,22,205,205,3313071.0,2624590.55,101.29,16,6682.0,20764.1,7.6239
RouteID_d11f07c1-c7d2-4ed0-a252-421622407a48,DLA7,143,22,222,222,3313071.0,2311999.36,56.16,15,11592.0,12466.5,6.6829
RouteID_d1256623-9724-4ab8-82d8-177e11cc342b,DLA9,159,25,244,244,4247527.0,2378430.46,71.15,13,11302.1,17361.6,7.9621
RouteID_d12f1cc8-0fa3-45e1-9109-ff97e7718ad9,DLA8,150,18,246,246,3313071.0,2356931.51,66.25,17,8032.6,16296.6,6.7581
RouteID_d1390cd0-5f7c-4127-9ba9-448d9d1a4ead,DCH2,165,21,277,277,3313071.0,2831650.92,69.38,14,9695.0,19217.0,8.0311
RouteID_d1565e9f-c2a9-451e-8d0d-f2407dbdfaa8,DLA9,137,18,208,208,3313071.0,2261514.32,78.66,15,9827.8,16361.2,7.2747
RouteID_d15b4c3f-319f-40da-a9e5-2e0fdc4b7fca,DLA8,122,23,269,269,3313071.0,3103771.1,61.85,16,6453.6,16637.4,6.4142
RouteID_d1654375-aa99-49ee-b7d5-7addc3d7bef1,DBO3,109,24,153,153,3313071.0,2095552.93,83.96,12,12000.7,12845.5,6.9017
RouteID_d1699916-72c6-4fad-afb9-31fc66d9fe36,DLA4,189,13,292,292,3313071.0,2867512.52,57.37,16,8883.2,16753.4,7.1213
RouteID_d16b8f03-f9b1-4e03-ae08-d4d70246a8ab,DCH4,174,20,275,275,3313071.0,3188518.51,62.34,14,11921.1,17144.6,8.0738
RouteID_d17455d2-48ca-4665-8886-2bbbbade4e23,DAU1,90,19,200,200,4247527.0,2213199.04,70.2,15,8221.1,14039.5,6.1835
RouteID_d18303d8-ef00-4a5f-bbb3-9e9e3c29c591,DSE4,154,26,249,249,3313071.0,2894401.63,61.33,15,11619.3,15271.4,7.4696
RouteID_d18407fd-f14d-44d0-ad83-be53fe07a4f0,DLA9,125,25,250,250,3313071.0,2453786.69,100.02,16,7156.8,25004.7,8.9337
RouteID_d18eb1a6-617b-401b-ad57-ae5a190c364d,DSE4,136,22,234,234,3313071.0,2656444.31,56.92,15,10834.4,13319.6,6.7094
RouteID_d19e76c1-a300-421b-bc46-09b945ed2bcb,DLA9,126,24,235,235,3313071.0,2245562.18,78.81,15,10711.1,18521.5,8.1202
RouteID_d1a1e3c7-0761-4fbe-b129-f7be87467416,DBO2,123,10,198,198,4247527.0,2741477.44,99.35,13,11162.1,19671.2,8.5648
RouteID_d1a8c3dd-fa67-455c-a68d-af2fd6aa5d91,DBO2,154,28,250,250,3313071.0,3279971.46,81.9,13,11241.0,20474.2,8.8098
RouteID_d1b3a56f-c0e2-4ff5-b36b-18a935244010,DBO2,138,21,259,259,3313071.0,3188678.06,84.05,13,8633.4,21767.7,8.4448
RouteID_d1b3e77d-9be1-4416-b890-e57fb05d5b16,DBO3,122,27,159,159,4247527.0,2369602.23,56.95,12,13184.6,9055.3,6.1778
RouteID_d1c64543-cfd4-4b9a-824b-a41cff11ab10,DLA7,164,16,202,202,3313071.0,2109750.91,64.08,16,12337.1,12943.9,7.0225
RouteID_d1cd2e93-d7fc-4e69-a4e8-a59e1c07347f,DLA9,141,26,243,243,3313071.0,2736754.08,66.99,16,8119.7,16279.5,6.7776
RouteID_d1cf83ef-b7df-46ad-9258-5f19daf285ea,DAU1,174,31,277,277,4247527.0,3207990.14,63.56,13,11759.6,17607.1,8.1574
RouteID_d1d4224e-8ebc-4b6e-b3f4-16a709a636d2,DBO1,191,26,288,288,4247527.0,3387194.73,60.67,13,9998.6,17472.7,7.6309
RouteID_d1d42acb-6707-4ee7-94fe-a976f995dad8,DCH1,142,21,245,245,3313071.0,2439146.57,84.05,14,9629.4,20592.7,8.395
RouteID_d1d479bb-73b5-4723-9e79-cff3c0bcbe40,DSE5,174,12,239,239,4247527.0,2568593.51,62.98,14,13743.1,15051.2,7.9984
RouteID_d1d655ef-0e97-4b9b-a055-19b1c70b0444,DBO2,184,28,258,258,3313071.0,3240015.95,66.78,13,13759.3,17230.3,8.6082
RouteID_d1dbf5e3-f2f5-46ec-af5e-a1c78a25c9fe,DLA3,112,26,236,236,3313071.0,2761255.03,74.65,15,6221.0,17618.2,6.622
RouteID_d1ddca11-3edd-4765-be86-f3c774511a33,DLA7,161,22,237,237,3313071.0,2203736.38,63.34,16,10872.8,15010.9,7.1899
RouteID_d1e6458c-bc84-46c4-bb29-bb7e2ddb96aa,DLA7,135,21,217,217,3313071.0,2631261.48,95.68,15,9133.9,20762.2,8.3045
RouteID_d1e7245b-5871-450d-9fa4-5ef24e0476c0,DLA7,160,28,227,227,3313071.0,2275063.0,65.67,14,12299.7,14907.0,7.5574
RouteID_d208f5b0-e60e-4a7a-af1c-6cce62856747,DLA8,176,19,292,292,3313071.0,3207726.55,49.35,16,8947.8,14411.6,6.4887
RouteID_d22b3e06-2717-4e4c-abf2-885b7d3b529a,DLA4,111,14,217,217,3313071.0,2882391.16,99.94,13,6479.2,21687.7,7.8241
RouteID_d22c80b2-f4de-4ace-a42e-66d6e4156a27,DLA5,140,21,217,217,3313071.0,2090791.47,63.41,14,15419.8,13760.5,8.1056
RouteID_d22d4958-f9e7-449e-a15f-6e18b72f8879,DCH1,145,15,191,191,3313071.0,1829730.28,85.94,14,13045.0,16414.9,8.1833
RouteID_d2303422-aa18-44da-b671-35785760e751,DBO1,134,16,237,237,4247527.0,3460520.22,77.41,13,10930.6,18346.6,8.1326
RouteID_d2358eca-def8-4571-8c78-8e8580878130,DCH1,181,15,257,257,3313071.0,2297858.46,58.12,15,13193.5,14936.8,7.814
RouteID_d245d6ab-351b-46d1-9bd1-54ee803c05ea,DLA9,162,22,254,254,4247527.0,2437359.21,53.07,14,10371.9,13479.7,6.6254
RouteID_d24614be-e5e0-49b9-9248-c1560c346013,DLA9,129,20,266,266,4247527.0,3099168.98,56.68,14,10759.9,15078.1,7.1772
RouteID_d248666b-e521-4a81-b13f-31783190c4a7,DBO3,163,26,214,214,4247527.0,2217592.8,72.99,11,14699.2,15619.0,8.4217
RouteID_d24e0551-e519-4c56-9bed-79d2ff3b009c,DCH3,203,17,268,268,3313071.0,3276019.25,40.98,14,17683.8,10982.1,7.9628
RouteID_d25ac046-61ad-46a7-890c-3764464b74bf,DLA7,132,22,170,170,3313071.0,1539174.75,107.42,15,10799.7,18261.1,8.0724
RouteID_d26125b3-c827-41de-bc42-d0e430ff8b27,DCH1,55,26,224,224,3313071.0,2505752.59,101.07,15,4963.3,22639.9,7.6676
RouteID_d2785d55-dbcf-4489-9c81-a41afd905a80,DLA7,156,26,222,222,3313071.0,2153125.51,56.56,15,11874.2,12555.9,6.7861
RouteID_d27eb16e-a387-4e1a-ad39-a4de398216fc,DLA8,188,24,287,287,3313071.0,3069335.82,53.37,16,13803.3,15315.9,8.0887
RouteID_d286b951-2350-41a4-ac26-effe3bdc551a,DCH1,151,22,253,253,3313071.0,2652385.16,76.51,14,10774.5,19358.2,8.3702
RouteID_d2964078-7295-4959-b4c9-d2003fa9b2bb,DCH2,108,13,274,274,3313071.0,2394212.96,39.03,12,10300.6,10695.0,5.8321
RouteID_d2a97d70-b13f-44ab-bad5-73f13f683822,DAU1,184,36,283,283,4247527.0,3631073.21,47.62,15,11478.4,13477.5,6.9322
RouteID_d2adf008-7db7-4b21-a949-3e6db7608e5d,DLA7,135,19,195,195,3313071.0,1756120.23,105.08,15,9645.6,20490.2,8.3711
RouteID_d2c06359-497b-46b5-a5e7-1a69d779f0a9,DBO3,169,33,219,219,4247527.0,2740816.12,64.84,13,13564.6,14200.3,7.7125
RouteID_d2cd5525-4b6a-445e-acef-574fd2a8ca77,DBO3,138,21,220,220,4247527.0,3029692.52,84.99,11,9868.5,18696.8,7.9348
RouteID_d2de48e4-53c1-4509-91bc-3f43aa442852,DCH1,146,16,191,191,3313071.0,1755369.01,88.77,13,14028.2,16955.1,8.6065
RouteID_d31a808e-1cab-4330-9461-6b38866dbb9f,DLA7,153,22,217,217,3313071.0,2026546.44,65.42,16,14716.3,14195.2,8.031
RouteID_d3228103-436c-4b44-a59c-97d61a5403f0,DCH1,90,23,232,232,3313071.0,2180571.48,77.82,14,5942.7,18053.7,6.6657
RouteID_d33f7995-a1f5-48e0-9ad6-1978c1bbf4b0,DCH4,119,11,212,212,3313071.0,3267197.71,54.48,14,13897.7,11548.9,7.0685
RouteID_d3525c93-e2af-41f2-a5f9-a9096653d0ee,DCH3,188,21,273,273,4247527.0,3242718.37,64.48,13,13807.7,17603.3,8.7253
RouteID_d36a953d-aec1-42f4-b574-9832493af11f,DLA8,137,23,257,257,3313071.0,2652469.53,61.41,16,7051.9,15783.4,6.3431
RouteID_d37018f0-a1ce-4039-adaa-e25236115c9c,DCH1,106,17,193,193,3313071.0,2368291.26,101.89,14,10473.7,19664.4,8.3717
RouteID_d376150e-4f9d-4108-ad87-d63183679d36,DLA3,102,32,253,253,3313071.0,2627400.11,98.04,16,6005.7,24803.4,8.5581
RouteID_d376e6ff-ba6f-4f3a-987e-90935c16226b,DAU1,161,34,244,244,4247527.0,3212205.09,64.26,15,12297.8,15680.2,7.7717
RouteID_d3797f9e-853c-4938-9b15-af42a3f9f027,DLA8,190,17,292,292,3313071.0,2863733.72,51.01,17,10961.6,14894.1,7.1821
RouteID_d3811bad-fee5-47fc-a6f1-390e67a57864,DLA9,121,29,206,206,3313071.0,2227205.02,79.75,15,8950.7,16428.6,7.0498
RouteID_d390c85c-4088-4ce5-9a9f-8221b75bcbfb,DBO3,187,24,270,270,4247527.0,3877940.09,52.64,12,13603.4,14211.8,7.7264
RouteID_d3b848d1-42e3-4ea6-93e8-25215afc58bd,DSE2,130,19,251,251,4247527.0,3480264.3,80.67,15,7725.9,20247.9,7.7705
RouteID_d3b9c5a8-e496-41c2-94ef-f79bc3593500,DLA9,196,19,257,257,3313071.0,2272179.75,42.97,15,11820.0,11044.3,6.3512
RouteID_d3c26f8b-9364-430f-9776-46b5b8014ee8,DBO3,184,22,262,262,3313071.0,2784270.48,51.98,12,15882.1,13618.9,8.1947
RouteID_d3c4cb0a-2416-4011-b3aa-670b0cea5ce2,DLA3,77,12,160,160,3313071.0,1541654.44,141.69,15,5546.6,22670.1,7.838
RouteID_d3ccfe39-48dc-44c0-b943-2b15395e4ca9,DLA7,190,27,292,292,3313071.0,3136310.71,54.43,15,8478.5,15893.6,6.77
RouteID_d3dfbf2e-1a97-416c-b2de-f8165e24e30a,DLA5,179,26,246,246,3313071.0,2216541.2,57.12,16,14260.5,14051.0,7.8643
RouteID_d3e3e3ba-38c4-4ea0-99ca-ba38ae87133c,DCH4,148,15,211,211,4247527.0,2230848.99,78.92,14,11835.4,16653.1,7.9135
RouteID_d3e4f295-1c96-4127-ae3d-0d8ae221c647,DLA9,115,24,242,242,3313071.0,2495301.05,71.88,13,9237.7,17394.6,7.3979
RouteID_d3e6f720-e316-41d2-a145-bb2323ecd2fd,DLA8,137,25,260,260,3313071.0,2749024.76,61.42,16,7837.2,15969.4,6.6129
RouteID_d3f0d320-7684-4e94-a1af-266e5ff1eca0,DCH3,188,17,255,255,3313071.0,2636179.27,46.72,15,13894.6,11914.7,7.1692
RouteID_d3f87589-084c-4b28-aa52-d355a5bb3132,DAU1,171,25,262,262,4247527.0,3387144.93,58.26,13,12155.5,15264.8,7.6167
RouteID_d400f78e-e6ad-4f8f-b88a-af6a94fc8b4e,DSE4,150,25,241,241,3313071.0,2879370.64,67.6,14,11530.9,16292.0,7.7286
RouteID_d405eb42-2950-49b1-b09b-0f15df295a36,DLA5,140,20,249,249,3313071.0,2692878.45,65.28,15,10193.3,16254.4,7.3466
RouteID_d4137cf3-431c-424f-b58f-6d1766a771af,DSE4,189,27,286,286,3313071.0,3240870.32,33.92,15,9649.9,9700.7,5.3752
RouteID_d414af0a-e6df-465f-a9c9-2f63b1cb3aee,DLA9,131,21,243,243,4247527.0,2089081.2,51.49,14,12328.4,12513.1,6.9004
RouteID_d4164476-2287-49cf-8cc9-25551067ece4,DSE4,168,26,258,258,3313071.0,2481159.58,63.3,14,13079.5,16332.6,8.17
RouteID_d41b2f6c-9a35-4b62-b2ea-2c24c27ed875,DLA7,170,25,244,244,3313071.0,2126122.74,57.76,15,11462.6,14093.4,7.0989
RouteID_d4301882-99f6-420e-8513-e9a5e41c7b10,DSE5,98,13,242,242,3313071.0,3222554.17,87.36,15,6240.1,21141.2,7.6059
RouteID_d433608c-0e96-4507-89fb-e09a6d5a6449,DSE5,140,13,207,207,3313071.0,2942500.78,93.62,14,11994.2,19379.4,8.7149
RouteID_d434cc88-3e71-4963-87a6-799c828abe9d,DBO3,182,30,243,243,4247527.0,2697770.45,41.45,11,15225.3,10071.3,7.0268
RouteID_d43a62bc-af7c-48e1-91f4-7ef8b80d67fb,DBO3,145,27,239,239,4247527.0,2810922.27,76.14,11,10245.7,18198.0,7.901
RouteID_d43ed4cc-83ac-4c1d-9e33-a7036bd46c67,DLA5,156,20,233,233,3313071.0,2169501.28,45.97,15,12902.6,10711.3,6.5594
RouteID_d44359ad-9e8d-46d1-bf15-d1c2f0542826,DBO3,167,29,198,198,4247527.0,2711089.18,68.39,12,13606.0,13540.8,7.5408
RouteID_d45ea28d-d308-4918-b257-51bde4cb9407,DLA9,121,26,252,252,3313071.0,2838821.95,67.27,16,9275.5,16953.2,7.2857
RouteID_d4762df5-32a6-4a99-adb9-67a6ca29deec,DLA7,160,29,241,241,3313071.0,2699884.91,49.05,14,10921.0,11821.3,6.3173
RouteID_d481c820-59fc-4293-b92c-b8dba69f0597,DSE5,144,11,228,228,3313071.0,2758613.82,81.53,15,13650.2,18589.0,8.9553
RouteID_d485d86b-cd12-447e-a975-dff3f9bc1e5b,DSE4,179,23,296,296,3313071.0,3274366.8,40.48,15,8834.9,11981.7,5.7824
RouteID_d498ae50-f6fb-4d07-b6b0-c25490392b60,DCH4,189,22,282,282,4247527.0,3548126.93,50.94,14,12280.4,14364.5,7.4014
RouteID_d49918a8-d755-4265-8771-c75e2813ffcc,DLA4,93,17,235,235,3313071.0,2334457.64,66.61,13,9104.6,15654.0,6.8774
RouteID_d4a0a31c-f576-49fc-9194-e62531804169,DLA4,123,16,284,284,3313071.0,3239018.6,52.72,14,8494.9,14971.6,6.5185
RouteID_d4b1399c-85ac-473d-b8de-2d6a36c742ca,DLA3,120,20,230,230,3313071.0,2273566.61,86.6,16,7689.0,19917.3,7.6684
RouteID_d4b43de4-0f1e-4c0b-83bd-2350408380ec,DBO3,112,20,169,169,3313071.0,2576222.83,73.93,12,14585.3,12494.8,7.5222
RouteID_d4b83d83-8c91-465b-be94-0524e15b5cb2,DCH3,187,18,271,271,3313071.0,2857073.25,52.31,14,11058.8,14177.3,7.01
RouteID_d4bf93e9-b902-4356-8f3c-e9ca7ed95d4f,DSE5,106,8,179,179,4247527.0,1983385.72,99.63,15,9805.6,17834.3,7.6777
RouteID_d4dca435-2258-454b-8fdb-7da7e63c9fd7,DBO2,184,28,264,264,4247527.0,3292535.01,61.01,11,15229.0,16105.8,8.7041
RouteID_d4e12cdc-063d-42b3-8b2f-76a6e362fd2c,DLA3,156,26,280,280,3313071.0,3165672.82,39.28,15,6968.6,10999.0,4.991
RouteID_d4e35d1a-d5cd-4d72-b4a0-d33c3c39a508,DLA8,121,23,265,265,3313071.0,2627330.17,74.17,17,5310.2,19654.4,6.9346
RouteID_d4f29f26-b6a8-4d59-8bd7-3381a44fb7e7,DCH1,164,16,213,213,3313071.0,1741199.42,35.93,13,15384.2,7654.1,6.3995
RouteID_d4f5b888-0b6f-4d9b-a2be-847fdaa37560,DLA4,102,10,160,160,3313071.0,3217942.43,64.7,14,6984.1,10352.4,4.8157
RouteID_d4fd645b-f105-4be5-b237-f91e10cc3911,DLA8,137,25,256,256,3313071.0,3075903.6,82.27,15,7126.3,21062.3,7.8302
RouteID_d50828c7-0b83-4a83-98a0-c6d7181e6336,DBO3,220,18,281,281,4247527.0,2790300.63,51.56,12,14021.4,14489.6,7.9197
RouteID_d513a102-cc82-4d32-8939-b9cb0c3a31c7,DSE4,85,13,159,159,4247527.0,1711852.11,131.17,15,7870.1,20856.6,7.9796
RouteID_d535e450-b8fc-494d-8c0a-a58cd2fc511e,DCH4,134,15,183,183,4247527.0,2388408.68,81.33,13,12781.7,14883.7,7.6848
RouteID_d54aad09-2e64-4ae7-a378-cb447cb2e068,DLA9,175,23,274,274,3313071.0,2836530.82,75.06,14,11051.9,20565.1,8.7825
RouteID_d54efb27-1db9-4a1a-a9c0-b879fffb523b,DLA8,126,23,232,232,3313071.0,2712468.95,76.95,15,8804.6,17852.8,7.4048
RouteID_d551669e-f8cd-4bfa-87cd-396213c77854,DLA3,122,25,216,216,3313071.0,3016224.6,72.75,15,13086.2,15713.9,8.0
RouteID_d55575e3-66ad-45e7-a45d-0345aa77e18b,DLA9,171,20,292,292,3313071.0,3119929.95,65.98,14,9960.4,19266.3,8.1185
RouteID_d57564e1-41e0-485d-9d3e-aaec84f49807,DBO2,157,25,232,232,3313071.0,2577355.51,50.03,13,10816.7,11608.1,6.2291
RouteID_d581217b-4e2d-4c71-a5b1-a636dd7d2671,DCH4,144,21,215,215,4247527.0,3007583.28,68.93,14,13756.2,14820.5,7.938
RouteID_d5813d54-bbe9-48ce-a1d9-c7fa9ec77990,DLA7,159,23,275,275,3313071.0,2537087.56,60.09,15,8347.2,16524.8,6.9089
RouteID_d582ecf0-7758-4067-818e-d0216f024b39,DLA7,134,20,207,207,3313071.0,2054731.63,69.68,14,11162.2,14423.4,7.1071
RouteID_d58d6fad-722f-4918-8dfe-856edbe87e1c,DAU1,145,36,242,242,4247527.0,2746565.01,72.91,14,9418.9,17644.3,7.5176
RouteID_d590d67c-a64b-4eff-88c6-9c7d51cf0c4d,DCH3,192,20,268,268,3313071.0,2936056.75,72.0,14,13788.4,19297.2,9.1904
RouteID_d59b0d07-c175-4128-9e67-487667c2c194,DCH3,194,20,239,239,4247527.0,2297490.44,61.03,12,14246.6,14586.7,8.0092
RouteID_d5a8a0d8-dfa6-43d6-bcc8-609498516b63,DLA9,138,19,206,206,3313071.0,1878906.03,82.03,15,10841.9,16898.5,7.7057
RouteID_d5a97d5a-a3cd-43b4-b355-17a41a7f315f,DLA4,92,15,205,205,3313071.0,2450767.39,95.32,14,6457.9,19539.8,7.2216
RouteID_d5b8cd4a-fdfe-4904-ae35-a489990cae69,DBO2,117,28,232,232,4247527.0,3279574.33,80.14,12,8120.5,18592.9,7.4204
RouteID_d5b903a4-8c0f-4901-913e-53ecaebf52f5,DLA9,136,21,244,244,3313071.0,2666600.92,64.74,16,9849.0,15796.5,7.1238
RouteID_d5b97d80-d3bc-441c-b848-c551bfec0368,DLA9,116,25,216,216,3313071.0,2194979.15,64.8,16,9944.0,13997.6,6.6504
RouteID_d5c9fc76-7d4f-45b8-8ad5-8790565ac07e,DLA9,108,23,268,268,3313071.0,3111991.21,77.39,16,6764.1,20739.9,7.64
RouteID_d5cb6c4f-9822-4aba-9fff-f10efebfcc5f,DBO1,107,18,293,293,4247527.0,2928864.83,69.14,13,6673.8,20259.0,7.4813
RouteID_d5cb817f-2298-4748-89fd-23a17d2a76ea,DLA7,170,24,283,283,3313071.0,2667610.86,64.31,15,12195.2,18199.5,8.443
RouteID_d5d65cf3-4a4d-40df-8976-2c8933c220dc,DBO3,152,19,192,192,4247527.0,2437739.46,58.85,12,13339.4,11300.0,6.8443
RouteID_d5e20010-6d78-472f-9e19-f347223852ae,DSE5,117,10,176,176,4247527.0,1836258.49,86.0,15,9977.8,15135.4,6.9759
RouteID_d5e64234-683c-426b-9ddb-faa11427e523,DSE5,189,15,257,257,3313071.0,2779656.24,62.84,13,12610.5,16150.6,7.9892
RouteID_d5f328d5-8017-4fdd-aa63-783642765cc3,DLA8,79,23,224,224,3313071.0,2868597.49,82.83,15,6397.3,18554.8,6.9311
RouteID_d5f32ade-687a-4130-9d37-001cd31975b4,DLA8,162,17,259,259,3313071.0,2299941.07,84.07,17,10322.2,21773.1,8.9154
RouteID_d5ff239e-bc57-431d-882c-e66323902c63,DLA9,184,21,284,284,3313071.0,2422705.62,55.79,15,13019.7,15845.4,8.0181
RouteID_d6192137-6ba2-4baf-bb6f-e53a18acea66,DLA7,152,21,229,229,3313071.0,2385194.2,75.62,14,11434.2,17316.1,7.9862
RouteID_d61ca0a7-23f8-4e6c-8b42-cad4ada5bd0c,DCH4,173,22,266,266,4247527.0,4133243.62,60.57,13,12637.8,16111.8,7.986
RouteID_d61d0b30-09f8-4bf9-9555-fc225d579176,DBO3,165,29,217,217,3313071.0,3064531.32,48.36,12,13511.1,10493.7,6.668
RouteID_d6369ca9-e5a4-48d3-ac2c-f8293da01f84,DLA9,98,21,242,242,4247527.0,3330818.92,66.21,13,8806.6,16022.5,6.897
RouteID_d63823cc-4c77-4abe-a68e-7da5556eb1ee,DSE4,110,13,191,191,4247527.0,2777435.77,98.6,15,7109.6,18833.0,7.2063
RouteID_d64d7182-928c-429b-8523-ccb7f67e6c2a,DLA7,171,22,268,268,3313071.0,3196573.18,71.17,15,9768.9,19072.8,8.0116
RouteID_d65fd4f5-0ac1-4d83-b81f-eace712bb6d0,DLA9,173,24,253,253,3313071.0,2345619.49,55.26,16,12229.5,13980.2,7.2805
RouteID_d6618ff1-be70-41cf-b3a8-4d5aa72e396b,DLA7,149,26,265,265,3313071.0,2917650.51,56.86,14,11314.6,15068.3,7.3286
RouteID_d6708857-b718-489a-bce7-8ed2683b50f6,DLA7,143,25,215,215,3313071.0,1986354.29,79.96,15,11150.0,17191.4,7.8726
RouteID_d6718a27-cdee-4c93-9630-e5cadd22d50a,DSE5,172,17,276,276,3313071.0,3084442.36,69.65,15,11605.7,19224.1,8.5638
RouteID_d674933c-cfcb-4236-9f2d-45785f636ea9,DCH3,173,21,231,231,3313071.0,2755096.2,58.85,14,15240.7,13593.6,8.0095
RouteID_d678ffa8-633c-4e13-a915-f19149b8ef1b,DLA8,159,24,279,279,3313071.0,3155900.21,68.29,15,6460.7,19052.0,7.0869
RouteID_d69be4d8-306e-4f4a-a0b3-6e6f980467af,DCH4,159,22,248,248,4247527.0,3417189.03,62.14,15,13360.0,15410.0,7.9917
RouteID_d69d964b-4932-4265-a29b-347ab098cfc3,DLA7,181,21,263,263,3313071.0,3189656.86,76.53,16,12238.5,20127.4,8.9905
RouteID_d6b02255-bf1a-4b66-8faf-d98c8fe46efa,DLA7,166,28,263,263,3313071.0,2926576.65,55.67,14,12370.5,14640.7,7.5031
RouteID_d6bc0daa-3c35-47d2-b87e-f72231d63921,DLA8,110,17,220,220,3313071.0,2212986.05,91.82,16,7673.2,20199.5,7.7424
RouteID_d6da6836-a28f-40e2-8d9d-aff70bf87ac3,DBO3,123,20,166,166,4247527.0,1507001.14,75.04,13,14088.0,12456.4,7.3734
RouteID_d6e030a2-318e-41a7-ad04-468efa9b4699,DCH4,164,22,245,245,4247527.0,3214843.3,65.75,13,13305.8,16109.3,8.1709
RouteID_d6e947cd-eb60-423e-bb08-2602c2f5f79e,DLA9,188,25,286,286,4247527.0,2587839.85,51.74,14,10687.8,14798.9,7.0796
RouteID_d6f1f50a-9965-466d-98fb-10c82b84639f,DBO3,147,23,192,192,3313071.0,2950471.21,77.85,12,15828.9,14946.7,8.5488
RouteID_d6f21fd7-12a4-4c50-8648-ab14659b7dbe,DBO2,159,29,246,246,3313071.0,3060431.96,72.42,13,10139.1,17815.3,7.7651
RouteID_d6f2913b-61a1-4705-8180-71c6bc452105,DCH4,156,22,227,227,4247527.0,2509810.8,55.88,15,13306.2,12684.6,7.2197
RouteID_d6fa45f7-403b-4e18-8734-c774b722985c,DAU1,136,24,215,215,4247527.0,2959697.57,57.41,14,13618.1,12342.3,7.2112
RouteID_d6ff5f52-939d-4ca1-85ee-d28a19a8c225,DLA7,144,24,245,245,3313071.0,2452921.25,50.81,14,10503.1,12447.5,6.3752
RouteID_d7042a6c-f3fa-47ad-8fe3-f1de7e2828dd,DLA4,138,19,248,248,3313071.0,3240344.39,52.22,14,9792.2,12949.8,6.3172
RouteID_d7099f5b-5b0d-4339-bb98-8d260e8e2293,DCH4,167,24,275,275,4247527.0,3652518.09,48.07,13,12356.4,13219.1,7.1043
RouteID_d70b1269-825c-416f-9976-d5ec8a534f1f,DLA9,140,24,232,232,4247527.0,2365247.29,68.62,14,10009.3,15920.4,7.2027
RouteID_d71536fc-a945-4a52-8c7d-b726e48ad84f,DLA3,125,26,290,290,3313071.0,3226967.96,47.93,15,7426.8,13899.6,5.924
RouteID_d71d65ed-6a2b-4849-b5d1-f085a0eebe03,DBO3,152,26,209,209,4247527.0,2337160.08,69.05,12,13931.8,14430.7,7.8785
RouteID_d727d1a7-4e30-4dd6-9b9c-118bd9149966,DLA3,109,14,199,199,3313071.0,2099378.64,75.86,15,9035.1,15097.0,6.7034
RouteID_d728984a-1954-4d3d-b9ef-e241e36d3a15,DCH3,198,22,269,269,4247527.0,2872593.03,66.08,15,12033.1,17776.7,8.2805
RouteID_d73e07a2-4a0a-4457-aea5-96114e36e318,DSE4,97,16,215,215,4247527.0,2613718.29,105.09,15,6956.1,22594.2,8.2084
RouteID_d7572dab-4386-4a2a-83bc-25dab12f13f5,DBO3,181,28,267,267,4247527.0,3606667.73,46.97,12,13896.5,12542.2,7.3441
RouteID_d76bcbb7-a3a9-4653-812c-6ab99b70a0a5,DLA7,157,22,242,242,3313071.0,2152469.9,71.88,14,10224.8,17395.1,7.6722
RouteID_d77822a2-ac0f-4c1e-971a-b385e965c105,DLA9,180,20,265,265,3313071.0,2417910.69,55.14,16,10616.0,14611.2,7.0076
RouteID_d79263ec-054c-43cf-a287-ff4b87e61093,DLA7,176,22,252,252,3313071.0,2440034.0,52.05,15,9523.6,13116.5,6.2889
RouteID_d79e0b93-8e9d-4aea-afc8-521bc456b000,DCH1,199,19,248,248,3313071.0,2387413.52,42.48,13,13568.8,10535.6,6.6957
RouteID_d7a3c805-a90f-4f46-9e65-9197abde9cbe,DLA9,138,20,230,230,3313071.0,1996339.41,77.67,13,9959.1,17863.4,7.7285
RouteID_d7ab5546-da80-474b-8958-1aa6df1b8bf9,DLA9,190,23,273,273,3313071.0,1966422.26,54.16,16,13321.8,14784.9,7.8074
RouteID_d7c8f6a2-cba5-4d3c-a6c6-e91fdb60d139,DSE4,169,22,252,252,3313071.0,2371929.55,60.2,15,11387.0,15169.2,7.3767
RouteID_d7ca2537-faa8-455f-a784-4a456d6413b3,DLA7,114,20,206,206,3313071.0,1885646.19,66.76,14,10685.0,13751.8,6.788
RouteID_d7cbf5a9-f660-46ef-a1a4-01b036d4d339,DCH1,105,23,239,239,3313071.0,3044929.94,46.38,13,7631.6,11083.7,5.1987
RouteID_d7da6cff-327c-46da-8a0f-2312d3b23eac,DAU1,154,27,237,237,4247527.0,3602740.52,52.15,14,12549.1,12359.8,6.9191
RouteID_d7e94328-68bd-4d1e-a37c-c8a352cdcb83,DLA3,117,11,194,194,3313071.0,1807974.89,102.43,16,7639.0,19870.9,7.6416
RouteID_d7ef74b7-5749-47ab-a195-43b4276af89f,DBO2,179,27,283,283,3313071.0,3244527.71,64.8,14,10382.2,18339.4,7.9782
RouteID_d7f40e15-ed6a-4969-bb7f-872b95aa6966,DCH3,198,20,265,265,3313071.0,2510389.89,54.64,14,13708.3,14479.0,7.8298
RouteID_d7f6e353-8774-44ce-a4c2-4ff88b164269,DCH3,154,19,273,273,3313071.0,3101730.08,64.51,12,11884.7,17610.8,8.1932
RouteID_d7f96640-3b4f-45fa-98ec-c6c73f613297,DSE4,162,24,256,256,3313071.0,3281267.78,42.1,15,13294.6,10776.7,6.6865
RouteID_d809f9f0-d67d-434a-b2e2-b834ee593bd4,DBO3,140,22,179,179,4247527.0,2614194.15,62.62,12,14081.9,11209.3,7.0253
RouteID_d8126110-322c-4482-942e-8b10e03b83b6,DSE2,100,16,222,222,4247527.0,3142311.93,86.61,14,5293.3,19227.5,6.8113
RouteID_d81e33a9-fbad-4f58-87a2-d03190f178a0,DLA7,137,26,168,168,3313071.0,1269895.84,78.89,15,12766.7,13253.8,7.2279
RouteID_d82b3847-8996-4ba2-a44b-fef5d25723f6,DLA8,144,31,279,279,3313071.0,3288923.76,73.51,15,7085.8,20509.7,7.6654
RouteID_d83a3818-9c2f-451a-b207-fd91339db98b,DSE2,104,16,200,200,3313071.0,2709052.59,110.44,14,5683.2,22087.4,7.7141
RouteID_d85ecd2b-e6a1-4abf-8f70-4c4346e946c4,DLA9,160,30,263,263,3313071.0,3067329.32,57.69,13,14205.3,15173.5,8.1608
RouteID_d8600708-64d5-434a-bb6e-e381e9c5fc93,DLA9,147,23,277,277,3313071.0,2706771.93,66.01,14,10834.7,18285.0,8.0888
RouteID_d86192cc-bed0-4be9-8e09-fe3d9cffeaf3,DCH4,181,25,277,277,4247527.0,3491687.05,58.31,13,13229.8,16153.2,8.1619
RouteID_d86cc53b-5e07-4f98-888f-0dfaff734d80,DSE4,85,31,184,184,4247527.0,1897018.17,81.66,15,7388.8,15026.0,6.2263
RouteID_d87cabbe-3de5-46ed-9f91-801c2f409456,DLA9,193,30,295,295,3313071.0,3052830.34,45.78,16,11321.7,13504.5,6.8962
RouteID_d87ce9d3-656b-4bec-a2f3-77f4996b5078,DLA8,108,30,285,285,3313071.0,3201556.9,72.55,15,4897.0,20676.2,7.1037
RouteID_d88f1198-8ac1-448b-85c4-e2fc66fc5621,DCH4,144,21,235,235,4247527.0,2664436.03,65.96,14,11423.9,15501.6,7.4793
RouteID_d8929a48-2a8b-43d0-afb9-f8d1e7537a81,DAU1,168,28,257,257,4247527.0,3201437.43,64.04,13,11102.0,16459.1,7.6559
RouteID_d896ed72-28ef-4132-a815-d6e45a5c349f,DLA7,152,19,216,216,3313071.0,2172814.69,67.11,14,11072.8,14494.8,7.1021
RouteID_d8a9cc1b-4bf4-47f6-8fcf-08a663b37616,DSE5,132,9,186,186,4247527.0,1933806.33,75.23,14,11242.1,13993.2,7.0098
RouteID_d8abd1d5-55a0-4019-9efa-ec4e58952056,DLA7,181,28,266,266,3313071.0,2129304.98,61.99,15,12230.2,16488.1,7.9773
RouteID_d8b1b98c-d1d4-4c74-8bd6-968a69763c05,DBO3,151,33,219,219,4247527.0,2354055.29,63.13,11,13688.2,13824.8,7.6425
RouteID_d8b3eb21-61eb-41fb-9eda-aed9fe92472d,DLA7,165,25,230,230,3313071.0,2674307.17,42.51,16,11984.1,9776.3,6.0446
RouteID_d8c3adf5-eb76-4b8d-b841-8698b369d1e8,DLA7,134,26,217,217,3313071.0,2118155.08,89.11,14,13383.1,19336.8,9.0889
RouteID_d8cee0a2-06ee-4e7e-901c-e091cb74f7e6,DCH3,175,19,246,246,3313071.0,2335338.0,63.87,15,12682.5,15711.9,7.8873
RouteID_d8e0ef4b-7f8e-4582-b1d5-a2e410fbcf21,DLA7,175,23,237,237,3313071.0,2713136.79,49.95,14,12518.4,11839.1,6.766
RouteID_d8f00f0d-da28-405a-92eb-33cea1e4e6d8,DSE4,206,23,286,286,3313071.0,3102149.0,60.0,15,12186.6,17159.5,8.1517
RouteID_d8fccd31-2fe9-4586-a142-f51359fc3eae,DLA4,128,18,237,237,3313071.0,2373613.75,80.21,13,7187.6,19009.5,7.277
RouteID_d90205e6-8163-43b6-9bc2-274f0e104b16,DLA7,156,23,221,221,3313071.0,2745701.3,69.63,15,11048.3,15387.4,7.3432
RouteID_d903cb08-b145-4ee2-bb09-3d5e102c0f21,DSE5,122,7,173,173,4247527.0,1963877.89,81.59,14,13874.3,14114.3,7.7746
RouteID_d90f2a0c-eb34-42fc-8b39-6c3f246a3ebc,DLA7,134,19,208,208,3313071.0,1970065.71,80.7,14,11322.9,16785.1,7.8078
RouteID_d9187d64-1774-49f8-9427-770fe9980f96,DCH4,154,20,214,214,4247527.0,1955202.24,82.26,13,13796.3,17603.5,8.7222
RouteID_d933d55b-1988-421b-861e-073d1b0c5974,DCH1,89,27,271,271,3313071.0,2911640.14,59.06,13,5325.2,16006.4,5.9254
RouteID_d94269fa-c101-4d7d-bc83-2387ec8e0395,DLA3,95,19,168,168,3313071.0,2156066.87,83.38,16,9084.4,14007.6,6.4144
RouteID_d94b8b00-76fd-438f-8410-62ed673a2baf,DBO3,177,21,233,233,4247527.0,3024262.4,47.21,12,12678.0,10999.9,6.5772
RouteID_d9520aaa-436e-4026-8aea-a4048824ddb7,DBO1,41,15,184,184,4247527.0,2191713.94,84.34,12,4728.4,15518.9,5.6242
RouteID_d95d29eb-f576-4dbe-a98f-d23f251dff61,DLA8,129,27,268,268,3313071.0,3181878.45,75.79,15,6840.3,20312.3,7.5424
RouteID_d95fc3b5-9fbd-4a65-afb8-aaa5fbf426cb,DLA9,125,21,188,188,3114853.25,1998396.66,83.08,13,12071.1,15619.6,7.6919
RouteID_d96b885a-bab3-43fc-a0f9-dd6f7547bd7b,DLA5,162,16,237,237,3313071.0,2476034.6,67.36,15,12177.5,15963.3,7.8169
RouteID_d98874fe-e47d-4121-ac7f-588ca9eb9b6a,DCH3,195,16,259,259,3313071.0,2643856.44,59.43,15,13669.1,15392.9,8.0728
RouteID_d98ceac1-91b5-458f-b82c-f336da91d6c4,DCH2,90,18,224,224,3313071.0,2686265.68,80.28,14,8118.4,17981.7,7.25
RouteID_d98eee2b-a976-41ce-b119-7063bf5e3fef,DCH3,167,14,241,241,3313071.0,2212489.21,47.69,15,11711.3,11492.3,6.4454
RouteID_d9964659-eae1-4cd8-a518-8d3151651290,DAU1,108,19,206,206,4247527.0,2756385.21,70.63,15,10244.1,14549.8,6.8872
RouteID_d9bc3a3b-ae58-47e5-891d-5d686c10bd12,DBO3,162,25,246,246,4247527.0,2722351.95,56.64,12,14069.8,13933.6,7.7787
RouteID_d9c68012-00f1-4711-abbe-7a1ebf1c3899,DSE5,150,13,205,205,3313071.0,2445903.07,84.34,15,12236.9,17289.9,8.2019
RouteID_d9c75e0c-afd4-433e-a50e-31755028bcef,DSE5,149,15,230,230,3313071.0,2683843.98,75.0,13,12967.0,17251.0,8.3939
RouteID_d9d2f83b-24b8-483c-9f2b-6ee848dd4f93,DCH3,201,20,275,275,3313071.0,3010128.48,67.08,15,10688.9,18446.2,8.0931
RouteID_d9d90181-59b8-41ba-bafe-3d8db22bc53a,DLA7,176,22,272,272,3313071.0,2696978.45,60.09,16,11940.7,16345.6,7.8573
RouteID_d9dd3ff1-cefb-46ce-bd9c-5552856d1191,DSE4,140,28,216,216,3313071.0,2653996.47,62.42,14,11665.3,13482.0,6.9854
RouteID_d9e8d1a2-f9f7-412f-a7de-db5c98c6829a,DSE5,154,14,224,224,4247527.0,2648543.7,55.25,13,15090.3,12376.7,7.6297
RouteID_da0dfec9-0486-488c-a5f1-b790e26ef4b4,DCH3,189,21,265,265,4247527.0,3863058.27,68.89,15,12103.6,18256.6,8.4334
RouteID_da19be13-1be3-47a5-9946-b1185577728a,DLA5,153,19,237,237,3313071.0,2406701.79,66.41,15,14469.4,15738.8,8.3912
RouteID_da1c0234-7292-46d8-b2f7-9f1c95a59665,DLA3,146,13,241,241,3313071.0,2056936.07,79.55,15,9175.9,19171.5,7.8743
RouteID_da3597bd-3f24-44a4-a646-90d5034b4b25,DSE5,101,13,211,211,3313071.0,2211566.36,56.45,14,7602.0,11909.9,5.42
RouteID_da383c58-b812-42c8-b880-c3d89a19f1c7,DCH3,202,27,272,272,3313071.0,3112801.81,33.0,14,16391.7,8975.6,7.0465
RouteID_da443d65-6b04-4442-8b68-81dbf810b0f6,DSE4,181,27,269,269,3313071.0,2928270.32,61.36,15,15346.7,16504.7,8.8476
RouteID_da4a704f-2dd9-4ac7-b440-bf5304886537,DLA7,123,24,195,195,3313071.0,2480026.89,77.73,14,9584.7,15157.0,6.8727
RouteID_da4ab185-e137-4a8f-8a06-c234bb6156b3,DLA9,142,21,226,226,3313071.0,2442400.61,75.6,13,10784.9,17085.8,7.7419
RouteID_da4b54de-6cd5-4908-92f1-d50d97703984,DBO2,167,18,243,243,4247527.0,3077221.21,59.29,12,14689.0,14406.6,8.0821
RouteID_da4fc0fe-f8df-46ea-af9f-7bd62afa0d14,DLA9,167,22,248,248,3313071.0,2047992.65,67.91,15,11491.3,16842.2,7.8704
RouteID_da64c368-3990-4013-bdfb-8523599f8619,DSE5,183,17,274,274,4247527.0,2979374.07,57.7,14,15606.5,15809.0,8.7265
RouteID_da6d4d2d-82ce-43c9-813b-89858ec61ce6,DLA9,148,18,225,225,3313071.0,2058786.16,78.51,15,12814.6,17665.2,8.4666
RouteID_da732463-3ae6-4f43-80e8-ffb70cd62acb,DBO3,137,20,188,188,4247527.0,2664560.47,80.84,12,13080.4,15197.3,7.8549
RouteID_da782367-0c28-47e1-a4fb-cf07a06a5a63,DCH2,180,23,283,283,3313071.0,2423817.61,80.22,12,10471.0,22701.1,9.2145
RouteID_da7f859f-7685-48b3-a1f5-d916b297f4c3,DLA9,136,20,257,257,3313071.0,2978835.23,66.81,16,7907.5,17169.7,6.9659
RouteID_da806f65-7536-4097-95a1-458a5e33dc7c,DLA8,103,20,270,270,3313071.0,3159315.13,71.46,15,6023.0,19294.2,7.0326
RouteID_da8894e9-dd88-4ba6-9922-d0f31082af81,DBO3,169,34,257,257,4247527.0,2664490.18,56.58,11,11868.5,14542.0,7.3362
RouteID_da90b76c-6986-4197-81fa-0e33aa51dd44,DLA7,153,16,198,198,3313071.0,1909932.43,73.41,15,9011.3,14534.6,6.5405
RouteID_dab18af0-38b9-4f39-99e9-f017cf8868bf,DSE4,129,15,222,222,4247527.0,2700637.82,94.92,15,8056.8,21073.1,8.0916
RouteID_dac2b250-2abc-4280-8346-5856a43d6cff,DAU1,174,33,245,245,4247527.0,2694815.01,70.59,15,11990.9,17295.4,8.1351
RouteID_dac328b4-1514-421d-a585-849695efdd8f,DLA4,160,17,291,291,3313071.0,3088229.82,58.26,14,7400.1,16953.9,6.765
RouteID_dac87cd3-6aa2-4c29-9f43-504111d2fd4a,DCH4,187,22,282,282,3313071.0,2461052.99,54.64,14,13570.7,15409.0,8.0499
RouteID_dad88dc7-ada2-432f-89c7-9cc35f6b91af,DBO3,176,31,233,233,4247527.0,2666295.88,69.09,11,14648.5,16098.8,8.5409
RouteID_dad9772a-943e-456f-a8f7-b72bc213e73a,DLA9,128,21,242,242,3313071.0,2094368.32,71.31,13,10107.8,17256.5,7.6012
RouteID_dae0189c-596e-4530-80f8-2ad493bfc75d,DBO3,179,19,237,237,3313071.0,2678782.74,83.3,12,13303.0,19741.8,9.1791
RouteID_daee82cd-4157-4a4e-8dea-01f6d0a3d96f,DAU1,140,37,214,214,4247527.0,2553030.49,58.94,14,11474.1,12613.9,6.6911
RouteID_daff925a-eab7-41a7-8f04-63ecbb4268fa,DLA9,77,20,219,219,3313071.0,2451022.3,91.08,15,7667.5,19945.6,7.6703
RouteID_db17c3df-45c8-40d6-883a-bf2759460a51,DLA7,169,24,250,250,3313071.0,3275469.3,65.36,14,13646.1,16340.3,8.3296
RouteID_db1b7529-4f70-4229-b009-24a3b1ae6101,DBO3,142,24,196,196,4247527.0,2563781.5,74.78,12,14468.1,14656.7,8.0902
RouteID_db1e5b20-fa52-4b06-be0d-357d60835d53,DLA7,166,24,251,251,3313071.0,2765190.09,71.54,16,12757.0,17955.7,8.5313
RouteID_db2fabad-18fe-4b98-a91d-dc5a0d515ad0,DLA9,106,26,231,231,3313071.0,2314892.22,87.88,15,7668.4,20300.4,7.7691
RouteID_db33e978-c952-4922-8d57-6831ed284142,DBO1,171,13,290,290,3313071.0,3051502.34,69.35,11,10332.3,20112.1,8.4568
RouteID_db3c0395-e7bd-43fc-9ec1-7fe9a4e8cc30,DLA9,143,29,273,273,3313071.0,3232458.54,64.45,16,9355.9,17594.1,7.4861
RouteID_db41fa0f-9915-45ad-8b12-63e8d5371f2d,DBO3,166,25,210,210,4247527.0,3083187.3,46.45,11,15180.9,9755.1,6.9267
RouteID_db4e70ab-5532-4a0e-bebe-5f99992bae9a,DSE5,130,15,210,210,3313071.0,2956552.55,84.58,15,13042.6,17761.5,8.5567
RouteID_db67fcf2-0ac1-4a1d-9a5e-047eeee6e761,DLA7,147,29,227,227,3313071.0,2007707.09,81.27,15,11351.7,18447.4,8.2775
RouteID_db858db0-3208-4cc8-8b33-6db5411b8bfc,DLA5,174,22,240,240,3313071.0,2063304.09,63.4,14,13337.0,15216.3,7.9315
RouteID_db94c498-fe6a-4751-b4f3-5fc59dca72b6,DBO2,138,23,213,213,3313071.0,3205343.53,82.68,13,10092.5,17611.0,7.6954
RouteID_db9637f4-72d5-4d84-ac1e-f38fdb825694,DCH4,160,26,253,253,4247527.0,2762936.97,50.76,16,11175.1,12842.2,6.6715
RouteID_db99d833-d7a8-4b5a-8cb3-2181d1320875,DSE5,171,14,250,250,4247527.0,2753406.63,70.18,14,12603.3,17544.5,8.3744
RouteID_dba04c2b-6ae4-4ff9-a99a-b82bc13b5170,DLA9,108,25,190,190,3114853.25,1943500.72,74.35,13,12479.7,14127.1,7.3908
RouteID_dbb1908a-7840-46ae-8503-fd49c9bbf533,DLA5,176,25,241,241,3313071.0,2425023.86,57.38,15,13061.2,13828.3,7.4693
RouteID_dbb8a2d1-88c1-4c19-8dc5-f507077279d6,DCH4,151,21,262,262,4247527.0,4186024.33,47.93,15,11762.2,12558.6,6.7558
RouteID_dbd619f1-891a-4a52-a459-e8293307548a,DSE4,200,27,290,290,3313071.0,3084480.42,54.67,15,12887.9,15853.1,7.9836
RouteID_dbdcf93a-39b5-4eee-abf2-0a4f940bb36f,DLA7,158,19,239,239,3313071.0,2283326.66,75.13,16,12119.6,17957.1,8.3546
RouteID_dbe2660e-1ffc-43aa-82dc-f891e2d6a92e,DBO1,178,23,283,283,4247527.0,2973812.58,71.66,12,10579.5,20280.9,8.5723
RouteID_dbe401b2-a7b9-43e2-9ef6-59aca8d47f56,DCH3,197,17,270,270,4247527.0,2389581.94,63.35,13,13767.3,17104.7,8.5756
RouteID_dbe424be-22c9-4e3a-9f26-ac6ae0f89347,DLA7,181,26,257,257,3313071.0,2015539.89,59.82,14,12886.7,15373.9,7.8502
RouteID_dbf1d461-10ae-41f8-9a6c-34f9e2935f2f,DLA9,122,17,197,197,3313071.0,1993514.52,105.82,15,9976.7,20845.6,8.5617
RouteID_dbfbf1b9-fb0d-40eb-9523-a23f0f0c0c3d,DAU1,140,21,224,224,4247527.0,3152616.91,61.33,14,15330.0,13738.2,8.0745
RouteID_dc081f14-4cea-46e4-a940-8022ea78554b,DLA9,121,21,237,237,3313071.0,2968882.33,72.27,16,7341.8,17128.1,6.7972
RouteID_dc11a62b-cc43-483f-9caf-1bd2252a00b2,DCH2,150,20,262,262,4247527.0,2754333.16,69.48,12,10628.6,18204.7,8.0092
RouteID_dc146d54-fc10-4714-ba38-ed35a61a6ab2,DLA7,154,27,226,226,3313071.0,1998108.15,79.29,14,11390.8,17919.3,8.1417
RouteID_dc486a1c-3bf5-4465-9b5a-7f8eb47f63e6,DLA3,105,19,215,215,3313071.0,2652533.27,97.12,15,6073.0,20881.8,7.4874
RouteID_dc4ad6e5-ab22-4c35-a1da-2de14f93f7e8,DLA7,182,23,249,249,3313071.0,2408974.32,75.62,14,11862.5,18829.7,8.5256
RouteID_dc53c3cb-27bc-4677-98cc-153fccb04bb8,DBO2,108,19,243,243,3313071.0,3296216.03,73.48,12,8533.4,17856.2,7.3304
RouteID_dc5599de-cf77-4a6f-8cd3-e40d20894d3c,DBO3,123,19,176,176,3313071.0,2211708.93,53.32,12,13841.1,9383.8,6.4514
RouteID_dc589046-e853-482d-be1e-7ac86745a444,DLA4,123,11,229,229,3313071.0,2276037.64,56.25,14,7848.8,12881.2,5.7583
RouteID_dc58c5d0-40e6-4337-9d04-23568bd250fb,DBO3,172,22,211,211,4247527.0,3094996.26,57.2,12,12752.4,12068.9,6.8948
RouteID_dc591c50-1e38-46c2-9a01-e4bc9dcfe60f,DLA9,181,23,268,268,3313071.0,2431001.25,52.6,15,12377.5,14096.4,7.3539
RouteID_dc5c25b8-2a4d-463a-9f8b-678896fc9508,DLA7,139,21,208,208,3313071.0,2309868.62,70.57,14,13016.2,14677.6,7.6927
RouteID_dc6a9304-e1c3-4979-8c05-a60b5bac57a8,DCH4,183,24,251,251,3313071.0,3287982.29,43.22,15,14075.6,10847.5,6.9231
RouteID_dc733acb-6074-4397-8bb6-a3f4c341e489,DBO2,103,13,278,278,4247527.0,3527568.73,70.87,11,4999.0,19702.4,6.8615
RouteID_dc8feeb0-c5a9-45e1-816b-1741b19d7763,DLA7,195,24,283,283,3313071.0,3005636.52,50.58,15,9265.6,14315.0,6.5502
RouteID_dc928e92-3410-4362-af11-4a0a82b3ff66,DCH4,178,22,251,251,4247527.0,2903710.56,62.4,13,11506.7,15663.0,7.5471
RouteID_dc9f3edf-1228-405a-8b38-7d9d65ca20ad,DSE5,130,11,184,184,4247527.0,1766017.87,87.32,15,8945.9,16067.6,6.9482
RouteID_dca1d635-6d3a-4ab9-84c7-d5b066c1fb46,DBO3,225,26,293,293,4247527.0,3892973.33,43.2,13,13409.7,12658.7,7.2412
RouteID_dca22d8e-3431-4b6b-9ba5-bf5fb8d9232a,DSE4,171,27,269,269,3313071.0,2775931.04,71.48,15,12905.3,19226.8,8.9256
RouteID_dcbf2267-dfc3-4fec-be71-327f550ae3da,DBO3,176,21,244,244,4247527.0,2681002.43,55.56,12,13870.9,13556.4,7.6187
RouteID_dcc55074-9c8d-440f-b7c1-9be9f114f253,DCH4,169,21,230,230,4247527.0,2647406.09,58.97,15,12509.1,13562.0,7.242
RouteID_dcc7bbe4-831f-4347-a868-90070aebb44b,DCH3,173,19,257,257,3313071.0,2690077.51,56.55,15,9347.5,14532.5,6.6333
RouteID_dce262a0-50c6-4a8a-8ce5-1db55a8cd024,DSE5,206,18,291,291,4247527.0,3407606.39,43.55,14,13431.5,12673.7,7.2514
RouteID_dcfe1d88-3ca9-4ddb-8533-8f4ee8621873,DCH4,157,16,221,221,3313071.0,2674574.99,42.23,14,15509.7,9333.9,6.901
RouteID_dd195c27-a3f3-4217-9430-e6e4defff15e,DLA7,172,23,261,261,3313071.0,3289424.06,62.52,16,10216.4,16318.6,7.3708
RouteID_dd2465b5-e7b7-4e1f-a4a6-72eaac0a085b,DLA9,160,22,259,259,3313071.0,2223353.02,52.99,13,10216.6,13723.2,6.6499
RouteID_dd2afc42-60dc-4373-bbd6-f9a6cd63a29c,DCH1,112,13,191,191,3313071.0,1709041.92,87.43,14,9848.7,16699.3,7.3744
RouteID_dd2f1f03-96e3-4db8-b169-9604a7126b35,DLA9,90,18,264,264,4247527.0,3036223.82,75.12,14,6865.7,19832.8,7.4163
RouteID_dd2fcfb1-2689-467d-95ea-89101ef7785a,DCH3,186,20,263,263,3313071.0,2921355.77,81.6,14,11803.4,21459.8,9.2398
RouteID_dd3a06a7-dfad-4946-bdca-09c528c0d9c5,DSE5,188,14,268,268,3313071.0,3038620.46,61.96,13,11065.3,16604.0,7.6859
RouteID_dd532d2f-650a-4e8f-8c1e-a343abc06a5b,DCH3,185,18,273,273,3313071.0,2856448.7,61.91,14,13237.6,16902.1,8.3721
RouteID_dd5e7d77-e7d7-4e5c-b288-b3cdafcbf15e,DSE4,170,27,265,265,3313071.0,2562557.73,69.94,15,11435.9,18532.8,8.3246
RouteID_dd98d4f4-f0c1-4d0f-84ff-6bcfc58c55af,DSE4,116,18,279,279,4247527.0,3300168.01,55.69,16,7798.3,15538.2,6.4824
RouteID_dd9b57db-bfcd-4fbd-93d7-fac82e80d109,DLA4,115,16,229,229,3313071.0,2554955.76,58.47,13,6338.0,13389.7,5.4799
RouteID_dda061af-9a9b-4445-a285-acf36dbea6e0,DBO3,177,34,234,234,4247527.0,2802861.11,57.18,12,14612.5,13380.1,7.7757
RouteID_ddba4eda-0f2a-4496-9bab-00123cf72f35,DLA5,162,21,230,230,3313071.0,2674184.43,57.26,16,12447.5,13169.4,7.1158
RouteID_ddc2e4a5-3a06-4767-ae9c-6339ab2c8e86,DLA9,119,21,245,245,3313071.0,2861744.91,78.54,15,8023.0,19241.9,7.5736
RouteID_ddcf974e-c0d8-425f-9a84-901ca515e82b,DSE4,140,22,239,239,3313071.0,2397676.56,77.13,15,11036.5,18435.1,8.1866
RouteID_ddd409e4-cc8e-43ba-8b32-05f9b9ea238d,DLA7,152,18,234,234,3313071.0,2588840.72,63.08,16,9680.8,14761.7,6.7896
RouteID_ddd9a35c-53bd-4602-b244-cfb96e0e8a2d,DCH3,168,16,238,238,3313071.0,2294180.94,90.66,13,8364.5,21577.0,8.3171
RouteID_ddd9ec2d-127b-46aa-bfe0-c019ab52c9bc,DLA7,134,25,231,231,3313071.0,2069674.64,57.96,15,10127.5,13388.5,6.5322
RouteID_ddf2e162-f50d-44cc-af6f-2c47547c10ef,DCH2,184,21,296,296,3313071.0,2978414.45,65.81,12,12999.1,19479.0,9.0217
RouteID_ddfc86e9-a609-4189-8a75-6fb69d09e4f8,DCH4,181,23,260,260,4247527.0,3763201.49,43.92,14,13150.3,11420.1,6.8251
RouteID_de017d23-e70b-439f-957d-e552075d01d5,DSE4,165,25,271,271,4247527.0,2963679.42,74.27,15,11796.8,20127.7,8.8679
RouteID_de034404-fd8d-4ab3-a01f-6cd98e7f4736,DBO2,106,27,212,212,4247527.0,2985746.25,66.7,12,8979.9,14141.0,6.4225
RouteID_de038106-e2a8-4a0b-9a70-550a8024178d,DSE5,140,10,190,190,4247527.0,1852289.14,84.14,15,11211.7,15987.1,7.5552
RouteID_de03fdb2-67e7-47d7-94f9-2a33311ba004,DCH4,181,19,269,269,4247527.0,2859796.35,56.27,15,12218.0,15137.2,7.5987
RouteID_de0acce6-9d0a-463d-8990-f6472d90ea13,DCH1,190,20,262,262,3313071.0,2407398.04,55.4,14,14398.8,14515.8,8.0318
RouteID_de12ecd0-b05b-42ff-8a32-c079cb33f0a6,DAU1,100,14,177,177,4247527.0,2892631.82,66.27,15,11796.5,11729.4,6.535
RouteID_de18747c-e596-4585-9c19-b8fa305e1757,DSE5,208,18,278,278,3313071.0,2827520.18,57.9,15,14001.6,16094.9,8.3601
RouteID_de1984ee-19c6-4320-9a80-383de34e51a5,DLA7,164,26,235,235,3313071.0,2437125.02,72.32,16,13587.5,16995.0,8.4951
RouteID_de1995aa-4c01-4f7a-93a9-78911f35df12,DLA7,135,21,225,225,3313071.0,2360328.92,77.06,14,9980.3,17339.0,7.5887
RouteID_de45d589-c1a3-40c8-9618-f2fec5f58556,DLA3,151,30,290,290,3313071.0,3212142.84,46.21,15,7943.5,13401.4,5.9291
RouteID_de45e783-d4ab-4750-a671-f1b34d23bffe,DCH4,183,24,270,270,4247527.0,4069414.19,56.62,15,12937.2,15286.7,7.84
RouteID_de4e7693-b0a7-4ae0-9264-20448c4b1fcb,DLA7,132,20,199,199,3313071.0,2379249.8,76.98,16,9742.2,15319.8,6.9617
RouteID_de5c90fd-e4e2-4fe6-b6f6-93f2c7d31716,DSE5,154,12,233,233,3313071.0,2484566.93,68.45,15,11203.6,15947.7,7.542
RouteID_de610bbd-71ff-44dd-bf29-1672234bda63,DBO3,152,23,233,233,4247527.0,2527805.92,73.4,11,10703.2,17103.2,7.724
RouteID_de660dd9-e9d5-42b0-9288-75c7df0f3949,DCH1,129,13,209,209,3313071.0,1823142.11,93.11,15,11797.7,19459.8,8.6826
RouteID_de6943c3-bef2-4423-9fdf-2aa05817e0fe,DSE4,105,12,216,216,4247527.0,2318357.65,65.13,16,7234.8,14068.7,5.9176
RouteID_de6b24e2-00d7-49cf-9c6d-76de884d0eb2,DLA3,142,11,208,208,3313071.0,1816538.05,80.75,15,7849.3,16795.1,6.8457
RouteID_de76f33a-9569-4f0a-9edc-d1439bec64e5,DSE4,148,14,218,218,4247527.0,2895933.57,72.04,15,10444.5,15704.3,7.2636
RouteID_de7e166c-d765-4ed9-a0c1-ab69affef2af,DLA4,131,11,198,198,3313071.0,1847583.87,64.33,13,7738.0,12737.5,5.6876
RouteID_de7f692c-5ded-4a3f-a07a-fc7bfcca29d4,DSE2,123,20,227,227,3313071.0,2273161.57,90.13,14,6880.9,20459.3,7.5945
RouteID_de81d838-4286-4f12-84d3-ff1e790276c6,DCH3,160,18,214,214,3313071.0,2185502.57,68.06,15,11571.5,14564.5,7.26
RouteID_de87085a-6751-46b0-b139-4c3694b2b945,DLA8,134,18,211,211,3313071.0,2063558.47,88.74,16,10355.9,18723.1,8.0775
RouteID_dea5cfe4-d47c-4891-bc51-338ffe126143,DLA9,148,21,298,298,3313071.0,3213635.48,70.44,16,7578.4,20992.1,7.9363
RouteID_deb986b1-e2de-44bf-a9f6-dbb1258ee124,DCH4,180,26,217,217,4247527.0,2773485.23,62.21,13,13811.7,13499.8,7.5865
RouteID_debe7647-dc94-46b5-927b-a1777c7c18f4,DLA9,170,26,262,262,3313071.0,3001635.99,56.88,15,11132.4,14903.0,7.2321
RouteID_decb70c4-91dc-4ded-a08c-ecb6b231d9f1,DBO3,184,20,235,235,4247527.0,2613254.16,70.1,12,12077.5,16474.0,7.931
RouteID_decf8ed4-f574-4348-a750-f6bd095c23a6,DBO2,180,30,236,236,4247527.0,3180703.33,63.12,14,10469.6,14896.1,7.046
RouteID_dee579e3-c717-4668-a822-0c856cb9e340,DLA5,189,20,290,290,3313071.0,3189814.53,64.43,15,12354.9,18685.5,8.6223
RouteID_deefc343-c754-4031-add8-2c0665c4cbd0,DLA4,134,18,269,269,3313071.0,2737953.67,58.03,13,8020.1,15608.8,6.5636
RouteID_df14a9ca-430f-4344-a6d5-4afefa3e978a,DLA8,81,23,267,267,3313071.0,3212925.7,73.99,16,5194.3,19754.4,6.9302
RouteID_df182f6a-5c3d-4c21-ac08-73135ffad47a,DSE5,141,12,220,220,4247527.0,2133087.07,67.04,14,10267.5,14748.5,6.9489
RouteID_df19ef64-8b99-44ac-98bf-1b0f1625c288,DBO3,182,22,270,270,4247527.0,2871367.64,58.22,12,15807.6,15718.1,8.7571
RouteID_df1c5651-c05c-4d42-bb95-e2bd5e7d1f67,DCH1,150,27,280,280,3313071.0,2976195.63,54.1,15,8758.7,15147.2,6.6405
RouteID_df1ef6d2-3faf-44c0-9c52-b5a61180687f,DSE4,173,28,289,289,3313071.0,3155830.85,60.17,15,11831.4,17388.9,8.1167
RouteID_df23aa6d-a40d-4405-bea7-94c5ea344c9c,DLA7,135,25,260,260,3313071.0,2877104.61,65.26,15,10851.7,16968.3,7.7278
RouteID_df257c36-f569-4d8b-9725-d5c0d2e46ba2,DAU1,172,30,276,276,4247527.0,3793845.29,63.69,15,12247.5,17577.4,8.2847
RouteID_df3737d3-c43b-4147-9772-1054b774e6ca,DLA9,154,28,213,213,3313071.0,1949811.22,42.76,15,13459.3,9108.2,6.2687
RouteID_df379372-5387-4fa7-8928-eeae15d55db6,DLA8,61,16,216,216,3313071.0,2555183.12,96.08,16,3571.3,20753.0,6.7567
RouteID_df426646-69fa-4bf8-8160-86dd53824eaf,DAU1,161,33,238,238,4247527.0,2459400.79,67.08,15,12784.9,15965.3,7.9862
RouteID_df47b245-ea09-4887-a7a9-3bcb60a4aa1f,DSE4,146,19,219,219,4247527.0,2637187.04,89.24,15,9728.0,19543.9,8.1311
RouteID_df4ad82f-afeb-4924-96b6-c317305cead6,DCH4,147,18,199,199,4247527.0,2490988.27,89.37,15,11319.2,17784.9,8.0845
RouteID_df63c727-39c5-4250-a0fa-eea933e7af1a,DLA8,145,19,228,228,3313071.0,2951552.35,91.22,15,10222.5,20797.3,8.6166
RouteID_df641ea1-3ace-4327-81f8-0d593c761f9a,DCH3,194,18,274,274,4247527.0,2715309.74,52.73,13,12686.1,14448.2,7.5373
RouteID_df8170fa-2d78-4edd-ba06-d49e6bee4622,DSE2,121,21,244,244,3313071.0,3259049.77,78.94,14,6956.4,19261.3,7.2827
RouteID_df900362-61f7-4b69-bf92-3980991ee4c8,DLA7,152,21,226,226,3313071.0,3205768.97,77.31,15,10744.5,17471.1,7.8377
RouteID_df92f8fd-4f86-4d93-894f-1326bea4fb93,DBO3,200,29,266,266,4247527.0,3168354.1,55.22,12,14649.3,14689.8,8.1498
RouteID_df995069-b112-4b40-801b-f8104078c94d,DBO3,161,15,221,221,3313071.0,2436930.04,65.39,12,11864.3,14452.2,7.3101
RouteID_dfa61ecc-a611-4fb6-8b0b-adfeac602509,DCH2,164,23,248,248,3313071.0,3233197.24,49.52,14,8595.1,12279.8,5.7986
RouteID_dfaac97b-424c-4787-8651-825ed11f070d,DSE4,134,21,229,229,3313071.0,2933000.01,76.12,14,10262.0,17431.7,7.6927
RouteID_dfadd370-619a-46bd-9b1f-0d0c359b1a87,DSE5,95,13,182,182,4247527.0,1962701.46,85.88,14,8023.0,15630.7,6.5705
RouteID_dfc6169e-457b-41e6-9978-09da5d7cd73f,DCH1,88,20,275,275,4247527.0,3446411.87,74.33,15,6535.3,20439.9,7.4931
RouteID_dfd157d3-f2d5-4bc2-915b-01acb4baf9a2,DSE4,137,22,200,200,3313071.0,2701146.09,58.61,15,15491.8,11721.1,7.5591
RouteID_dfd8bfd6-9207-4ac6-bdb6-a197f73aac48,DLA4,127,14,251,251,3313071.0,3256242.85,53.82,14,6986.1,13507.7,5.6927
RouteID_dfed7b53-a9a6-4d4e-8efb-28cef0e860b4,DLA7,172,23,250,250,3313071.0,3192267.49,53.17,16,10688.4,13293.0,6.6615
RouteID_dffe2aea-0e18-4d75-ad7a-a3fea6ba9d1c,DBO3,157,24,277,277,4247527.0,2931769.72,59.39,11,9970.8,16452.3,7.3397
RouteID_e006060c-894b-4463-9802-e98e13c1a91c,DCH2,116,17,266,266,3313071.0,3312021.77,78.77,14,9183.5,20953.4,8.3714
RouteID_e016cc9a-858f-4b9b-aefe-19b794931935,DLA3,127,18,239,239,3313071.0,3188248.51,69.95,15,12610.4,16717.6,8.1467
RouteID_e025d335-2d29-4a05-8490-89397af81f20,DLA9,153,21,274,274,3313071.0,3265115.45,80.41,15,6897.0,22032.8,8.0361
RouteID_e02d4edc-b5dd-471d-9508-66f4b71852af,DBO2,159,22,248,248,3313071.0,2929020.61,66.1,13,11088.1,16392.0,7.6334
RouteID_e03342be-a6f5-4b64-b91c-30d0fc477c15,DBO3,160,21,221,221,4247527.0,3094306.34,69.91,12,13638.3,15449.1,8.0798
RouteID_e046a562-eed5-4f77-aac9-f2045e53c1f0,DCH3,186,19,262,262,4247527.0,2809765.53,64.8,15,13678.8,16978.2,8.5158
RouteID_e04d4d25-226a-4f29-b587-521337d1336e,DCH1,169,23,258,258,3313071.0,2581861.46,66.04,15,11459.8,17037.1,7.9158
RouteID_e05bb6f1-c349-4905-aef9-2d2209ad2997,DSE5,154,13,230,230,4247527.0,2096811.45,80.17,14,13101.2,18439.0,8.7612
RouteID_e07ba9b7-5815-4e55-970e-3fec231b0c42,DAU1,156,36,262,262,4247527.0,3241187.49,67.18,14,8949.3,17600.0,7.3748
RouteID_e0899330-23af-4657-a36d-b4b6e76518ac,DLA7,178,24,281,281,3313071.0,3223644.5,52.66,15,10811.9,14797.4,7.1137
RouteID_e0af3a95-34ff-430c-8343-e505be6579b3,DCH2,157,25,297,297,3313071.0,3199792.75,76.35,14,9597.8,22677.1,8.9653
RouteID_e0b5d521-b877-4765-9fcf-2375873d73c6,DBO2,165,27,235,235,4247527.0,3334445.42,68.83,11,13896.2,16175.2,8.3532
RouteID_e0bc1e77-ec56-43ab-ae65-7920f42d6853,DSE4,166,24,238,238,3313071.0,3151375.63,47.02,14,14515.8,11190.0,7.1405
RouteID_e0d69e89-00ec-42a1-ba4b-6a8e6f157175,DLA4,179,16,273,273,3313071.0,3119181.27,44.69,15,11867.0,12199.3,6.6851
RouteID_e0dacee3-dad3-4195-95f1-88d4ce8f4fcd,DSE4,194,28,291,291,3313071.0,3149047.44,54.31,15,10178.5,15804.1,7.2174
RouteID_e0efee22-3f62-4b52-94e6-497d9cf40cbe,DBO2,189,35,282,282,4247527.0,4194204.68,54.82,13,10608.7,15459.2,7.2411
RouteID_e0f2904c-4648-4acd-8221-a54c4f51d209,DCH1,78,20,226,226,3313071.0,2610062.18,75.22,14,6801.8,16999.7,6.6115
RouteID_e0f7b95e-6be1-4560-b57e-5019a79b7992,DLA9,159,18,245,245,3313071.0,2358733.14,67.51,13,10932.6,16539.9,7.6312
RouteID_e10ccb00-cf56-4667-b6a6-8be3a5569d3d,DLA8,164,24,258,258,3313071.0,3148941.69,69.13,16,11950.1,17836.2,8.274
RouteID_e10eda4d-8e4c-4e13-b9d1-bc712ed13ca3,DLA4,177,12,282,282,3313071.0,2720401.81,77.0,17,10000.0,21713.7,8.8094
RouteID_e11800a7-c2be-49ef-a979-9730c8c7ec95,DCH1,70,20,235,235,3313071.0,2702888.85,88.18,15,5525.7,20722.0,7.291
RouteID_e1265986-0d54-4398-abad-5552e64b52d7,DCH3,201,20,269,269,3313071.0,2628665.81,52.37,14,14192.4,14088.3,7.8558
RouteID_e12d50d5-a09c-4635-b34e-fd06465f7803,DCH3,187,20,270,270,3313071.0,2969119.55,56.36,14,10981.0,15218.2,7.2776
RouteID_e1323fee-d501-4c30-9b79-dbd7cf142f19,DLA7,171,26,284,284,3313071.0,2979103.47,63.09,14,11246.6,17917.7,8.1012
RouteID_e13f5fd9-6bfa-499f-9468-83acf749fd9f,DLA4,175,15,240,240,3313071.0,2518845.6,76.89,17,14491.3,18452.7,9.1511
RouteID_e141ff77-c107-41f7-9be3-02b1b5e5f2b4,DLA7,146,17,211,211,3313071.0,1863346.39,79.12,14,11165.6,16694.8,7.739
RouteID_e15e10a9-020e-4cfb-b327-7fb7a6cb89c3,DCH4,186,17,248,248,3313071.0,2847394.23,56.24,14,13889.8,13948.1,7.7327
RouteID_e164e0c7-979e-4645-83df-ea3f213578de,DLA3,167,15,245,245,3313071.0,1934731.61,68.14,16,9398.4,16694.4,7.248
RouteID_e17a91e3-f7af-4a94-824a-2d68e3679620,DBO2,69,21,191,191,4247527.0,2029724.46,114.62,12,7625.3,21893.3,8.1996
RouteID_e17b363d-c2d7-45fd-9829-2c631a335174,DSE4,122,11,234,234,4247527.0,2951978.5,96.93,15,7121.1,22681.9,8.2786
RouteID_e17e9721-b1ec-47d7-823c-42e1f47a2d8e,DLA9,147,25,287,287,3313071.0,3256895.53,74.19,16,7816.5,21293.4,8.0861
RouteID_e181241a-5b91-4181-9fb9-5d38ca124708,DLA7,153,23,242,242,3313071.0,2060489.87,64.22,14,11321.0,15542.3,7.462
RouteID_e18f4d42-a31f-4b0f-b056-ecb8dae9b311,DLA3,121,23,249,249,3313071.0,2641143.34,84.38,16,7710.1,21011.7,7.9783
RouteID_e19a479a-b889-463e-b03f-28b4ac51d64b,DLA7,136,20,211,211,3313071.0,2262847.48,73.64,16,10275.1,15537.5,7.1702
RouteID_e1a3dee5-446d-4d2c-a75e-3d3b7a5454a9,DSE4,193,33,268,268,3313071.0,3044921.93,46.74,15,18330.9,12526.4,8.5715
RouteID_e1a4bf8a-a54b-41b4-bf38-266cc87a9990,DAU1,209,44,304,304,4247527.0,4427701.53,52.96,14,14221.9,16099.8,8.4227
RouteID_e1b509f1-465c-4788-9735-3c20f8ba399a,DSE4,156,26,260,260,3313071.0,2642285.07,63.7,14,11977.0,16561.2,7.9273
RouteID_e1b57320-4115-43c8-8387-6b8e77b04d82,DLA7,187,29,242,242,3313071.0,2231112.88,53.66,16,13870.4,12985.7,7.46
RouteID_e1b7ff9f-6b8a-41ec-80a1-3f855368663d,DLA9,126,19,226,226,3313071.0,2242672.24,85.42,15,8042.2,19304.1,7.5962
RouteID_e1b827ff-76b1-4788-9f41-527e481461de,DSE4,134,16,205,205,4247527.0,1975283.8,61.96,15,9460.3,12701.9,6.1562
RouteID_e1c24ffd-ca8e-4666-a8ae-25e9893ecba0,DLA4,145,13,244,244,3313071.0,3218638.47,69.6,13,7734.2,16982.7,6.8658
RouteID_e1fcf551-00f4-4401-b4cb-5e264cea6561,DBO3,159,20,198,198,4247527.0,2292105.66,48.58,12,18523.4,9619.0,7.8173
RouteID_e20571c7-de1a-47f1-98e7-fded3e542bf7,DLA9,192,20,271,271,3313071.0,2473015.22,47.04,15,11332.3,12747.9,6.6889
RouteID_e21c2f8c-2953-4ef6-a1ad-0755a60c0650,DLA5,167,20,278,278,3313071.0,3276856.0,62.02,15,10905.6,17240.3,7.8183
RouteID_e2270532-cf43-45c6-a3af-78abd5cdbcc2,DLA4,65,15,195,195,3313071.0,1682943.32,99.9,13,4550.4,19480.7,6.6753
RouteID_e22f1fd4-7e3c-4f62-bb40-518c5ccb043c,DBO1,189,20,260,260,3313071.0,3045927.04,57.96,11,14874.9,15070.1,8.3181
RouteID_e231cb26-0bc0-49e5-ac1f-22309c742634,DSE4,161,22,230,230,4247527.0,2227650.14,80.55,15,10596.8,18526.5,8.0898
RouteID_e245c849-5520-4b34-a4fe-55ef8237cc59,DLA3,123,22,243,243,3313071.0,3138190.23,81.82,15,7615.2,19882.0,7.6381
RouteID_e246533a-8167-4c0d-8c80-783847125b1b,DLA4,161,16,245,245,3313071.0,2364799.92,70.28,14,9689.1,17219.2,7.4745
RouteID_e246bf45-97e8-4c00-b5f1-a2c75c13836c,DSE4,153,26,219,219,3313071.0,2755693.45,74.89,15,11188.0,16401.8,7.6638
RouteID_e25e5d52-4584-483e-9239-622fb87eae9c,DCH4,161,22,216,216,4247527.0,2646672.85,68.0,15,12680.1,14688.8,7.6025
RouteID_e262c552-2540-48d7-a3ee-0987fdc4c991,DCH4,206,29,261,261,4247527.0,2716207.41,50.2,14,15849.8,13102.7,8.0424
RouteID_e2646e59-35ad-45fe-9883-d1a9e35926a4,DCH1,75,24,249,249,3313071.0,2884149.48,94.24,15,5155.7,23466.3,7.9506
RouteID_e26aa0ff-5016-47e6-8972-d880796090a1,DCH3,206,19,262,262,3313071.0,2532241.5,47.14,14,13263.0,12349.9,7.1147
RouteID_e26e5a82-a9b7-4913-8150-a256ac05d4c6,DCH4,187,20,267,267,3313071.0,3157936.78,51.28,14,13943.2,13692.2,7.6765
RouteID_e26f3ca3-44b7-42e1-adb1-fc337ba1b998,DSE5,153,15,201,201,4247527.0,2034742.3,60.7,13,16128.5,12200.5,7.8692
RouteID_e2716c28-8167-45fe-9785-aa69265959e3,DLA9,180,20,253,253,3313071.0,2655873.39,63.02,16,11971.3,15942.8,7.7539
RouteID_e27888ff-a616-4600-a711-41b2fc0eacbe,DBO2,150,28,205,205,3313071.0,3202162.8,64.18,13,10748.9,13157.5,6.6407
RouteID_e2868017-ad4e-4764-b865-a3b01abc896e,DLA8,160,19,250,250,3313071.0,2545048.22,86.91,16,10380.9,21727.8,8.9191
RouteID_e286d357-5931-40cd-b81e-38c814a894d2,DSE4,190,25,280,280,3313071.0,3109417.7,56.99,15,13555.3,15956.9,8.1978
RouteID_e28d8503-65be-4295-8450-a7f71e042199,DLA7,134,20,187,187,3313071.0,1839752.57,80.4,15,11335.9,15034.6,7.3251
RouteID_e2b0a3cf-b7fa-45f7-beb3-1ea6b0fdc233,DSE4,175,25,251,251,3313071.0,3263775.15,57.09,15,10177.8,14329.0,6.8074
RouteID_e2b14929-8b2e-4f0b-a922-1612cfc99f8b,DSE4,105,12,193,193,4247527.0,2056714.56,102.22,15,7868.4,19728.8,7.6659
RouteID_e2b2ca7d-fe54-412f-9082-21fce716f2f2,DCH3,205,21,275,275,4247527.0,2875208.58,67.72,15,12436.6,18624.2,8.628
RouteID_e2bb05f8-edc8-4f93-b51d-e1b8f9675120,DSE5,160,13,219,219,4247527.0,2579165.96,79.29,14,10733.0,17364.1,7.8047
RouteID_e2bd952c-cc95-4d08-891e-69dafca6ecc5,DBO3,165,22,215,215,4247527.0,3124401.15,49.09,12,13648.1,10554.5,6.7229
RouteID_e2c23ab3-c60d-4b24-b7d0-d525bc173050,DSE5,197,15,279,279,4247527.0,3290167.47,66.76,13,12573.1,18625.0,8.6661
RouteID_e2c2565c-60f8-431c-bfc0-ba7f6fd99cbe,DBO3,140,16,191,191,4247527.0,2079319.48,63.43,12,13460.8,12114.2,7.1042
RouteID_e2c29205-89d3-491b-aa50-53b046d13d46,DBO2,193,19,251,251,4247527.0,2919125.03,56.53,11,15887.9,14188.4,8.3545
RouteID_e2c75c94-6652-4ca6-a0e5-9645180e313a,DLA9,145,21,225,225,3313071.0,2105479.24,92.81,13,9620.7,20883.2,8.4733
RouteID_e2d25345-b0cf-4a96-a9ab-49f978b3becb,DCH1,102,25,258,258,3313071.0,2986827.66,83.47,15,5598.8,21535.7,7.5374
RouteID_e2e7f059-0e44-498f-82f0-526513ed7287,DCH4,174,24,263,263,4247527.0,3100172.48,61.9,14,12801.5,16280.2,8.0782
RouteID_e2e88910-6f84-4ee4-9738-949b5ca2f779,DSE2,88,17,201,201,3313071.0,2109166.44,128.21,14,4803.1,25769.3,8.4923
RouteID_e2ec348d-929b-40be-b077-1cad34108feb,DCH2,223,20,296,296,3313071.0,2804062.62,54.02,12,17096.7,15990.1,9.1908
RouteID_e2f77e22-6a0a-473b-85f8-244a41a3516b,DBO2,150,19,237,237,3313071.0,2945024.42,63.87,12,9944.3,15136.3,6.9668
RouteID_e2fc78e5-dc90-4cf1-b753-c4b560569861,DLA3,147,17,240,240,3313071.0,2634016.42,85.2,16,8399.0,20446.9,8.0128
RouteID_e3000b91-7483-447c-8813-4fdf2cd4e9b7,DSE5,172,12,237,237,4247527.0,2494792.28,64.33,14,14034.0,15246.9,8.1336
RouteID_e3018a84-0c6f-40c2-916c-857455e1ad90,DSE5,179,14,249,249,3313071.0,2752751.49,64.44,13,10770.6,16045.8,7.449
RouteID_e30738cd-b3cd-4917-9353-3bad5eb5ff5d,DCH4,193,36,280,280,4247527.0,2990270.59,61.63,13,14086.7,17256.6,8.7065
RouteID_e30a0c2c-98e9-4a8c-839c-c642ef54a66d,DLA7,179,25,253,253,3313071.0,2900484.78,68.01,16,9935.7,17206.0,7.5394
RouteID_e319940d-9028-4730-8e41-59dea15784d7,DBO3,208,29,273,273,4247527.0,2704126.73,50.03,11,15167.8,13659.2,8.0075
RouteID_e31bb251-e74b-4593-bd6c-4e05826ef907,DLA3,163,13,248,248,3313071.0,2017224.38,73.21,16,9372.3,18156.7,7.6469
RouteID_e3493357-edb0-4430-b22e-6190806c27e6,DLA7,158,23,256,256,3313071.0,2494451.08,60.92,14,10479.1,15595.5,7.2429
RouteID_e3577103-83b2-4bcc-9e48-2d6ae006cbbc,DCH1,81,26,216,216,3313071.0,2356801.74,74.43,14,6484.9,16077.7,6.2674
RouteID_e37b3785-ce08-46bc-a104-70067c50d73a,DCH3,175,16,271,271,4247527.0,3094187.82,67.2,15,11452.7,18210.0,8.2396
RouteID_e382a75f-f186-4185-bec5-057a73058c22,DBO3,185,26,246,246,4247527.0,2703400.63,53.06,11,15079.3,13053.2,7.8146
RouteID_e38739f8-cb45-4668-910d-fcd69cd36bea,DSE5,120,9,193,193,4247527.0,2043375.54,85.91,14,8811.1,16581.5,7.0535
RouteID_e39ea4ce-c0bd-4661-a34a-ec77218270e1,DSE5,108,14,232,232,3313071.0,3024043.87,58.58,15,6651.6,13590.7,5.6229
RouteID_e3bb3edf-8a03-4aa6-9ea7-ba76ac7bb91d,DLA8,115,19,235,235,3313071.0,2902828.25,84.08,16,9363.1,19758.6,8.0894
RouteID_e3d097f0-523f-45b5-8328-95688a3b2d4a,DSE5,174,16,250,250,4247527.0,2535510.52,63.62,13,14225.0,15904.1,8.3692
RouteID_e3da7987-322a-4cdc-94d3-ffe315967053,DCH4,184,24,255,255,3313071.0,2977957.47,56.68,14,13022.1,14452.3,7.6318
RouteID_e3dca79e-172a-4b9e-9422-0b82ca1f2c10,DSE4,165,25,292,292,3313071.0,3180150.71,56.96,14,10015.5,16630.9,7.4018
RouteID_e3e018a7-7ce0-4a47-b139-0c648c20c761,DAU1,167,27,235,235,4247527.0,2444651.51,67.95,15,12199.2,15968.5,7.8244
RouteID_e3efa8b7-2d07-4939-83d9-ecf170cec990,DLA7,160,21,259,259,3313071.0,2673456.3,43.56,16,10179.0,11281.7,5.9613
RouteID_e3f9b868-fbf8-4452-a8b6-04272d6db22d,DLA8,93,21,227,227,4247527.0,3282367.64,98.07,16,5647.0,22261.6,7.7524
RouteID_e3fc167b-bf1d-4a53-af7c-33a062e59d74,DSE5,154,10,197,197,3313071.0,2320793.8,63.82,14,14130.8,12573.0,7.4177
RouteID_e400f054-bade-431c-9f32-a8c638e11b80,DBO3,171,22,219,219,4247527.0,2413294.9,73.03,12,13535.9,15994.0,8.2027
RouteID_e422c1e5-5aeb-4ffa-ab50-59820be3c5bb,DLA5,154,20,205,205,3313071.0,1992249.2,50.16,16,12097.9,10283.2,6.217
RouteID_e431316a-d4d4-4715-a71c-17c3fdd31f64,DBO3,166,19,232,232,3313071.0,3206338.46,69.64,13,11261.6,16156.5,7.6161
RouteID_e43a8a73-be7f-47bc-b77d-a7f8ea48c4b8,DSE5,171,18,269,269,3313071.0,2734209.56,62.88,15,11044.5,16914.1,7.7663
RouteID_e43b957e-1c5a-47d7-b6b3-71e50a192915,DCH3,163,18,233,233,3313071.0,2824904.13,61.69,13,11816.2,14373.1,7.2748
RouteID_e43dbb45-d698-410c-b794-59d6397a3dc3,DBO2,144,21,241,241,3313071.0,3208322.8,74.78,13,9717.7,18022.1,7.7055
RouteID_e449f854-ef05-44ee-b66b-737cc4a6ea63,DLA3,141,31,288,288,3313071.0,3177519.68,65.46,16,7911.8,18853.9,7.4349
RouteID_e44ac5b6-e650-4ad7-9c66-e79576d34af7,DLA3,93,24,222,222,3313071.0,2819068.02,86.0,14,4984.9,19091.9,6.688
RouteID_e4504921-b74a-41c0-bf2b-0db5abdec688,DLA9,148,23,265,265,3313071.0,2504103.74,90.77,15,8889.6,24055.3,9.1514
RouteID_e4632c8b-5daf-4d0f-a0c2-17bd6675adcd,DBO3,197,40,285,285,4247527.0,3677817.66,51.85,13,13546.8,14776.6,7.8676
RouteID_e473ab71-febe-4978-a40b-10f5671888b2,DBO3,128,25,162,162,4247527.0,2697086.66,92.15,12,14884.7,14929.1,8.2816
RouteID_e47430bc-65a1-4be5-8032-df625b3aa08b,DLA3,141,24,242,242,3313071.0,2521604.58,48.21,14,7042.7,11667.8,5.1974
RouteID_e4867c28-125a-4fe6-9c78-f2c909321eed,DLA8,72,29,223,223,3313071.0,2329682.29,88.23,15,4588.9,19675.5,6.7401
RouteID_e4982061-58e3-4566-8c41-5dd667086e3a,DCH3,193,18,274,274,4247527.0,2647660.72,50.15,13,13608.5,13740.5,7.5969
RouteID_e49a2fe0-75af-4e38-b31b-2e302fe75669,DLA8,181,18,247,247,3313071.0,2783944.66,56.72,16,12123.6,14010.6,7.2595
RouteID_e49f8a9f-46ab-4461-b461-d2a2c0399969,DBO3,151,18,235,235,3313071.0,2879947.11,65.28,12,13445.7,15340.0,7.996
RouteID_e4b07a1f-18c8-4be6-b4c2-7cc69750250b,DLA9,151,19,257,257,4247527.0,2723696.65,71.37,14,9878.2,18342.9,7.8392
RouteID_e4bf9524-79c1-462c-a1ee-ce530d288ade,DLA8,148,17,220,220,3313071.0,2417880.14,81.41,16,11019.0,17909.5,8.0357
RouteID_e4d411df-7909-4937-a925-d4a26f5246c6,DSE4,152,13,244,244,4247527.0,2861945.32,88.49,15,8379.7,21591.5,8.3253
RouteID_e4d7a72f-6179-4377-8030-181d857e2f19,DLA7,142,25,221,221,3313071.0,2202616.01,73.07,15,9870.1,16147.6,7.2271
RouteID_e4e0fdb2-adcc-414e-9eac-923a468d3710,DLA9,131,22,271,271,3313071.0,2833285.05,73.07,16,9848.8,19802.2,8.2364
RouteID_e4e3ada4-e114-4551-b76e-53ed2acf4aaf,DBO3,132,12,171,171,3313071.0,2421853.01,58.7,12,13660.3,10038.0,6.5829
RouteID_e4e6d03f-c581-4c55-a569-ccf3261dc519,DLA8,174,23,272,272,3313071.0,2709114.06,78.59,16,10094.2,21375.5,8.7416
RouteID_e4ec246f-ada3-463f-9827-2eb024582b38,DLA3,63,21,169,169,3313071.0,2293751.08,125.56,15,5056.2,21219.5,7.2988
RouteID_e4ec2f98-f2c1-473d-88e1-c2962a89dc42,DLA7,175,28,235,235,3313071.0,2153591.33,60.23,16,13281.4,14152.9,7.6206
RouteID_e4f2a3a2-5bec-43a3-af14-4283d5229847,DBO2,138,28,207,207,3313071.0,2372853.45,92.84,13,11841.7,19217.9,8.6277
RouteID_e4f60dc4-86c9-4918-9fd3-e63b03ff87c1,DLA9,110,21,217,217,3313071.0,2334988.2,91.15,15,9154.5,19779.7,8.0373
RouteID_e51078ff-b1e1-4894-85f4-c40f7e5621ca,DBO3,153,23,250,250,4247527.0,3386478.02,77.02,11,11832.9,19254.8,8.6355
RouteID_e5371102-1269-4302-8479-8eea3ed88694,DLA4,158,13,266,266,3313071.0,3197345.36,63.87,15,9018.1,16988.3,7.224
RouteID_e545c3ac-acd9-477c-a995-2490564f1649,DLA9,156,28,276,276,3313071.0,3224386.15,48.71,15,8494.5,13445.0,6.0943
RouteID_e5473e30-ba2a-45da-a91c-2d18f1f620c7,DLA5,180,21,267,267,3313071.0,2463111.23,58.5,15,11622.1,15618.2,7.5667
RouteID_e547749f-f01a-4eda-aa2e-86e97da68440,DCH4,162,21,248,248,4247527.0,2798345.48,68.91,13,11514.4,17090.5,7.9458
RouteID_e54fb5e6-023b-4fee-a88d-591cc0a17268,DCH3,173,19,269,269,4247527.0,2769632.89,55.9,13,10108.7,15036.2,6.9847
RouteID_e55ef2d8-f806-4c87-a3a1-b62a3b79d51b,DSE2,110,16,240,240,4247527.0,2516368.6,93.29,14,5373.1,22390.7,7.7122
RouteID_e5647cab-17ca-4e3c-b517-098339a939fd,DCH2,161,18,224,224,3313071.0,1936870.7,52.04,12,15552.3,11657.9,7.5584
RouteID_e5804ac5-fbb9-46e8-ba58-3b77d08a2575,DLA9,128,26,235,235,4247527.0,2280745.29,71.0,14,8270.9,16684.6,6.9321
RouteID_e591d351-e929-4e76-afae-36fa6b0134f2,DLA8,124,21,241,241,3313071.0,2899170.35,83.92,17,7396.6,20225.3,7.6728
RouteID_e59479d1-089a-434f-a597-dad05c35473d,DBO2,103,19,257,257,4247527.0,2531308.71,70.49,12,5481.6,18117.0,6.5552
RouteID_e5b0299c-1a6f-49aa-8f39-d766a621e759,DLA7,145,21,243,243,3313071.0,2323790.06,66.17,15,11196.2,16078.9,7.5764
RouteID_e5d497ff-d703-4028-94d1-8123c4f64c0a,DBO2,84,21,260,260,4247527.0,3234074.46,83.39,12,6480.3,21681.0,7.8226
RouteID_e5df9458-6dbd-4126-8fce-306d49d377f1,DLA9,140,18,265,265,3313071.0,2756958.4,79.2,13,8238.1,20986.7,8.118
RouteID_e5f29812-338d-472f-8888-5c315403b493,DBO2,91,34,290,290,4247527.0,3489810.59,45.98,13,5498.5,13333.0,5.231
RouteID_e5f30169-3e58-409c-bd39-25cfccfb2066,DSE2,111,16,216,216,4247527.0,2390319.65,99.67,14,6972.8,21529.1,7.9172
RouteID_e602feb4-e785-4589-bbdc-695813eacc3d,DSE4,172,31,286,286,3313071.0,3139930.61,62.68,15,11836.6,17927.8,8.2679
RouteID_e6116172-3f7a-48d1-9d6a-fd7d5c53cfeb,DLA8,145,22,242,242,3313071.0,2455308.87,72.16,17,9768.4,17463.1,7.5643
RouteID_e62f4182-ec81-417d-82b0-3dac5ca38d4f,DLA7,166,24,261,261,3313071.0,3246183.38,55.03,15,11984.5,14361.8,7.3184
RouteID_e62f605b-2610-4e8a-add6-1c8c98f3c654,DSE4,161,27,274,274,3313071.0,2951653.99,66.07,14,11567.5,18103.5,8.2419
RouteID_e633de32-f3fe-42c7-8f9f-d9188d59fd27,DCH4,170,21,251,251,3313071.0,3250333.46,44.29,14,17396.5,11116.9,7.9204
RouteID_e63677d8-be76-4b0c-984d-ced681a9f03f,DBO3,176,28,255,255,4247527.0,3211554.53,57.7,12,14556.9,14712.7,8.1304
RouteID_e65d8e24-8f01-47d0-8045-f70b9799e21c,DLA9,119,27,243,243,4247527.0,3126800.73,87.38,14,8868.9,21232.6,8.3615
RouteID_e6687a05-2453-4edc-b86c-7558ab6d93f6,DSE4,105,15,229,229,4247527.0,2587733.01,84.56,15,6219.7,19364.0,7.1066
RouteID_15c93521-26e8-42ed-8057-82b9fb200335,DSE4,170,27,262,262,3313071.0,3040029.0,68.54,15,12292.0,17957.4,8.4026
RouteID_15cf8aed-1e75-4350-bc52-bf452f278e79,DBO3,142,23,227,227,4247527.0,2840295.03,70.68,11,12488.8,16044.4,7.9259
RouteID_15d4339c-36dd-4cf0-9f05-1c9c7b294e41,DLA7,186,22,269,269,3313071.0,2796526.06,40.35,14,11265.8,10853.4,6.1442
RouteID_15f10a74-f88a-472c-9b93-f5e624e73356,DLA7,166,26,252,252,3313071.0,2659962.16,64.06,14,11488.7,16143.9,7.6757
RouteID_15f87564-c14d-49bd-bb5a-32a6daaefb43,DLA8,161,18,275,275,3313071.0,3151246.16,52.51,15,8440.1,14439.7,6.3555
RouteID_15fc5304-a804-415f-bd0f-a5a15c28cc63,DBO3,157,14,205,205,3313071.0,2905762.62,61.88,13,11929.2,12685.1,6.8373
RouteID_16050de1-d05e-4381-8190-3d23f3eaf62a,DAU1,147,43,201,201,4247527.0,2548755.79,81.31,13,13552.9,16343.1,8.3044
RouteID_16328208-4ba3-482e-997f-ceec7bdb8978,DLA4,90,12,193,193,3313071.0,2470219.61,86.47,16,7777.3,16689.5,6.7963
RouteID_1632d41d-dfb0-428b-9501-8de2fa5ebd39,DBO2,134,33,244,244,4247527.0,2939312.43,60.29,13,11738.2,14709.8,7.3467
RouteID_1643b492-7007-427c-99c0-20f271cd6e7f,DLA5,183,26,289,289,3313071.0,3268017.94,51.63,14,14476.8,14919.8,8.1657
RouteID_164548bc-fda0-46ab-902a-9c8bd82061ba,DLA3,98,24,213,213,3313071.0,2258537.61,96.03,15,7843.9,20453.8,7.8605
RouteID_16546f71-6b36-48a4-93e4-c972f183bffb,DBO3,162,23,194,194,3313071.0,2739782.99,72.82,12,13889.3,14127.1,7.7823
RouteID_165d03b0-d4fa-40c8-9192-058064e7bcec,DBO2,159,17,229,229,4247527.0,2479783.88,63.67,12,14257.2,14580.1,8.0104
RouteID_168613ad-a0f2-45f8-92d4-3b49af746dfc,DLA5,175,23,277,277,3313071.0,2850013.53,68.09,15,11745.8,18861.7,8.5021
RouteID_168bfe56-6dee-4032-ba12-e0f50dadc3c4,DSE4,147,26,252,252,3313071.0,2427658.36,66.96,15,11912.9,16874.4,7.9965
RouteID_16929b31-9c1f-44cf-aba7-4c44c06a1c98,DCH1,82,25,251,251,3313071.0,3016124.21,62.48,15,6130.6,15683.6,6.0595
RouteID_169bd094-1974-422a-9e98-37a7a5f5b1da,DSE4,124,15,206,206,4247527.0,3065954.97,103.68,15,10260.4,21357.1,8.7826
RouteID_16ca0e17-092c-400b-aabb-8a5f261f913b,DSE4,114,14,221,221,4247527.0,2449941.09,57.41,15,8354.2,12687.9,5.845
RouteID_16cdd6a4-ae80-4c66-96d5-b7153e5b0dd6,DLA8,108,24,263,263,3313071.0,2793780.03,67.13,16,5782.7,17656.3,6.5108
RouteID_16d09eb9-d328-47b6-ae81-9dc0f19737ba,DLA7,148,23,241,241,3313071.0,2535880.27,79.88,14,11200.5,19251.2,8.4588
RouteID_16d37884-8a1a-4f7d-acdf-a2598afde59e,DBO3,168,24,240,240,4247527.0,2618398.21,53.78,11,12109.3,12907.5,6.9491
RouteID_16dbef50-3fcf-402e-9568-8f660bc548e1,DSE4,175,27,286,286,3313071.0,3275408.49,39.72,15,13140.4,11359.7,6.8056
RouteID_16dc89b1-56eb-44f9-89d6-fcd5cf8776ca,DBO3,174,18,238,238,3313071.0,2853016.82,55.68,13,14288.0,13251.0,7.6497
RouteID_16de3bf9-7afc-4e9c-ba57-8c7ecf6e1ec1,DCH3,172,19,250,250,4247527.0,2629366.29,54.12,15,12761.9,13530.1,7.3033
RouteID_16dfbb94-ac9e-46bd-afe8-0b49cea540fd,DCH3,201,20,263,263,4247527.0,3306201.98,61.98,15,12953.2,16302.0,8.1264
RouteID_16e834da-af7a-4a7d-be9d-48ca7ec8dd20,DLA7,160,24,243,243,3313071.0,2497481.96,67.7,14,11222.5,16451.3,7.6872
RouteID_16f85b56-ccb8-4d20-ab98-f1f792efb985,DLA5,149,22,217,217,3313071.0,2430033.8,54.15,15,10822.3,11751.4,6.2705
RouteID_17004243-c9a9-4329-9c53-5a231ee82387,DLA8,104,18,237,237,3313071.0,2671070.8,69.62,17,5796.4,16500.8,6.1937
RouteID_170e50d6-1449-4453-8d18-8505d8de86b0,DBO3,157,18,226,226,3313071.0,2801069.03,57.6,12,12336.0,13016.5,7.0424
RouteID_170f3c8e-036c-4069-84f4-87ff6b169f6a,DLA7,131,19,192,192,3313071.0,2013860.61,57.15,15,10642.1,10973.2,6.0043
RouteID_17101589-dd43-4a1c-89ad-9e5918ff0649,DLA8,109,10,158,158,3313071.0,1519271.66,98.25,17,7009.3,15524.1,6.2593
RouteID_172946e2-411d-4253-b9e0-5c2feb65d941,DLA7,153,21,227,227,3313071.0,1869882.76,69.57,14,11069.3,15791.8,7.4614
RouteID_172d8147-eea6-4491-aaf5-4421716047db,DSE5,197,21,297,297,4247527.0,3246877.62,44.36,13,13495.5,13174.2,7.4082
RouteID_1731105e-af6f-4474-9ace-f379932eb8de,DLA3,143,14,211,211,3313071.0,1519303.62,82.31,14,8154.9,17366.4,7.0892
RouteID_1776d3ec-9753-48c7-9112-ef987b550413,DLA8,165,23,274,274,3313071.0,3268570.98,49.73,16,11294.0,13626.4,6.9223
RouteID_17778105-3f00-4941-8532-6b37c9eb462a,DSE4,165,26,283,283,4247527.0,3402151.91,70.96,15,11240.9,20081.6,8.7007
RouteID_177a98cf-c64d-4db2-a651-18ffe228b2bc,DLA7,125,25,184,184,3313071.0,1591801.54,63.0,14,9897.4,11591.2,5.9691
RouteID_17817d17-59c2-4e07-acf4-1e2dd7ae877c,DLA9,114,26,210,210,3313071.0,3299029.18,77.18,13,9699.5,16208.2,7.1966
RouteID_17890409-6249-4e49-96e2-d42ed10444aa,DLA7,138,18,192,192,3313071.0,1663401.4,60.86,14,12224.6,11684.6,6.6414
RouteID_178c40d6-2b6f-4782-b589-532a86d7a916,DLA8,93,20,266,266,3313071.0,2887848.89,92.48,17,5796.9,24599.0,8.4433
RouteID_178dc71f-33fd-44d5-a0d2-2927099bc95e,DLA9,103,25,237,237,3313071.0,2190992.83,82.34,15,6768.3,19515.2,7.301
RouteID_179181f0-41a6-49cd-a263-c72efd0b0b3b,DCH4,163,23,230,230,4247527.0,2805590.69,67.97,15,14748.8,15633.0,8.4394
RouteID_1791c044-3576-4538-84db-d89545325d2a,DCH3,201,23,250,250,3313071.0,2600415.64,52.24,14,13231.9,13059.2,7.3031
RouteID_17b12dec-014b-4a61-8330-526280948c63,DBO3,181,25,295,295,4247527.0,3321903.65,54.32,11,10932.7,16025.2,7.4883
RouteID_17cd3b89-2e12-4948-809f-ae8198625c79,DLA9,140,25,282,282,3313071.0,2942625.58,81.06,13,9393.2,22858.9,8.9589
RouteID_17db4590-a007-4d2c-b4fe-59415bd05fe7,DCH4,156,18,210,210,4247527.0,2832383.81,67.33,13,15357.0,14138.7,8.1932
RouteID_17e55a35-4a28-418d-bc6d-fd16384b05c2,DSE4,156,18,253,253,3313071.0,2282291.22,63.09,15,11139.0,15961.0,7.5278
RouteID_1811c85b-eb2e-47dc-a634-27229ecd64fa,DBO3,156,33,236,236,3313071.0,2984009.26,61.63,13,12439.8,14543.6,7.4954
RouteID_18287249-5c89-480a-9a74-88feee5dba54,DSE5,120,10,210,210,4247527.0,2472316.99,88.27,13,12027.5,18537.6,8.4903
RouteID_1836de35-8b23-47ab-ab79-a684c4f06c2d,DSE5,169,17,283,283,3313071.0,2969586.23,44.41,15,11171.1,12567.0,6.5939
RouteID_183b6cb9-1323-4271-8a4e-7d9682f35e90,DLA7,167,22,232,232,3313071.0,2402566.42,44.36,16,13115.1,10291.2,6.5017
RouteID_183ef02c-8b0b-4f43-82f2-3edf8d2a4fad,DCH1,180,17,252,252,3313071.0,2526933.37,38.8,15,14905.7,9777.2,6.8564
RouteID_183f1b60-7bb1-4f6e-8315-c845ed8015fd,DCH4,177,21,233,233,4247527.0,2765976.44,73.92,15,12291.9,17222.8,8.1985
RouteID_18417e60-4e7e-4a88-baf7-b77adc028398,DBO3,154,19,206,206,4247527.0,2533256.32,71.81,12,13990.6,14793.0,7.9954
RouteID_184199be-9527-42dd-9505-c82ea9748f66,DBO3,175,30,236,236,3313071.0,3167069.08,61.52,13,14123.0,14519.3,7.9562
RouteID_184da9b1-0f34-4051-8018-19064a4059fc,DCH3,172,20,274,274,3313071.0,2620650.41,74.43,15,11103.7,20393.3,8.7492
RouteID_18548b3f-3176-47b5-8e85-4b94ae99c4fe,DCH1,189,23,281,281,3313071.0,2847897.8,56.89,14,10968.9,15987.2,7.4878
RouteID_18576aea-80d7-4d89-b7c6-1ccba447b855,DCH2,199,19,288,288,3313071.0,2283908.72,55.67,12,13882.5,16033.0,8.3099
RouteID_18591a6d-7ebb-4b15-a21a-c476cdcd4bc8,DLA9,187,19,272,272,3313071.0,2430635.71,48.87,16,12437.8,13292.5,7.1473
RouteID_186b93fa-f09c-45a5-9798-32fc7429319f,DLA4,162,17,236,236,3313071.0,2343078.32,75.47,14,10635.5,17810.6,7.9017
RouteID_18718710-5655-42bd-a749-6d5089202b55,DLA7,154,22,245,245,3313071.0,1952669.64,55.83,14,10521.9,13677.6,6.7221
RouteID_187caca1-1b53-4bbc-aab3-9bc8addf5470,DCH2,179,23,292,292,3313071.0,3251128.49,63.42,14,9273.7,18519.8,7.7204
RouteID_187db59e-f029-4466-b4ad-f8a820e73144,DCH2,176,22,266,266,3313071.0,2591627.55,62.28,12,12394.7,16566.6,8.0448
RouteID_18b10593-b310-4526-8754-1f639db0e738,DCH4,171,18,237,237,4247527.0,2481435.22,64.48,15,13221.6,15281.3,7.9175
RouteID_18b43472-5001-470c-b7b1-71816392c68f,DSE4,160,20,274,274,3313071.0,3248115.94,72.18,15,9649.0,19776.4,8.1737
RouteID_18b8f86a-3a1b-437d-91cd-565449f2b527,DSE5,160,14,288,288,3313071.0,3137057.93,56.7,15,11921.2,16330.5,7.8477
RouteID_18bc79d0-cf46-4acc-accb-dde9810fb9da,DSE4,166,22,270,270,3313071.0,2855012.91,54.48,14,11877.2,14709.3,7.3851
RouteID_18bde751-16b3-4394-a137-ad9c99039e43,DLA7,161,19,224,224,3313071.0,2153463.56,84.76,15,12559.0,18986.3,8.7626
RouteID_18cdb5c9-0e9e-4dec-a774-e6052381c803,DLA9,146,26,277,277,4247527.0,2976092.01,54.26,14,11070.8,15031.4,7.2506
RouteID_18d7a0ff-40bb-4191-8c6f-80132647c1a2,DLA4,132,15,253,253,3313071.0,3236259.89,77.18,15,9220.2,19525.8,7.985
RouteID_18e6c0ec-208a-47a5-bd09-17ab80adc5c7,DLA9,193,25,279,279,3313071.0,3093626.26,70.02,14,11979.6,19536.7,8.7545
RouteID_18fc2ae5-5ba2-4764-89f9-d6091577a9b9,DCH4,157,23,224,224,4247527.0,2207158.19,74.7,13,13243.9,16733.8,8.3271
RouteID_1906e6c0-320f-4cd9-925e-bf13633d4967,DSE5,184,16,261,261,3313071.0,2182219.2,50.12,15,13743.8,13080.3,7.4511
RouteID_1908c62c-ec25-42a6-b35f-1d62ecece635,DLA8,85,21,232,232,3313071.0,2740568.37,72.73,16,4430.5,16873.1,5.9177
RouteID_1913e086-cf9d-468f-8c1e-2c9f749d359a,DLA5,131,19,248,248,3313071.0,2521651.11,78.69,15,8210.6,19515.8,7.7018
RouteID_1920a6ac-6a01-4350-8751-007fc5cb043e,DLA7,121,17,213,213,3313071.0,2079997.27,48.0,16,9289.6,10224.3,5.4205
RouteID_192b99c5-28e2-4f51-9dd7-e572d95b0e6b,DLA7,159,24,251,251,3313071.0,2545216.04,58.46,15,10653.9,14672.7,7.0352
RouteID_192ee707-ba17-49dc-aeb5-63950a3068df,DLA7,177,23,237,237,3313071.0,2278846.87,51.66,16,14009.1,12243.6,7.2924
RouteID_19426f26-c2b3-4bce-b12d-87e59abc629b,DCH3,166,15,212,212,3313071.0,2260025.34,68.85,12,13303.7,14595.8,7.7499
RouteID_195225a7-822c-4304-9493-b24700e33c9c,DCH4,196,34,268,268,4247527.0,2923922.52,50.51,13,14325.4,13535.5,7.7391
RouteID_195c1c1b-dd95-4792-a061-d001edeafdf4,DBO2,175,23,240,240,3313071.0,2693127.06,64.3,12,14601.4,15431.5,8.3425
RouteID_19698ca8-5565-4bad-a1a6-0c257f4da0f8,DSE2,96,18,211,211,3313071.0,2155963.01,108.39,14,7297.5,22870.8,8.3801
RouteID_1977bcd7-9028-43ad-881c-7f3a279f30ea,DSE5,119,9,179,179,4247527.0,1709712.9,90.91,15,10126.2,16272.3,7.3329
RouteID_1978b59e-63bf-4965-99e6-2885c88b2d00,DSE4,154,24,221,221,3313071.0,2555054.74,62.57,15,10990.5,13829.0,6.8943
RouteID_197f4fd2-40e2-412b-a6ee-8fc494539116,DLA7,149,21,198,198,3313071.0,2021837.86,40.63,15,11751.6,8044.3,5.4989
RouteID_19809838-8a26-4996-89ba-48f96d9483ae,DSE2,86,19,217,217,3313071.0,2433683.52,72.96,14,5065.6,15831.7,5.8048
RouteID_19820ca8-bc6c-4bed-9b91-92d62a2c2489,DSE4,167,26,224,224,3313071.0,2510827.97,51.42,15,12634.1,11518.2,6.709
RouteID_1988c40b-64ec-45fc-95b5-31880886891f,DBO3,154,26,235,235,4247527.0,2475323.31,50.69,12,11908.9,11911.4,6.6168
RouteID_199e3588-2dbd-4e1a-915c-1cb2259cbc3e,DLA7,165,24,252,252,3313071.0,2234263.6,71.77,16,9922.5,18085.2,7.7799
RouteID_19a4e9c4-52ea-4b74-be25-ea206a349fb7,DAU1,179,34,282,282,4247527.0,3118315.6,58.66,14,12527.7,16541.7,8.0748
RouteID_19ca211b-955d-4fe9-a547-77b58cbb8f29,DLA7,147,23,245,245,3313071.0,2467983.85,53.45,14,8905.9,13094.4,6.1112
RouteID_19d4cd53-f164-4f06-b6ea-628cbd187254,DLA3,65,19,197,197,3313071.0,2252457.45,112.14,14,4743.5,22091.2,7.4541
RouteID_19d801b0-910b-46bb-ad04-7af6eb38d258,DSE4,116,15,198,198,4247527.0,2117742.39,81.61,15,8565.9,16159.2,6.8681
RouteID_19db8fb3-607f-49a0-82ae-99815d5f99bd,DAU1,194,36,295,295,4247527.0,3707912.61,51.14,15,13025.2,15087.0,7.8089
RouteID_19df4318-f091-49de-af4f-2d37a7a7be63,DAU1,152,37,251,251,4247527.0,3176641.32,70.4,15,11397.6,17669.2,8.0741
RouteID_19e1c1d3-5abc-4ed6-a6f0-62e5fa2b7655,DAU1,111,22,222,222,4247527.0,2620286.31,55.36,15,8321.0,12290.3,5.7254
RouteID_19f58c98-a014-44a0-89a0-000c0442610c,DLA7,162,23,215,215,3313071.0,1978453.91,59.28,16,11747.4,12745.3,6.8035
RouteID_19fda6ef-a2e5-4c95-8dfd-73fb9af8e0be,DAU1,143,30,211,211,4247527.0,2907696.47,68.29,14,12341.6,14409.9,7.431
RouteID_1a004cf9-631a-46db-8be5-0906d0e99152,DLA7,140,21,200,200,3313071.0,2196118.71,88.65,14,14440.5,17729.2,8.936
RouteID_1a02d09f-2690-4564-87fc-b6d36045e5ba,DLA4,70,13,200,200,3313071.0,2201106.83,108.3,14,5060.2,21659.0,7.422
RouteID_1a1c58bc-db53-45b1-b742-7ac3396550e3,DBO3,146,17,191,191,4247527.0,2083028.1,74.03,12,13133.5,14139.3,7.5758
RouteID_1a279ac2-41aa-4a5e-85de-061f3475896c,DAU1,189,37,296,296,4247527.0,3555635.99,45.19,15,15198.6,13376.1,7.9374
RouteID_1a2bfa66-0a93-4e55-a261-0e341b6f05b6,DLA5,181,22,266,266,3313071.0,2599089.93,70.8,16,12883.1,18833.9,8.8103
RouteID_1a48f1f3-d2a2-4431-a078-18f832745700,DLA4,173,13,243,243,3313071.0,2517221.98,77.27,16,11294.7,18775.6,8.3529
RouteID_1a4903de-1a85-4bca-921a-f746c68fbf7a,DCH4,150,18,207,207,4247527.0,2785633.8,65.51,14,16018.6,13559.7,8.2162
RouteID_1a4e2edf-3fde-409f-8bf6-f01ff98d5afa,DLA7,158,22,238,238,3313071.0,2524188.23,74.72,16,11379.3,17782.7,8.1006
RouteID_1a6e1961-680a-4b15-8758-33328d2704b1,DCH4,183,21,278,278,3313071.0,3238976.96,49.47,14,13246.7,13751.7,7.4996
RouteID_1a6fb97c-0be1-475a-bbf6-766a0e1b7e63,DLA8,183,14,272,272,3313071.0,2598243.48,81.38,17,9780.6,22135.2,8.8655
RouteID_1a820acb-b9e5-41ee-958b-7da046bf5a9f,DLA4,105,9,189,189,3313071.0,2555078.0,77.4,15,8671.2,14628.2,6.4721
RouteID_1a8ac95b-7221-4fc1-b675-87d2f8ea22d2,DLA7,173,18,264,264,3313071.0,3281305.48,68.82,15,8917.1,18169.4,7.524
RouteID_1a94ce0a-8057-4932-a90b-0999038e84a1,DSE2,116,17,243,243,4247527.0,2815968.07,85.67,15,6063.4,20817.9,7.467
RouteID_1a9f234d-bdc8-43eb-b24e-089a7118af96,DCH2,168,20,268,268,3313071.0,3296982.91,86.76,14,9175.8,23250.9,9.0074
RouteID_1aa6f111-735e-4c56-9aad-65f08c4aed70,DLA8,133,21,275,275,3313071.0,3311048.03,67.74,15,6840.3,18628.4,7.0746
RouteID_1ab691cd-3e3b-4511-9c5e-6b85469b0d0e,DLA7,178,24,230,230,3313071.0,2397750.31,47.81,16,12015.9,10997.0,6.3925
RouteID_1ad14451-bf0f-4a44-9b28-a95e4bf4420e,DLA7,174,25,256,256,3313071.0,2747938.98,57.9,16,10661.4,14821.5,7.0786
RouteID_1adcd5b6-0ad8-4349-8acb-6fa7b4e04fbf,DLA7,178,22,231,231,3313071.0,2594667.51,59.24,15,11378.4,13684.1,6.9618
RouteID_1b1bc75f-7da5-41a4-bb8d-1b9986545455,DSE4,126,15,262,262,4247527.0,3080629.89,72.46,15,7626.5,18983.4,7.3916
RouteID_1b1c9d7f-5648-43fc-926d-c72a027a282b,DBO3,147,22,199,199,4247527.0,2090044.86,77.45,12,12404.6,15411.9,7.7268
RouteID_1b26a139-64ea-4781-945e-727762ab66e9,DAU1,188,48,253,253,4247527.0,3462638.87,59.5,15,14179.8,15053.4,8.1203
RouteID_1b2e2d9f-9681-4e2f-b2e0-8a419f779123,DBO3,167,24,231,231,4247527.0,2955840.76,56.84,12,13312.9,13130.0,7.3453
RouteID_1b30cea6-7dbc-4120-8c40-1c603e7149ac,DBO2,101,22,254,254,3313071.0,3127313.21,72.28,12,6627.1,18360.0,6.9409
RouteID_1b39513c-8631-4955-8fb7-126ab6cfa3bb,DBO3,182,37,283,283,4247527.0,3491358.24,51.78,12,14198.2,14653.8,8.0144
RouteID_1b3dc840-1ac3-440c-a759-1358d1197eb8,DLA9,104,27,211,211,3313071.0,2156935.31,100.55,15,7753.0,21215.4,8.0468
RouteID_1b43bdc9-459e-4319-981c-af3f19b4bcf5,DSE2,60,16,213,213,3313071.0,2958889.57,87.16,14,3511.7,18564.6,6.1323
RouteID_1b50ac13-dc08-4d83-a150-ba6f31d29531,DSE4,126,15,214,214,4247527.0,2326936.52,53.29,16,10135.7,11404.7,5.9834
RouteID_1b518807-a450-499d-8a69-263a2bbc778b,DSE4,106,16,198,198,4247527.0,2104212.13,88.3,15,8008.6,17483.7,7.0812
RouteID_1b51b13d-7396-4dee-ac38-2d4b0b0e3c63,DLA9,134,19,221,221,3313071.0,2510074.27,79.51,15,11285.1,17572.5,8.016
RouteID_1b53d10f-79ec-4e35-bb9a-bd0707d01002,DLA9,160,26,282,282,3313071.0,3030789.04,69.93,16,7904.4,19719.3,7.6732
RouteID_1b6506c9-bdb0-4a5f-a563-7460431b723c,DLA7,150,18,240,240,3313071.0,2552110.45,65.35,16,12202.7,15683.1,7.7461
RouteID_1b74928a-a484-4726-a525-f970849cf164,DLA7,150,27,269,269,3313071.0,3018483.95,69.04,14,10585.5,18571.9,8.0993
RouteID_1b76b670-184e-4565-872c-5d9f29442fd5,DLA8,122,25,279,279,3313071.0,3088324.02,86.82,15,6456.8,24222.3,8.522
RouteID_1b77ba33-65ce-4eea-b8dd-a5c6ed63ea59,DLA3,126,30,262,262,3313071.0,2575436.31,46.17,15,8275.5,12097.0,5.659
RouteID_1b797698-3bf4-435b-b5b2-b5ee3befef5a,DSE5,123,16,216,216,3313071.0,2651276.74,71.87,15,10912.1,15523.5,7.3432
RouteID_1b831b48-5ba3-4f1b-b994-992a9305259a,DLA3,143,13,227,227,3313071.0,2260227.05,87.22,16,8161.8,19798.9,7.7669
RouteID_1b9177d7-bdef-4b64-97d4-b07badecf8a0,DLA3,128,21,274,274,3313071.0,3124189.55,63.01,14,5423.9,17264.1,6.3022
RouteID_1b9d3708-e98c-4f60-a474-4b24a3814fb8,DSE2,75,23,174,174,3313071.0,2233437.33,132.22,14,4414.4,23006.2,7.6168
RouteID_1bbea6ae-dbc1-405d-b922-0e9cb3681f25,DSE5,203,19,266,266,3313071.0,2692840.58,44.07,13,14900.6,11723.7,7.3956
RouteID_1bc5771b-4d0f-4b2d-99c7-0bad1a189e2a,DCH4,146,24,243,243,4247527.0,2581632.98,52.91,13,11929.2,12856.8,6.885
RouteID_1bcf3f03-bb29-4cef-a5b5-d48ba2edbc4d,DLA8,130,17,219,219,3313071.0,2950133.31,66.47,16,11840.8,14557.2,7.3328
RouteID_1bd61f8c-b017-4b0d-ad40-f0dd96ca7824,DLA7,152,23,225,225,3313071.0,2778174.94,55.99,16,12297.0,12598.5,6.9154
RouteID_1bddb94a-e8eb-4f48-ab36-907649bf707b,DLA8,153,17,253,253,3313071.0,2960600.13,79.28,16,9945.4,20056.7,8.3339
RouteID_1be05be5-4fd0-4338-8959-f55f90168d35,DLA3,82,17,179,179,3313071.0,2014812.75,64.3,15,8205.1,11509.5,5.4763
RouteID_1bfbbc25-b21c-46ea-9d2e-0b50b414e15f,DCH3,169,18,245,245,4247527.0,2797550.36,67.67,13,12725.1,16579.6,8.1402
RouteID_1c045cf9-85a3-4800-9955-dd09a955d4a6,DLA7,151,24,238,238,3313071.0,2954713.75,59.8,16,11265.8,14231.5,7.0826
RouteID_1c06cf4d-9283-4bc3-9d85-1c647e4ad0b1,DLA9,160,23,274,274,3313071.0,2814054.56,63.46,14,10862.1,17389.4,7.8476
RouteID_1c1779ec-f46f-4ece-a647-da835f52ec85,DLA5,185,22,279,279,3313071.0,2423156.37,58.01,16,11628.0,16184.8,7.7258
RouteID_1c4f16b6-cf1f-4a87-a82d-8705980cad11,DLA7,125,21,169,169,3313071.0,1865464.49,102.42,15,10579.1,17308.9,7.7467
RouteID_1c573c3b-a152-4d97-be0f-524cc851337d,DLA9,177,26,285,285,3313071.0,2615541.35,62.01,15,10797.0,17673.5,7.9085
RouteID_1c730123-1d5a-4720-987a-13a6e6c8d8a6,DLA7,185,22,252,252,3313071.0,2211167.74,41.09,16,11689.6,10354.3,6.1233
RouteID_1c7775d9-bddf-498a-9a34-ce0ed33936ac,DLA7,158,24,248,248,3313071.0,2949310.6,37.07,17,10263.9,9194.0,5.405
RouteID_1c9a58b8-a25b-4b4c-9d90-cfbd5e64f7b6,DSE5,116,6,172,172,4247527.0,2427656.07,89.75,14,15042.6,15437.7,8.4668
RouteID_1ca0098f-00f2-422d-ac71-ec425382e47c,DLA4,137,11,210,210,3313071.0,3192947.78,70.76,15,10054.6,14859.1,6.9205
RouteID_1cbd09cc-61a3-4299-8220-a911afacbc74,DSE5,182,18,252,252,3313071.0,2601718.69,66.48,15,13283.4,16753.1,8.3435
RouteID_1ccdcb04-9058-44b0-9bca-00b8f237d096,DSE5,155,15,199,199,4247527.0,1848711.02,60.06,13,14944.9,11952.2,7.4714
RouteID_1cd900c1-dda3-4fbd-87d6-8d4293eb7ba7,DLA9,148,26,221,221,3313071.0,2024924.81,77.5,15,11277.7,17128.3,7.8906
RouteID_1cdff6d0-ddfa-4b3e-a57a-983da651c5c3,DLA9,120,22,219,219,3313071.0,2076654.6,87.0,14,10093.5,19053.1,8.0963
RouteID_1cef8c8c-cc49-4d87-8b62-a777b4189d1c,DLA7,166,17,233,233,3313071.0,1928527.39,70.62,15,10858.9,16453.8,7.5869
RouteID_1cf58ace-5e38-4a8e-a10e-9548030d3445,DCH1,183,17,257,257,3313071.0,2257083.58,56.58,14,13118.6,14540.6,7.6831
RouteID_1cfa272e-cb3d-4ea4-9cac-dc6dc356d7f0,DLA7,197,27,294,294,3313071.0,3032005.42,33.39,16,9828.3,9816.5,5.4569
RouteID_1d25e26b-3dc3-49e7-9997-2e528cd0b234,DSE4,107,13,225,225,4247527.0,2774004.54,88.81,15,6882.3,19981.6,7.4622
RouteID_1d2a0c4e-f475-41e4-a159-474e3ef3fc18,DLA7,169,25,237,237,3313071.0,2079448.15,62.23,16,13059.4,14748.4,7.7244
RouteID_1d2aa8bd-29b6-459b-a0ee-8fc93c9e27f9,DSE4,100,32,211,211,4247527.0,2392396.83,99.79,15,7905.9,21054.7,8.0446
RouteID_1d2c080b-ab50-4789-91ab-a094091b9124,DLA9,153,23,272,272,3313071.0,2675203.51,79.4,15,9732.5,21596.3,8.7024
RouteID_1d32a11d-cbb8-4273-a18a-5b0b37c5d259,DLA9,131,28,267,267,3313071.0,2902438.18,43.71,16,9680.4,11670.1,5.9307
RouteID_1d46b6e7-a26b-4a92-b6f5-30f768ecba63,DSE5,154,15,203,203,4247527.0,2302696.75,59.3,14,15379.2,12037.0,7.6156
RouteID_1d50d79d-5b85-4811-be2b-0656ad68e1ef,DCH4,140,25,220,220,4247527.0,2681569.1,60.92,15,12021.2,13403.2,7.0623
RouteID_1d600c35-25f3-47da-af06-d979d32bdab5,DAU1,143,36,261,261,4247527.0,3426377.41,71.29,14,8509.9,18606.9,7.5324
RouteID_1d6a4033-59f4-4930-bbcc-ce4245b001bc,DLA7,151,24,243,243,3313071.0,2283199.31,63.33,14,9378.0,15389.8,6.8799
RouteID_1d916cbe-36b2-49af-8025-e086007be433,DLA7,155,25,248,248,3313071.0,2298517.21,58.5,16,9693.2,14508.5,6.7227
RouteID_1d917b81-56cf-40b4-acc5-32c12b3c5954,DBO3,170,34,221,221,4247527.0,2992904.63,50.07,12,13529.0,11065.1,6.8317
RouteID_1d9debe1-294a-4bda-80a6-d2aef1c7911a,DSE4,167,27,237,237,3313071.0,3159008.2,76.58,15,12340.3,18149.2,8.4693
RouteID_1dc8b0f4-66fa-4251-b56c-17a225588c0b,DLA3,58,12,152,152,3313071.0,1604513.29,148.93,15,3156.8,22637.8,7.1652
RouteID_1dd875ff-da1c-4707-b6dc-892447100d76,DLA7,177,19,229,229,3313071.0,2121377.18,74.65,16,13903.0,17094.2,8.6103
RouteID_1dda72a4-d8ed-4d6f-9218-bd1b62822a2e,DCH3,190,19,245,245,4247527.0,2459052.0,65.43,12,13462.1,16031.0,8.1925
RouteID_1de260a1-709e-4983-973d-6ad3b8be1807,DLA8,161,21,274,274,3313071.0,2743818.31,73.04,17,8993.7,20013.4,8.0575
RouteID_1de3bb54-6762-4c39-803d-2416f9facd9a,DLA9,135,27,234,234,3313071.0,2914076.33,89.7,14,11114.0,20989.2,8.9176
RouteID_1de9b155-f021-47b8-912d-fb5d6fc28c05,DLA7,147,19,210,210,3313071.0,1846417.48,73.22,15,11525.5,15375.3,7.4724
RouteID_1df23b11-f266-439c-bd6d-58fb47700d19,DLA7,148,22,234,234,3313071.0,2401054.36,75.12,14,10855.2,17577.6,7.898
RouteID_1e0a7f96-96fc-4877-9544-16a224eddcb7,DLA7,142,25,204,204,3313071.0,2439223.88,72.54,14,14767.0,14797.8,8.2124
RouteID_1e10e389-0caf-47d4-a448-d332c78c6dfa,DLA9,125,24,288,288,3313071.0,3274876.68,50.71,16,7805.4,14605.6,6.2253
RouteID_1e29d69b-f9d4-4385-a84a-272337bcacae,DLA7,177,24,264,264,3313071.0,2850408.32,46.11,15,13048.2,12173.1,7.0059
RouteID_1e2d4976-9091-4f47-be98-beb73f038079,DLA7,146,18,256,256,3313071.0,2094152.53,78.78,14,10376.8,20166.8,8.4843
RouteID_1e2fe8f9-a129-44c1-96a1-0582a859fe9e,DLA8,86,25,266,266,3313071.0,2764325.04,81.07,15,4209.5,21563.9,7.1593
RouteID_1e32c066-28f4-4e7d-a2b8-7d3bf5dbca80,DBO3,166,21,211,211,4247527.0,2167005.91,58.15,12,15738.4,12270.0,7.7801
RouteID_1e3c7d27-aad4-4440-b1f5-529a2a0b09a6,DLA8,127,14,222,222,3313071.0,2580551.07,95.27,16,8373.0,21150.0,8.2008
RouteID_1e46b24c-0893-46f4-9caa-9f6ab4ce433b,DLA9,125,17,201,201,3313071.0,1775693.34,95.86,15,8513.8,19268.8,7.7174
RouteID_1e4f9774-6d7e-4117-acb7-a67d5ce38351,DLA7,143,20,235,235,3313071.0,2972341.09,65.56,16,10770.3,15405.7,7.2711
RouteID_1e59fe32-ef5b-4126-8487-6f519c3ef5fc,DLA4,135,9,204,204,3313071.0,3141320.71,86.42,16,7218.4,17630.0,6.9023
RouteID_1e5e41a6-607e-4cd2-8fa5-e9ff71291486,DLA5,162,21,223,223,3313071.0,1781264.99,63.01,14,15384.2,14050.8,8.1764
RouteID_1e67087d-5472-4f38-9f5b-9851c77e886f,DBO2,164,12,248,248,3313071.0,2540671.83,61.15,13,9819.6,15164.6,6.9401
RouteID_1e6ec409-8ea3-4b4c-a25b-7a6b43f02d31,DCH4,168,17,213,213,4247527.0,2668278.36,82.78,13,12665.1,17632.8,8.4161
RouteID_1e927229-921e-400a-9945-563ce684e5f2,DLA7,156,26,239,239,3313071.0,2518490.32,68.58,15,12557.1,16389.9,8.0408
RouteID_1e94a22b-adcc-419a-92cf-633b1ccb6cc2,DBO3,102,9,187,187,4247527.0,1830454.12,72.48,12,10280.8,13553.6,6.6207
RouteID_1e973c83-dd32-4626-80e9-df51e737369f,DBO2,109,23,257,257,4247527.0,2685386.09,66.43,13,7953.5,17071.8,6.9515
RouteID_1e991fd4-ab43-4c56-89e5-98cdc6546b22,DBO2,177,20,281,281,3313071.0,3272434.03,70.3,13,11079.9,19753.2,8.5648
RouteID_1eb0403a-36b0-403e-ab48-58971290b3cc,DCH4,179,26,243,243,4247527.0,3313293.7,58.22,14,14496.9,14148.4,7.957
RouteID_1ebfb135-24f3-4f47-a7e2-3677af697b48,DCH4,184,32,286,286,4247527.0,3173374.19,52.77,15,12674.1,15090.9,7.7125
RouteID_1ec9500d-bfa3-42a2-b384-72fe09c0606e,DBO2,164,32,230,230,4247527.0,2554625.26,76.37,14,12391.3,17564.5,8.3211
RouteID_1ecf0717-d72a-40b6-ac12-109f19d64e6d,DCH4,192,31,280,280,4247527.0,3332121.39,48.13,15,16008.3,13475.1,8.1898
RouteID_1ed04d3b-212a-44ed-8650-70342e92cbdb,DCH4,138,15,218,218,3313071.0,2560008.6,62.61,14,11616.6,13649.7,7.0184
RouteID_1ed090bd-c952-4c53-a1e7-2ec137403e30,DSE5,149,10,194,194,4247527.0,2183145.51,75.5,14,11886.8,14647.9,7.3708
RouteID_1ed3ac03-71d8-4ce2-88cd-34d74caaf408,DSE4,181,26,265,265,3313071.0,2841537.5,69.3,15,12423.2,18365.3,8.5524
RouteID_1ed77193-681d-49c9-b80b-0e4e7d869f7c,DSE2,83,17,188,188,4247527.0,1920930.81,97.14,17,6366.7,18262.8,6.8415
RouteID_1edb725a-b5a6-43e9-b869-4889b6590b86,DCH3,194,18,273,273,3313071.0,2855063.45,44.99,14,12319.7,12281.2,6.8336
RouteID_1eed4233-a441-4b03-bf72-01704addecf4,DBO2,160,22,218,218,4247527.0,2579251.95,79.34,12,13247.5,17296.4,8.4844
RouteID_1f001637-c8f0-455c-9af7-b762d9bf7c4b,DLA4,172,16,261,261,3313071.0,3242329.78,45.26,15,13064.4,11813.0,6.9104
RouteID_1f0fe1f6-4a53-4d9b-a82f-27a285319ad6,DLA9,149,23,250,250,3313071.0,2641104.52,69.82,16,11542.2,17453.8,8.0544
RouteID_1f2fbcc9-a5fc-48c7-8b05-499b99270fbe,DSE5,171,12,219,219,3313071.0,2164950.65,80.43,15,12160.5,17614.8,8.2709
RouteID_1f3637cf-a90a-4d2a-88be-0754b9ab6c8a,DLA9,106,24,179,179,3114853.25,1879691.74,116.44,15,9553.9,20843.0,8.4436
RouteID_1f387e67-ca90-45e7-a476-b123cd371570,DLA7,147,23,223,223,3313071.0,1959662.49,57.08,16,11556.6,12728.9,6.746
RouteID_1f421293-d24b-437e-886d-f976e2b269ff,DLA3,160,17,259,259,3313071.0,2477949.0,80.61,16,10367.2,20876.7,8.6789
RouteID_1f592c48-8646-4194-b6a3-d5fd027e11b5,DLA7,156,25,242,242,3313071.0,2380042.31,69.34,15,11109.5,16779.6,7.747
RouteID_1f5a2cf1-c0c2-4b49-aefd-36180307a928,DLA5,187,18,245,245,3313071.0,2245922.39,52.6,14,15561.2,12887.4,7.9024
RouteID_1f6c4c20-fcf5-42cc-84b3-18b63ccfc15a,DCH3,201,24,267,267,3313071.0,2831725.57,37.08,14,14900.9,9901.6,6.8896
RouteID_1f70b9e7-0b4d-43b0-9cc5-b006f0deb68a,DCH4,188,25,277,277,3313071.0,3194781.07,68.24,14,14471.6,18902.7,9.2706
RouteID_1f7ab2c9-901b-4965-805d-8a657a5cc202,DBO2,118,22,198,198,3313071.0,3023338.43,65.87,13,9329.9,13042.1,6.2144
RouteID_1f7efc30-c2a1-4f42-89d6-c65228170bd4,DLA9,163,36,256,256,3313071.0,2692425.04,95.56,16,8874.7,24463.1,9.2605
RouteID_1f87e385-ec61-4c65-a9b2-8aab131a6068,DSE5,165,17,234,234,3313071.0,2700981.55,50.39,14,12375.8,11792.1,6.7133
RouteID_1f9c0f09-90f0-432f-9d9d-4c8a682d9253,DBO2,94,24,272,272,4247527.0,4210124.43,91.34,12,7395.6,24844.6,8.9556
RouteID_1fbe679c-4bdb-4fc7-85a7-feb9c1b225d9,DBO3,145,15,213,213,4247527.0,2133065.11,77.22,12,12352.0,16446.8,7.9997
RouteID_1fdb54c4-b0aa-4392-b70d-b74ec73cc188,DCH2,186,18,294,294,3313071.0,2502739.9,58.52,12,14095.9,17204.6,8.6946
RouteID_1fe9118b-8457-4638-baca-3e8852b3b88b,DBO3,110,19,194,194,4247527.0,1942649.28,84.42,11,8673.0,16377.4,6.9584
RouteID_20135dab-fa42-4ec3-a0e8-5332a30be610,DSE4,172,25,276,276,3313071.0,3257868.01,56.46,14,12696.4,15583.6,7.8556
RouteID_201a299b-092d-4e00-9270-c5da718ff50d,DAU1,142,23,213,213,4247527.0,2643940.15,76.53,15,11813.9,16301.3,7.8098
RouteID_201ce14f-4c8c-483a-822b-3eee01cd5293,DSE4,109,13,195,195,4247527.0,2373385.41,85.86,15,7367.1,16741.8,6.6969
RouteID_202840e0-5faa-4f86-a4d9-0b947872ff05,DLA7,184,23,274,274,3313071.0,2658241.63,58.94,15,10255.5,16150.8,7.3351
RouteID_202911f2-98e1-45e2-ada8-1e670b3f5729,DLA7,143,20,237,237,3313071.0,2760000.99,86.24,15,12107.6,20438.1,9.0405
RouteID_2045eef9-56f8-4aa9-94c1-a508624af0d7,DSE4,172,22,285,285,3313071.0,3305546.52,52.32,15,12586.7,14910.5,7.6381
RouteID_2056a5f3-6701-4105-9ca3-0ab051db6f7d,DLA9,135,33,258,258,3313071.0,2990452.43,67.97,16,10105.4,17536.5,7.6783
RouteID_205a07b4-2a36-4af5-95a3-7e115f8df8f1,DLA7,140,20,217,217,3313071.0,2122991.61,71.4,15,9603.3,15493.6,6.9714
RouteID_20630d1a-2ecb-4b41-8c96-1e29e4d7b7d9,DBO2,172,29,256,256,4247527.0,4053527.08,72.77,13,8949.5,18630.3,7.6611
RouteID_206a30bd-2467-47df-a1e1-bf22565781a7,DLA9,139,24,273,273,3313071.0,2706921.13,57.23,16,8634.8,15623.7,6.7385
RouteID_207f7cd8-125d-48fa-a7f4-a7ef369b3631,DLA7,164,23,268,268,3313071.0,2528210.99,51.66,15,8272.9,13844.5,6.1437
RouteID_208540e3-8cfe-4332-a23e-6100b3969851,DLA7,128,22,239,239,3313071.0,2588034.26,67.4,15,10107.8,16109.4,7.2826
RouteID_20895b86-624b-4865-8f2c-70257d399cca,DLA7,138,25,281,281,3313071.0,2857566.56,52.79,14,11531.2,14834.0,7.3237
RouteID_20919dc7-de48-4086-a637-bd51354a99b4,DLA4,122,17,220,220,3313071.0,2973437.0,77.69,13,7869.7,17091.2,6.9336
RouteID_2096c85e-9c21-4ae7-a9a1-16ebba0ce7e2,DCH2,173,23,285,285,4247527.0,3154593.96,58.02,13,14269.5,16535.7,8.557
RouteID_20a66e8d-4f4b-461f-88d0-c02c7e9a49de,DLA8,134,26,261,261,3313071.0,2402636.08,86.92,16,7128.6,22686.4,8.2819
RouteID_20a8a68b-62ad-4e65-802d-c3c293bd03d3,DCH4,155,26,227,227,4247527.0,3233497.13,71.63,15,11979.9,16260.2,7.8445
RouteID_20b0d07d-4aa8-458f-b1b4-f2c90604b7df,DSE2,111,20,186,186,3313071.0,2061374.64,130.92,14,7636.1,24351.4,8.8854
RouteID_20bd13a2-34ca-470d-9103-5cd4cbc09d70,DLA9,157,28,275,275,3313071.0,3294616.59,71.64,15,10487.1,19701.6,8.3857
RouteID_20c5ae7f-6d83-402c-9832-b3483ff5e2e4,DSE4,178,30,262,262,3313071.0,2875109.9,68.24,14,14097.2,17878.4,8.8821
RouteID_20d4fd40-d06c-42d7-a9f8-8dcf3347abb7,DCH4,153,18,194,194,4247527.0,2195527.06,58.5,16,12922.6,11348.5,6.742
RouteID_20e05455-9fd9-46a2-a16d-74fbd4a9e32e,DLA9,165,23,258,258,3313071.0,2875662.2,42.02,14,11274.5,10842.0,6.1435
RouteID_20e08fff-80cf-4da8-8453-829af405e0fb,DLA9,123,26,220,220,3313071.0,1896595.49,115.29,15,8887.3,25364.7,9.5144
RouteID_20f35763-5c79-4bc8-aa2b-dfcc3a119b95,DBO2,144,22,219,219,3313071.0,3200918.21,46.61,14,10164.4,10207.5,5.6589
RouteID_2100cf2c-7bfc-401f-99aa-8a0ce098fa38,DLA3,88,15,193,193,3313071.0,1854154.42,81.38,15,5534.6,15705.9,5.9001
RouteID_2112d837-cf95-464d-bea4-7656648007b5,DSE2,108,19,224,224,3313071.0,3283528.47,70.57,15,5870.8,15808.1,6.0219
RouteID_211c3ad8-e644-4b1c-a0ae-023884b5a3e7,DBO3,188,31,238,238,4247527.0,2504338.24,52.5,12,17301.2,12496.1,8.277
RouteID_2126194e-6cb7-4082-8e62-64246a31467b,DCH1,154,15,216,216,3313071.0,2208139.56,59.71,15,14892.4,12896.5,7.7191
RouteID_21270ccf-e916-4bda-8c22-89c5302935cd,DCH4,160,23,227,227,3313071.0,2623027.49,54.75,14,13824.6,12428.9,7.2926
RouteID_21308567-3e57-449f-b3a2-2dcf70c6e02b,DLA7,178,25,269,269,3313071.0,2953159.56,47.68,14,12326.2,12826.9,6.987
RouteID_213b7b40-4955-4e26-9c08-b8e14153db46,DLA7,139,24,206,206,3313071.0,2489346.07,73.52,15,10098.4,15145.7,7.0123
RouteID_21423d1f-54d6-4d1d-8078-0cc2a6f5b3b6,DLA7,128,25,197,197,3313071.0,2310870.25,89.87,14,11261.0,17703.9,8.0458
RouteID_21662e0b-fe90-4d80-aee5-835c4ef6c3ac,DAU1,131,27,227,227,4247527.0,2700026.15,66.34,14,11822.8,15059.4,7.4673
RouteID_21796b50-b19a-4d08-933b-96fd3faab328,DLA7,149,19,219,219,3313071.0,2199030.79,60.38,15,11974.2,13222.4,6.9991
RouteID_218aac84-ff19-48cf-8713-f2fc51c2a7da,DSE4,110,12,213,213,4247527.0,2732060.06,88.21,15,6619.7,18788.6,7.0579
RouteID_219766f7-4cbc-4a00-8b91-e4e571ddafd6,DLA4,173,15,252,252,3313071.0,3192970.24,56.73,16,10247.1,14295.0,6.8173
RouteID_21a0b6cb-4d86-4a14-9fe0-cc16cbb12aae,DBO2,108,23,250,250,4247527.0,3446453.03,92.96,12,7653.5,23240.6,8.5817
RouteID_21a6e229-c311-48bb-bf9e-705955da53af,DBO2,139,24,215,215,4247527.0,2824701.97,61.87,12,14977.4,13301.5,7.8553
RouteID_21b2e20d-838f-436a-b34e-f50c0dd4230f,DSE5,192,14,295,295,4247527.0,3493928.93,43.56,14,14672.0,12850.9,7.6452
RouteID_21b5259d-26d9-40b6-b660-8a8c5f1d0b10,DBO2,187,32,255,255,3313071.0,3277780.21,38.27,13,12689.8,9759.2,6.2358
RouteID_21bbc501-c1c3-4684-b1a9-5e262b2aa533,DLA4,155,9,219,219,3313071.0,2467492.57,90.81,16,11306.0,19887.7,8.6649
RouteID_21c6b91e-4f21-4418-bacf-31d4c2123a61,DSE4,200,28,260,260,3313071.0,2799816.48,54.14,15,13501.2,14076.5,7.6605
RouteID_21c7c569-c6fc-4630-bfcc-ba285bb4bed4,DLA7,144,23,221,221,3313071.0,2249876.69,52.46,15,10613.2,11594.1,6.1687
RouteID_21df2f3f-c077-42f1-8f2b-1917e91bf7ae,DLA9,169,29,270,270,3313071.0,2864510.61,44.36,15,11790.1,11976.5,6.6018
RouteID_21e13e3e-ea4a-4556-8b7f-3ddd7c20b1a9,DCH2,155,22,268,268,3313071.0,2832633.81,79.54,14,9083.9,21316.1,8.4444
RouteID_21e21674-08e5-49de-8b6d-1935bd1a0bfd,DLA8,141,18,280,280,3313071.0,3230782.31,56.6,16,5652.6,15846.7,5.972
RouteID_21fc036b-f84b-4819-b4c5-d9c375736b8d,DCH2,181,19,276,276,4247527.0,2621588.8,54.81,12,14895.8,15127.1,8.3397
RouteID_21fd4b83-47a1-4f46-856d-99c3620aead4,DBO3,193,21,249,249,4247527.0,2492864.34,46.52,12,13439.5,11584.7,6.9512
RouteID_2208bc69-eeda-4c45-8aa0-d411f161ec82,DBO2,110,24,199,199,4247527.0,2383333.65,94.6,12,9777.9,18826.2,7.9456
RouteID_221006e8-0192-41a8-bbc2-8cd5e93cb414,DLA9,146,29,268,268,4247527.0,3052448.38,59.56,14,10785.5,15962.8,7.4301
RouteID_22108821-b296-4945-8abd-80a4f6f8416b,DLA4,142,11,219,219,3313071.0,2973318.94,87.44,17,12076.8,19150.0,8.6741
RouteID_221415f7-0b8c-418a-8df4-72b5d55f805f,DBO3,163,25,268,268,4247527.0,2950460.48,63.34,11,11792.9,16976.2,7.9914
RouteID_2229bf31-ca99-42de-92ad-f68ca87aa938,DCH4,182,21,267,267,4247527.0,2814959.66,65.28,14,12856.9,17430.5,8.4132
RouteID_222aa34d-c09a-4066-b7d1-0b6248a628d8,DBO3,179,24,236,236,3313071.0,2421858.98,65.63,12,13048.3,15487.6,7.9266
RouteID_22444069-c6d3-465c-92ab-9bc14bc88128,DLA3,119,16,203,203,3313071.0,2076806.87,73.31,15,10772.6,14881.9,7.1263
RouteID_224443a4-e6e6-45b5-b387-c9c8e8d282ab,DAU1,182,35,294,294,4247527.0,4171546.59,59.76,14,12455.7,17569.3,8.3403
RouteID_224cff48-e27f-4ed2-93be-9bd1ee4e23ae,DSE5,197,15,287,287,4247527.0,2793850.79,45.03,15,11183.7,12924.8,6.6968
RouteID_2253198e-12b5-40a7-87a2-5a1f82c69664,DAU1,158,37,229,229,4247527.0,2854565.96,61.94,14,12214.8,14184.4,7.3331
RouteID_22769bd8-d76a-48d9-91d4-f55623723031,DLA9,164,25,258,258,3313071.0,2619311.46,37.61,13,13074.8,9704.5,6.3276
RouteID_2280583f-ff5f-40ba-8ce4-b7456bac42e6,DBO2,180,33,251,251,3313071.0,2740509.34,43.17,13,11681.4,10836.9,6.2551
RouteID_2281501d-eb67-4e77-b4b5-493b48303b85,DLA7,142,22,201,201,3313071.0,2094535.76,82.97,15,9268.2,16677.1,7.207
RouteID_228eecc6-2e73-4007-b820-ab95e25fcb10,DSE5,148,12,216,216,4247527.0,2329333.57,71.67,15,8822.4,15480.9,6.7509
RouteID_229fb2a8-22ea-45ce-8d6b-8baad17e68d6,DSE4,151,15,233,233,4247527.0,2872566.91,67.68,15,8723.6,15770.4,6.8039
RouteID_22cad670-8cd8-4474-99b8-46d028105cbe,DLA5,142,18,268,268,3313071.0,2827473.89,74.67,15,10363.9,20012.5,8.4379
RouteID_23164f7e-7f7a-488b-ada2-14bb6438244f,DLA4,175,15,280,280,3313071.0,3171574.87,67.72,15,9252.6,18962.0,7.8374
RouteID_231a5734-7e28-417a-920b-8e9d6a92f3f2,DAU1,166,43,243,243,4247527.0,3211713.51,57.16,13,9511.8,13888.9,6.5002
RouteID_23296b6f-3aaa-41e7-ae8b-784d5a5b2f42,DSE5,167,14,248,248,3313071.0,2437150.0,58.0,15,11599.5,14384.8,7.2179
RouteID_234eb5ab-bcc6-4c30-9d2c-5c30bac9c8c8,DCH1,90,20,266,266,3313071.0,3118782.52,82.01,14,7017.2,21814.2,8.0087
RouteID_2352d8dd-8b8f-45d3-817b-97c3168b92eb,DLA9,166,22,263,263,3313071.0,3080310.37,61.1,16,11224.7,16070.6,7.582
RouteID_235d19db-3c94-4c84-9c5a-eb68d02db745,DLA8,153,19,252,252,3313071.0,2742495.65,65.64,16,10275.8,16541.6,7.4493
RouteID_23701972-4472-417b-b765-f179365dcda4,DLA9,140,20,236,236,3313071.0,2352185.17,76.95,15,10692.0,18160.8,8.0147
RouteID_2373a90f-1bb6-495f-a6d9-4703d25eabb0,DLA9,153,24,230,230,3313071.0,2379651.81,72.48,14,9708.3,16671.4,7.3277
RouteID_2375850b-a32f-4980-ae9b-d5f78ed8234a,DBO2,128,12,239,239,3313071.0,3162290.63,80.78,12,9858.1,19306.4,8.1013
RouteID_23815967-90b3-440f-8a88-983526aa2399,DBO3,183,14,263,263,4247527.0,3582582.61,61.97,12,13156.2,16298.6,8.1819
RouteID_238f97ca-a9ce-49fb-a2e4-de9aec626872,DLA7,120,18,243,243,3313071.0,2464854.68,69.82,14,8920.0,16965.2,7.1903
RouteID_2390320a-51ef-4b0b-a3a4-841069ae96f7,DCH4,145,20,205,205,4247527.0,2412982.84,61.34,15,13315.2,12573.8,7.1914
RouteID_2399e86e-3ba0-4b23-86a9-cd40c0cb9827,DLA3,73,16,158,158,3313071.0,1520006.32,95.29,15,4501.3,15056.1,5.4326
RouteID_23a4db78-e602-4a3b-9c93-c7096870bff1,DSE5,115,9,180,180,4247527.0,2044259.26,71.55,15,10830.8,12879.5,6.5862
RouteID_23aeb7ee-1a27-4c91-a7e8-79469a3553b0,DBO2,124,21,225,225,3313071.0,3094870.52,71.68,13,7351.2,16128.1,6.522
RouteID_23c8d774-db49-4261-822c-544ade30587d,DSE5,159,15,209,209,4247527.0,2188723.3,53.97,14,12799.9,11280.3,6.6889
RouteID_23e678b0-6142-4dc4-9738-0c5662c2b0f9,DSE2,125,21,229,229,4247527.0,2766417.92,97.36,14,5844.9,22295.5,7.8168
RouteID_23e7cc10-ea67-4afe-93cd-b5efbd44a50f,DLA8,104,24,264,264,3313071.0,2930888.66,69.3,16,6072.5,18296.2,6.7691
RouteID_23eadc26-b151-45a4-ab63-2ce89356fe34,DLA9,146,25,278,278,4247527.0,2780082.4,55.73,14,10946.1,15491.8,7.3439
RouteID_23f737be-6f72-41f1-9045-a0ab0e93e641,DSE5,126,8,206,206,4247527.0,2573018.29,89.14,14,9172.8,18362.0,7.6486
RouteID_23f8540b-c32c-40a9-81f7-dc5d00a61853,DLA7,140,21,217,217,3313071.0,2175132.64,64.34,15,12423.9,13961.6,7.3293
RouteID_23fc49d1-fefb-46de-a389-6defe188f030,DSE5,199,19,274,274,3313071.0,2921142.33,61.96,15,12683.8,16976.5,8.239
RouteID_2409ba0e-b05c-4ab4-a520-39362139d469,DBO3,188,25,257,257,4247527.0,3319457.99,64.54,12,16364.5,16587.9,9.1534
RouteID_240a0e5b-a0d8-4319-9227-ef188892de74,DLA7,144,21,212,212,3313071.0,2957209.48,79.11,15,11053.9,16772.2,7.7295
RouteID_24304711-8032-4b9d-965f-f27faa7ea0f4,DAU1,188,38,273,273,4247527.0,3574105.97,40.32,13,14396.4,11006.5,7.0564
RouteID_2432a106-e369-4f96-8486-d7aa017afd5a,DBO2,127,22,268,268,3313071.0,3227941.87,84.76,14,8028.8,22715.2,8.54
RouteID_243542e7-6800-42a9-8cd1-c22e2ff92388,DLA9,184,25,264,264,4247527.0,2762478.83,51.83,14,12284.1,13683.5,7.2132
RouteID_2438aa1b-bbc0-490e-8ecf-ae4fcf444217,DCH4,193,29,285,285,4247527.0,2890271.76,52.43,13,12221.5,14942.2,7.5455
RouteID_243a58dd-f744-4760-bcd1-b77e8cfb669d,DLA9,179,29,287,287,3313071.0,2556382.89,53.23,16,10148.6,15277.8,7.0629
RouteID_2441a8a6-182d-4c56-8076-601bdfa7a28a,DLA9,143,25,278,278,3313071.0,2996179.85,58.93,15,7279.9,16383.3,6.5731
RouteID_2446e4f5-7bbf-4d7c-a9d6-e6ee67ce9025,DLA9,158,23,238,238,3313071.0,1913692.24,70.65,15,11314.9,16813.8,7.8135
RouteID_2453faf2-7901-441e-ae16-14c5539a1b87,DSE2,111,22,261,261,4247527.0,2962134.11,89.12,15,6683.2,23261.0,8.3178
RouteID_245cb9b3-10a1-40fe-be1f-031a5b62bb36,DSE4,163,27,231,231,3313071.0,2458869.35,49.23,15,20112.2,11371.6,8.7455
RouteID_245f1b63-99ed-42f4-8a28-9dc712889120,DLA3,190,13,288,288,3313071.0,2752883.48,66.35,17,9877.5,19110.0,8.0521
RouteID_246a39ad-d8dd-4776-9ce3-d664dd97e7a9,DBO3,165,27,231,231,4247527.0,2588045.66,57.65,12,12899.9,13316.5,7.2823
RouteID_2471d71e-05dc-4421-9d98-94765d41654d,DSE5,202,15,292,292,4247527.0,3320241.1,54.66,14,15296.0,15960.4,8.6823
RouteID_2476440f-21bf-4005-afe5-ae1de9e49f3a,DLA8,127,22,254,254,3313071.0,2662540.9,78.9,16,6787.5,20039.6,7.452
RouteID_247b6b14-6812-47fd-846a-2b4fc01ee499,DLA7,190,20,249,249,3313071.0,2292401.36,71.04,16,13546.3,17689.2,8.6765
RouteID_2482fcde-d5be-4cef-82eb-cb5244d9add6,DBO2,132,17,192,192,3313071.0,2263207.24,67.56,14,12488.2,12971.6,7.0722
RouteID_249aad09-fa3e-4414-b300-487618c92353,DSE5,174,16,242,242,4247527.0,2789012.75,57.65,14,17334.9,13950.9,8.6905
RouteID_24ad2458-3a01-4adf-852e-421b81dc340e,DSE4,196,33,297,297,3313071.0,2804145.3,42.52,15,12652.6,12629.1,7.0227
RouteID_24ae40ec-b8f5-4399-8bba-035a7227a5b3,DLA9,124,23,242,242,4247527.0,2530935.52,59.17,14,9632.4,14318.7,6.6531
RouteID_24afe5b8-9923-491a-bfc1-b5285abaf694,DLA8,141,14,199,199,3313071.0,2121583.09,84.95,14,11459.0,16905.1,7.8789
RouteID_24bca012-b8fe-4529-810d-d2681966a9a0,DSE2,104,17,237,237,3313071.0,2877080.86,87.17,14,6932.1,20660.0,7.6645
RouteID_24c0d967-65c1-4796-bd78-58aa4f5a4fbf,DCH3,194,22,272,272,4247527.0,2866082.74,56.13,14,10040.2,15267.5,7.0299
RouteID_24d38b1c-3d4c-4327-b01b-fdee627ee779,DBO3,111,22,246,246,4247527.0,2473052.32,46.01,11,8723.0,11317.4,5.5668
RouteID_24e0df13-8cdd-4b3e-bb2d-ef647e24e315,DCH3,188,20,267,267,3313071.0,3054055.11,64.38,13,13114.5,17189.6,8.4178
RouteID_24e45617-1c72-440c-8858-87b46ff16908,DLA9,163,22,254,254,3313071.0,2580296.34,73.21,15,11358.9,18595.5,8.3207
RouteID_24fb5e01-316c-4bcd-a146-19c47d26ee47,DSE4,98,24,230,230,4247527.0,2266158.58,69.6,15,6556.0,16006.9,6.2675
RouteID_24fde177-b328-4bdc-951d-8adf46fe5885,DLA8,53,22,190,190,3313071.0,2071062.73,135.36,16,3988.8,25718.6,8.2521
RouteID_25141480-1e16-4288-b5cb-a03a227f2dd1,DBO3,150,20,217,217,3313071.0,2557514.57,87.15,13,12740.1,18912.2,8.7923
RouteID_25282738-a3a5-426c-913e-afaf757cb3b8,DCH1,83,24,206,206,3313071.0,2200258.96,71.98,14,5154.8,14827.3,5.5506
RouteID_252e3640-9a9e-4979-aa9d-37346d872352,DLA8,135,13,231,231,3313071.0,3276698.45,57.49,16,11305.5,13280.1,6.8293
RouteID_252ed1b5-8878-453f-b5d0-ac36ef3beb12,DCH3,182,21,260,260,3313071.0,2709191.86,57.01,14,14803.4,14822.8,8.2295
RouteID_253bed9c-9358-4c36-a85f-5186bd20b70e,DCH2,187,18,254,254,3313071.0,2724558.09,65.28,12,14082.0,16581.1,8.5175
RouteID_254c845f-d944-4ebc-ac96-3995d7c819c9,DCH4,157,22,225,225,4247527.0,2767821.89,64.25,15,13656.3,14455.4,7.8088
RouteID_25513a0b-fd0f-4cea-aff9-b164dced9638,DLA8,147,17,219,219,3313071.0,2047894.22,87.23,16,10977.0,19103.7,8.3558
RouteID_25530363-f3d9-46e6-a338-c15e19d73d00,DLA3,141,31,277,277,3313071.0,3001602.61,47.03,15,7222.9,13028.3,5.6253
RouteID_25587c48-577e-4e4a-9a93-70f5193938ca,DBO3,154,35,284,284,4247527.0,2817831.73,59.9,12,12769.1,17011.6,8.2724
RouteID_25630c26-a8b1-4843-afed-23c74a22b908,DCH1,144,38,252,252,4247527.0,3061912.48,87.58,14,8499.2,22071.0,8.4917
RouteID_2564c0ae-34c2-4a7d-b2b8-bf72e58bb454,DLA9,169,21,257,257,3313071.0,2409912.79,67.29,15,11704.4,17293.7,8.055
RouteID_256a555c-5049-41fc-990a-e0d4cc180a1b,DLA7,155,24,239,239,3313071.0,2925563.65,52.42,15,11411.8,12529.0,6.6502
RouteID_256a9398-835a-4325-87d5-993ab9031958,DBO3,84,8,163,163,3313071.0,2002540.38,119.85,13,7925.4,19534.9,7.6279
RouteID_256fe43c-7ce7-42dd-aa69-4c0da72cd9a5,DLA3,84,37,186,186,3313071.0,1464528.95,97.84,15,6184.7,18198.5,6.7731
RouteID_25788548-0fb9-4135-81e9-eb32356cbd37,DLA7,198,23,286,286,3313071.0,3004001.57,36.83,16,12586.3,10533.6,6.4222
RouteID_258c7095-bc44-474c-8eca-569398ad5584,DBO3,160,26,222,222,4247527.0,2807419.01,55.37,12,12675.5,12291.4,6.9352
RouteID_259368c2-15b0-4b15-91d4-61c16fd3b649,DLA3,128,10,197,197,3313071.0,1524903.06,97.62,15,9291.7,19231.8,7.9232
RouteID_259cb4d0-8a23-44b8-b866-e91bce0aac88,DCH3,155,20,227,227,4247527.0,2151230.1,62.73,14,11850.3,14239.3,7.2471
RouteID_25a52897-99bd-4c68-b0a2-19657b5296c7,DLA7,183,22,246,246,3313071.0,2647075.14,65.31,16,11915.8,16066.9,7.773
RouteID_25a68524-2145-4c72-acfc-ceac64b58221,DLA3,126,23,269,269,3313071.0,3040036.4,52.42,15,5852.6,14101.8,5.5429
RouteID_25ab3560-17f1-4952-bb47-0238602d8e5e,DLA7,151,19,229,229,3313071.0,2813864.23,82.91,14,10303.9,18986.6,8.1363
RouteID_25c561ec-1d61-405a-b748-c815198ce87c,DLA7,139,22,212,212,3313071.0,2395521.16,82.2,15,11159.9,17427.4,7.9409
RouteID_25f9290d-f84b-4024-adef-8dcee0803120,DCH4,161,20,229,229,4247527.0,2907332.76,68.09,13,12583.9,15591.9,7.8266
RouteID_25ff6914-caaa-453a-8f1e-7ff12b86845a,DLA8,71,21,219,219,4247527.0,3292621.5,77.75,16,4955.2,17026.9,6.1061
RouteID_26102b64-9659-4cc0-ba7e-26b039f8e74e,DLA9,153,21,268,268,3313071.0,2518118.74,69.53,13,10556.1,18633.9,8.1083
RouteID_26107a4c-255a-44e5-a07c-38bd019c5e38,DLA9,145,19,212,212,3313071.0,1941082.03,72.75,15,11079.9,15422.6,7.3618
RouteID_261881f3-9a40-41c2-9ad6-b39b026be2ea,DLA8,129,15,227,227,3313071.0,2147263.49,69.24,14,7786.6,15716.6,6.5287
RouteID_263b3a26-f295-4887-bf1f-bd576bf8f4a0,DLA3,157,13,243,243,3313071.0,2146932.0,67.24,15,10656.0,16338.6,7.4985
RouteID_263d06d8-5d33-4805-b015-24035935f09c,DLA3,133,28,281,281,3313071.0,3240901.95,41.9,15,7798.1,11774.1,5.4367
RouteID_2650e048-a128-456f-bfc1-bda2c15caa58,DCH4,187,24,286,286,3313071.0,3219238.5,40.12,14,12565.0,11475.7,6.678
RouteID_265a19a9-f84e-43de-971a-60135e7a2b0c,DCH4,194,25,270,270,4247527.0,3500198.86,56.7,14,14157.7,15309.3,8.1853
RouteID_2665b4e7-2866-4883-b1b1-dec927ebca68,DBO3,155,33,240,240,4247527.0,3013099.05,54.23,11,11599.6,13016.0,6.8377
RouteID_266a5226-2fa6-4393-a1a8-0344c68f608f,DLA7,129,21,204,204,3313071.0,2068532.94,70.82,14,8415.8,14447.6,6.3509
RouteID_2677b6d6-e48c-45ab-8ba0-6b05df8d9347,DLA7,153,22,246,246,3313071.0,2102820.13,67.55,15,10049.0,16617.3,7.4073
RouteID_267c2f73-ca2e-408f-8709-a31ad15d1e02,DBO3,148,21,207,207,4247527.0,2461808.26,74.09,12,11467.1,15336.2,7.4454
RouteID_26858633-d33e-4cd0-a9ee-afed9e2a6f08,DSE5,170,13,231,231,3313071.0,2468272.62,55.21,13,13478.1,12753.5,7.2866
RouteID_2686bf9e-c4c7-4e24-8f60-e3964000a999,DLA9,80,21,215,215,3313071.0,2189301.23,80.38,15,8595.4,17280.8,7.1878
RouteID_268eff3d-26e0-45d4-89dc-7e7c9ef621f6,DCH4,162,22,220,220,4247527.0,2487437.18,52.0,13,12557.5,11440.9,6.6662
RouteID_2692a8bb-9c37-4fb3-99a2-7b3bfba022ec,DLA7,192,33,265,265,3313071.0,2533044.41,69.68,15,10908.3,18465.1,8.1593
RouteID_26982664-0e33-4ac8-97e0-d1bac514c109,DSE5,152,13,215,215,4247527.0,2213682.08,61.75,14,13154.2,13275.7,7.3416
RouteID_26bb5fb7-7e66-412c-8e16-7044981e803d,DBO3,153,21,215,215,4247527.0,2951178.89,55.29,12,13845.6,11887.2,7.148
RouteID_26c48705-41ac-4738-8ecb-fa4cf515f23c,DLA7,144,27,225,225,3313071.0,2109207.08,62.04,16,10987.8,13958.7,6.9296
RouteID_26c7f6c7-9fe6-4fd8-af4d-9727f9cf8b7e,DBO3,133,23,234,234,4247527.0,2413903.6,67.1,11,8715.4,15702.0,6.7826
RouteID_26e0204c-6a2f-48cc-8a20-c4245529f432,DCH4,160,26,248,248,4247527.0,2813750.63,63.09,15,14247.2,15646.1,8.3037
RouteID_26e5842c-21ee-4205-b6b9-42ece3779e00,DLA9,169,25,269,269,3313071.0,2666633.54,60.21,16,10546.6,16196.2,7.4286
RouteID_26e8b143-7eb9-4636-8fb9-7698e28038d4,DCH2,180,19,281,281,3313071.0,3294199.17,70.59,15,10109.2,19835.6,8.318
RouteID_26f49757-25e2-4b80-bfbf-369e9dd72596,DSE4,156,23,224,224,4247527.0,2960828.32,70.36,15,9880.1,15760.6,7.1224
RouteID_26f77562-2448-4590-8be2-3c71efcfecc7,DLA7,143,23,218,218,3313071.0,1960131.23,71.9,16,10317.6,15673.3,7.2197
RouteID_27239d73-421c-471c-9d51-f97ead3ef44c,DLA5,160,17,238,238,3313071.0,1992861.81,42.31,15,12992.8,10069.3,6.4061
RouteID_272e2b3f-dc0e-40c7-b5cb-97da39aca7f3,DLA8,101,22,258,258,3313071.0,3270990.29,57.81,16,7271.5,14915.3,6.163
RouteID_273f019d-055f-4660-9585-ba7f4356afbc,DLA7,138,19,248,248,3313071.0,2720417.34,51.76,14,8719.9,12836.2,5.9878
RouteID_27457d8b-d66e-4520-beaa-3154429be0af,DLA7,161,18,218,218,3313071.0,2259981.86,76.28,15,11404.8,16629.9,7.7874
RouteID_2747ad67-4e73-4c09-a2c9-a10fa86de44c,DLA8,150,16,258,258,3313071.0,3216712.28,66.93,16,9904.8,17266.7,7.5476
RouteID_274d6324-eb53-4367-8bf1-e1cd2e9542a2,DCH3,192,20,271,271,3313071.0,2604908.8,67.31,14,11922.2,18242.3,8.379
RouteID_2782d7fe-fb2c-4dae-bf2f-f4b9374c7cd0,DCH2,144,18,256,256,3313071.0,2463437.93,47.81,14,9642.5,12240.2,6.0785
RouteID_27852611-48c9-4437-8813-c792bb3ba4c5,DLA9,126,25,263,263,3313071.0,2540134.07,66.69,16,8350.6,17540.1,7.1919
RouteID_2789a213-5b36-4b29-83b0-a37661c7d74b,DLA4,104,15,220,220,3313071.0,2230094.88,100.18,14,6012.0,22040.6,7.7924
RouteID_279efe04-6c1b-4642-a50b-c7d01cc7c281,DSE4,142,13,219,219,4247527.0,2211330.84,77.77,15,9509.5,17032.1,7.3727
RouteID_27a13394-ad93-421b-847b-1f876bb72551,DCH4,148,18,268,268,4247527.0,2868510.44,63.85,15,10561.4,17111.7,7.687
RouteID_27ab27a3-8730-41b1-a2ae-7103e41c5648,DBO2,135,39,292,292,4247527.0,3727702.01,80.52,13,8082.2,23510.8,8.7758
RouteID_27cd5f71-c3fc-4867-9161-89157bba7829,DLA9,141,20,215,215,3313071.0,2039323.76,81.45,15,12361.7,17512.6,8.2984
RouteID_27e7a3e3-8200-4625-9413-73d5ae9e75d5,DLA7,144,26,281,281,3313071.0,3128401.85,52.93,14,11742.9,14874.5,7.3937
RouteID_27f4dd50-fb11-4183-95e1-677b9c4013a7,DLA3,86,20,223,223,3313071.0,2494569.88,85.65,16,5889.5,19100.9,6.9418
RouteID_28044da1-d2cd-43b8-ae84-9611bdcdd4f9,DSE4,172,31,284,284,3313071.0,3020398.25,55.31,15,13672.5,15708.2,8.1613
RouteID_280ce5c1-9aec-481a-a318-9171b0283ec7,DLA9,139,21,258,258,3313071.0,2883601.47,51.6,15,8835.8,13312.1,6.1522
RouteID_281913a8-6047-4d53-9001-f1414a5ca5bb,DLA9,184,28,266,266,3313071.0,2571480.49,79.67,14,11935.0,21192.3,9.202
RouteID_281bd997-0081-482e-82bf-c7b977a75fc3,DLA9,167,34,247,247,3313071.0,2706265.87,44.36,15,12745.1,10957.0,6.5839
RouteID_282054c9-5995-44ff-a8e5-d6e765ce536a,DCH1,174,13,266,266,3313071.0,1806751.4,53.17,14,13722.5,14143.7,7.7406
RouteID_2834378b-e535-4050-8e7e-2f130c503d04,DSE5,155,15,215,215,4247527.0,2280833.45,55.35,14,13531.1,11900.0,7.0642
RouteID_283728b0-d218-4850-ad6b-f0cd49dfee10,DCH4,199,27,286,286,3313071.0,3070360.22,64.49,14,14325.1,18444.0,9.1025
RouteID_2838e580-84d0-414b-b931-acbc9159af6f,DCH2,132,17,249,249,3313071.0,3171290.02,64.22,14,8935.7,15991.9,6.9243
RouteID_2839fd0d-8644-4f18-a484-5de540e74ca4,DSE5,165,15,239,239,4247527.0,2441225.65,61.93,13,12959.5,14801.5,7.7114
RouteID_2840ae21-5153-4723-a7ea-4fbf673d0e32,DLA7,122,19,214,214,3313071.0,3029261.81,71.77,15,9877.1,15359.0,7.01
RouteID_28504ffe-d16e-4e9b-bf85-08f5900cc2ef,DCH3,196,21,273,273,3313071.0,3030081.53,55.32,14,13599.5,15103.1,7.9729
RouteID_28589b3c-03fb-4507-84b0-f555ff5d3668,DSE5,174,15,260,260,4247527.0,2925152.76,62.47,13,14598.2,16243.0,8.567
RouteID_2859fe5b-2154-4b0d-97d1-1dae8046e5a9,DLA9,155,30,289,289,4247527.0,3315040.97,66.16,14,8782.6,19120.3,7.7508
RouteID_285e625d-bc90-4c58-aa34-b2ea3e5d7dbc,DCH4,160,24,214,214,4247527.0,2436757.0,62.93,15,15046.4,13467.0,7.9204
RouteID_286b7da2-196a-4ff1-9c2a-168cc6c7846a,DLA4,147,16,232,232,3313071.0,2361102.79,78.29,14,10472.3,18162.8,7.9542
RouteID_286cab0d-d16c-4704-95ea-54694260f7c1,DLA8,146,23,222,222,3313071.0,2490228.18,80.69,16,12407.9,17912.2,8.4222
RouteID_28704a32-2025-49c6-8a0d-694dba171b5b,DLA3,109,23,250,250,3313071.0,2555999.12,52.65,15,6177.6,13162.9,5.3724
RouteID_2872b642-b7c0-4a84-8309-30eb57dfb2a9,DBO2,162,34,217,217,3313071.0,2596872.73,83.81,13,12298.6,18187.7,8.4684
RouteID_28841b3e-445e-4fbe-a232-61b2f8bd4bb4,DLA7,134,22,246,246,3313071.0,2405609.99,66.35,15,9356.7,16320.9,7.1327
RouteID_28889373-ef6c-4afd-9033-0d12bb53ab7c,DAU1,138,26,287,287,4247527.0,3873892.71,69.11,13,7519.6,19835.7,7.5987
RouteID_28910b4b-2c09-47ac-9bc4-958bd945ddf2,DCH4,132,12,192,192,4247527.0,2702902.16,71.2,15,13504.2,13671.2,7.5487
RouteID_289592b0-5a6b-49ed-ba11-fd8cc809cbf6,DSE5,161,13,235,235,4247527.0,2924380.53,74.02,14,10656.7,17394.1,7.7919
RouteID_2898b093-0ad9-42fc-861a-0eb4b83b0aae,DSE4,151,20,225,225,3313071.0,2944043.07,74.24,15,11117.3,16704.5,7.7283
RouteID_289f1d66-3b9c-4b33-b2cf-aec8c61ed4c8,DLA8,150,16,232,232,3313071.0,2483994.86,96.64,15,10297.2,22421.2,9.0884
RouteID_28b8c8d6-e3fb-4e42-82d9-fbca52be6548,DCH1,157,26,270,270,3313071.0,2785866.36,69.1,14,7487.8,18658.0,7.2627
RouteID_28d67c66-d08b-4649-8606-d62eed956a64,DBO3,180,30,256,256,4247527.0,2761905.69,59.14,12,13160.1,15139.0,7.8609
RouteID_28d7153b-88cf-4d62-bdab-f4f592ce1633,DBO1,199,24,288,288,4247527.0,3459120.03,61.75,13,13165.7,17783.1,8.5969
RouteID_28dcb8b9-9444-4a04-882d-89671af4ebb3,DBO3,159,15,215,215,3313071.0,2724078.72,66.33,12,12644.5,14260.2,7.4735
RouteID_28ec2660-8391-4df1-a040-3945cb182366,DCH4,176,24,259,259,3313071.0,2525106.88,61.81,14,14561.9,16007.7,8.4916
RouteID_28f520bc-5d78-48b2-bfa6-1e7a92060418,DAU1,163,26,287,287,4247527.0,3163299.34,62.01,15,11492.0,17795.6,8.1354
RouteID_2903c494-95a4-4f61-95fd-d06bd8b9e489,DBO3,154,25,211,211,4247527.0,2983680.72,60.27,11,15090.7,12717.1,7.7244
RouteID_2908fe3f-1221-42bd-a710-49d639c8ccaf,DCH4,192,29,295,295,4247527.0,3513113.53,43.1,15,11701.5,12713.1,6.7818
RouteID_2916af17-f6fe-4ddd-8da9-61028e615a76,DBO2,136,22,208,208,3313071.0,3215629.3,82.54,13,11288.2,17167.8,7.9044
RouteID_295a03aa-b57c-49d0-83dc-b2b53be5395f,DSE5,177,14,248,248,3313071.0,2347504.28,57.64,15,13664.7,14294.9,7.7666
RouteID_296423bc-0a6d-4c0b-a174-ca312d3eec90,DSE5,157,15,214,214,4247527.0,2497284.2,65.1,13,13536.2,13932.0,7.6301
RouteID_297051bd-e585-4ce2-a9d3-db791afda2a0,DLA7,152,20,222,222,3313071.0,2164742.48,70.0,15,9855.4,15538.9,7.054
RouteID_29917fb0-1683-4389-93a9-cd2818e18661,DLA9,104,20,230,230,3313071.0,3186578.33,54.5,16,7106.4,12534.3,5.4558
RouteID_29965a6e-db89-4ecb-a264-93446766664d,DAU1,180,32,298,298,4247527.0,3529254.62,50.39,15,10792.8,15015.1,7.1689
RouteID_29b8a0f0-7b87-44a8-9af8-07858bc540ed,DBO3,140,15,187,187,4247527.0,2012164.54,58.71,12,13006.8,10977.9,6.6624
RouteID_29c3da5b-1028-4cfe-a50a-bfd9a3903663,DCH4,187,20,257,257,3313071.0,2969949.56,49.77,15,13955.1,12791.3,7.4296
RouteID_29ccfbd6-9f94-4a83-b6c0-ee4401205524,DSE5,163,13,240,240,4247527.0,2415971.44,65.0,14,11832.2,15599.5,7.6199
RouteID_29cdfe57-93a2-433d-8cdc-d26ae8e41ea5,DLA4,181,16,270,270,3313071.0,2937633.39,64.22,15,12553.4,17338.2,8.3032
RouteID_29d2c0c3-8485-4c3f-bb66-e53141f033a6,DLA9,146,23,262,262,3313071.0,2798016.24,60.05,15,10058.6,15732.7,7.1642
RouteID_29dc4397-6d33-4ee2-b5a2-9c2a40f9cb9d,DLA5,147,17,223,223,3313071.0,2188239.19,75.04,16,11268.5,16734.0,7.7785
RouteID_29e0f502-b585-4ed8-82a3-e851e3e373a4,DLA9,128,19,209,209,3313071.0,2025114.65,85.1,14,7474.0,17785.3,7.0165
RouteID_29fc33e3-6797-4a74-b81b-bbdc27ea876a,DCH4,167,22,244,244,4247527.0,2705271.42,46.93,15,15694.1,11451.3,7.5404
RouteID_2a01ff7e-eba0-4635-94d2-d29c7ba1814b,DCH1,154,26,265,265,3313071.0,2809524.69,58.08,13,11186.4,15389.9,7.3823
RouteID_2a07cb21-7891-47c8-8ac4-fff22341e072,DLA7,112,26,212,212,3313071.0,2233747.51,55.78,16,10381.5,11824.6,6.1684
RouteID_2a0c2032-6756-4924-8c33-1b7de78e90af,DLA7,133,24,188,188,3313071.0,1892156.21,100.2,15,13021.6,18837.1,8.8496
RouteID_2a152fdc-4693-47d7-8c8a-ec8948e3d457,DSE4,144,21,253,253,3313071.0,3172395.46,71.43,15,11051.4,18070.8,8.0895
RouteID_2a1cf8ff-c7c6-4cf1-9cd5-f6e755cfa42f,DLA4,115,18,259,259,3313071.0,3118397.67,65.56,14,7661.0,16979.3,6.8445
RouteID_2a3c3182-75fb-49c1-8408-7309fc4e54d6,DCH3,205,21,273,273,4247527.0,3503959.78,58.1,15,12286.0,15862.0,7.8189
RouteID_2a3c968f-3d2e-45b4-aa76-cb1f184028e8,DBO3,179,21,246,246,4247527.0,3226330.42,55.25,11,13703.9,13591.6,7.5821
RouteID_2a4643c6-209e-4506-8f50-f1f35e067fd1,DSE5,142,12,202,202,3313071.0,2198598.21,95.99,15,10802.5,19390.0,8.3868
RouteID_2a47a964-83e9-492b-a938-57f2f56174d0,DCH1,99,21,223,223,3313071.0,2153596.58,72.52,14,7015.2,16172.7,6.4411
RouteID_2a4b476d-0482-4569-8998-febb509aeae1,DCH3,186,17,257,257,4247527.0,2275904.83,65.31,13,13436.6,16785.0,8.3949
RouteID_2a4bf2a2-524b-4c25-b1aa-7352e271a73d,DSE4,100,11,212,212,4247527.0,2420160.57,100.08,15,5820.0,21216.3,7.5101
RouteID_2a4d67bb-7a38-4a46-8cb7-a314e53f8c30,DCH4,126,15,189,189,4247527.0,2372976.12,77.2,13,12935.7,14591.2,7.6464
RouteID_2a5047f9-89c2-4b3e-ba1a-fe13e307086b,DBO3,138,23,194,194,4247527.0,1906101.98,77.41,11,11071.5,15018.0,7.2471
RouteID_2a516e4b-d76f-41c2-8a4d-4bef43dee009,DSE4,152,24,237,237,3313071.0,2828382.6,61.7,15,10895.7,14622.8,7.0885
RouteID_2a557de5-2e64-42e1-b63a-19e83d02c766,DLA3,95,18,198,198,3313071.0,2252886.03,98.94,15,6499.5,19589.3,7.2469
RouteID_2a58ebbc-9f25-4389-bcc3-96c14515b07e,DSE5,175,18,275,275,3313071.0,2582556.21,60.73,15,11194.0,16700.1,7.7484
RouteID_2a68954f-aeb1-4351-94a3-2237f19f1ac9,DLA7,147,20,210,210,3313071.0,2365118.25,58.55,16,12104.3,12295.3,6.7777
RouteID_2a6cf9f5-f3c8-47c6-9020-20e2f87e2642,DCH4,204,28,282,282,3313071.0,3235961.48,48.34,15,13759.5,13632.1,7.6088
RouteID_2a725e0e-2294-4fd3-85d1-f9530d041185,DCH3,184,18,254,254,4247527.0,3160726.95,69.39,15,13439.3,17625.0,8.629
RouteID_2a769750-b77d-48a2-ac37-0996bf4c7ee9,DBO3,136,19,203,203,4247527.0,1769746.18,58.29,12,15490.3,11831.9,7.5895
RouteID_2a8ca95a-19c2-4f43-a2aa-8ccc01db4745,DSE4,83,15,159,159,4247527.0,1422049.78,110.83,15,7328.0,17622.3,6.9306
RouteID_2a8dcbe6-bc22-4975-9d4e-b789a5e2449d,DSE4,102,25,219,219,4247527.0,2129241.82,76.15,15,7568.5,16676.9,6.7348
RouteID_2a92ffd3-7eb0-4b1b-a101-ad6ef76782e0,DLA7,115,17,201,201,3313071.0,1563100.32,78.42,14,8156.5,15763.4,6.6444
RouteID_2a957ed6-9364-41c8-b4f1-c6a9c8683c1b,DLA4,146,13,241,241,3313071.0,3210486.87,61.11,15,7455.6,14728.5,6.1623
RouteID_2a9698ca-20e3-4fe4-87da-b221990bd14d,DLA3,154,14,241,241,3313071.0,2449974.89,90.38,16,8439.9,21782.1,8.395
RouteID_2aa52b16-af1e-4071-a9f8-ea2a327aae64,DCH3,184,21,271,271,3313071.0,2736482.21,54.35,14,12455.7,14729.2,7.5514
RouteID_2aa72e48-3ca8-43e3-8fb5-b1a625f920c0,DSE2,100,19,218,218,4247527.0,2190219.56,90.85,15,5966.1,19806.1,7.1589
RouteID_2aae8f86-6d8b-49cc-bbe3-8b1c4f267335,DLA4,116,14,239,239,3313071.0,3176883.36,57.65,14,8679.3,13777.9,6.2381
RouteID_2ab987ec-cfee-451a-8609-7970c57c6829,DLA9,103,17,238,238,3313071.0,2315486.55,71.94,15,8084.3,17121.1,7.0015
RouteID_2abe9f9e-820b-4bbf-91df-28eb3937007e,DCH3,177,18,246,246,3313071.0,2653678.94,42.35,14,16936.5,10417.5,7.5983
RouteID_2ac18e73-d6c5-4560-a8a5-40800377c223,DCH4,178,23,245,245,3313071.0,2619699.77,47.42,14,15728.9,11617.9,7.5963
RouteID_2ac24699-eee5-4f52-9a18-969cb9591b49,DSE5,186,15,248,248,3313071.0,3230230.36,55.44,15,12095.4,13748.1,7.1788
RouteID_2acac103-196f-4d27-9571-9b68faf4cb12,DSE5,126,9,184,184,4247527.0,2171204.75,85.21,14,10368.2,15678.4,7.2352
RouteID_2acf257f-7eb7-4fe0-8c19-cdb2b86dd3cc,DSE2,129,24,242,242,4247527.0,2857934.72,78.26,15,7136.7,18938.4,7.2431
RouteID_2ad4d673-65bc-4947-b11d-2c9cda109b45,DSE4,89,27,199,199,4247527.0,2155559.89,100.71,15,6388.5,20041.8,7.3418
RouteID_2ae1d073-0d05-4c69-8f4a-2c86ce6c6a27,DSE4,179,26,286,286,3313071.0,3272128.23,59.31,15,10858.6,16963.8,7.7284
RouteID_2ae3daec-a9d9-45ff-895e-1d8ac879a51a,DLA7,128,21,200,200,3313071.0,2476619.76,77.3,14,10505.5,15460.4,7.2127
RouteID_2aee9c1c-561b-4141-873c-10760377ed8f,DBO3,163,36,227,227,4247527.0,3859142.17,68.11,12,15592.2,15462.0,8.6262
RouteID_2b033896-28d9-443b-ad1f-a9eafda0fa8b,DLA7,155,23,217,217,3313071.0,2123853.41,72.19,15,12131.5,15664.4,7.7211
RouteID_2b066fae-9bd4-4dfb-8d31-ade73671bc50,DAU1,186,28,278,278,4247527.0,2694527.24,63.2,15,10904.5,17569.0,7.9093
RouteID_2b1615e2-8fdd-4de2-86c5-5b56f663d539,DLA7,163,22,241,241,3313071.0,2046172.31,49.18,16,10154.9,11852.9,6.1133
RouteID_2b163113-f628-4811-8f86-cf25e5fb2542,DSE4,160,22,246,246,3313071.0,2470969.8,68.78,15,12092.5,16920.1,8.0591
RouteID_2b185eb8-39d1-4f3f-8444-0018ddc61f88,DLA4,131,21,296,296,3313071.0,3293335.67,59.07,13,8574.2,17484.4,7.2385
RouteID_2b1e310d-4fe0-4832-aea6-001d7db0e5e6,DLA7,133,23,214,214,3313071.0,2437600.18,78.0,14,9933.5,16691.2,7.3957
RouteID_2b201195-be17-4f94-ad28-f8ed91e861a8,DLA7,122,21,155,155,3313071.0,1573923.03,88.82,15,13160.7,13767.2,7.48
RouteID_2b242e5d-aedf-400e-8cf8-f9ac000c1f29,DCH1,158,11,204,204,3313071.0,2166834.88,83.95,14,14980.4,17126.6,8.9186
RouteID_2b24f987-ffe7-4823-947e-b0c8cfbb1824,DSE5,182,18,255,255,3313071.0,3148685.75,56.93,15,13670.9,14516.4,7.8298
RouteID_2b35e0c0-df09-49b4-89f1-b4ff99ab90a4,DSE4,137,23,205,205,3313071.0,2085884.46,79.2,15,9245.1,16236.9,7.0783
RouteID_2b3ceb65-97c1-4326-9af9-42ace2676b49,DCH1,148,23,249,249,3313071.0,2972765.56,82.59,15,7852.4,20563.8,7.8934
RouteID_2b52633e-6b57-431f-9213-c8614105b120,DLA7,122,26,182,182,3313071.0,2197393.39,75.08,14,11684.9,13664.1,7.0414
RouteID_2b58ad84-acbe-49b6-a76a-5b53438571fb,DLA7,155,27,228,228,3313071.0,2352940.8,49.81,14,12662.7,11357.8,6.6724
RouteID_2b654a90-82cd-457b-aa02-80093faece3a,DLA7,158,21,241,241,3313071.0,2684078.14,77.18,15,10234.9,18599.5,8.0096
RouteID_2b8421af-896b-4673-9655-5d0fdae06a2c,DCH3,199,19,274,274,4247527.0,2534474.06,55.55,13,14556.9,15221.1,8.2717
RouteID_2b8d0784-bd3c-4632-918e-bd0f51c0ace1,DLA8,130,19,266,266,3313071.0,2595577.86,68.94,16,9573.1,18338.7,7.7533
RouteID_2b8df66d-fcd4-438e-931c-3b84b36a5c6b,DLA9,133,20,248,248,4247527.0,3377320.31,57.22,14,11598.7,14190.3,7.1636
RouteID_e669cae4-1bb3-42c4-a031-49bb2c656195,DCH2,186,23,293,293,3313071.0,3288551.3,66.28,15,9515.5,19420.9,8.0379
RouteID_e68006d4-764f-43a0-ad3b-e4f73c5499d9,DLA7,136,21,203,203,3313071.0,2170911.67,67.59,15,9610.3,13720.4,6.4807
RouteID_e681a281-5df7-4db5-a386-a43f4da6f693,DSE5,136,11,174,174,4247527.0,1943032.11,85.44,15,13615.4,14867.0,7.9118
RouteID_e68ca597-3ca4-4783-ae4f-50fc5048d8ca,DLA7,166,24,225,225,3313071.0,2540404.97,60.53,14,11336.1,13619.6,6.9321
RouteID_e69bc85a-9117-42b8-9cdd-a5685eae676a,DLA9,183,23,255,255,3313071.0,2395547.84,65.42,15,11488.9,16683.2,7.8256
RouteID_e6ac298a-4b9f-4cd3-80aa-6cff0e61c403,DBO2,72,28,186,186,4247527.0,2012065.46,90.33,11,7064.4,16801.6,6.6294
RouteID_e6b2af46-4a18-426d-9c87-513478543840,DLA9,150,21,277,277,3313071.0,3018194.96,54.19,14,9377.6,15010.5,6.7745
RouteID_e6b5dbe1-763e-4c23-8bb4-1807b1c589de,DLA8,168,20,274,274,3313071.0,2881477.43,73.32,16,10203.7,20090.4,8.415
RouteID_e6c5c204-e654-48fa-b7bd-4a911794c14a,DLA7,148,24,218,218,3313071.0,1681291.59,69.27,14,11469.8,15100.1,7.3805
RouteID_e6cfb7a6-f59c-4ac1-af63-3d5b32a05824,DLA7,117,21,210,210,3313071.0,2389512.18,79.74,14,10142.0,16746.1,7.4689
RouteID_e6daa979-9489-4f77-a685-8d7ad26ab53e,DBO2,171,18,250,250,4247527.0,2519282.77,58.41,13,13572.8,14603.6,7.8268
RouteID_e6de8d28-7a55-4ae2-b189-3a199a52bb56,DLA9,156,26,293,293,4247527.0,3325188.67,72.59,14,9088.8,21269.4,8.4328
RouteID_e6ecd159-1bc9-4521-835c-a34ad21b0c21,DLA7,173,26,264,264,3313071.0,2948352.73,66.35,16,9654.6,17516.4,7.5475
RouteID_e6ee20e7-85f8-441f-b9f4-93fb6d51732f,DLA7,167,23,234,234,3313071.0,2211262.81,43.71,16,10600.8,10228.2,5.7858
RouteID_e6effddb-f582-4e0a-a677-6b6d11765e07,DBO1,95,10,277,277,3313071.0,2918984.2,80.51,12,6223.8,22302.6,7.924
RouteID_e6f02459-424d-40e3-927e-b1aceb1a96a7,DSE5,140,10,207,207,4247527.0,2595246.93,70.69,15,8992.2,14633.8,6.5628
RouteID_e6f61db0-872e-4b44-9c91-11d929e7e489,DLA7,137,21,205,205,3313071.0,2139648.3,68.21,14,10532.8,13983.7,6.8101
RouteID_e6fce453-ea05-418d-ad5f-0f4970e15181,DCH3,175,19,248,248,3313071.0,3256323.9,58.71,14,12501.9,14559.8,7.5171
RouteID_e6fdc3e4-5b0f-41cd-a45e-948f2f091a97,DBO2,176,30,285,285,4247527.0,3012688.14,67.0,12,14168.8,19094.3,9.2397
RouteID_e707099e-21be-409f-a9aa-cacefc46ac6d,DLA3,129,21,253,253,3313071.0,2651410.33,60.87,15,7487.4,15400.2,6.3577
RouteID_e714d7f3-fed1-454f-b7b2-0d901bc28d47,DLA7,145,22,217,217,3313071.0,1730830.24,80.64,16,11733.1,17499.1,8.1201
RouteID_e716a63a-4973-415c-9bdb-abd2fb52c38f,DLA8,79,25,189,189,3313071.0,2009754.6,114.5,15,5885.3,21641.0,7.6462
RouteID_e71e3c25-0652-4647-9eb1-1a8218de6619,DLA4,87,14,200,200,3313071.0,2135008.59,97.27,14,5372.9,19454.1,6.8964
RouteID_e71f3bad-1b3f-48fb-a98b-ae7c305b8a79,DCH2,155,19,284,284,3313071.0,3181346.98,66.5,14,8252.8,18885.5,7.5384
RouteID_e7324182-f702-4bbe-a7bb-c6a58a3fd3bf,DLA8,137,19,242,242,3313071.0,2850923.77,78.16,16,7855.3,18915.1,7.4362
RouteID_e7389f9b-8528-47ab-8e92-b970be768fde,DBO3,153,16,213,213,4247527.0,2449143.21,64.38,12,13796.1,13714.0,7.6417
RouteID_e73d811b-b182-4baa-8fd4-47066acccab3,DLA8,82,22,215,215,3313071.0,2457909.91,83.92,16,4280.1,18043.7,6.2011
RouteID_e73f48a7-010b-4238-86e0-43b7676a51fd,DAU1,124,28,244,244,4247527.0,2614472.97,89.43,14,7261.0,21820.2,8.0781
RouteID_e7407307-44d1-493f-9ff0-0d9614dd31a7,DLA9,156,27,294,294,3313071.0,2762051.39,65.78,13,11318.6,19340.1,8.5163
RouteID_e76d12b8-901b-45b8-9ad6-dc62f984105e,DSE4,162,26,280,280,3313071.0,3208073.82,57.31,15,10419.4,16045.7,7.3514
RouteID_e76d133d-6d81-42e5-9f91-9c455b2ed429,DSE2,59,18,207,207,3313071.0,3111719.35,98.37,14,4069.8,20363.6,6.7871
RouteID_e7737d96-c89e-4619-9e3b-54fc2984ccae,DLA3,65,17,188,188,3313071.0,2007728.54,120.59,14,4875.5,22671.2,7.6519
RouteID_e77b696c-867e-439a-9591-62250e7c8951,DCH1,189,19,289,289,3313071.0,3063336.48,54.99,13,15149.9,15891.4,8.6226
RouteID_e787596d-c3f4-4292-aea7-9ceb4470845a,DBO2,83,23,172,172,4247527.0,2256925.48,108.17,13,7602.4,18604.8,7.2798
RouteID_e7924324-784d-4859-b120-1774fa09902a,DLA3,134,13,200,200,3313071.0,1858534.89,75.9,16,9134.2,15180.8,6.7542
RouteID_e7954802-951d-4343-9660-e80da1a9a581,DSE4,160,24,269,269,3313071.0,2355292.83,61.63,15,11633.8,16577.2,7.8364
RouteID_e79ea922-61bd-4e76-89d4-e889be0a10be,DSE4,172,21,248,248,3313071.0,2642658.15,46.91,15,10560.9,11634.7,6.1654
RouteID_e79ef17f-5d49-4ab7-88cb-52bb8d7d831a,DBO2,181,27,254,254,4247527.0,2955801.88,69.49,11,14994.0,17651.3,9.0681
RouteID_e7a76140-2d08-4e54-95b4-625bbeca549a,DAU1,174,37,279,279,4247527.0,3859290.14,58.53,15,12757.5,16329.1,8.0796
RouteID_e7b34225-9d3d-45d0-b6d1-9c207e513191,DSE5,143,11,237,237,4247527.0,2341927.19,71.25,14,9647.4,16886.5,7.3705
RouteID_e7bc4983-219c-4b28-a26a-1bc21ee6636d,DLA9,134,23,252,252,3313071.0,2369091.83,62.5,13,9427.4,15750.4,6.9938
RouteID_e7bceef0-724d-4ca6-b4be-c36361b132f2,DLA8,141,22,235,235,3313071.0,3275161.66,50.58,16,10128.9,11887.3,6.1156
RouteID_e7c60ed0-023d-42c5-a5ca-d173665b78a3,DLA8,148,22,225,225,3313071.0,2314519.52,84.28,16,10123.1,18963.9,8.0797
RouteID_e7cbb355-9cc1-4d41-b0ee-4084fac5df55,DAU1,105,39,209,209,4247527.0,2372802.69,102.93,13,6931.8,21511.9,7.901
RouteID_e7d90bca-f04a-4502-bfb0-5914071b4712,DLA9,140,21,253,253,3313071.0,3101350.99,70.56,16,10849.3,17850.8,7.9723
RouteID_e7ebc223-b8b8-4bc0-8bc6-8871ff93b2a6,DBO3,200,28,277,277,4247527.0,3219655.46,41.44,13,14729.2,11479.4,7.2802
RouteID_e82411da-f7c8-46ae-8da6-ba84981edc80,DLA4,126,11,197,197,3313071.0,3210237.06,75.92,14,7911.6,14956.7,6.3523
RouteID_e824c330-2910-4d27-b3ec-3973e2d2fa32,DLA7,166,22,234,234,3313071.0,2019038.22,71.45,14,10908.5,16719.4,7.6744
RouteID_e8344812-c989-4853-9620-8e0913229dbe,DLA9,166,20,262,262,3313071.0,2116756.92,77.57,15,10711.7,20323.3,8.6208
RouteID_e84068de-6423-4fe2-8dc1-9b000d5aeb24,DSE4,118,13,210,210,4247527.0,1994486.04,61.48,15,6735.1,12910.9,5.4572
RouteID_e843e921-b8ad-4ee1-ab52-f08f24bc957e,DLA5,196,20,268,268,3313071.0,2479557.48,54.02,16,13832.9,14477.3,7.8639
RouteID_e8458ee8-5eba-4706-87c7-e0461d765203,DCH3,174,18,224,224,3313071.0,2389766.47,63.83,15,13066.9,14297.9,7.6013
RouteID_e8543ce8-6172-4afe-9962-ac0bba9e5462,DLA9,153,20,210,210,3313071.0,1702279.75,76.23,15,10736.5,16009.2,7.4294
RouteID_e868a1d9-f982-4d53-93cf-d48dc4ecc953,DBO1,178,23,294,294,4247527.0,3406561.19,57.58,12,10152.6,16927.9,7.5224
RouteID_e88e7a93-4221-43cb-8c8b-dbb8c3acaa71,DAU1,178,27,271,271,4247527.0,3283138.54,46.69,15,11288.5,12653.5,6.6506
RouteID_e89b8787-3b05-4c16-8c2b-89747355b151,DAU1,158,27,268,268,4247527.0,3188488.59,62.35,15,11594.3,16708.9,7.862
RouteID_e89fb87d-9e11-46b7-9f4a-51b337cf7639,DLA7,146,20,228,228,3313071.0,2516915.25,48.61,16,11071.4,11083.6,6.1542
RouteID_e8a498a9-6fe6-4946-a956-212aa2ad48d3,DSE5,185,16,257,257,3313071.0,2931158.34,59.67,15,11596.9,15335.3,7.4812
RouteID_e8bc8642-a1e2-4758-b127-fb29aff67fad,DLA9,166,21,257,257,3313071.0,2576881.14,64.04,15,11510.2,16459.3,7.7693
RouteID_e8dfdca8-6178-408b-adde-2d02e5349787,DLA7,137,19,229,229,3313071.0,2236159.79,70.4,14,10715.3,16122.7,7.455
RouteID_e8f41130-fa8c-4093-964c-76988c12988d,DSE5,177,12,266,266,4247527.0,3002941.44,49.5,15,9556.0,13166.2,6.3117
RouteID_e8fadfda-0160-40d7-8a89-7bedbe0502e5,DLA3,144,17,219,219,3313071.0,1836346.8,76.66,16,8671.7,16788.6,7.0723
RouteID_e903f176-6bb8-4bf9-9cba-7f45dcf93614,DBO3,155,22,193,193,4247527.0,2510541.99,90.22,12,14295.4,17411.9,8.8076
RouteID_e90fe5e6-76b2-47f6-83c6-874543fe7dc6,DLA8,84,21,271,271,3313071.0,2705354.2,72.79,15,4072.6,19725.5,6.6106
RouteID_e933a4e4-dbe2-4cdc-85e4-b6d99bd04f3a,DCH3,178,23,221,221,4247527.0,2545982.77,75.63,12,14837.5,16715.1,8.7646
RouteID_e9384028-2356-4ee6-b0c7-330c4847b64a,DBO2,88,32,268,268,4247527.0,3348107.7,51.01,13,5793.6,13671.3,5.4069
RouteID_e94aa49e-6566-454c-880f-c778502ca92a,DCH4,159,26,260,260,4247527.0,2536477.75,63.82,15,13729.3,16594.1,8.4232
RouteID_e961d38f-49f1-4bb2-b2c2-e985da51f6a4,DCH2,168,18,260,260,3313071.0,3246228.66,73.97,12,12340.0,19231.4,8.7698
RouteID_e9648a7e-a8f8-4f10-a49a-014f07641e6c,DCH3,169,17,248,248,3313071.0,2255129.04,76.31,13,11312.6,18925.4,8.3994
RouteID_e9665690-5c00-480d-bb07-81aec9e55c7e,DCH2,151,19,276,276,3313071.0,2880228.6,67.17,14,9868.7,18539.5,7.8912
RouteID_e96d63c6-3c4f-4e31-afa4-11798289e762,DLA9,91,11,151,151,3313071.0,1385244.83,103.4,13,10164.9,15613.1,7.1606
RouteID_e97b9afc-7b6d-4139-8d09-be696884e30c,DLA8,144,24,285,285,3313071.0,3057499.58,62.72,14,9640.9,17875.8,7.6435
RouteID_e987e6c1-7595-4ecf-8373-243c80645d1f,DLA7,133,13,194,194,3313071.0,1810655.21,104.54,15,8519.1,20280.7,7.9999
RouteID_e9939a49-8f0d-439f-80d9-1840dc1376ca,DBO3,166,21,240,240,3313071.0,3078616.66,54.73,13,13177.8,13136.2,7.3094
RouteID_e99be157-67ab-486c-9a9e-4b7c1334ec3a,DLA4,94,16,189,189,3313071.0,2337782.1,108.35,13,6477.6,20478.1,7.4877
RouteID_e99e1c5f-4c66-4673-a1f7-923fb2b1a6c9,DCH4,146,20,218,218,4247527.0,2522078.59,67.49,15,11453.3,14712.5,7.2683
RouteID_e9ab98e0-e0f8-4ef3-af3d-e4f6b6761a21,DCH1,156,24,275,275,3313071.0,2762600.55,79.68,14,9225.7,21911.1,8.6491
RouteID_e9aba334-43f9-4afd-891c-5b6f5343a9a3,DBO2,127,12,238,238,3313071.0,2824656.32,69.69,13,9420.5,16585.8,7.224
RouteID_e9b374a0-5506-40e2-84fa-aeab6b50640b,DSE4,176,24,257,257,3313071.0,2449477.2,51.07,14,12321.8,13125.7,7.0687
RouteID_e9be73c7-a682-40b1-953a-7505bfd78004,DCH4,137,14,209,209,4247527.0,2316369.32,75.85,15,10930.2,15852.5,7.4396
RouteID_e9c65713-b13e-42e3-82b0-2e8a86c658f2,DCH4,158,19,246,246,4247527.0,3486552.54,47.52,15,13313.0,11690.6,6.9454
RouteID_e9d020c5-ec92-4f99-b435-4001fcc7c4cf,DLA3,113,21,186,186,3313071.0,2061242.73,90.4,15,9338.6,16814.8,7.2648
RouteID_e9d3238e-808f-4fc2-bc6c-a08d019a0cbb,DBO2,139,10,226,226,3313071.0,2211543.61,73.86,13,10967.5,16691.7,7.6831
RouteID_e9de5a97-feb0-406f-8e5e-b2d46307f639,DLA3,172,14,247,247,3313071.0,2539547.27,57.04,15,10601.4,14089.9,6.8587
RouteID_e9efcb1a-a601-4596-8717-6fd8252157ae,DLA7,159,25,223,223,3313071.0,2119978.29,71.77,16,12976.2,16005.3,8.0504
RouteID_ea0a88b0-e8f9-4833-b69e-87392b4eadbc,DBO3,165,28,217,217,4247527.0,3000583.0,54.17,12,14876.3,11755.3,7.3977
RouteID_ea157aa5-eb7b-4d17-8229-0b6f207511ab,DLA7,165,27,253,253,3313071.0,2836744.93,57.6,15,9422.0,14572.5,6.6651
RouteID_ea1a1912-8bf9-489b-bdba-f1b6daf22df4,DCH4,201,26,284,284,4247527.0,3358938.32,43.25,15,13363.7,12283.2,7.1241
RouteID_ea1eb6e0-b4d7-4605-a7db-fc10117a74ad,DLA7,189,29,290,290,3313071.0,3197146.27,56.72,16,9930.4,16449.7,7.3278
RouteID_ea265dca-1634-4aaf-ab52-64ccac1a1222,DLA7,182,23,239,239,3313071.0,3301223.41,63.17,15,11742.1,15097.8,7.4555
RouteID_ea421f5c-0f26-48ba-b6e1-5d31a9c7efa0,DCH4,118,20,230,230,4247527.0,2308207.55,59.88,15,12049.4,13773.4,7.173
RouteID_ea4c4af8-5a0a-4fd5-9058-115e05a87ef5,DCH4,191,24,282,282,4247527.0,3733124.66,47.17,14,11197.1,13301.5,6.8052
RouteID_ea6f8789-581b-46e1-8d03-eed786cb348f,DSE4,162,27,255,255,3313071.0,3169799.48,66.0,15,12401.7,16829.2,8.1197
RouteID_ea7f0758-beef-4955-847a-aab2cc624135,DSE4,156,29,255,255,3313071.0,3027195.86,54.93,14,12134.6,14006.3,7.2614
RouteID_ea97278c-f9f8-4b43-a4b1-a2905df67205,DLA5,178,20,249,249,3313071.0,2386734.42,60.3,14,12162.9,15014.3,7.5492
RouteID_ea993870-5cc6-4243-9197-71e0f778c500,DBO3,145,24,189,189,4247527.0,2382435.4,73.59,12,13011.8,13907.9,7.4777
RouteID_eaab142c-4410-4223-9343-d6297a656cca,DCH3,205,24,272,272,3313071.0,2929620.54,43.68,14,14578.7,11881.0,7.3499
RouteID_eaaf24a5-e837-4de3-aa40-47249042355e,DLA9,158,26,273,273,3313071.0,2794823.38,69.01,15,9005.3,18840.1,7.7348
RouteID_eab2f503-0f54-4571-bb4a-402b71472c0c,DLA7,163,23,263,263,3313071.0,2371557.08,69.14,16,9021.6,18184.2,7.5572
RouteID_eac3b24f-8261-4f2e-8cf4-79ccd10ba60b,DCH4,177,26,236,236,4247527.0,2394187.28,65.47,15,11585.7,15450.7,7.5101
RouteID_eac78ecc-822e-421f-9a28-e5635b4badf1,DSE5,137,12,193,193,4247527.0,2705116.36,87.31,13,13656.0,16851.1,8.4742
RouteID_ead27e69-9ff4-4c33-b8e0-53123bc6cde0,DCH2,155,16,227,227,3313071.0,2262696.19,57.72,14,13039.5,13102.6,7.2617
RouteID_ead7418a-29a8-4444-9c54-82d43f3e1f1e,DLA7,189,24,275,275,3313071.0,2956200.93,59.83,16,12670.7,16453.9,8.0902
RouteID_eadb5681-af80-4df1-ac4f-1efe88dc5fea,DLA9,149,27,250,250,3313071.0,3010965.12,76.12,16,8362.9,19029.3,7.6089
RouteID_eadf4376-7eea-4913-8e2a-afbf9389ca5e,DAU1,157,27,204,204,4247527.0,2517979.35,82.7,13,12905.9,16871.8,8.2716
RouteID_eaeedca9-3db6-4a84-9388-3cd2a3e2238f,DLA5,136,16,188,188,3313071.0,1635338.55,84.72,16,9426.4,15928.3,7.043
RouteID_eaf9b098-b434-4d2b-8d5a-f943c0accdaf,DBO3,158,27,214,214,4247527.0,2369111.7,59.09,12,14974.5,12644.4,7.6719
RouteID_eaffb2c8-c18e-4c97-a03c-90a231690f0a,DSE4,190,31,281,281,3313071.0,3198662.35,62.36,15,13128.4,17522.2,8.5141
RouteID_eb092c67-431e-4a2d-8739-1fa47e39dde4,DLA8,143,15,224,224,3313071.0,2344631.37,89.58,16,10332.5,20065.1,8.4438
RouteID_eb0bcb5e-f0f2-4238-80d8-3702c62b9515,DSE5,150,11,202,202,4247527.0,2120204.86,68.45,14,14136.8,13826.6,7.7676
RouteID_eb151ad3-0a85-42db-98ed-152ff4e0089e,DBO3,200,25,256,256,4247527.0,3297253.78,58.75,12,14699.1,15039.7,8.2608
RouteID_eb266843-1320-45e3-94fc-784a027a6bf8,DSE4,88,18,240,240,4247527.0,2745205.78,84.57,15,6479.0,20297.8,7.438
RouteID_eb2b18af-1b7c-41e5-8b6e-fc868e7378ff,DLA9,87,29,243,243,3313071.0,2916821.52,76.94,16,6830.3,18695.8,7.0906
RouteID_eb2db975-d570-4ce1-aad8-6e02862fab29,DSE2,78,21,187,187,3313071.0,1754172.55,115.79,14,4538.0,21652.8,7.2752
RouteID_eb2fd7d2-7145-40e0-8a80-5c49b8d4aee2,DLA4,179,16,281,281,3313071.0,3277251.04,47.77,16,11740.2,13424.5,6.9902
RouteID_eb3aa480-000d-477d-8ea9-b87106b41d9c,DLA7,148,24,245,245,3313071.0,3152544.98,64.35,14,10562.0,15764.9,7.313
RouteID_eb3d89a9-698e-448b-9f27-c65201a297da,DCH4,189,26,258,258,4247527.0,2891229.47,50.0,14,14841.4,12898.9,7.7056
RouteID_eb3e7d62-d30a-4f4b-8800-d4771833f2c8,DLA7,148,19,256,256,3313071.0,2507993.75,75.35,16,11540.3,19288.9,8.5637
RouteID_eb435ecd-dec0-4e5d-b09e-c55cf7d1cf64,DLA9,102,15,244,244,3313071.0,2563068.19,97.72,15,6796.9,23842.8,8.511
RouteID_eb48f9eb-fbee-4f49-b911-1e7d2b7ae8ca,DBO2,152,20,239,239,3313071.0,3276453.74,57.88,13,10367.2,13833.3,6.7224
RouteID_eb4a8294-7713-4fc6-86b2-41ca1c8d23a5,DBO3,176,16,234,234,3313071.0,3228346.62,46.47,13,15011.6,10873.6,7.1903
RouteID_eb58295e-a367-43e1-827f-f6467cf010ac,DLA7,170,17,211,211,3313071.0,1934721.06,62.88,15,13611.7,13267.9,7.4666
RouteID_eb5d4acd-28aa-479c-93d0-0973eee3172e,DAU1,172,24,281,281,4247527.0,3256434.26,49.52,14,11143.2,13914.4,6.9604
RouteID_eb6451f7-4848-4e2f-9df7-d8622fe4d5ad,DCH4,151,21,241,241,3313071.0,2650865.72,71.75,14,13164.1,17291.9,8.46
RouteID_eb678a83-c001-4396-84dd-386d7e0da2b3,DLA8,122,22,287,287,3313071.0,2764360.85,85.73,16,5933.8,24604.1,8.4827
RouteID_eb7a98e5-b5b5-4a22-83ef-7d301ea7d732,DLA7,138,23,227,227,3313071.0,2290064.17,59.65,14,9958.9,13541.6,6.5279
RouteID_eb8a9209-39dd-464d-83d3-1eac3c8f182b,DSE4,141,26,263,263,3313071.0,3126786.97,76.21,14,10182.2,20043.2,8.3959
RouteID_eb8decd7-0825-4776-a323-c2f9f957bfba,DCH4,161,24,208,208,4247527.0,2405240.49,75.85,13,13712.7,15776.7,8.1915
RouteID_ebae27c5-a8c9-42fb-9d99-ed7298fefc1a,DLA7,146,21,259,259,3313071.0,2527604.83,78.54,15,9665.3,20342.1,8.3354
RouteID_ebaf925e-12d7-4845-ace6-7af1f9fc37ff,DCH4,155,18,229,229,4247527.0,2501249.64,75.98,13,13405.9,17399.8,8.5571
RouteID_ebc10f14-664d-480b-ad3f-eb56fb11e1fa,DCH2,157,20,278,278,3313071.0,3307463.2,53.31,15,7795.5,14820.5,6.2822
RouteID_ebc395df-337a-42ba-881c-fd7bd67adc45,DLA8,101,20,264,264,3313071.0,2933932.84,82.48,16,5448.2,21774.5,7.5619
RouteID_ebd1aebd-24d9-4b4b-973d-9f7388b15291,DAU1,131,23,199,199,4247527.0,2128396.49,64.38,15,11301.6,12810.7,6.6979
RouteID_ebe8eea0-4224-498c-af67-66775c1de29c,DCH4,192,22,277,277,3313071.0,3163232.23,53.9,14,14275.9,14931.4,8.1131
RouteID_ebf6a791-c48f-4ad2-a30c-cbe12bc24f5e,DLA3,136,11,197,197,3313071.0,2074726.8,99.27,15,8819.2,19555.8,7.8819
RouteID_ec0c9cd9-ddbc-48e5-b394-7e0b6d73f877,DSE2,90,19,200,200,3313071.0,2428628.27,109.3,14,5890.5,21860.2,7.7085
RouteID_ec27f767-b382-4b10-986f-dbcee9759a03,DCH4,175,16,229,229,4247527.0,2867530.16,71.68,15,14393.2,16415.2,8.5579
RouteID_ec2fa948-456a-41b7-9232-13068e793267,DBO1,173,17,265,265,3313071.0,2941160.9,62.49,12,11774.7,16561.1,7.8711
RouteID_ec3f0258-111a-4e83-9ac1-50be64caa5f7,DBO3,134,17,181,181,4247527.0,1681243.88,87.26,12,12198.0,15793.6,7.7754
RouteID_ec4e9869-72a7-4939-b100-2cb48b2f9852,DSE5,122,9,177,177,4247527.0,1783070.97,76.15,13,13217.2,13477.8,7.4153
RouteID_ec5308eb-e52f-429f-b9f3-fecaab91a23d,DSE4,138,26,246,246,3313071.0,2702183.12,68.26,14,9697.5,16792.4,7.3583
RouteID_ec593c47-5eff-41f0-8083-3ca1969a111c,DLA7,142,19,226,226,3313071.0,2125036.69,65.15,16,9417.7,14723.5,6.7059
RouteID_ec64bea5-a3de-4d77-b843-36281fa72877,DLA9,151,18,227,227,3313071.0,2309376.43,72.86,15,10387.9,16539.4,7.4798
RouteID_ec7e9c0a-6214-4a70-a173-0b7c7784b658,DLA9,199,31,298,298,3313071.0,3185387.05,62.98,15,12641.7,18769.2,8.7253
RouteID_ec8e7465-8146-4027-b1c1-69dcf2d90051,DLA7,152,23,227,227,3313071.0,2287378.08,67.34,14,13588.8,15285.8,8.0207
RouteID_ec8f9dd7-cb2d-4d5b-8d3b-e0166fc254c0,DAU1,158,26,260,260,4247527.0,2785681.22,65.88,14,10673.9,17127.6,7.7226
RouteID_ec94d820-ab66-4cb4-81cf-9829c9f03db6,DLA7,180,21,252,252,3313071.0,2052098.89,54.99,15,10718.1,13856.8,6.8264
RouteID_eca6987b-6276-47a1-828f-2c5222575b4c,DLA7,171,24,237,237,3313071.0,2277937.92,46.6,14,13451.0,11044.8,6.8044
RouteID_ecba5cbe-9a5c-4335-abcc-86b25d820084,DLA8,93,21,255,255,3313071.0,2914227.88,80.05,17,5450.1,20413.5,7.1843
RouteID_ecbf9878-a258-4aa1-a360-0321678debc2,DLA7,150,21,222,222,3313071.0,2595783.1,70.96,16,9797.7,15752.2,7.0972
RouteID_eccc1032-2a8c-4a2d-a791-40fe4b829b2e,DBO3,166,27,237,237,4247527.0,3004502.1,45.84,12,14198.3,10863.8,6.9617
RouteID_eccf6230-bad1-4b2d-940d-a44ab6af9cd5,DCH4,152,20,216,216,4247527.0,3052986.85,77.71,14,12826.9,16784.9,8.2255
RouteID_ecd28024-0cf4-4913-9dc4-5fb9d8b40cfb,DLA7,154,22,247,247,3313071.0,3145149.84,64.77,14,10428.4,15999.0,7.3409
RouteID_ecdc62a9-694a-4a8a-a6d6-ca42d97bb7fd,DAU1,151,22,219,219,4247527.0,2855665.74,51.7,14,12884.6,11322.4,6.7242
RouteID_ecdf03d9-51a5-411b-b4dd-25ec300453ad,DLA7,166,23,228,228,3313071.0,2697116.9,60.12,15,12222.7,13707.1,7.2027
RouteID_ecef556f-7ded-452e-845b-d332acf24c95,DLA7,141,19,204,204,3313071.0,2258449.92,68.01,16,12364.5,13873.5,7.2883
RouteID_ed095378-bdc1-41d3-bf83-973ae2478be0,DLA7,159,24,230,230,3313071.0,2357463.86,83.46,14,9564.4,19195.0,7.9887
RouteID_ed0dfe15-9cce-4e56-a4d2-c51c52d296a8,DLA3,127,12,170,170,3313071.0,1571136.34,125.36,15,9589.0,21311.0,8.5833
RouteID_ed1abc82-3663-4651-9470-643075228660,DBO3,176,19,224,224,3313071.0,2608870.22,73.59,13,15280.2,16485.1,8.8237
RouteID_ed528f3c-689a-4875-b432-7d55063a5b41,DLA4,145,11,215,215,3313071.0,1975444.58,73.54,16,10261.9,15810.2,7.2422
RouteID_ed62b563-9900-464b-9acb-6e81dd16e5a0,DCH4,172,24,243,243,4247527.0,2721135.41,52.87,15,14334.7,12848.4,7.5509
RouteID_ed6a0b68-cd0e-4cdc-8f99-1e78c64dc722,DLA9,175,35,287,287,3313071.0,3116912.54,39.58,16,13577.6,11360.4,6.9272
RouteID_ed6c5f23-9b03-4feb-b2a6-b45b0350aa9e,DCH4,163,19,237,237,4247527.0,2981005.89,45.54,15,13504.2,10793.5,6.7494
RouteID_ed832636-5ecd-49e0-aa53-605c824c80c3,DLA8,132,25,229,229,3313071.0,2941476.92,79.8,16,10717.3,18273.2,8.0529
RouteID_ed877132-c6d3-423b-a51f-7fb8173382e0,DCH3,168,18,250,250,4247527.0,2753304.47,57.1,15,12865.6,14276.1,7.5394
RouteID_ed87eeb4-5688-444b-9f28-6807f8c11644,DLA7,190,25,264,264,3313071.0,2552166.8,62.56,16,9946.0,16514.6,7.3502
RouteID_ed933bd1-c019-4eec-a52f-0f6314e31775,DLA7,145,25,232,232,3313071.0,2746757.62,66.79,15,9817.9,15495.5,7.0315
RouteID_ed9dd222-9ce7-47f3-8cd9-d2a5d2b6a493,DAU1,166,33,276,276,4247527.0,2700751.78,48.24,15,12048.5,13313.1,7.0449
RouteID_ed9e9b18-c25c-41e7-902c-635c0d6938f2,DLA8,100,20,214,214,3313071.0,2232383.62,87.3,17,6948.2,18682.2,7.1196
RouteID_ed9ea7ab-8943-4c53-b967-601a7e73f4ab,DCH3,198,21,263,263,4247527.0,2755423.07,69.68,15,12334.2,18326.8,8.5169
RouteID_eda0f6bf-6402-43a7-968b-662e9ae3aa1b,DCH2,126,19,253,253,3313071.0,3177618.62,47.19,13,7241.2,11939.3,5.3279
RouteID_eda2b968-64b3-46b5-939d-7fbcfa7b8196,DSE5,148,15,199,199,4247527.0,2053252.06,66.08,13,13726.1,13149.4,7.4654
RouteID_edaa3359-77aa-45bb-bb84-094303306e00,DLA7,130,25,218,218,3313071.0,2605797.32,78.51,14,9176.2,17115.9,7.3034
RouteID_edcd94a5-69b6-4b3f-bb79-81591313ad4a,DLA9,185,28,290,290,3313071.0,3308663.48,76.28,16,11017.2,22122.1,9.2054
RouteID_edd280cf-73b5-4d2b-b56e-c3c575a8768e,DCH3,155,20,267,267,3313071.0,3306064.11,60.01,14,12449.3,16023.4,7.9091
RouteID_eddca9d7-37dc-4521-91e8-0d84e9a62428,DLA4,110,12,191,191,3313071.0,3098018.56,65.3,14,7645.2,12471.9,5.5881
RouteID_eddcf23b-c5b5-477c-b302-aebaa72a2dc5,DCH3,202,19,270,270,4247527.0,2740135.41,41.39,15,13479.9,11175.1,6.8486
RouteID_ede1fb76-96a8-44d6-a907-628073cbb47c,DCH3,199,18,269,269,3313071.0,2861598.01,50.77,15,14958.4,13656.5,7.9486
RouteID_ede6dfa8-d567-4516-8964-06d1ecfa37ce,DLA9,143,30,260,260,4247527.0,2550781.03,70.91,14,10658.3,18437.3,8.0821
RouteID_edf08404-8ce5-44f9-84df-8e956399c79e,DBO2,159,29,288,288,4247527.0,4212214.55,52.88,13,9557.4,15228.9,6.8851
RouteID_edfdbc8c-6813-45bb-84f6-700af13d97f4,DCH4,215,29,297,297,3313071.0,3267233.39,39.32,14,14697.1,11678.4,7.3265
RouteID_edffb998-435f-4dc1-850b-4bf343d70d77,DLA8,108,20,246,246,3313071.0,3207432.71,70.85,17,5496.1,17429.2,6.3681
RouteID_ee1b61f5-c243-4786-a806-1fa43b2741a2,DLA7,138,16,207,207,3313071.0,2243561.1,71.06,14,10174.4,14708.5,6.9119
RouteID_ee1fad58-4e9a-4363-9225-4542363ff9f2,DLA5,201,22,272,272,3313071.0,2419435.65,53.87,15,13193.4,14653.2,7.7352
RouteID_ee3be997-b794-48a6-93ba-079a1dda55f1,DSE5,181,15,259,259,3313071.0,2499038.46,62.26,14,12225.7,16125.2,7.8752
RouteID_ee4cdef8-941b-4a6a-99da-f7dd049438fa,DAU1,153,28,225,225,4247527.0,2513511.51,42.21,15,11999.8,9497.6,5.9715
RouteID_ee4f69d4-385b-4206-80fb-86875e0c654b,DSE4,143,24,228,228,3313071.0,2615698.16,71.16,14,11475.5,16224.4,7.6944
RouteID_ee6e7947-0cd7-4dbc-bfa8-76e5a02c7b35,DLA7,158,20,218,218,3313071.0,2737285.11,73.2,14,12035.5,15957.2,7.7757
RouteID_ee701ca4-4b94-463b-98f7-383291c95d4f,DLA3,131,11,213,213,3313071.0,2376043.26,103.83,15,7590.2,22115.6,8.2516
RouteID_ee71f2d5-907d-442c-a5e7-ab78aef721a1,DBO3,119,16,158,158,4247527.0,1985384.89,110.96,11,12643.0,17531.5,8.3818
RouteID_ee8302de-2543-4404-ab7a-7cc8c1560aa2,DLA9,144,22,239,239,4247527.0,2365831.7,51.28,14,11113.5,12256.8,6.4917
RouteID_ee8ec107-477b-419d-8615-c587a0568e5e,DSE5,155,13,214,214,4247527.0,2105148.91,63.42,13,11906.2,13572.6,7.0774
RouteID_ee931bfd-14df-4c13-9ddc-be2eb2d0927b,DSE4,134,24,258,258,3313071.0,3108024.9,58.98,15,9606.8,15217.9,6.8957
RouteID_eeab1b30-30cd-42f5-a27f-e93aafc0a303,DSE4,114,19,260,260,4247527.0,2452877.82,61.32,15,8324.3,15943.8,6.7411
RouteID_eeb36ecc-2a30-4b42-afba-6e62ef44c754,DLA9,135,23,250,250,4247527.0,2700181.12,63.13,14,9983.5,15781.7,7.157
RouteID_eec32cd9-d969-4406-8b56-7688403265cc,DAU1,127,23,217,217,4247527.0,3016517.53,69.24,14,8512.7,15025.2,6.5383
RouteID_eec57d2f-0b44-454e-83d9-ce2b9cc41ea9,DSE5,108,9,194,194,4247527.0,2299982.86,108.27,14,10491.7,21005.2,8.7491
RouteID_eec89ba4-50c6-4162-83bb-b9b95702ef4a,DLA5,136,14,234,234,3313071.0,3162928.5,65.99,15,9963.7,15441.1,7.0569
RouteID_eefc2c7d-303c-4ecc-b545-a1b07e4d9dcf,DBO3,189,26,254,254,3313071.0,3167960.97,50.38,12,15285.6,12797.3,7.8008
RouteID_eefc4672-21dd-4af3-b365-269ddf82d77c,DLA9,130,19,221,221,3313071.0,2373573.55,86.22,14,10021.6,19054.3,8.0766
RouteID_ef2f6bcf-7c0f-4df7-ac15-9766b57b3755,DSE4,124,13,193,193,4247527.0,2152239.09,93.14,15,7084.3,17975.9,6.9612
RouteID_ef31f891-8fa2-4f99-9f11-201bd9e79399,DBO3,142,26,225,225,4247527.0,2383833.86,60.96,11,11034.4,13715.3,6.8749
RouteID_ef40791a-83fd-4f6e-b80f-68cbcaf51425,DSE4,139,23,246,246,3313071.0,2592912.09,71.34,14,9924.0,17549.6,7.6316
RouteID_ef472f6a-0ecd-4fd5-b9db-eea6f8a3e54c,DLA3,153,18,224,224,3313071.0,2271832.83,84.43,16,10563.0,18911.5,8.1874
RouteID_ef484716-eb04-4885-a9f9-aa23607815f0,DLA8,71,20,222,222,3313071.0,2515236.72,103.5,16,3416.4,22976.2,7.3313
RouteID_ef4b5974-a33e-4de7-9e96-424471ab5b99,DBO3,163,30,207,207,4247527.0,2731399.99,64.02,12,11726.2,13253.1,6.9387
RouteID_ef4b9683-650d-44e1-9b7b-466394d95e89,DBO2,181,42,257,257,3313071.0,2914659.75,53.37,14,12877.3,13716.2,7.3871
RouteID_ef54fa9b-2a83-48d9-baec-d40fd83e9936,DLA7,141,22,218,218,3313071.0,2000285.27,77.76,14,12036.1,16950.8,8.0519
RouteID_ef576bb2-6673-4ea7-9cd1-593651db314a,DBO3,153,35,238,238,4247527.0,3330155.26,54.31,11,11481.8,12926.9,6.7802
RouteID_ef6e3889-fb35-4254-a367-5079d881a318,DSE5,124,6,177,177,4247527.0,1671000.72,85.4,14,11050.3,15116.5,7.2686
RouteID_ef7bd7d3-dd92-48aa-9006-cfbef4fcd97a,DLA9,118,19,208,208,3313071.0,2167710.43,107.64,15,8625.2,22390.1,8.6154
RouteID_ef8d8b70-5264-425a-bd74-e614c360a4a4,DCH4,149,13,190,190,4247527.0,2437459.29,63.89,15,13841.5,12138.4,7.2166
RouteID_ef99b64a-a260-4da5-8e68-0f9ba89a7b83,DSE2,99,17,207,207,4247527.0,2140007.3,87.52,14,5938.8,18116.6,6.6821
RouteID_efa8aa4d-ee36-4b72-b6d8-27d46771690c,DLA7,151,24,214,214,3313071.0,1890646.68,72.28,15,11662.8,15467.4,7.5362
RouteID_efac82e4-928c-4115-9b06-f8a651542d55,DBO2,161,16,241,241,4247527.0,3086699.75,70.84,11,12715.4,17071.4,8.2741
RouteID_efba99dd-e98d-48f1-82af-40893e7c0a9e,DSE5,142,13,215,215,3313071.0,2325259.1,69.24,15,12043.2,14887.5,7.4808
RouteID_efc1df7d-5ce1-4287-aac3-8f02c432ce0c,DLA4,191,15,292,292,3313071.0,2647690.77,58.12,15,10036.3,16971.6,7.5022
RouteID_efc5e6b2-1dba-4bb0-9794-46ff2b4f0759,DCH1,94,22,219,219,3313071.0,2042540.13,99.06,14,6474.8,21695.0,7.8249
RouteID_efc672fe-d3cc-44af-9334-ac01aa2bf7e8,DSE4,170,22,228,228,3313071.0,2239917.55,61.84,15,12178.5,14099.8,7.2995
RouteID_efe3a5cb-86a0-4697-b3bf-9fd41d05cf42,DLA7,135,24,197,197,3313071.0,1683747.44,59.22,14,11590.3,11665.4,6.4599
RouteID_f001e0c7-847e-4640-8e52-a9a3008bd271,DBO2,161,19,220,220,4247527.0,2725738.2,66.0,11,13600.6,14520.7,7.8115
RouteID_f009bbfb-de4f-436b-a6cb-00df73c461ed,DSE4,93,12,193,193,4247527.0,2439715.95,96.81,15,6968.9,18683.6,7.1257
RouteID_f009caba-1fcb-4f57-baa6-57bd31d7b224,DSE5,119,10,177,177,4247527.0,1821735.68,90.86,14,12926.4,16082.8,8.0581
RouteID_f020a3ef-6e59-4459-884f-b1a383cf054f,DLA4,158,12,251,251,3313071.0,3098243.99,51.38,15,11163.9,12897.2,6.6836
RouteID_f0333bfd-0e2e-4b43-a58e-c5d74f8baf1c,DLA7,149,22,210,210,3313071.0,2308134.93,47.46,16,11819.3,9967.1,6.0518
RouteID_f04e959e-368c-4503-ab01-645abbdfb26e,DBO3,184,24,244,244,3313071.0,3236163.29,58.26,13,13825.5,14215.7,7.7892
RouteID_f0541d0d-50a2-4e17-a618-e74de45874c7,DBO1,193,22,275,275,4247527.0,2917657.88,63.62,12,12666.0,17496.4,8.3784
RouteID_f058ceb4-482c-4ab9-9096-3d29213be6ea,DCH3,176,25,273,273,4247527.0,3504268.77,63.85,15,9550.8,17431.5,7.4951
RouteID_f0597a23-c48e-43e9-b52c-994019f852f7,DBO2,114,11,176,176,4247527.0,2470033.33,109.01,12,11542.6,19185.1,8.5355
RouteID_f062bab1-6088-4123-a2c0-0f4d6f278962,DLA8,110,12,175,175,4247527.0,2138277.78,100.67,15,11137.4,17617.0,7.9873
RouteID_f07022ee-5e2e-4633-ae13-ed6b7527a100,DLA7,142,22,200,200,3313071.0,2101073.35,83.49,14,10206.1,16697.7,7.4733
RouteID_f0706622-a0b3-43ae-8017-6241d81c8cc9,DLA3,117,25,249,249,3313071.0,3075694.55,79.22,15,6219.4,19727.0,7.2073
RouteID_f0824246-eeb2-4f3a-ac8e-5b70322e320d,DLA7,140,16,209,209,3313071.0,1562788.72,72.83,16,10076.5,15222.3,7.0274
RouteID_f092dbf2-346d-4c55-b358-05bd9d84056c,DLA7,156,20,229,229,3313071.0,3150779.87,69.23,16,10647.2,15852.9,7.3611
RouteID_f0a3238e-663e-48bc-9274-8b2fdb7226d4,DLA5,140,17,185,185,3313071.0,1544810.99,63.49,14,15495.4,11745.7,7.567
RouteID_f0c0ce14-6d62-4861-8850-82dbe51f178e,DSE4,77,18,169,169,4247527.0,2083058.37,95.78,14,5897.1,16187.1,6.1345
RouteID_f0c38565-f943-4a00-92ea-4cfb125551cf,DLA4,156,12,236,236,3313071.0,3223389.59,71.56,17,14173.7,16888.2,8.6283
RouteID_f0c44a9d-4bfe-4a99-95ca-d6d5275ac565,DLA4,114,11,173,173,3313071.0,1770299.81,96.93,17,10947.4,16768.9,7.699
RouteID_f0c4ba77-2824-4905-9046-8f8394b1228f,DSE5,195,15,279,279,3313071.0,3238373.13,63.83,15,15446.2,17809.2,9.2376
RouteID_f0c9b6ed-1805-4dc4-b8ab-42f778cadb7b,DAU1,151,28,257,257,4247527.0,2635818.46,47.53,15,9689.1,12215.8,6.0847
RouteID_f0cb00f9-4347-45cc-a7a2-41a3c129d240,DLA9,165,25,269,269,3313071.0,2853122.57,83.81,15,10550.0,22545.1,9.1931
RouteID_f0cba8ec-f966-4d30-93ad-f99001d8a046,DLA7,184,24,257,257,3313071.0,2952918.03,37.1,16,14121.7,9535.7,6.5715
RouteID_f0d2ad13-71dd-43fd-b29e-4736b6e675f9,DCH2,168,19,281,281,3313071.0,2949216.39,51.61,12,10640.7,14503.5,6.9845
RouteID_f0d794e4-6d15-456c-b43b-c07b701ac860,DCH4,179,22,250,250,3313071.0,2558412.25,65.79,14,14201.9,16448.7,8.5141
RouteID_f0e76870-9adb-49be-92ff-27c2dae92baf,DSE5,187,15,255,255,3313071.0,3009987.73,57.39,15,13318.5,14633.7,7.7645
RouteID_f0e90416-583b-41f8-87ba-d81e0445bb73,DCH2,125,17,239,239,3313071.0,2481481.08,63.71,14,8691.0,15226.3,6.6437
RouteID_f0f30bd9-5127-4702-a4c2-f32de14440b5,DLA7,141,21,239,239,3313071.0,2447324.06,80.6,14,9207.5,19263.2,7.9085
RouteID_f0f5a443-0919-4ed2-9d23-050b99628523,DLA7,151,23,238,238,3313071.0,2936054.9,60.55,15,11993.0,14410.9,7.3344
RouteID_f0fcfb07-8650-4439-a3b5-4550b021980c,DLA9,145,24,255,255,4247527.0,3298923.02,56.68,14,12254.6,14452.2,7.4186
RouteID_f1001800-0770-4476-b4ea-74e07e88af09,DBO2,145,17,236,236,3313071.0,3135114.85,64.92,13,10317.0,15322.2,7.122
RouteID_f108628f-5f22-4b14-a2dc-79a7ca369d22,DLA7,170,25,268,268,3313071.0,2746185.34,60.86,15,9885.9,16311.2,7.277
RouteID_f1167b54-0a5d-48e9-93f2-e0ef4bcc692d,DBO3,162,24,214,214,3313071.0,2789109.52,55.74,12,14861.1,11928.0,7.4414
RouteID_f11ba600-40e9-471f-b82a-4a06e8b2d6b2,DLA9,113,21,201,201,3114853.25,2175677.24,72.65,15,10266.8,14603.0,6.9083
RouteID_f12ba69d-2e48-48bf-9c23-6265933dab6e,DSE4,79,23,162,162,4247527.0,1556633.01,104.3,15,7962.7,16896.8,6.9054
RouteID_f13b27b8-c37c-44c0-8615-7361411a8776,DCH1,161,23,267,267,3313071.0,3063510.22,83.03,15,8186.0,22168.6,8.4318
RouteID_f13b5106-6220-4a98-8e13-28b0a43bcd86,DBO3,150,25,223,223,4247527.0,3570739.82,79.12,13,11553.0,17642.9,8.11
RouteID_f13e7728-f3ae-486a-902f-102be16ce71a,DLA9,115,29,240,240,3313071.0,2431075.93,80.04,16,10236.0,19209.0,8.1792
RouteID_f150fbbb-e8d6-44e0-aa75-1511091912e5,DLA9,126,25,248,248,3313071.0,2601498.76,72.76,16,8017.7,18043.3,7.2392
RouteID_f1566ecc-d1f9-4bbd-a8c2-c184e35229e4,DBO2,75,24,224,224,4247527.0,2202641.92,97.64,12,8034.0,21871.7,8.3071
RouteID_f15bf4dd-a792-40a5-8e05-5b7da27e68a9,DSE4,193,21,281,281,3313071.0,3168404.45,55.59,15,12578.3,15620.3,7.8329
RouteID_f15ead61-715c-433b-ac02-597ce9d4d537,DSE5,161,11,236,236,3313071.0,2384894.06,78.95,15,13178.5,18631.4,8.8361
RouteID_f1645da6-98c0-4209-8974-732bb9d161f6,DLA3,136,23,264,264,3313071.0,3104902.61,61.71,16,6699.4,16290.6,6.3861
RouteID_f17718bf-7a80-4a1d-9aaf-b5b331ca231d,DCH2,97,19,232,232,3313071.0,2097984.99,62.92,13,7849.6,14598.5,6.2356
RouteID_f17b2684-5ef1-445f-999a-60fadf2ed7bb,DBO2,157,18,207,207,4247527.0,2350973.54,67.1,12,13760.1,13889.4,7.6804
RouteID_f18e9349-b11e-4515-ac9b-b6cda718c33c,DSE4,93,23,232,232,4247527.0,2401318.89,87.5,15,7568.3,20299.7,7.7411
RouteID_f19986df-79bd-462d-8b77-1c3aaebba800,DAU1,100,27,242,242,4247527.0,3128417.85,60.95,15,8347.4,14750.3,6.416
RouteID_f1a753ea-8d48-44f4-a8a3-bd4beb47c7a5,DLA9,133,16,221,221,3313071.0,3288259.75,90.08,16,8507.2,19908.2,7.8932
RouteID_f1a98a35-ba6a-4b29-ba5a-4502cd3c43a1,DLA7,152,23,224,224,3313071.0,2684067.27,63.38,16,12600.9,14196.2,7.4436
RouteID_f1a9a1fa-5a65-453f-98ed-cd7054840a29,DLA9,110,28,204,204,3313071.0,2967206.84,112.9,15,9220.4,23031.9,8.959
RouteID_f1c78d72-21b1-45a5-9039-ee8d9716be88,DLA8,186,18,290,290,3313071.0,2888262.84,59.5,16,11279.9,17255.4,7.9265
RouteID_f1ccc89d-28cd-47ae-af02-7d5720d642f6,DLA4,89,11,163,163,3313071.0,2204897.68,93.0,15,7685.0,15159.8,6.3458
RouteID_f1d1d630-4229-4854-accd-e1cb5082ab6f,DBO3,129,16,197,197,4247527.0,3230801.61,64.66,12,16518.7,12738.4,8.127
RouteID_f1d6d2ab-3a19-4f0c-8899-c5dfaa785208,DLA9,126,19,228,228,4247527.0,2686914.03,58.33,14,11001.7,13298.5,6.7501
RouteID_f1db1cdc-6620-4a14-9005-6feed530af19,DCH4,147,22,209,209,3313071.0,2240421.88,65.29,15,13438.6,13646.4,7.5236
RouteID_f1dccfaa-701a-4649-892a-4655af30745e,DCH2,125,19,270,270,3313071.0,2192525.8,39.03,12,13964.2,10537.8,6.8061
RouteID_f1e3f441-d58c-4bc4-9a12-55ae98827639,DLA8,169,14,250,250,4247527.0,2011044.16,81.55,15,11325.1,20387.6,8.8091
RouteID_f1f35d60-6a32-407f-a7c5-9065b24ed5c7,DLA4,198,14,285,285,3313071.0,3192358.67,49.57,15,11890.0,14128.0,7.2272
RouteID_f1fffaa3-1781-406a-bd22-9e42e87afd2d,DLA7,123,19,196,196,3313071.0,2182331.15,65.73,15,10301.4,12883.0,6.4401
RouteID_f2191eca-9fab-4b77-9085-94bf46450651,DLA4,127,16,248,248,3313071.0,3195713.38,59.95,14,7996.8,14868.4,6.3514
RouteID_f21c3280-9979-4866-a3be-5c3bf533f6aa,DLA9,142,30,288,288,4247527.0,2644271.73,76.42,14,8557.2,22009.9,8.4909
RouteID_f21cb00a-fe28-4a72-bc67-1f620a7cad1a,DBO3,170,29,210,210,3313071.0,2502510.09,64.03,12,13998.8,13446.7,7.6237
RouteID_f225b7b3-ca0f-4d76-a003-9c462e8d5f34,DLA7,136,23,226,226,3313071.0,2365440.91,58.42,14,13404.4,13203.2,7.391
RouteID_f237b847-2fe0-4d07-a413-aaee9afc8314,DCH3,197,23,272,272,3313071.0,3066216.51,56.97,14,14800.1,15494.5,8.4152
RouteID_f25ddd45-2e0d-4b16-b745-5be75a2fd09f,DSE5,155,14,213,213,4247527.0,2162922.82,61.0,14,14897.9,12993.1,7.7475
RouteID_f260a1f7-ccd5-444e-b559-b20a59d2e70c,DBO3,136,21,164,164,4247527.0,1946609.54,74.63,12,14164.5,12239.3,7.3344
RouteID_f26353c1-7613-4e03-9917-0148f1cc5dc6,DCH4,154,22,235,235,4247527.0,2611153.58,70.21,13,11454.8,16500.2,7.7653
RouteID_f2892562-1bef-467d-9edc-0161479d5c6c,DSE2,116,18,238,238,4247527.0,2701498.25,79.78,15,5883.1,18988.8,6.9089
RouteID_f29ad663-b841-47ae-8e2e-cf0ab3b9daa6,DLA7,158,19,215,215,3313071.0,2503337.59,44.85,16,11254.9,9643.8,5.8052
RouteID_f2a96e44-dda5-40ed-b7fb-f392ff4cb72e,DLA8,135,23,241,241,3313071.0,2553963.21,92.91,17,8472.0,22390.2,8.5728
RouteID_f2b32733-34e1-4663-b8b3-3db9c7277a1e,DCH3,200,20,273,273,4247527.0,2643872.61,55.08,15,11368.6,15037.9,7.3351
RouteID_f2b52635-4164-4955-8ad0-4baebd837b37,DLA4,174,11,249,249,3313071.0,3171866.72,66.67,16,11864.0,16601.5,7.9071
RouteID_f2b9b9ca-325a-4165-afb2-c8ec8e8b55e9,DLA7,147,24,222,222,3313071.0,2150904.32,66.71,15,10457.5,14809.7,7.0187
RouteID_f2cc7d58-0830-48c8-a276-c189dd0aac45,DLA7,182,26,243,243,3313071.0,2846485.12,65.13,15,11820.3,15826.0,7.6795
RouteID_f2cd4f0e-5bc2-4d6f-b2f8-3c50395d072e,DSE4,116,13,221,221,4247527.0,2422720.15,86.7,14,7116.4,19159.8,7.2989
RouteID_f2ecc08b-ec7c-4b07-96c8-7ef4db420f3d,DCH1,115,21,255,255,3313071.0,2703350.37,79.21,14,6972.0,20198.1,7.5473
RouteID_f2fc6e86-2c55-4eb9-92aa-db0e97defdf0,DLA3,87,14,157,157,3313071.0,1808302.43,78.17,16,6565.9,12272.8,5.233
RouteID_f2fe52f1-0d25-4714-99e8-2f39a5c9a1e0,DCH3,180,20,267,267,4247527.0,2570085.62,62.36,12,13187.9,16649.1,8.2881
RouteID_f31634d2-1ac1-4d83-b391-468b30026ad3,DLA4,179,15,288,288,3313071.0,3280398.5,44.81,15,12458.7,12906.0,7.0458
RouteID_f3201960-b426-4c04-b0d4-05b31264a235,DCH1,48,24,259,259,3313071.0,3285387.09,65.53,12,4035.8,16973.0,5.8358
RouteID_f3261fad-5f97-44f6-ae7f-cf169f5d6452,DLA7,158,28,231,231,3313071.0,2700743.0,71.98,14,11547.1,16626.7,7.8261
RouteID_f328bffe-bf90-4ddd-b80a-a3fd78695a6f,DLA4,117,11,193,193,3313071.0,2371843.85,109.62,13,7992.4,21155.7,8.0967
RouteID_f32dc8e4-0d48-4b36-a9d6-98f58b788bd4,DCH1,177,13,280,280,3313071.0,2416712.63,48.22,14,14074.3,13500.5,7.6597
RouteID_f32ef9ce-b826-42d0-a847-3712f7287267,DBO3,165,12,217,217,3313071.0,3119902.89,56.2,12,14269.1,12195.8,7.3514
RouteID_f33e2ef0-a3c1-4fd6-a7c3-fe909bbfdef7,DLA9,129,21,245,245,3313071.0,3249957.14,86.95,13,8379.9,21303.9,8.2455
RouteID_f33ea8dd-052a-4b82-983d-34ce88395fa5,DLA9,139,26,259,259,4247527.0,1976352.73,80.21,14,11370.7,20773.5,8.9289
RouteID_f35aa25b-5dd9-404c-a1c8-52fa01d8d705,DSE5,172,15,237,237,4247527.0,2452237.28,52.9,14,13975.4,12538.2,7.3649
RouteID_f35bd654-1451-417f-8f39-b244703c066b,DLA7,143,20,196,196,3313071.0,2039563.35,82.45,15,11019.8,16159.5,7.5498
RouteID_f3698a40-9b8b-4bb0-908c-6a36d982dee8,DLA7,136,23,192,192,3313071.0,2215239.84,85.8,14,11440.3,16472.7,7.7536
RouteID_f374c332-e4c6-444b-a77b-c9d5811d21db,DSE5,177,13,235,235,4247527.0,2389913.58,58.83,14,13862.3,13824.1,7.6907
RouteID_f3813fc5-0c70-488c-a6bf-c626249bd36f,DCH4,192,25,290,290,4247527.0,3329478.5,35.32,15,12696.5,10244.0,6.3724
RouteID_f3997f57-b28c-4e23-a360-10d33e51e22b,DBO3,191,22,277,277,4247527.0,3692359.52,47.85,12,13323.4,13254.6,7.3828
RouteID_f3aade87-5ed7-4767-94ed-d02c739c0b04,DBO2,95,15,199,199,4247527.0,3236422.17,78.48,13,8256.7,15618.2,6.6319
RouteID_f3ab9177-b525-4e78-868a-7a98abc65e91,DLA5,148,17,205,205,3313071.0,2266589.34,47.18,15,15311.2,9672.5,6.9399
RouteID_f3ac4896-bf8f-443a-8238-c9fe99599b14,DLA7,116,23,168,168,3313071.0,1560039.13,75.07,14,10834.8,12611.9,6.513
RouteID_f3beffd4-410d-4fa0-8510-0d58366a0068,DLA7,147,22,202,202,3313071.0,2429870.97,67.15,14,10187.6,13563.9,6.5976
RouteID_f3d53949-1653-46f2-843e-8c46a1557368,DLA3,59,12,164,164,3313071.0,1984276.67,116.7,16,3832.1,19139.2,6.3809
RouteID_f3e23ae0-1761-4e50-b44b-c88eed709402,DLA7,138,18,219,219,3313071.0,2113494.85,63.78,16,11985.4,13968.0,7.2093
RouteID_f3f3283e-874d-4e50-bf3d-d8289559ebd6,DSE5,121,17,247,247,3313071.0,3053582.43,77.86,15,7863.1,19231.2,7.5262
RouteID_f3fa2432-9faf-4e4f-b3ac-3aea490aa4cf,DSE4,140,16,225,225,4247527.0,2917364.72,73.71,15,8996.0,16583.7,7.1055
RouteID_f403fff5-0491-4243-a797-a4154f88c5e9,DLA9,138,21,236,236,4247527.0,1980217.55,85.94,13,10666.1,20282.6,8.5969
RouteID_f4098684-cd2d-47fa-9ee3-a2ce7e2fee51,DBO3,154,26,204,204,3313071.0,2482278.78,64.29,12,12840.9,13115.6,7.2101
RouteID_f40abfd6-ca80-4f31-89ad-ba8e0f7edd38,DSE4,109,12,185,185,4247527.0,2376286.2,80.27,15,6987.2,14850.5,6.066
RouteID_f41295cd-c7ee-43d8-9a4c-4fdbbd16a182,DCH1,102,30,190,190,3313071.0,2214244.62,106.78,14,8011.3,20288.9,7.8612
RouteID_f416c10a-1e16-40cb-97ac-913d1a111de9,DAU1,117,23,214,214,4247527.0,3179214.83,56.48,14,7808.6,12087.3,5.5266
RouteID_f4170fd6-0279-42be-aa9b-3458185bc7c3,DLA7,152,25,222,222,3313071.0,2302043.8,58.34,16,14000.1,12950.4,7.4863
RouteID_f4203f7a-1851-44a3-b370-e79e24d8d3f5,DLA7,174,20,224,224,3313071.0,2730904.47,66.47,15,11852.4,14890.3,7.4285
RouteID_f427faba-4b21-4b30-aa15-3f4c7b96f40b,DLA7,142,28,279,279,3313071.0,2974434.43,61.9,15,11281.1,17269.3,7.9307
RouteID_f43021f7-749c-47b5-8a72-7296d17aeef8,DAU1,195,33,296,296,4247527.0,2958788.54,52.36,15,11488.7,15498.4,7.4964
RouteID_f4394afd-65fe-4210-91ef-f3bf5e695ca9,DLA8,119,26,272,272,3313071.0,3018421.96,62.64,15,5664.9,17037.5,6.3062
RouteID_f4418332-16d7-4fca-b492-63e96ed66e05,DLA8,135,18,219,219,3313071.0,2152701.49,82.42,14,10427.0,18049.9,7.9102
RouteID_f45779f6-bb70-4c1f-a17c-834a3b76361f,DLA9,163,24,273,273,3313071.0,2807988.99,66.35,15,10821.2,18113.3,8.0374
RouteID_f460035b-8d1c-4920-a8f5-b43f3741f9d6,DLA7,173,26,278,278,3313071.0,2795768.31,52.71,16,12440.8,14652.9,7.526
RouteID_f467939e-a0ba-491e-b684-a2d993001807,DCH1,128,27,257,257,3313071.0,2643412.34,79.95,15,6155.9,20547.3,7.4176
RouteID_f472323a-6317-45fe-adde-5539e463687f,DLA7,155,25,256,256,3313071.0,3295221.68,68.29,15,11785.2,17482.8,8.13
RouteID_f4807876-9a07-4e12-b387-99fb42e3ece3,DBO3,167,29,222,222,4247527.0,2235810.09,47.88,12,12938.8,10629.3,6.5467
RouteID_f48ad130-d1a9-4e4d-8968-f1b6cdb8705f,DLA9,153,17,250,250,3313071.0,2373447.88,75.79,15,10033.7,18946.9,8.0502
RouteID_f4950ad1-f787-4bc1-8ed4-33d7bbd2141a,DAU1,161,26,260,260,4247527.0,2819316.04,47.55,14,10416.4,12362.1,6.3274
RouteID_f49e3ec7-7193-4efc-88df-3190235037e4,DSE5,107,12,179,179,3313071.0,2294079.08,84.76,15,9419.0,15172.1,6.8309
RouteID_f4af3421-0f38-4a00-aef8-db7778bd12db,DLA8,81,20,194,194,4247527.0,1978782.33,93.85,15,4483.5,18206.0,6.3026
RouteID_f4cb791a-b53e-464d-93f2-f812dcb1f1f9,DCH3,186,20,271,271,3313071.0,2625348.01,65.96,15,12469.7,17873.9,8.4288
RouteID_f4cc304f-07a2-47fe-bc7c-f65f3d623636,DSE4,206,22,293,293,3313071.0,3151416.11,59.08,15,11364.3,17310.1,7.9651
RouteID_f4dffc1f-2df6-4ef0-a913-55c4eedf1667,DLA7,160,25,270,270,3313071.0,2729523.1,62.59,14,10224.0,16898.7,7.5341
RouteID_f4f56dd1-f7c4-445c-83f2-fb6f8c5684ce,DLA8,97,20,272,272,3313071.0,2962526.1,78.75,15,5492.1,21419.2,7.4754
RouteID_f507f2de-bad0-4807-9115-bb9f1c21d49f,DLA7,147,20,229,229,3313071.0,2397960.28,67.16,16,13641.2,15380.0,8.0614
RouteID_f50ac651-796b-491a-8d65-c9a05b051b8b,DCH1,116,25,254,254,3313071.0,2387471.02,60.62,14,8778.2,15397.6,6.7155
RouteID_f5100716-217a-49d5-8796-126f962e6e2b,DLA7,130,21,225,225,3313071.0,2014842.35,73.27,14,10975.2,16486.1,7.6281
RouteID_f51240f3-83ac-466d-a4eb-0773457e7917,DBO2,55,19,183,183,4247527.0,2644787.54,106.5,13,5870.8,19490.4,7.0448
RouteID_f512571f-48ad-4ec7-9e65-2454dc436e10,DLA4,149,18,256,256,3313071.0,3004298.13,65.68,14,7637.6,16813.8,6.7921
RouteID_f5126b28-d400-4755-a202-9adb401b10ff,DCH2,149,20,266,266,3313071.0,2683766.29,69.4,14,8216.9,18461.3,7.4106
RouteID_f5160f5b-23fe-47ae-a857-4698c74153f2,DLA9,134,22,270,270,3313071.0,2608401.35,68.73,16,9489.2,18556.1,7.7904
RouteID_f5262777-a08c-4a4e-b106-10c97f4defc0,DLA9,123,30,265,265,4247527.0,2528517.62,49.75,14,8104.1,13183.4,5.9132
RouteID_f53d09f3-721d-456d-aa62-5b9469ea63ba,DLA8,108,22,226,226,3313071.0,3113343.31,98.16,15,5588.9,22183.1,7.7144
RouteID_f53f895d-3c73-4798-b787-9890b7dcb23b,DLA9,144,19,243,243,3313071.0,3279194.95,61.65,14,11206.3,14981.6,7.2744
RouteID_f5429018-34db-429b-92eb-d8de5a2f1c9b,DSE5,161,13,245,245,3313071.0,2895874.26,59.73,14,9787.0,14633.4,6.7834
RouteID_f545904b-087a-421f-987c-5992ca4ebbfc,DLA8,135,20,214,214,3313071.0,2297181.73,105.07,14,8457.3,22484.6,8.595
RouteID_f545eed8-414d-4816-9db8-23a8e2e34c33,DLA8,92,19,203,203,3313071.0,2280062.19,113.85,15,6861.2,23111.6,8.3258
RouteID_f565be46-35e8-4ac4-81df-45cd11805b96,DBO2,124,22,203,203,3313071.0,3220640.3,72.05,13,8064.5,14625.4,6.3027
RouteID_f566cbae-afbf-4bfa-b17e-f504248b75c1,DLA8,57,15,215,215,3313071.0,2529232.91,73.67,17,4579.1,15838.3,5.6715
RouteID_f56f348d-af4a-4fbb-b13b-487244384835,DBO2,184,23,256,256,4247527.0,2679491.06,58.01,11,13854.0,14851.5,7.9737
RouteID_f582983b-11d1-4ece-beb5-1c8591eec2cb,DCH3,158,23,224,224,4247527.0,2063284.35,61.2,14,13079.9,13708.8,7.4413
RouteID_f58a0a15-8f9b-48d2-8628-b1aaf148c490,DSE5,169,13,230,230,3313071.0,2382931.84,76.47,14,14095.7,17587.4,8.8009
RouteID_f59e7dee-a5c9-44d6-b881-11aff7dbfe32,DBO2,193,22,273,273,4247527.0,3024652.45,43.75,11,14089.5,11943.8,7.2315
RouteID_f5a08cba-66b9-4db9-9227-fd4fc6fab7be,DLA8,108,21,252,252,3313071.0,2207245.41,93.69,16,5683.4,23609.2,8.1368
RouteID_f5aba2dc-5f9b-4380-b4c1-03ab0c3d5a04,DSE4,156,28,255,255,3313071.0,3010248.09,62.38,15,11402.4,15906.8,7.5859
RouteID_f5adea36-6273-46a5-b2d5-28cbf0f2a470,DSE5,125,7,201,201,3313071.0,2322355.26,86.12,15,9968.7,17310.5,7.5776
RouteID_f5bbc6ec-44ea-49bb-9f53-ed872e50f8a2,DSE4,167,22,264,264,3313071.0,2589289.34,67.23,15,11311.3,17747.5,8.0719
RouteID_f5e1a5b9-f466-437d-90e2-ca442af67c01,DBO3,147,20,213,213,4247527.0,2807743.84,56.82,11,13651.8,12101.9,7.1538
RouteID_f5ea0844-df84-40be-9075-3c7596e1c22d,DSE5,181,15,252,252,4247527.0,2563015.84,60.15,14,15494.7,15158.3,8.5147
RouteID_f5ffef88-4aad-40ec-9861-590bf139f87c,DLA9,122,18,208,208,3313071.0,2217017.76,97.04,14,9341.8,20184.3,8.2017
RouteID_f60e335c-e55c-4529-91e1-885b587c2aba,DCH4,202,33,295,295,3313071.0,3067341.45,56.58,14,12304.0,16689.9,8.0539
RouteID_f61ceeed-4703-41ad-bcca-f1498f18e579,DLA4,145,14,212,212,3313071.0,1962261.3,69.29,13,8536.5,14689.6,6.4517
RouteID_f636bace-6eb4-444d-9934-6cb82025edce,DSE4,113,12,198,198,4247527.0,2346767.13,98.09,15,7540.1,19421.1,7.4892
RouteID_f63d984e-43ec-4983-8006-4080227c4c39,DBO3,154,20,240,240,4247527.0,2708127.89,54.59,11,12149.5,13102.7,7.0145
RouteID_f64f6621-a090-4e43-a6b9-4865c757c758,DLA8,120,16,246,246,3313071.0,2678648.12,97.58,16,6694.1,24005.1,8.5276
RouteID_f66813ae-00a8-4970-94f5-7a986ec434ba,DLA5,156,26,230,230,3313071.0,2496149.38,71.69,15,13139.0,16489.5,8.2301
RouteID_f669d063-4778-4a73-a5a5-558e3e53a87f,DCH4,157,24,222,222,4247527.0,2933731.63,77.03,13,12260.6,17100.2,8.1558
RouteID_f6707489-5f0b-4c62-94d1-b857386b57f5,DBO3,135,17,198,198,4247527.0,2558811.2,52.45,11,12074.1,10385.7,6.2388
RouteID_f68acbca-800e-422f-b0db-3722f72ea1da,DLA9,124,24,278,278,3313071.0,2712076.5,85.74,13,8060.4,23837.1,8.8604
RouteID_f694de2f-26b9-438c-b7a3-d769c61cd72c,DSE5,161,14,259,259,3313071.0,2138976.03,66.49,15,11808.9,17220.6,8.0638
RouteID_f698c039-b7a1-4489-9638-a73f56d0f237,DCH4,180,22,237,237,3313071.0,3027831.74,52.65,15,14037.7,12478.3,7.3656
RouteID_f69917e2-b7c9-40de-b0a9-2b79071319e0,DLA9,161,22,269,269,3313071.0,3067093.06,62.99,15,11154.8,16945.5,7.8056
RouteID_f699c0d6-60f0-4fdb-9b66-e09275409e86,DLA9,164,26,284,284,3313071.0,2490084.69,64.61,13,10084.1,18348.1,7.8978
RouteID_f69c2bac-4950-436d-b786-0ec5f461a314,DLA3,116,20,259,259,3313071.0,3046505.03,59.08,15,6826.4,15302.6,6.1469
RouteID_f6af8b0b-d87c-46e0-9b96-b575abc2db6d,DSE4,149,19,239,239,4247527.0,2799998.1,52.62,16,9866.8,12576.1,6.2341
RouteID_f6c496fc-d53e-4005-b1fb-c20f54368a88,DLA7,181,18,224,224,3313071.0,1840024.47,68.5,15,14404.1,15343.5,8.2632
RouteID_f6ce3ad1-71ba-4e54-b811-1cedd0e0a81b,DLA7,176,26,256,256,3313071.0,2225683.68,57.15,15,10892.4,14629.9,7.0895
RouteID_f6cf8555-0162-4086-9b9b-95bf9549274b,DSE5,120,10,187,187,4247527.0,1967362.71,87.18,14,12171.3,16303.3,7.9096
RouteID_f6cf991e-9bb0-46b9-a07d-8192c2d29bb1,DLA9,177,31,277,277,4247527.0,2967064.84,64.89,14,12217.4,17974.3,8.3866
RouteID_f6d0e8ce-dbef-4580-9d92-717e3dd1cffc,DLA9,144,29,282,282,3313071.0,2658991.94,65.67,16,10105.7,18518.5,7.9512
RouteID_f6e1f8cd-d17c-4fe3-83d9-91b1b53761c4,DLA8,164,24,260,260,3313071.0,2601286.45,66.92,16,12429.1,17398.9,8.2856
RouteID_f6e7449f-74ab-4e7f-81b8-34dd2574a102,DCH1,118,12,184,184,3313071.0,1438335.12,81.45,14,11558.3,14986.8,7.3736
RouteID_f6e8c2ca-96bc-4908-9841-402c57fed8e7,DLA8,147,23,268,268,3313071.0,3098378.7,63.4,15,7325.1,16990.9,6.7544
RouteID_f6f5d46e-5f57-4cf0-9e42-cccedfe1a1f5,DLA8,159,19,222,222,4247527.0,2384036.51,97.38,14,10162.3,21618.7,8.8281
RouteID_f6f9ee76-9d42-4707-b5f9-85e12dc4a9dc,DSE4,129,14,184,184,4247527.0,2133985.81,98.3,15,9584.9,18086.5,7.6865
RouteID_f6ff24e9-d303-429f-bc4e-46463d85365f,DLA7,184,23,250,250,3313071.0,2394665.52,56.36,14,12472.3,14090.0,7.3784
RouteID_f7123d22-3da6-423a-b4a5-419e3a5001f7,DLA5,169,19,263,263,3313071.0,2601274.84,68.57,15,12404.2,18034.5,8.4552
RouteID_f714309a-a070-49f8-89e7-045ef6c7c0b0,DCH4,174,28,266,266,4247527.0,3985215.32,61.67,13,12075.2,16404.2,7.9109
RouteID_f7214ad3-c523-4d67-bbdf-38a9cd4fdca0,DLA7,137,17,206,206,3313071.0,2652731.57,96.37,15,9656.2,19851.8,8.1967
RouteID_f727a18c-2b15-4921-bf92-50e34f64fb60,DBO3,166,18,212,212,4247527.0,2423614.66,80.24,12,14247.0,17010.9,8.6828
RouteID_f72b7091-9a7d-4dd3-be5d-f04f3da1ca6b,DSE4,132,22,233,233,3313071.0,3123851.48,68.75,15,11353.5,16018.6,7.6034
RouteID_f72de93b-2cd5-47e6-88a5-f61adfaadab4,DSE5,165,13,217,217,3313071.0,2045301.31,80.49,13,13132.5,17466.7,8.4998
RouteID_f7322384-7a5d-4379-8bff-95ad58895df0,DCH1,84,21,236,236,3313071.0,3103500.45,76.27,14,6451.5,18000.7,6.7923
RouteID_f740d605-1fc6-4f55-a425-ea73869d55de,DBO2,151,19,206,206,4247527.0,2543873.45,69.61,11,13974.1,14339.0,7.8648
RouteID_f74910b0-13b8-4c55-8cd9-925c740ee281,DBO3,161,18,216,216,4247527.0,2968567.08,64.16,12,14969.1,13859.5,8.0079
RouteID_f74a1a74-814b-4f06-b67e-13cdea88e681,DCH4,210,33,290,290,4247527.0,3497498.4,39.6,13,15655.1,11483.3,7.5384
RouteID_f75a0730-d46d-4b7d-add2-4729a9919331,DLA4,184,13,257,257,3313071.0,3223954.31,80.51,17,10379.2,20690.3,8.6304
RouteID_f760f46e-d3a5-4388-ab76-72c53e3e24f7,DCH3,191,22,260,260,3313071.0,2630197.92,72.59,15,11329.0,18873.7,8.3896
RouteID_f77f4197-2e04-431c-9c9b-88ac4b330ec9,DSE2,68,19,196,196,3313071.0,2294155.87,106.93,14,5631.3,20959.2,7.3862
RouteID_f78dec9c-227d-4408-aeda-54f218bd25d2,DLA8,90,12,203,203,3313071.0,2375576.95,86.53,16,8417.5,17564.9,7.2173
RouteID_f7a5775e-d900-49b9-9553-22082780f21e,DBO3,155,17,213,213,4247527.0,3003349.59,65.13,12,11388.6,13871.8,7.0168
RouteID_f7a73794-a2dc-4beb-8ab8-11a422b1a244,DSE2,71,13,179,179,4247527.0,2183999.8,109.8,14,5492.9,19654.4,6.9854
RouteID_f7b9a3b4-75fc-4e5f-b669-e51f1a67101e,DLA7,134,17,196,196,3313071.0,2020832.94,62.84,15,12083.1,12316.9,6.7778
RouteID_f7c7980c-84a1-4820-806a-798646d20534,DBO3,177,27,238,238,4247527.0,2902239.05,48.85,12,15303.2,11627.3,7.4807
RouteID_f7d230f7-5c7d-44b4-b311-957a18ac62f3,DCH4,172,23,220,220,4247527.0,2643544.23,69.99,15,12613.8,15398.4,7.7812
RouteID_f7d95bb5-dae9-4400-9a05-4ea10ec84a8e,DBO2,150,16,206,206,4247527.0,3415544.2,65.4,11,12780.6,13473.0,7.2927
RouteID_f7e576fc-d6b8-4be4-8f1c-2f404b4436d1,DAU1,153,30,195,195,4247527.0,2406781.96,58.87,14,15883.5,11479.0,7.6007
RouteID_f7f2ad7c-ab0a-4d86-950f-21234a6cb05e,DLA9,196,30,289,289,3313071.0,3114592.6,51.72,15,12598.8,14947.7,7.6518
RouteID_f808ec2d-ee49-4dc8-b4cb-abc2bed487eb,DSE4,134,25,223,223,3313071.0,2214737.39,88.2,14,10511.2,19668.2,8.3832
RouteID_f829cf04-4723-406f-86a4-cce57bd0e5ee,DLA8,115,22,297,297,3313071.0,3250165.45,63.02,16,5397.4,18717.1,6.6985
RouteID_f82c3715-3bd1-4a55-bbd3-a94e7e494dc7,DSE2,41,17,175,175,3313071.0,1825325.58,87.32,14,2817.6,15281.4,5.0275
RouteID_f8455888-f3d5-41b5-a2b3-c45715179055,DLA7,156,21,222,222,3313071.0,2743707.2,78.57,15,12505.1,17441.8,8.3186
RouteID_f84d6696-3340-4173-a3b1-a41ef5294178,DLA3,173,16,248,248,3313071.0,2492869.25,89.07,16,9449.8,22089.7,8.761
RouteID_f855831e-523a-4998-afa8-ce2117e77cf6,DBO3,149,25,199,199,4247527.0,1930671.83,64.48,12,13197.8,12831.2,7.2303
RouteID_f85f5c24-6a79-40ca-bfe8-117e76a68316,DLA7,143,20,214,214,3313071.0,2186084.65,77.22,15,10254.6,16525.7,7.439
RouteID_f867f440-d32e-4360-9147-b7d8781b9ecd,DLA9,119,22,223,223,3313071.0,2315331.03,57.21,14,9345.8,12757.5,6.1398
RouteID_f86af75d-32a7-43a8-b65f-7a18d6d98a62,DCH4,160,20,231,231,4247527.0,2331306.3,48.87,14,13378.8,11287.9,6.8519
RouteID_f86f5095-2fd1-42d9-b559-f32b1ecc1fd3,DCH4,165,28,214,214,4247527.0,2206595.39,58.41,15,14768.6,12499.9,7.5746
RouteID_f8735a00-2ce4-40e8-a57d-ce9bfa938f34,DCH1,81,24,239,239,3313071.0,2603753.09,63.39,15,6158.6,15149.8,5.919
RouteID_f87749e0-3ed7-4cda-a0de-d3a0f6e82ac6,DLA4,124,10,189,189,3313071.0,1978978.55,109.11,16,11185.8,20622.7,8.8357
RouteID_f87e7d1b-eb81-4ec8-964c-3a63a94f21aa,DBO3,157,30,238,238,4247527.0,3342412.33,59.69,11,12640.7,14205.3,7.4572
RouteID_f88ddd7d-eafb-4714-a10a-b82b9182df10,DLA7,155,27,244,244,3313071.0,2338448.15,44.21,14,10911.5,10786.6,6.0273
RouteID_f89678a6-2e0c-4dbc-996c-09e80c84567c,DBO2,74,16,205,205,4247527.0,2191135.67,89.22,12,6690.5,18290.2,6.9391
RouteID_f8a0ac49-2c0c-45db-beb9-ddae3586881a,DSE5,179,17,249,249,3313071.0,2517746.05,50.33,14,13671.0,12531.3,7.2784
RouteID_f8a3dea8-1e66-4665-b8d4-8db670af8f19,DCH2,176,20,288,288,3313071.0,3295926.04,63.92,15,9302.4,18407.6,7.6972
RouteID_f8aff7d4-5ef1-467b-88f2-67d1da0cabfe,DAU1,131,26,260,260,4247527.0,2920013.82,69.32,13,7396.7,18022.4,7.0609
RouteID_f8b9ec91-4b55-4b47-abb3-806182880c83,DSE4,128,17,214,214,4247527.0,2359960.41,84.26,15,9065.5,18031.3,7.5269
RouteID_f8ba9973-24f1-4958-b7cf-28af937cecef,DCH3,158,22,258,258,4247527.0,4134117.11,75.61,15,9091.5,19507.2,7.9441
RouteID_f8bcfca4-1e8f-4b4a-90ce-6702bd6dda9b,DLA7,184,21,255,255,3313071.0,2208315.43,57.71,16,10838.2,14716.7,7.0986
RouteID_f8c7943e-2995-4426-8e3a-ba2d53bb1c25,DBO1,46,13,193,193,4247527.0,2261295.51,129.06,12,3852.2,24908.0,7.9889
RouteID_f8c83168-e3f5-43ad-98ff-34956fcb4e05,DLA9,145,25,248,248,3313071.0,2398900.0,69.59,14,11171.5,17258.6,7.8973
RouteID_f8cdcbcb-7635-4105-ba1f-8255616f1cfd,DBO2,171,25,246,246,4247527.0,3186573.77,66.03,12,14456.1,16243.8,8.5277
RouteID_f8d8682a-7bb4-41a2-8500-74497ed42b26,DCH2,77,19,261,261,3313071.0,2571415.99,75.66,14,5551.8,19746.4,7.0273
RouteID_f8e15aaf-2a32-461d-b01c-f0e86eb3e692,DSE5,169,14,250,250,3313071.0,2279841.15,62.7,15,12623.7,15675.8,7.861
RouteID_f8e24cab-c57a-4283-9ab9-b48d441a3caa,DSE5,180,13,261,261,3313071.0,3206166.62,63.23,15,13970.2,16504.3,8.4651
RouteID_f8f68812-db90-4516-926f-65fd97d37863,DCH1,88,28,256,256,3313071.0,2881343.58,88.64,15,6207.0,22691.2,8.0273
RouteID_f8f76049-80da-4af1-aa73-c41e67a831c8,DSE5,136,11,180,180,4247527.0,1978270.16,77.14,14,14435.3,13885.4,7.8669
RouteID_f8f8b986-d4ed-4a96-b5bf-dac48bb13743,DSE4,118,22,226,226,3313071.0,3057843.64,82.59,15,9331.6,18664.6,7.7767
RouteID_f8fe34bc-4ba3-405f-adf9-3a7e0312ec57,DCH4,147,22,217,217,4247527.0,2673087.81,71.93,15,11831.8,15608.3,7.6223
RouteID_f903c5d3-c131-4e88-9355-4298b1f1ffcc,DBO2,159,24,228,228,4247527.0,3283975.01,73.79,11,13476.2,16823.6,8.4166
RouteID_f90c282e-5014-4955-adf0-3c6e1f38fce8,DLA7,145,20,200,200,3313071.0,1838691.4,71.41,16,11553.6,14282.6,7.1767
RouteID_f912cb53-4d04-41d9-854b-37266c089d34,DBO2,146,22,231,231,3313071.0,3029815.63,70.03,13,10205.0,16177.3,7.3284
RouteID_f9148f94-763a-4f55-b22e-8c9e173479e2,DLA7,159,22,245,245,3313071.0,2610466.27,58.94,15,10493.0,14441.4,6.9262
RouteID_f91fa739-9986-4dbf-8a14-99d3ca80d724,DLA7,148,27,192,192,3313071.0,1492052.87,55.67,16,12341.1,10688.9,6.3972
RouteID_f926f8d6-4865-4ce9-adbb-0a8ef3aa352c,DAU1,127,14,194,194,4247527.0,2891782.09,65.3,14,14163.0,12668.1,7.4531
RouteID_f930c74c-e6c2-4c57-9e72-8227d168faa0,DLA9,144,28,250,250,4247527.0,2378623.53,66.87,14,12053.3,16716.9,7.9917
RouteID_f9528cc4-2463-4533-a31f-2e6c29e62d1e,DSE4,159,26,263,263,3313071.0,2905505.38,52.33,14,10994.9,13761.8,6.8769
RouteID_f952cbc9-0f58-44a9-b47f-8b2e27114495,DBO3,95,20,213,213,4247527.0,2095599.85,77.48,11,8366.8,16503.8,6.9085
RouteID_f95de58b-6dde-4f1f-8b5b-616dd48a8244,DLA9,136,21,218,218,3313071.0,2052412.02,68.92,15,8864.3,15024.3,6.6357
RouteID_f9639176-8909-4c65-80a9-5562b0241ad4,DBO3,162,18,202,202,3313071.0,2641052.38,87.62,13,14551.1,17699.2,8.9584
RouteID_f964e5d6-ab16-4fe7-84d5-4490646900b7,DLA9,124,19,244,244,3313071.0,2166717.22,69.47,13,8887.6,16951.7,7.1776
RouteID_f96605cc-39a4-4b29-9a1e-62a909b38f64,DCH2,183,23,283,283,3313071.0,3221517.26,49.56,15,12678.9,14026.8,7.4182
RouteID_f9686e21-7d41-44ce-bde4-83ebcc922ef0,DLA5,204,22,275,275,3313071.0,2407079.37,67.14,14,12462.5,18462.3,8.5902
RouteID_f97717a9-92a2-4353-a0e9-6dcc7f25f7ea,DAU1,177,29,286,286,4247527.0,3755050.58,57.81,14,11430.0,16532.7,7.7674
RouteID_f997925e-dfab-471d-8e55-33827802b0ac,DCH1,64,26,246,246,3313071.0,2644439.94,75.51,15,5277.9,18576.2,6.6261
RouteID_f9a28af1-f548-453c-88bb-c4aaf7d937dc,DBO3,163,24,220,220,4247527.0,2731001.52,54.09,12,16011.8,11900.3,7.7534
RouteID_f9a6ea66-7cee-4bbe-9cc7-f6c68c197508,DLA7,145,21,241,241,3313071.0,2222316.46,65.21,16,10475.0,15714.8,7.2749
RouteID_f9c635dd-b97d-414c-8fbc-8e1cac336947,DLA7,159,25,215,215,3313071.0,2011701.08,41.39,16,12143.8,8898.5,5.8451
RouteID_f9c7f0e4-25b0-4712-a781-98c2de7971af,DSE2,112,15,233,233,3313071.0,3343827.03,109.65,15,6749.1,25549.0,8.9717
RouteID_f9c8e757-149a-4135-ac97-20526da8e646,DBO2,166,19,208,208,4247527.0,2753745.18,69.25,11,14235.9,14405.0,7.9558
RouteID_f9cabe15-4849-40e4-8cee-37b718e1431b,DLA9,133,19,223,223,3313071.0,1877426.93,76.24,14,9660.9,17002.3,7.4064
RouteID_f9dad277-5723-4c75-8ea8-62731ac32b58,DSE4,161,27,270,270,3313071.0,2982396.34,52.14,14,12542.3,14076.8,7.3942
RouteID_fa01bfe7-58df-4452-af60-297788a6df98,DBO2,123,25,241,241,4247527.0,3264381.92,59.34,13,11028.1,14300.9,7.0358
RouteID_fa07d962-0b8a-44a4-a0c2-9c09f6766e0c,DSE4,168,28,263,263,3313071.0,2404935.33,50.54,14,10694.9,13292.4,6.6631
RouteID_fa28d5cb-94e1-4cbc-8e9a-3b6c8ad140a6,DSE4,119,13,221,221,4247527.0,2632762.38,78.87,15,7090.3,17430.4,6.8113
RouteID_fa2d1f19-3768-40de-b56f-1607511d83c8,DLA9,157,31,251,251,3313071.0,2516777.28,56.74,15,13295.5,14240.9,7.649
RouteID_fa4a3fcc-68e7-4acd-80de-6ca4bf1b0a9f,DLA7,134,23,215,215,3313071.0,2082329.27,66.71,15,12101.5,14342.2,7.3455
RouteID_fa4be18d-2db3-4d1c-864b-68476e16b47a,DLA7,149,20,202,202,3313071.0,1912694.63,55.43,16,11180.9,11197.6,6.2163
RouteID_fa4fadeb-d292-47cc-b945-0b7448ed41e5,DLA7,146,27,199,199,3313071.0,2498670.3,77.0,16,13439.9,15323.4,7.9898
RouteID_fa563800-0eab-4056-b159-93127c8ac4a3,DBO3,125,19,185,185,4247527.0,2518174.21,80.42,11,11616.1,14876.8,7.3591
RouteID_fa5e36ae-708e-43be-ac00-c25d110c8131,DSE4,150,28,235,235,3313071.0,2766228.97,64.92,15,10746.7,15256.8,7.2232
RouteID_fa5f77ea-c423-4f0c-8c44-5dd6e042216c,DLA7,153,21,215,215,3313071.0,2230127.98,65.1,14,11080.6,13996.2,6.9658
RouteID_fa6120df-eadb-4af3-b8c8-5e887ee5d014,DSE5,158,10,210,210,4247527.0,2070413.97,90.58,15,11413.2,19022.2,8.4543
RouteID_fa6abeff-7afa-44ab-a0cf-3fdbb164146c,DCH3,175,26,232,232,4247527.0,2282648.64,72.33,13,13624.4,16779.5,8.4455
RouteID_fa6d6dd9-0420-469b-ac02-def09b10e854,DCH3,192,26,273,273,3313071.0,2506026.04,76.69,14,13071.1,20935.6,9.4463
RouteID_fa706f44-d014-4ded-b967-b2b100eb4c23,DBO3,145,20,211,211,4247527.0,2543983.01,70.27,12,12101.2,14826.7,7.48
RouteID_fa717416-921d-42a9-9719-81b9a7ec3491,DLA9,119,19,253,253,3313071.0,3049896.57,71.87,14,8714.6,18183.6,7.4717
RouteID_fa74b6b3-914b-451a-bc6a-57d609c881b3,DLA9,125,21,235,235,4247527.0,2685815.33,87.27,14,9590.8,20508.4,8.3609
RouteID_fa86fe13-5a01-4c74-a1f7-584582d0edc3,DSE5,205,17,298,298,3313071.0,2896797.25,49.41,13,15623.7,14723.4,8.4298
RouteID_fa8838e4-4667-4488-ae9f-8a469e5b7077,DCH2,153,18,254,254,3313071.0,3286739.27,66.25,14,10300.8,16828.7,7.536
RouteID_fa90bf0c-2608-4ef9-bf60-89123fdd444e,DLA7,147,26,255,255,3313071.0,2699886.97,70.0,14,12127.0,17849.3,8.3268
RouteID_fa9199aa-5eed-4f17-82fd-080acdcbb43d,DLA7,169,21,235,235,3313071.0,2488352.66,41.34,14,10674.3,9714.4,5.6635
RouteID_faaf69b7-d9da-4147-a56d-abac94a7bfba,DCH3,195,20,271,271,4247527.0,2848575.21,50.26,15,13187.7,13619.8,7.4465
RouteID_fab54e10-524b-4dca-9465-3fae0b818d18,DAU1,154,21,242,242,4247527.0,1911716.6,63.41,15,11560.8,15344.2,7.4736
RouteID_fac9c0af-8248-40f7-8527-eefa2d1d4ae9,DSE4,115,14,231,231,4247527.0,2671502.95,85.4,15,7434.8,19727.5,7.5451
RouteID_faca00e0-c2c4-4fa3-bdd2-18f66ab4f89e,DCH2,159,19,279,279,3313071.0,2917052.8,57.74,14,8107.1,16110.6,6.7271
RouteID_fadece5d-2666-4e97-9bc0-e9f8d931509a,DLA7,168,22,249,249,3313071.0,2580175.85,66.38,14,9043.6,16527.9,7.1032
RouteID_faedbfaa-5429-4972-b9cc-62c3fafdaafb,DSE5,160,15,205,205,4247527.0,2136611.83,74.61,13,14793.2,15294.1,8.3576
RouteID_faf58f6b-886b-4247-8a7d-2313262be7f1,DCH4,139,20,182,182,4247527.0,2125390.85,88.69,13,14429.3,16140.9,8.4917
RouteID_faffc452-8663-484f-bbd8-7ace2b8bc694,DSE4,127,10,222,222,4247527.0,2364095.88,80.34,14,7069.8,17835.5,6.9181
RouteID_fb073e9d-d614-425a-9919-d1946f5d1e15,DSE4,166,27,268,268,3313071.0,3244683.08,53.69,14,11767.3,14389.4,7.2657
RouteID_fb25c00e-ae06-47da-8384-3ca4c436c3da,DLA7,136,19,217,217,3313071.0,2441182.27,76.63,14,10819.2,16627.8,7.6242
RouteID_fb3735ff-b5e0-4936-adf2-16cde695ce45,DLA8,128,22,260,260,3313071.0,2370832.8,74.48,14,8689.9,19364.9,7.793
RouteID_fb3d4c88-6b24-4a5e-a37f-5866f6aa45b5,DAU1,147,33,288,288,4247527.0,3860089.08,48.14,15,11182.7,13863.4,6.9572
RouteID_fb613ccd-4902-426f-8a33-338b6fe61456,DLA9,193,27,286,286,3313071.0,3195472.78,64.22,16,10432.3,18367.3,7.9999
RouteID_fb68edef-15a2-4e59-9d3d-2fbc24e6fd6e,DSE5,137,12,179,179,4247527.0,1714500.67,71.59,15,12323.7,12814.3,6.9828
RouteID_fb712b77-72cb-4c7e-a45e-ae89395d7899,DBO3,148,20,200,200,4247527.0,2710508.11,47.96,12,12707.5,9592.8,6.1945
RouteID_fb76db03-42c9-469f-ba04-fdcead32be60,DLA8,122,18,204,204,3313071.0,2160039.3,100.11,16,7211.2,20422.8,7.6761
RouteID_fb8dbc04-db2b-4ea8-a450-c3fdc8b4c906,DBO2,180,38,285,285,3313071.0,3261501.25,55.6,13,10429.7,15844.8,7.2985
RouteID_fb92a892-8d66-442e-bd95-e82d95900397,DLA7,163,22,238,238,3313071.0,1911188.07,59.88,15,10925.6,14250.5,6.9934
RouteID_fbadb848-5fbf-439b-9012-99e0b54611b7,DSE5,110,9,197,197,4247527.0,2318970.25,116.47,15,8283.1,22944.5,8.6743
RouteID_fbb50d55-f790-450f-b080-131dd93342af,DLA7,170,26,277,277,3313071.0,3179115.96,77.24,14,11466.5,21396.1,9.1285
RouteID_fbb8b25e-ac21-4035-8b1d-dd04b5163058,DBO3,128,16,180,180,3313071.0,2455668.2,54.04,12,12594.5,9727.1,6.2004
RouteID_fbbff3c0-d8d1-4fe4-b7a5-1f6f80dd9cde,DBO1,181,22,269,269,3313071.0,3102447.06,67.46,11,13867.8,18145.5,8.8926
RouteID_fbc3bd0d-176c-4267-bdbc-62e14bf06cc1,DSE4,148,21,231,231,3313071.0,2552628.19,72.96,15,11156.2,16853.7,7.7805
RouteID_fbc6e4e2-5cb2-4367-a24d-833b76698f0f,DBO1,159,24,266,266,4247527.0,2888979.07,66.42,13,12396.4,17668.8,8.3514
RouteID_fbcce7ac-9fe0-441b-8dd6-9b5bf0990ebc,DLA8,154,29,292,292,3313071.0,3258604.71,65.15,17,7873.9,19022.7,7.4713
RouteID_fbe1c1e3-5536-44e5-8ce6-9ca987135714,DLA9,98,21,221,221,4247527.0,2671472.65,81.74,14,9204.4,18065.2,7.5749
RouteID_fbf0360f-3e3c-44d4-9d36-50a35231c277,DBO2,146,12,223,223,3313071.0,2752143.78,84.54,12,12576.9,18852.2,8.7303
RouteID_fbf71391-2e95-45f9-9f8e-8620cff27a3d,DSE4,118,20,234,234,4247527.0,2330829.69,71.89,15,8652.1,16822.8,7.0764
RouteID_fc01e190-22cf-4839-a055-ea241f3d4889,DLA4,130,11,223,223,3313071.0,2630430.38,68.37,13,8013.2,15245.6,6.4608
RouteID_fc079256-f052-4eea-8286-53b6c4edde7d,DLA7,168,21,248,248,3313071.0,2052535.86,52.9,14,12519.5,13119.9,7.1221
RouteID_fc094188-0a6b-434a-8f8c-7334834bf3bc,DLA8,104,25,230,230,3313071.0,2338389.32,88.84,15,6646.7,20434.2,7.5225
RouteID_fc13e886-7abc-4dfc-804e-f63ffe3160ee,DLA7,183,24,274,274,3313071.0,3311512.9,61.57,16,9814.8,16870.1,7.4125
RouteID_fc1d8f8d-673e-4685-83d2-744be8a0cf26,DLA7,119,23,196,196,3313071.0,1762009.63,58.86,14,10095.0,11536.3,6.0087
RouteID_fc31a670-3ff6-4f28-ae8a-6bce6fad083f,DCH3,205,16,273,273,3313071.0,2366334.92,43.8,13,15663.7,11957.2,7.6725
RouteID_fc332f85-287c-4942-a412-b8bb7f74bcad,DBO3,150,18,226,226,4247527.0,2214563.87,64.1,11,11796.6,14486.1,7.3008
RouteID_fc393b30-ed20-42b1-b8a3-7c5548b491df,DLA9,147,19,235,235,3313071.0,2696389.96,80.83,16,9862.0,18995.2,8.0159
RouteID_fc4158dc-bf6d-4beb-a5ef-9f3aa4f26f6a,DBO1,44,20,231,231,4247527.0,3364562.68,101.05,13,2650.7,23342.4,7.2203
RouteID_fc4786ea-053b-4942-b3d4-607b8d2dc7cc,DSE5,111,12,226,226,3313071.0,3231687.66,70.08,15,8669.6,15839.1,6.808
RouteID_fc4e9c5d-b471-4c17-8c39-a2a820beb560,DBO2,150,28,270,270,4247527.0,4136781.53,71.67,13,8934.1,19350.3,7.8568
RouteID_fc592067-deb5-4870-8c59-dcb1ef08a0b2,DSE5,178,15,235,235,3313071.0,2635614.71,69.14,13,11461.5,16247.8,7.697
RouteID_fc6559cc-322c-4da6-8df4-6e97eac6c231,DCH3,201,17,272,272,3313071.0,3241621.8,50.25,13,13603.9,13668.3,7.5756
RouteID_fc6d2d29-d1cc-4410-873a-9db798d6a6a9,DCH3,186,19,260,260,3313071.0,2360272.38,61.89,14,14771.7,16091.1,8.573
RouteID_fc6e3132-409a-49ff-b946-eec7f0eb0409,DLA9,185,25,283,283,4247527.0,2227027.89,58.59,14,12587.7,16581.2,8.1025
RouteID_fc6f9678-20a6-4c83-857b-9c4df02240ae,DLA9,125,19,217,217,3313071.0,3044500.42,93.89,14,8974.5,20374.5,8.1525
RouteID_fc6ff0c9-581c-4ba7-9526-91879db69e30,DSE5,124,11,180,180,4247527.0,2007717.54,80.56,15,12566.0,14501.1,7.5186
RouteID_fc796f34-4e97-4fbc-ba06-a118989bccbc,DLA8,116,20,257,257,4247527.0,3496012.23,65.89,15,5359.5,16933.5,6.1925
RouteID_fc8b8a53-8355-4e21-98f7-1bebfef3de87,DBO3,172,18,229,229,3313071.0,2617669.26,69.65,13,13436.5,15950.0,8.1629
RouteID_fc945212-0f9c-47b6-a970-3035bcb10156,DLA9,164,19,235,235,3313071.0,2229484.6,60.05,14,10303.1,14112.9,6.7822
RouteID_fca811c7-be19-4c6a-8582-8042564523c8,DBO2,136,16,185,185,3313071.0,2500069.41,64.81,13,12615.5,11990.4,6.835
RouteID_fcad2913-98c7-44a8-ab08-0a9fb5e5b324,DLA8,173,21,284,284,3313071.0,2896328.44,51.6,15,8650.6,14654.6,6.4737
RouteID_fcaf2c7b-eac6-493d-8a18-b016fc2a06a2,DLA8,193,14,271,271,3313071.0,2711626.16,57.69,17,9379.2,15632.9,6.9478
RouteID_fccc5eac-0af4-4a65-9764-42bf4f393a0f,DLA7,196,28,299,299,3313071.0,3261635.38,55.46,15,10707.4,16581.6,7.5803
RouteID_fcd7a290-d164-4e81-9b7c-3e4c3d3901d9,DCH2,170,24,284,284,3313071.0,3258753.84,82.72,14,8178.5,23491.2,8.7971
RouteID_fcf4528e-633a-47f8-8274-feea8be3222a,DBO3,134,13,192,192,4247527.0,2861146.46,71.27,12,14612.6,13684.3,7.8602
RouteID_fcff94b0-ab55-4b48-941a-58bba7bf5b67,DSE4,102,10,189,189,4247527.0,2738876.23,110.2,15,7078.9,20826.9,7.7516
RouteID_fd008e16-b033-4fc6-8e76-e5d809a1e90a,DLA9,151,25,251,251,3313071.0,2616168.96,70.33,14,9530.4,17652.5,7.5508
RouteID_fd0d87b1-d6ac-43df-abfa-e1f084a533d8,DLA9,149,29,224,224,3313071.0,2575457.85,78.77,14,9951.7,17644.5,7.6656
RouteID_fd0e16cf-10bc-43dd-a390-36fbea32cb30,DLA7,133,22,185,185,3313071.0,2093305.52,82.39,14,10934.1,15242.9,7.2714
RouteID_fd0e7d1a-0de7-47db-adef-e92bcd652ced,DCH4,179,33,266,266,3313071.0,3152804.94,47.54,15,15019.5,12646.9,7.6851
RouteID_fd16167a-809d-4994-a234-c99ccf33ba01,DBO3,158,16,211,211,3313071.0,2224651.15,42.63,12,16176.1,8995.7,6.9922
RouteID_fd18ef23-1f17-4d37-be2a-b9072281b52f,DBO2,140,22,190,190,4247527.0,2661156.85,57.07,12,15976.7,10842.6,7.4498
RouteID_fd1ac099-0363-41c1-9645-c16b57c3fb55,DLA7,163,32,257,257,3313071.0,2733050.23,64.29,14,12617.5,16522.0,8.0943
RouteID_fd1e40e1-1fcf-405e-99d1-c3e8da5aea3d,DLA3,111,20,245,245,3313071.0,2526490.79,68.85,15,5512.6,16869.4,6.2172
RouteID_fd1f7013-d996-402a-8bc0-89d4a9bac739,DCH2,158,27,278,278,3313071.0,2938382.73,73.41,13,10747.9,20408.8,8.6546
RouteID_fd22b825-a538-4e41-87c9-d7b4ce28fb5f,DSE4,170,25,240,240,4247527.0,2396384.31,84.3,15,11508.8,20232.7,8.8171
RouteID_fd2c5628-27a7-48f3-97de-7f19460ec563,DSE5,163,13,274,274,3313071.0,2801382.26,54.25,15,13361.2,14864.6,7.8405
RouteID_fd346d98-1ffb-43de-b3c6-73125a364a08,DBO3,139,22,187,187,4247527.0,3128744.66,53.37,12,13070.6,9979.9,6.4029
RouteID_fd3be704-a735-4132-9eb8-b230c05d6484,DBO3,151,20,238,238,4247527.0,2840824.22,57.57,11,10647.8,13700.8,6.7635
RouteID_fd42ede5-4a48-4ec4-83f2-f06b586478a9,DLA4,168,15,296,296,3313071.0,3038757.96,57.95,15,13158.0,17153.8,8.4199
RouteID_fd4eff90-8f8e-4b54-85f7-ce0a7af339e6,DLA8,112,22,258,258,3313071.0,2758453.95,48.69,16,6575.7,12563.2,5.3164
RouteID_fd55d5aa-30fd-4f6a-a30a-34eba88813e8,DLA7,171,27,274,274,3313071.0,3117003.11,69.58,15,10822.5,19063.8,8.3017
RouteID_fd7c7576-52fe-4ceb-876f-1f410f141105,DSE4,191,27,299,299,3313071.0,3303778.04,72.14,14,11136.0,21569.3,9.0848
RouteID_fd7f757b-abb6-436a-a9e6-0d96129eb95e,DCH4,154,23,218,218,4247527.0,2777632.03,55.68,15,14658.3,12138.6,7.4436
RouteID_fd8af8ba-101d-4d8a-bdee-55737cb3e905,DLA7,193,24,267,267,3313071.0,2400512.5,36.85,16,12932.0,9839.2,6.3253
RouteID_fd9d22bd-2778-4b15-9160-869acfd6efa6,DBO1,162,20,232,232,4247527.0,2217889.04,56.22,13,13381.8,13044.1,7.3405
RouteID_fda25deb-f73c-41df-aeca-e14edfc0c8b2,DLA3,94,15,194,194,3313071.0,1743239.03,65.98,15,6679.9,12800.1,5.4111
RouteID_fdc5d654-5ba1-48c2-a463-bdb746e29953,DLA7,145,23,220,220,3313071.0,2231170.9,67.18,15,10593.6,14778.7,7.0479
RouteID_fddbf10d-0732-43e1-88d6-421bfe6c6da2,DCH2,191,18,265,265,3313071.0,2507847.07,53.51,12,16491.0,14179.7,8.5196
RouteID_fdddf33b-18e3-480a-8b54-bb829045d935,DLA8,134,30,265,265,3313071.0,3059389.97,54.58,16,9904.8,14463.6,6.769
RouteID_fde603ec-096a-471a-802f-99ffbc9d0f41,DCH3,192,21,269,269,3313071.0,2803948.56,30.97,14,12540.7,8330.4,5.7975
RouteID_fdf39434-8bd9-47c5-ae35-c9c3e252e370,DLA8,172,20,258,258,3313071.0,2172936.59,88.8,16,10051.9,22910.0,9.1561
RouteID_fdf60bf9-5a25-4065-a1d8-332600054d78,DLA5,182,26,263,263,3313071.0,2461889.32,65.68,15,13070.0,17275.1,8.4292
RouteID_fdfa5d8f-87cd-45ac-a837-11b15bdc6a47,DLA9,151,29,285,285,3313071.0,2915299.23,56.55,15,9410.0,16118.1,7.0911
RouteID_fe099673-6d68-47bb-a9d7-bff9afd268fa,DLA3,148,12,213,213,3313071.0,1863338.41,88.98,15,9445.0,18953.0,7.8883
RouteID_fe0a61a3-1eb2-4d56-811e-cdb8168fba37,DLA7,162,22,289,289,3313071.0,2849305.04,62.07,15,8382.9,17939.5,7.3118
RouteID_fe17ba21-18a7-4084-af19-04b7a6d8644a,DLA9,143,19,213,213,3313071.0,2391934.13,81.27,15,9502.7,17310.0,7.448
RouteID_fe1db462-54ba-48f5-8c89-7fc921486a06,DSE2,105,23,236,236,3313071.0,3298674.84,75.88,14,6738.3,17907.8,6.8461
RouteID_fe2c4004-f3bf-4a2e-b1b8-43f870e4f185,DBO3,131,23,256,256,4247527.0,3099654.66,64.25,11,8456.3,16448.3,6.9179
RouteID_fe657652-9891-4658-8f71-81ade7cc41bd,DLA7,162,23,220,220,3313071.0,2284297.68,63.33,16,11939.6,13932.0,7.1866
RouteID_fe75ed88-b7ab-4f98-b0df-cb3132e1e705,DSE4,142,23,252,252,3313071.0,2876483.19,72.12,14,10133.3,18174.3,7.8632
RouteID_fe7b775d-8e7a-4534-885f-5cd333d03a22,DLA7,128,23,226,226,3313071.0,1921371.66,34.4,16,9571.3,7774.2,4.8182
RouteID_fe93f991-e74c-46da-9107-e735b898dca7,DCH3,188,19,274,274,3313071.0,3140526.53,53.17,14,11431.9,14568.2,7.2223
RouteID_fe973f9d-c28e-4ece-838c-af846433a5e1,DSE5,193,19,298,298,4247527.0,3582569.87,50.91,14,16457.6,15171.7,8.7859
RouteID_fe9d5d17-45c9-4e61-9e15-a8fb74f06be3,DLA7,140,21,230,230,3313071.0,2274526.03,84.95,14,11055.5,19539.1,8.4985
RouteID_fea0e59e-b076-4ce1-bffb-a1faef04a79d,DBO2,114,23,262,262,4247527.0,3200364.8,70.83,11,7000.0,18558.4,7.0996
RouteID_feac426d-a152-4be5-82a1-5f062bba5909,DLA7,139,22,208,208,3313071.0,2050612.84,67.25,14,11613.3,13987.1,7.1112
RouteID_fec86722-74d0-458a-ab33-4ed62eed5caf,DBO2,134,28,258,258,3313071.0,3287524.14,68.43,13,8915.3,17653.8,7.3803
RouteID_fed7932f-8ad4-4531-a34f-76798771b370,DBO3,164,25,230,230,4247527.0,3059716.41,72.85,12,13725.2,16755.0,8.4667
RouteID_fee60072-5ed1-4e8a-8054-85fec6ea726b,DLA7,185,19,263,263,3313071.0,2790685.27,59.94,14,10064.8,15764.0,7.1747
RouteID_ff1e8918-8166-4158-918d-a4a5ecd0030a,DLA7,165,25,226,226,3313071.0,2354588.57,81.03,14,12129.7,18312.6,8.4562
RouteID_ff249d75-e625-4c15-852e-6230700a907c,DCH3,189,18,270,270,4247527.0,2876432.41,55.21,13,15194.0,14906.8,8.3613
RouteID_ff3a81c7-b3c3-4c20-8ac0-d3044d7f9de5,DSE4,183,28,271,271,3313071.0,3092049.64,50.12,14,12143.4,13581.2,7.1457
RouteID_ff3c4430-40a2-4241-b598-51ef70977cb2,DBO3,124,14,191,191,4247527.0,2091158.48,71.96,11,11086.0,13744.7,6.8974
RouteID_ff525484-cfdb-42a8-9e3d-d232cb623a1c,DSE5,182,15,247,247,4247527.0,3018821.63,66.88,14,12764.5,16520.4,8.1347
RouteID_ff5407a7-bd0c-48a6-bdc4-17bfe24cb514,DSE5,159,15,209,209,4247527.0,2279969.07,69.33,14,14312.9,14490.4,8.0009
RouteID_ff540dff-b94f-461e-82d7-4b6798e6fff7,DSE5,211,19,284,284,3313071.0,2550735.5,50.23,14,15112.7,14264.6,8.1604
RouteID_ff569b4c-7481-4b11-9b27-cd4df9051787,DLA9,162,32,277,277,4247527.0,2881281.34,63.97,14,12406.0,17718.9,8.368
RouteID_ff5df5aa-a86c-43cc-a3f6-a8b1491cee8f,DBO3,160,23,204,204,4247527.0,2487503.07,61.85,11,13180.4,12618.0,7.1662
RouteID_ff658a79-1cd4-43c9-9b02-9736a47d6f04,DSE4,115,14,206,206,4247527.0,2350560.38,88.93,15,7037.3,18319.5,7.0436
RouteID_ff6ac730-578d-4cf8-97c1-7337992e298b,DLA7,172,25,265,265,3313071.0,2647146.87,57.36,15,9399.2,15199.2,6.8329
RouteID_ff709338-da35-4864-ab32-6bcd8b75f953,DLA7,193,23,299,299,3313071.0,3200016.23,39.29,14,11972.8,11748.5,6.5892
RouteID_ff915688-4784-49a0-9ee6-f424f1768ca4,DCH3,151,13,203,203,3313071.0,2181767.98,52.6,15,13161.1,10678.2,6.622
RouteID_ffbcdf1c-5631-488a-9b30-0e704fde8a3e,DBO2,82,21,258,258,3313071.0,3132344.46,73.93,14,5754.5,19074.9,6.8971
RouteID_ffc2b0c3-917a-4041-8fdd-399ffbd0752f,DCH2,202,17,266,266,3313071.0,2861286.76,57.08,12,14267.0,15184.2,8.1809
RouteID_ffc52bc8-6160-40f5-a3b7-cf6350dfac78,DAU1,145,34,260,260,4247527.0,2983045.77,64.21,14,9262.1,16694.7,7.2102
RouteID_ffd16e94-e3db-435f-a128-1ddcb2a34e54,DAU1,83,34,159,159,4247527.0,1997663.14,112.36,13,6956.3,17864.7,6.8947
RouteID_ffe98097-93df-44b0-9c45-4fedbafae3f3,DCH4,149,18,206,206,3313071.0,2513179.05,68.13,14,13010.3,14035.4,7.5127
RouteID_ffebb6fc-ce81-46db-b2a1-2750c0333185,DCH3,190,18,269,269,3313071.0,2321492.83,56.5,14,13140.7,15198.6,7.872
RouteID_fff2548c-1069-4340-8e50-08420efe435d,DLA8,75,19,206,206,4247527.0,2554015.03,80.44,15,6158.5,16570.9,6.3137
RouteID_fffd257c-3041-4736-be7a-5efea8af1173,DCH4,174,27,228,228,4247527.0,2101789.13,59.87,15,12751.3,13649.6,7.3336
